{"image": "DAMIMAS_A21B_0772_1.jpg", "detector": "y26s", "detections": [{"class_name": "B3", "bbox_yolo": [0.6480705738067627, 0.2892410159111023, 0.22012419998645782, 0.1566586047410965], "conf": 0.4882555902004242}], "count_per_class": {"B1": 0, "B2": 0, "B3": 1, "B4": 0}, "side_index": 0}