{"image": "DAMIMAS_A21B_0162_4.jpg", "detector": "y26s", "detections": [{"class_name": "B3", "bbox_yolo": [0.5311817526817322, 0.39049553871154785, 0.13001500070095062, 0.10956781357526779], "conf": 0.5067958235740662}, {"class_name": "B3", "bbox_yolo": [0.44159555435180664, 0.44382616877555847, 0.10655339807271957, 0.09724130481481552], "conf": 0.4389990568161011}, {"class_name": "B3", "bbox_yolo": [0.32138630747795105, 0.4343551695346832, 0.1087825819849968, 0.09575953334569931], "conf": 0.38053613901138306}, {"class_name": "B4", "bbox_yolo": [0.4028533399105072, 0.36517319083213806, 0.07716665416955948, 0.057564686983823776], "conf": 0.26214802265167236}], "count_per_class": {"B1": 0, "B2": 0, "B3": 3, "B4": 1}, "side_index": 3}