{"image": "DAMIMAS_A21B_0198_4.jpg", "detector": "y26s", "detections": [{"class_name": "B3", "bbox_yolo": [0.316696435213089, 0.4317023754119873, 0.1289169043302536, 0.11670172214508057], "conf": 0.40681183338165283}, {"class_name": "B4", "bbox_yolo": [0.5611802339553833, 0.33513855934143066, 0.13193805515766144, 0.0894855260848999], "conf": 0.38190537691116333}], "count_per_class": {"B1": 0, "B2": 0, "B3": 1, "B4": 1}, "side_index": 3}