{"image": "DAMIMAS_A21B_0310_3.jpg", "detector": "y26s", "detections": [{"class_name": "B3", "bbox_yolo": [0.47737762331962585, 0.48054155707359314, 0.1492980420589447, 0.10747899860143661], "conf": 0.5715497732162476}, {"class_name": "B1", "bbox_yolo": [0.7123683094978333, 0.5375321507453918, 0.12350241839885712, 0.1070433184504509], "conf": 0.5039780735969543}, {"class_name": "B3", "bbox_yolo": [0.2925235331058502, 0.4943017065525055, 0.0780244693160057, 0.07402238994836807], "conf": 0.3858400881290436}, {"class_name": "B3", "bbox_yolo": [0.3067719638347626, 0.5044790506362915, 0.11464317888021469, 0.10003314167261124], "conf": 0.3433566689491272}], "count_per_class": {"B1": 1, "B2": 0, "B3": 3, "B4": 0}, "side_index": 2}