{"image": "DAMIMAS_A21B_0595_3.jpg", "detector": "y26s", "detections": [{"class_name": "B1", "bbox_yolo": [0.7266572117805481, 0.5245140194892883, 0.1877232939004898, 0.16559052467346191], "conf": 0.8769428133964539}, {"class_name": "B3", "bbox_yolo": [0.5696255564689636, 0.4552139341831207, 0.1968422383069992, 0.16314545273780823], "conf": 0.5841668248176575}, {"class_name": "B2", "bbox_yolo": [0.31517043709754944, 0.487284392118454, 0.21773909032344818, 0.16192279756069183], "conf": 0.3544697165489197}, {"class_name": "B3", "bbox_yolo": [0.31517043709754944, 0.487284392118454, 0.21773909032344818, 0.16192279756069183], "conf": 0.2668606638908386}], "count_per_class": {"B1": 1, "B2": 1, "B3": 2, "B4": 0}, "side_index": 2}