{"image": "DAMIMAS_A21B_0070_2.jpg", "detector": "y26s", "detections": [{"class_name": "B3", "bbox_yolo": [0.4339369535446167, 0.37834280729293823, 0.16835293173789978, 0.1390894502401352], "conf": 0.6525897979736328}, {"class_name": "B3", "bbox_yolo": [0.6510072350502014, 0.3698922097682953, 0.1782427579164505, 0.12096438556909561], "conf": 0.5794678926467896}, {"class_name": "B4", "bbox_yolo": [0.5466458797454834, 0.30418917536735535, 0.12315216660499573, 0.08670613914728165], "conf": 0.4103585183620453}, {"class_name": "B3", "bbox_yolo": [0.31018805503845215, 0.3678781986236572, 0.11658317595720291, 0.10459146648645401], "conf": 0.25176912546157837}], "count_per_class": {"B1": 0, "B2": 0, "B3": 3, "B4": 1}, "side_index": 1}