{"image": "DAMIMAS_A21B_0354_2.jpg", "detector": "y26s", "detections": [{"class_name": "B3", "bbox_yolo": [0.43105047941207886, 0.37693285942077637, 0.07895323634147644, 0.050390150398015976], "conf": 0.52949458360672}, {"class_name": "B1", "bbox_yolo": [0.45929238200187683, 0.4259796738624573, 0.07596486806869507, 0.06565006077289581], "conf": 0.4939563572406769}, {"class_name": "B3", "bbox_yolo": [0.5702823996543884, 0.40418097376823425, 0.08477561175823212, 0.07118318229913712], "conf": 0.40828225016593933}, {"class_name": "B3", "bbox_yolo": [0.574348509311676, 0.41071978211402893, 0.10255210101604462, 0.0887487456202507], "conf": 0.2920258343219757}], "count_per_class": {"B1": 1, "B2": 0, "B3": 3, "B4": 0}, "side_index": 1}