{"image": "DAMIMAS_A21B_0554_1.jpg", "detector": "y26s", "detections": [{"class_name": "B3", "bbox_yolo": [0.4452790319919586, 0.3441469669342041, 0.11773351579904556, 0.11286194622516632], "conf": 0.575632631778717}, {"class_name": "B2", "bbox_yolo": [0.5900567770004272, 0.3920823931694031, 0.14251410961151123, 0.10363879054784775], "conf": 0.41303500533103943}, {"class_name": "B3", "bbox_yolo": [0.3178175687789917, 0.3840404152870178, 0.12568706274032593, 0.1084497720003128], "conf": 0.307071328163147}, {"class_name": "B4", "bbox_yolo": [0.6142611503601074, 0.3103273808956146, 0.11107496172189713, 0.07942254841327667], "conf": 0.2587295472621918}], "count_per_class": {"B1": 0, "B2": 1, "B3": 2, "B4": 1}, "side_index": 0}