{"image": "DAMIMAS_A21B_0371_1.jpg", "detector": "y26s", "detections": [{"class_name": "B3", "bbox_yolo": [0.4355892539024353, 0.45444852113723755, 0.08013614267110825, 0.0555545799434185], "conf": 0.4416697025299072}, {"class_name": "B3", "bbox_yolo": [0.5240204930305481, 0.493600457906723, 0.11029794067144394, 0.10746140778064728], "conf": 0.41433998942375183}, {"class_name": "B3", "bbox_yolo": [0.3582940697669983, 0.4752245843410492, 0.07081881165504456, 0.08636517822742462], "conf": 0.3028126358985901}, {"class_name": "B3", "bbox_yolo": [0.6423488259315491, 0.46121296286582947, 0.10485979914665222, 0.09421654045581818], "conf": 0.26239702105522156}], "count_per_class": {"B1": 0, "B2": 0, "B3": 4, "B4": 0}, "side_index": 0}