{"image": "DAMIMAS_A21B_0064_2.jpg", "detector": "y26s", "detections": [{"class_name": "B3", "bbox_yolo": [0.6204273700714111, 0.5054243206977844, 0.13341014087200165, 0.10217185318470001], "conf": 0.4945356249809265}, {"class_name": "B3", "bbox_yolo": [0.40047982335090637, 0.49464312195777893, 0.11746184527873993, 0.08967194706201553], "conf": 0.35086870193481445}, {"class_name": "B3", "bbox_yolo": [0.39302897453308105, 0.48766374588012695, 0.09121930599212646, 0.07359766960144043], "conf": 0.2909723222255707}], "count_per_class": {"B1": 0, "B2": 0, "B3": 3, "B4": 0}, "side_index": 1}