{"image": "DAMIMAS_A21B_0127_2.jpg", "detector": "y26s", "detections": [{"class_name": "B3", "bbox_yolo": [0.5279074907302856, 0.4029984474182129, 0.12699101865291595, 0.11600952595472336], "conf": 0.414940744638443}, {"class_name": "B3", "bbox_yolo": [0.3436417579650879, 0.39377346634864807, 0.14522843062877655, 0.10509824752807617], "conf": 0.3515138030052185}, {"class_name": "B4", "bbox_yolo": [0.639082670211792, 0.3560301959514618, 0.11454302817583084, 0.09853463619947433], "conf": 0.277788370847702}, {"class_name": "B3", "bbox_yolo": [0.6968033313751221, 0.4267890155315399, 0.11793925613164902, 0.0950281172990799], "conf": 0.2521771490573883}], "count_per_class": {"B1": 0, "B2": 0, "B3": 3, "B4": 1}, "side_index": 1}