{"image": "DAMIMAS_A21B_0768_2.jpg", "detector": "y26s", "detections": [{"class_name": "B1", "bbox_yolo": [0.6706820726394653, 0.4144778251647949, 0.13503946363925934, 0.11274661868810654], "conf": 0.7667063474655151}, {"class_name": "B3", "bbox_yolo": [0.40035170316696167, 0.3820164203643799, 0.11068008095026016, 0.10418789833784103], "conf": 0.5011066198348999}, {"class_name": "B1", "bbox_yolo": [0.34467819333076477, 0.443416029214859, 0.10191628336906433, 0.08468637615442276], "conf": 0.2656444013118744}], "count_per_class": {"B1": 2, "B2": 0, "B3": 1, "B4": 0}, "side_index": 1}