{"image": "DAMIMAS_A21B_0713_3.jpg", "detector": "y26s", "detections": [{"class_name": "B3", "bbox_yolo": [0.69886314868927, 0.23970399796962738, 0.25399789214134216, 0.23717157542705536], "conf": 0.7171076536178589}, {"class_name": "B1", "bbox_yolo": [0.38816672563552856, 0.28853368759155273, 0.25386345386505127, 0.23648624122142792], "conf": 0.4867002069950104}], "count_per_class": {"B1": 1, "B2": 0, "B3": 1, "B4": 0}, "side_index": 2}