{"image": "DAMIMAS_A21B_0159_4.jpg", "detector": "y26s", "detections": [{"class_name": "B3", "bbox_yolo": [0.43133777379989624, 0.40297865867614746, 0.13146184384822845, 0.11431913822889328], "conf": 0.529011070728302}, {"class_name": "B4", "bbox_yolo": [0.4115106165409088, 0.32087698578834534, 0.11743193119764328, 0.07491133362054825], "conf": 0.26788949966430664}], "count_per_class": {"B1": 0, "B2": 0, "B3": 1, "B4": 1}, "side_index": 3}