{"image": "DAMIMAS_A21B_0310_4.jpg", "detector": "y26s", "detections": [{"class_name": "B3", "bbox_yolo": [0.6226698756217957, 0.5342127084732056, 0.07918790727853775, 0.06011605262756348], "conf": 0.4260680675506592}, {"class_name": "B3", "bbox_yolo": [0.4170028865337372, 0.5173743963241577, 0.11916431784629822, 0.08727159351110458], "conf": 0.3730159401893616}], "count_per_class": {"B1": 0, "B2": 0, "B3": 2, "B4": 0}, "side_index": 3}