{"image": "DAMIMAS_A21B_0325_3.jpg", "detector": "y26s", "detections": [{"class_name": "B3", "bbox_yolo": [0.5166011452674866, 0.3985697329044342, 0.13727936148643494, 0.10745544731616974], "conf": 0.5344072580337524}, {"class_name": "B3", "bbox_yolo": [0.32320505380630493, 0.44013991951942444, 0.11623833328485489, 0.10214636474847794], "conf": 0.2612021863460541}], "count_per_class": {"B1": 0, "B2": 0, "B3": 2, "B4": 0}, "side_index": 2}