{"image": "DAMIMAS_A21B_0244_3.jpg", "detector": "y26s", "detections": [{"class_name": "B3", "bbox_yolo": [0.3236115276813507, 0.3595044016838074, 0.12002487480640411, 0.09746632725000381], "conf": 0.2869753837585449}], "count_per_class": {"B1": 0, "B2": 0, "B3": 1, "B4": 0}, "side_index": 2}