{"image": "DAMIMAS_A21B_0185_1.jpg", "detector": "y26s", "detections": [{"class_name": "B3", "bbox_yolo": [0.3722032606601715, 0.45710688829421997, 0.12982410192489624, 0.09943127632141113], "conf": 0.5959761738777161}, {"class_name": "B3", "bbox_yolo": [0.6059675812721252, 0.41439566016197205, 0.11694628745317459, 0.09842455387115479], "conf": 0.5114829540252686}, {"class_name": "B3", "bbox_yolo": [0.4642724096775055, 0.3927076458930969, 0.137234628200531, 0.10076411068439484], "conf": 0.4750978946685791}], "count_per_class": {"B1": 0, "B2": 0, "B3": 3, "B4": 0}, "side_index": 0}