{"image": "DAMIMAS_A21B_0297_4.jpg", "detector": "y26s", "detections": [{"class_name": "B3", "bbox_yolo": [0.6670841574668884, 0.5028079748153687, 0.1361457258462906, 0.16599464416503906], "conf": 0.6331968903541565}, {"class_name": "B3", "bbox_yolo": [0.4480467736721039, 0.46025586128234863, 0.14583028852939606, 0.13053074479103088], "conf": 0.5705740451812744}, {"class_name": "B3", "bbox_yolo": [0.2878362834453583, 0.5610522627830505, 0.11913929879665375, 0.13391976058483124], "conf": 0.2685946822166443}], "count_per_class": {"B1": 0, "B2": 0, "B3": 3, "B4": 0}, "side_index": 3}