{"image": "DAMIMAS_A21B_0541_3.jpg", "detector": "y26s", "detections": [{"class_name": "B1", "bbox_yolo": [0.42972517013549805, 0.5640045404434204, 0.13402682542800903, 0.12214517593383789], "conf": 0.7993124723434448}, {"class_name": "B3", "bbox_yolo": [0.5540924072265625, 0.5284737944602966, 0.11508573591709137, 0.10442862659692764], "conf": 0.46348538994789124}, {"class_name": "B3", "bbox_yolo": [0.2893715798854828, 0.5378546118736267, 0.1172085627913475, 0.10759549587965012], "conf": 0.40486446022987366}], "count_per_class": {"B1": 1, "B2": 0, "B3": 2, "B4": 0}, "side_index": 2}