{"image": "DAMIMAS_A21B_0666_3.jpg", "detector": "y26s", "detections": [{"class_name": "B3", "bbox_yolo": [0.4467476010322571, 0.3084689676761627, 0.11419942229986191, 0.09288153797388077], "conf": 0.45543763041496277}, {"class_name": "B3", "bbox_yolo": [0.6503522396087646, 0.3511434495449066, 0.08213303983211517, 0.08046531677246094], "conf": 0.42270126938819885}, {"class_name": "B3", "bbox_yolo": [0.6519637703895569, 0.3538077771663666, 0.11193530261516571, 0.09227988868951797], "conf": 0.3050098419189453}, {"class_name": "B3", "bbox_yolo": [0.44150546193122864, 0.30378907918930054, 0.08678484708070755, 0.08057422935962677], "conf": 0.26622042059898376}], "count_per_class": {"B1": 0, "B2": 0, "B3": 4, "B4": 0}, "side_index": 2}