{"image": "DAMIMAS_A21B_0812_3.jpg", "detector": "y26s", "detections": [{"class_name": "B1", "bbox_yolo": [0.5939485430717468, 0.4575529098510742, 0.1422196477651596, 0.1215021163225174], "conf": 0.7279087901115417}, {"class_name": "B3", "bbox_yolo": [0.4138082265853882, 0.4302547574043274, 0.14918296039104462, 0.12385954707860947], "conf": 0.604391872882843}], "count_per_class": {"B1": 1, "B2": 0, "B3": 1, "B4": 0}, "side_index": 2}