{"image": "DAMIMAS_A21B_0538_4.jpg", "detector": "y26s", "detections": [{"class_name": "B3", "bbox_yolo": [0.5603995323181152, 0.48096323013305664, 0.12008766084909439, 0.10423965752124786], "conf": 0.4880262017250061}, {"class_name": "B2", "bbox_yolo": [0.5603995323181152, 0.48096323013305664, 0.12008766084909439, 0.10423965752124786], "conf": 0.3184624910354614}, {"class_name": "B4", "bbox_yolo": [0.5711148977279663, 0.40695953369140625, 0.08945605158805847, 0.055980611592531204], "conf": 0.29449912905693054}, {"class_name": "B3", "bbox_yolo": [0.33706289529800415, 0.4442308843135834, 0.06955108791589737, 0.06677722930908203], "conf": 0.2653956711292267}], "count_per_class": {"B1": 0, "B2": 1, "B3": 2, "B4": 1}, "side_index": 3}