{"image": "DAMIMAS_A21B_0350_3.jpg", "detector": "y26s", "detections": [{"class_name": "B3", "bbox_yolo": [0.5168978571891785, 0.4056055247783661, 0.06620102375745773, 0.06141810491681099], "conf": 0.3464077115058899}], "count_per_class": {"B1": 0, "B2": 0, "B3": 1, "B4": 0}, "side_index": 2}