{"image": "DAMIMAS_A21B_0762_4.jpg", "detector": "y26s", "detections": [{"class_name": "B3", "bbox_yolo": [0.29922106862068176, 0.37027454376220703, 0.1444338858127594, 0.10742228478193283], "conf": 0.35481664538383484}, {"class_name": "B2", "bbox_yolo": [0.48259782791137695, 0.36784812808036804, 0.12995819747447968, 0.12172036617994308], "conf": 0.2755589187145233}], "count_per_class": {"B1": 0, "B2": 1, "B3": 1, "B4": 0}, "side_index": 3}