{"image": "DAMIMAS_A21B_0660_3.jpg", "detector": "y26s", "detections": [{"class_name": "B3", "bbox_yolo": [0.4991430640220642, 0.19861088693141937, 0.12545958161354065, 0.11472537368535995], "conf": 0.6472623348236084}, {"class_name": "B4", "bbox_yolo": [0.6492346525192261, 0.17208273708820343, 0.10835660994052887, 0.09125877916812897], "conf": 0.2508307099342346}], "count_per_class": {"B1": 0, "B2": 0, "B3": 1, "B4": 1}, "side_index": 2}