{"image": "DAMIMAS_A21B_0031_2.jpg", "detector": "y26s", "detections": [{"class_name": "B3", "bbox_yolo": [0.6194078326225281, 0.40287134051322937, 0.146976038813591, 0.10993392765522003], "conf": 0.6347919702529907}, {"class_name": "B3", "bbox_yolo": [0.44267234206199646, 0.434258371591568, 0.17128875851631165, 0.12117677181959152], "conf": 0.6258041262626648}], "count_per_class": {"B1": 0, "B2": 0, "B3": 2, "B4": 0}, "side_index": 1}