{"image": "DAMIMAS_A21B_0041_2.jpg", "detector": "y26s", "detections": [{"class_name": "B3", "bbox_yolo": [0.5634163022041321, 0.5378903150558472, 0.11631114035844803, 0.09902067482471466], "conf": 0.5080224275588989}, {"class_name": "B2", "bbox_yolo": [0.429970920085907, 0.5633817911148071, 0.09274820238351822, 0.07669277489185333], "conf": 0.2902524173259735}, {"class_name": "B3", "bbox_yolo": [0.3666188716888428, 0.510673463344574, 0.07522574067115784, 0.05276832729578018], "conf": 0.2901661694049835}], "count_per_class": {"B1": 0, "B2": 1, "B3": 2, "B4": 0}, "side_index": 1}