{"image": "DAMIMAS_A21B_0850_4.jpg", "detector": "y26s", "detections": [{"class_name": "B3", "bbox_yolo": [0.5055813789367676, 0.4196041524410248, 0.11326956003904343, 0.10479247570037842], "conf": 0.6210730075836182}, {"class_name": "B3", "bbox_yolo": [0.374138742685318, 0.46327805519104004, 0.12104728072881699, 0.10537481307983398], "conf": 0.5651305913925171}, {"class_name": "B3", "bbox_yolo": [0.6381136178970337, 0.3970514237880707, 0.11615995317697525, 0.0834539458155632], "conf": 0.3556253910064697}], "count_per_class": {"B1": 0, "B2": 0, "B3": 3, "B4": 0}, "side_index": 3}