{"image": "DAMIMAS_A21B_0812_4.jpg", "detector": "y26s", "detections": [{"class_name": "B3", "bbox_yolo": [0.4052497446537018, 0.4288620948791504, 0.13098230957984924, 0.11509976536035538], "conf": 0.664120078086853}, {"class_name": "B1", "bbox_yolo": [0.2955917716026306, 0.48397666215896606, 0.13671907782554626, 0.11912169307470322], "conf": 0.5284017324447632}, {"class_name": "B1", "bbox_yolo": [0.6803062558174133, 0.4965134561061859, 0.1486019790172577, 0.1244872584939003], "conf": 0.42805546522140503}, {"class_name": "B3", "bbox_yolo": [0.5717565417289734, 0.4443490207195282, 0.1313074231147766, 0.09291942417621613], "conf": 0.3641124367713928}], "count_per_class": {"B1": 2, "B2": 0, "B3": 2, "B4": 0}, "side_index": 3}