{"image": "DAMIMAS_A21B_0451_4.jpg", "detector": "y26s", "detections": [{"class_name": "B1", "bbox_yolo": [0.5760672688484192, 0.429887980222702, 0.09214510023593903, 0.06845605373382568], "conf": 0.4672909379005432}, {"class_name": "B3", "bbox_yolo": [0.5735235810279846, 0.3752458989620209, 0.06549021601676941, 0.045642923563718796], "conf": 0.38595759868621826}, {"class_name": "B1", "bbox_yolo": [0.5765547752380371, 0.4359906315803528, 0.10727450251579285, 0.08334407955408096], "conf": 0.3623225688934326}, {"class_name": "B3", "bbox_yolo": [0.4732140600681305, 0.3932807445526123, 0.07438348233699799, 0.06098182126879692], "conf": 0.30156567692756653}], "count_per_class": {"B1": 2, "B2": 0, "B3": 2, "B4": 0}, "side_index": 3}