{"image": "DAMIMAS_A21B_0070_1.jpg", "detector": "y26s", "detections": [{"class_name": "B3", "bbox_yolo": [0.33177557587623596, 0.4388575255870819, 0.1296345442533493, 0.10778682678937912], "conf": 0.6135450005531311}, {"class_name": "B3", "bbox_yolo": [0.591927707195282, 0.4422881305217743, 0.12156432867050171, 0.09405303001403809], "conf": 0.44265276193618774}, {"class_name": "B3", "bbox_yolo": [0.44492730498313904, 0.43118736147880554, 0.12253771722316742, 0.09714772552251816], "conf": 0.40038833022117615}], "count_per_class": {"B1": 0, "B2": 0, "B3": 3, "B4": 0}, "side_index": 0}