{"image": "DAMIMAS_A21B_0255_1.jpg", "detector": "y26s", "detections": [{"class_name": "B1", "bbox_yolo": [0.3159876763820648, 0.3601658046245575, 0.13765498995780945, 0.12302329391241074], "conf": 0.4413425326347351}, {"class_name": "B2", "bbox_yolo": [0.3159876763820648, 0.3601658046245575, 0.13765498995780945, 0.12302329391241074], "conf": 0.4023421108722687}, {"class_name": "B3", "bbox_yolo": [0.4680386483669281, 0.3108883798122406, 0.15381576120853424, 0.1248016357421875], "conf": 0.3126794099807739}], "count_per_class": {"B1": 1, "B2": 1, "B3": 1, "B4": 0}, "side_index": 0}