{"image": "DAMIMAS_A21B_0426_1.jpg", "detector": "y26s", "detections": [{"class_name": "B3", "bbox_yolo": [0.5850406885147095, 0.43422481417655945, 0.14781507849693298, 0.10612089931964874], "conf": 0.6098206639289856}, {"class_name": "B3", "bbox_yolo": [0.4381016790866852, 0.4085513651371002, 0.14998283982276917, 0.11494296044111252], "conf": 0.4470670223236084}, {"class_name": "B3", "bbox_yolo": [0.7210437059402466, 0.396173357963562, 0.10758145898580551, 0.10021577030420303], "conf": 0.33719417452812195}], "count_per_class": {"B1": 0, "B2": 0, "B3": 3, "B4": 0}, "side_index": 0}