{"image": "DAMIMAS_A21B_0799_1.jpg", "detector": "y26s", "detections": [{"class_name": "B3", "bbox_yolo": [0.6299068927764893, 0.22682788968086243, 0.21023134887218475, 0.2024305909872055], "conf": 0.6969605684280396}, {"class_name": "B3", "bbox_yolo": [0.25235414505004883, 0.1912948191165924, 0.18817488849163055, 0.1523921936750412], "conf": 0.49769508838653564}, {"class_name": "B3", "bbox_yolo": [0.4117262065410614, 0.289075642824173, 0.17003647983074188, 0.13245058059692383], "conf": 0.32302263379096985}], "count_per_class": {"B1": 0, "B2": 0, "B3": 3, "B4": 0}, "side_index": 0}