{"image": "DAMIMAS_A21B_0046_1.jpg", "detector": "y26s", "detections": [{"class_name": "B3", "bbox_yolo": [0.6523116230964661, 0.49335548281669617, 0.13774065673351288, 0.114737369120121], "conf": 0.5252976417541504}, {"class_name": "B3", "bbox_yolo": [0.3299267292022705, 0.46206042170524597, 0.13632766902446747, 0.10312490910291672], "conf": 0.3532608449459076}], "count_per_class": {"B1": 0, "B2": 0, "B3": 2, "B4": 0}, "side_index": 0}