{"image": "DAMIMAS_A21B_0450_3.jpg", "detector": "y26s", "detections": [{"class_name": "B1", "bbox_yolo": [0.4309898018836975, 0.4575231671333313, 0.08777564764022827, 0.07112975418567657], "conf": 0.36771252751350403}, {"class_name": "B3", "bbox_yolo": [0.597989559173584, 0.4374382197856903, 0.08058319240808487, 0.0623287670314312], "conf": 0.30185118317604065}], "count_per_class": {"B1": 1, "B2": 0, "B3": 1, "B4": 0}, "side_index": 2}