{"image": "DAMIMAS_A21B_0498_3.jpg", "detector": "y26s", "detections": [{"class_name": "B3", "bbox_yolo": [0.4184699058532715, 0.46353793144226074, 0.07355312258005142, 0.0607030875980854], "conf": 0.4421403706073761}, {"class_name": "B3", "bbox_yolo": [0.4973902702331543, 0.44323864579200745, 0.0657869353890419, 0.054135799407958984], "conf": 0.43038463592529297}, {"class_name": "B1", "bbox_yolo": [0.35965922474861145, 0.47245779633522034, 0.06339845806360245, 0.05835900455713272], "conf": 0.3866487741470337}, {"class_name": "B3", "bbox_yolo": [0.5627874732017517, 0.4819636344909668, 0.07392912358045578, 0.06418261677026749], "conf": 0.3646842837333679}], "count_per_class": {"B1": 1, "B2": 0, "B3": 3, "B4": 0}, "side_index": 2}