{"image": "DAMIMAS_A21B_0395_3.jpg", "detector": "y26s", "detections": [{"class_name": "B3", "bbox_yolo": [0.5469188690185547, 0.3277176022529602, 0.12141966074705124, 0.11247952282428741], "conf": 0.5504342317581177}, {"class_name": "B1", "bbox_yolo": [0.40602344274520874, 0.3673703372478485, 0.14082226157188416, 0.1044771671295166], "conf": 0.4592973291873932}], "count_per_class": {"B1": 1, "B2": 0, "B3": 1, "B4": 0}, "side_index": 2}