{"image": "DAMIMAS_A21B_0114_4.jpg", "detector": "y26s", "detections": [{"class_name": "B2", "bbox_yolo": [0.5898977518081665, 0.4009936451911926, 0.1300145834684372, 0.11342811584472656], "conf": 0.4892590045928955}, {"class_name": "B3", "bbox_yolo": [0.4504627585411072, 0.38136059045791626, 0.1093747541308403, 0.10573520511388779], "conf": 0.346074640750885}], "count_per_class": {"B1": 0, "B2": 1, "B3": 1, "B4": 0}, "side_index": 3}