{"image": "DAMIMAS_A21B_0029_3.jpg", "detector": "y26s", "detections": [{"class_name": "B3", "bbox_yolo": [0.4534623920917511, 0.43923139572143555, 0.13382703065872192, 0.09623415768146515], "conf": 0.49806925654411316}, {"class_name": "B3", "bbox_yolo": [0.6134644150733948, 0.4167559742927551, 0.11237844079732895, 0.09707095474004745], "conf": 0.4157867431640625}, {"class_name": "B2", "bbox_yolo": [0.6846863627433777, 0.4795815944671631, 0.12275518476963043, 0.11035662144422531], "conf": 0.3955821394920349}], "count_per_class": {"B1": 0, "B2": 1, "B3": 2, "B4": 0}, "side_index": 2}