{"image": "DAMIMAS_A21B_0012_4.jpg", "detector": "y26s", "detections": [{"class_name": "B1", "bbox_yolo": [0.5587791800498962, 0.5983323454856873, 0.1157088652253151, 0.09821205586194992], "conf": 0.5937067866325378}, {"class_name": "B3", "bbox_yolo": [0.3694043457508087, 0.587827205657959, 0.0781950056552887, 0.06071744114160538], "conf": 0.26415079832077026}], "count_per_class": {"B1": 1, "B2": 0, "B3": 1, "B4": 0}, "side_index": 3}