{"image": "DAMIMAS_A21B_0660_1.jpg", "detector": "y26s", "detections": [{"class_name": "B3", "bbox_yolo": [0.5713908076286316, 0.227094367146492, 0.12987808883190155, 0.11514230817556381], "conf": 0.496554434299469}], "count_per_class": {"B1": 0, "B2": 0, "B3": 1, "B4": 0}, "side_index": 0}