{"image": "DAMIMAS_A21B_0836_1.jpg", "detector": "y26s", "detections": [{"class_name": "B1", "bbox_yolo": [0.3198479115962982, 0.4893357455730438, 0.11299362778663635, 0.11343293637037277], "conf": 0.8092775940895081}, {"class_name": "B1", "bbox_yolo": [0.6905357837677002, 0.46683570742607117, 0.14885680377483368, 0.12194385379552841], "conf": 0.8009060025215149}, {"class_name": "B3", "bbox_yolo": [0.5650057196617126, 0.4267593324184418, 0.12925876677036285, 0.12223920971155167], "conf": 0.6309019923210144}, {"class_name": "B3", "bbox_yolo": [0.41803210973739624, 0.44142040610313416, 0.12341627478599548, 0.1070045456290245], "conf": 0.4322589039802551}], "count_per_class": {"B1": 2, "B2": 0, "B3": 2, "B4": 0}, "side_index": 0}