{"image": "DAMIMAS_A21B_0048_3.jpg", "detector": "y26s", "detections": [{"class_name": "B3", "bbox_yolo": [0.38285356760025024, 0.5358315706253052, 0.13166148960590363, 0.11492400616407394], "conf": 0.647670567035675}, {"class_name": "B3", "bbox_yolo": [0.6313076615333557, 0.5234570503234863, 0.12205639481544495, 0.1046789214015007], "conf": 0.48871687054634094}, {"class_name": "B4", "bbox_yolo": [0.3745116889476776, 0.4548940658569336, 0.07698250561952591, 0.05416307598352432], "conf": 0.31924158334732056}, {"class_name": "B3", "bbox_yolo": [0.4983489513397217, 0.49089547991752625, 0.10734380781650543, 0.0990849956870079], "conf": 0.2775135934352875}], "count_per_class": {"B1": 0, "B2": 0, "B3": 3, "B4": 1}, "side_index": 2}