{"image": "DAMIMAS_A21B_0329_3.jpg", "detector": "y26s", "detections": [{"class_name": "B3", "bbox_yolo": [0.6356390714645386, 0.4050312638282776, 0.1592215895652771, 0.14985612034797668], "conf": 0.5614824295043945}, {"class_name": "B3", "bbox_yolo": [0.4376574158668518, 0.43781596422195435, 0.18761515617370605, 0.14741654694080353], "conf": 0.4478292167186737}, {"class_name": "B1", "bbox_yolo": [0.7149227261543274, 0.4864245355129242, 0.13523432612419128, 0.12663932144641876], "conf": 0.34952491521835327}, {"class_name": "B3", "bbox_yolo": [0.26878076791763306, 0.43453389406204224, 0.1267964094877243, 0.1157236322760582], "conf": 0.2557206451892853}], "count_per_class": {"B1": 1, "B2": 0, "B3": 3, "B4": 0}, "side_index": 2}