{"image": "DAMIMAS_A21B_0461_3.jpg", "detector": "y26s", "detections": [{"class_name": "B3", "bbox_yolo": [0.550144612789154, 0.46417999267578125, 0.07262773811817169, 0.05767340585589409], "conf": 0.506861686706543}, {"class_name": "B3", "bbox_yolo": [0.4566490352153778, 0.4770185053348541, 0.07003419101238251, 0.05932874605059624], "conf": 0.3633408546447754}], "count_per_class": {"B1": 0, "B2": 0, "B3": 2, "B4": 0}, "side_index": 2}