{"image": "DAMIMAS_A21B_0102_1.jpg", "detector": "y26s", "detections": [{"class_name": "B3", "bbox_yolo": [0.5157894492149353, 0.582264244556427, 0.10970084369182587, 0.10190310329198837], "conf": 0.6153172254562378}, {"class_name": "B3", "bbox_yolo": [0.38379380106925964, 0.6062527894973755, 0.1327722668647766, 0.11422715336084366], "conf": 0.608985424041748}, {"class_name": "B3", "bbox_yolo": [0.6859370470046997, 0.5926238894462585, 0.06842111051082611, 0.072514109313488], "conf": 0.32438409328460693}], "count_per_class": {"B1": 0, "B2": 0, "B3": 3, "B4": 0}, "side_index": 0}