{"image": "DAMIMAS_A21B_0266_2.jpg", "detector": "y26s", "detections": [{"class_name": "B3", "bbox_yolo": [0.3642524182796478, 0.4460305869579315, 0.13485810160636902, 0.09942732006311417], "conf": 0.4684423506259918}, {"class_name": "B3", "bbox_yolo": [0.6928393244743347, 0.47455844283103943, 0.08643347769975662, 0.08509431034326553], "conf": 0.3018735945224762}], "count_per_class": {"B1": 0, "B2": 0, "B3": 2, "B4": 0}, "side_index": 1}