{"image": "DAMIMAS_A21B_0648_1.jpg", "detector": "y26s", "detections": [{"class_name": "B3", "bbox_yolo": [0.38278234004974365, 0.3434026837348938, 0.2182776927947998, 0.15983305871486664], "conf": 0.5600632429122925}, {"class_name": "B3", "bbox_yolo": [0.7582298517227173, 0.33376410603523254, 0.16900412738323212, 0.11138749122619629], "conf": 0.5499510169029236}, {"class_name": "B3", "bbox_yolo": [0.22909076511859894, 0.34188908338546753, 0.12612184882164001, 0.13443885743618011], "conf": 0.42205116152763367}, {"class_name": "B3", "bbox_yolo": [0.5383344888687134, 0.25652727484703064, 0.2011311948299408, 0.1278819590806961], "conf": 0.31237277388572693}], "count_per_class": {"B1": 0, "B2": 0, "B3": 4, "B4": 0}, "side_index": 0}