{"image": "DAMIMAS_A21B_0013_2.jpg", "detector": "y26s", "detections": [{"class_name": "B3", "bbox_yolo": [0.6391304135322571, 0.4781474173069, 0.07552128285169601, 0.06267199665307999], "conf": 0.48389968276023865}, {"class_name": "B3", "bbox_yolo": [0.36067742109298706, 0.4761889576911926, 0.07542747259140015, 0.05995240435004234], "conf": 0.3694012761116028}], "count_per_class": {"B1": 0, "B2": 0, "B3": 2, "B4": 0}, "side_index": 1}