{"image": "DAMIMAS_A21B_0415_3.jpg", "detector": "y26s", "detections": [{"class_name": "B2", "bbox_yolo": [0.5692347288131714, 0.40286150574684143, 0.19025221467018127, 0.15325920283794403], "conf": 0.45066654682159424}, {"class_name": "B3", "bbox_yolo": [0.6366868019104004, 0.28883886337280273, 0.16272227466106415, 0.10057909786701202], "conf": 0.35827475786209106}, {"class_name": "B3", "bbox_yolo": [0.29618701338768005, 0.2722940444946289, 0.12603609263896942, 0.08602239936590195], "conf": 0.26172831654548645}], "count_per_class": {"B1": 0, "B2": 1, "B3": 2, "B4": 0}, "side_index": 2}