{"image": "DAMIMAS_A21B_0361_3.jpg", "detector": "y26s", "detections": [{"class_name": "B3", "bbox_yolo": [0.4831494390964508, 0.42714306712150574, 0.07585456222295761, 0.07293739169836044], "conf": 0.3987269401550293}, {"class_name": "B1", "bbox_yolo": [0.6563887000083923, 0.45670920610427856, 0.11583633720874786, 0.09565597027540207], "conf": 0.34394121170043945}], "count_per_class": {"B1": 1, "B2": 0, "B3": 1, "B4": 0}, "side_index": 2}