{"image": "DAMIMAS_A21B_0334_4.jpg", "detector": "y26s", "detections": [{"class_name": "B1", "bbox_yolo": [0.7770777940750122, 0.4283874034881592, 0.17656345665454865, 0.13351507484912872], "conf": 0.8007756471633911}, {"class_name": "B3", "bbox_yolo": [0.31051579117774963, 0.3594661056995392, 0.2078993320465088, 0.17197977006435394], "conf": 0.6854607462882996}, {"class_name": "B3", "bbox_yolo": [0.2206157147884369, 0.46018439531326294, 0.14080707728862762, 0.12779434025287628], "conf": 0.36539363861083984}, {"class_name": "B3", "bbox_yolo": [0.713067889213562, 0.30736878514289856, 0.121245838701725, 0.1032542735338211], "conf": 0.2672741413116455}], "count_per_class": {"B1": 1, "B2": 0, "B3": 3, "B4": 0}, "side_index": 3}