{"image": "DAMIMAS_A21B_0816_6.jpg", "detector": "y26s", "detections": [{"class_name": "B1", "bbox_yolo": [0.5754457116127014, 0.4623933732509613, 0.129049152135849, 0.09472952038049698], "conf": 0.5977787375450134}, {"class_name": "B3", "bbox_yolo": [0.506319522857666, 0.39316272735595703, 0.12230060249567032, 0.08469219505786896], "conf": 0.33387598395347595}, {"class_name": "B3", "bbox_yolo": [0.3515724241733551, 0.3635738790035248, 0.07688506692647934, 0.05882718786597252], "conf": 0.3239174485206604}, {"class_name": "B4", "bbox_yolo": [0.5883135795593262, 0.3521806001663208, 0.07550366967916489, 0.05873370170593262], "conf": 0.268047034740448}], "count_per_class": {"B1": 1, "B2": 0, "B3": 2, "B4": 1}, "side_index": 5}