{"image": "DAMIMAS_A21B_0420_3.jpg", "detector": "y26s", "detections": [{"class_name": "B3", "bbox_yolo": [0.6544790863990784, 0.3875213861465454, 0.14578858017921448, 0.10411820560693741], "conf": 0.6257953643798828}, {"class_name": "B3", "bbox_yolo": [0.3606516718864441, 0.42842942476272583, 0.1706971824169159, 0.1366633027791977], "conf": 0.5863191485404968}], "count_per_class": {"B1": 0, "B2": 0, "B3": 2, "B4": 0}, "side_index": 2}