{"image": "DAMIMAS_A21B_0057_1.jpg", "detector": "y26s", "detections": [{"class_name": "B4", "bbox_yolo": [0.44258901476860046, 0.4139528274536133, 0.10893002152442932, 0.08590865135192871], "conf": 0.39031291007995605}, {"class_name": "B3", "bbox_yolo": [0.54714435338974, 0.4442046284675598, 0.07058992981910706, 0.05558338388800621], "conf": 0.37080302834510803}], "count_per_class": {"B1": 0, "B2": 0, "B3": 1, "B4": 1}, "side_index": 0}