{"image": "DAMIMAS_A21B_0453_2.jpg", "detector": "y26s", "detections": [{"class_name": "B1", "bbox_yolo": [0.5879160761833191, 0.5516417622566223, 0.0980634093284607, 0.07307381927967072], "conf": 0.39176425337791443}, {"class_name": "B1", "bbox_yolo": [0.5884256958961487, 0.5564910173416138, 0.11203105002641678, 0.08978080749511719], "conf": 0.37193137407302856}, {"class_name": "B3", "bbox_yolo": [0.640362560749054, 0.5077919363975525, 0.06730175018310547, 0.04827585443854332], "conf": 0.3178747296333313}], "count_per_class": {"B1": 2, "B2": 0, "B3": 1, "B4": 0}, "side_index": 1}