{"image": "DAMIMAS_A21B_0563_2.jpg", "detector": "y26s", "detections": [{"class_name": "B3", "bbox_yolo": [0.43241819739341736, 0.18199755251407623, 0.15522117912769318, 0.15581925213336945], "conf": 0.44347625970840454}, {"class_name": "B3", "bbox_yolo": [0.29759928584098816, 0.174761563539505, 0.11656761914491653, 0.10278000682592392], "conf": 0.42109641432762146}], "count_per_class": {"B1": 0, "B2": 0, "B3": 2, "B4": 0}, "side_index": 1}