{"image": "DAMIMAS_A21B_0502_1.jpg", "detector": "y26s", "detections": [{"class_name": "B3", "bbox_yolo": [0.4213663339614868, 0.45694342255592346, 0.08263629674911499, 0.06680846214294434], "conf": 0.38499364256858826}, {"class_name": "B3", "bbox_yolo": [0.5067047476768494, 0.4877164959907532, 0.0867193266749382, 0.0727868601679802], "conf": 0.36236366629600525}, {"class_name": "B3", "bbox_yolo": [0.6231077909469604, 0.4628913402557373, 0.07187290489673615, 0.05794067308306694], "conf": 0.2605178654193878}], "count_per_class": {"B1": 0, "B2": 0, "B3": 3, "B4": 0}, "side_index": 0}