{"image": "DAMIMAS_A21B_0665_2.jpg", "detector": "y26s", "detections": [{"class_name": "B1", "bbox_yolo": [0.5623524188995361, 0.40211373567581177, 0.14061912894248962, 0.11626362800598145], "conf": 0.838102400302887}, {"class_name": "B3", "bbox_yolo": [0.6996980905532837, 0.3755335807800293, 0.07932104170322418, 0.07695867866277695], "conf": 0.3455063998699188}, {"class_name": "B3", "bbox_yolo": [0.32482555508613586, 0.36621204018592834, 0.08033578097820282, 0.07632531970739365], "conf": 0.3423721492290497}], "count_per_class": {"B1": 1, "B2": 0, "B3": 2, "B4": 0}, "side_index": 1}