{"image": "DAMIMAS_A21B_0020_2.jpg", "detector": "y26s", "detections": [{"class_name": "B3", "bbox_yolo": [0.5655268430709839, 0.4529801309108734, 0.097042977809906, 0.06066498905420303], "conf": 0.4842248260974884}, {"class_name": "B3", "bbox_yolo": [0.36563995480537415, 0.4505075514316559, 0.07817799597978592, 0.06882138550281525], "conf": 0.3355938494205475}, {"class_name": "B3", "bbox_yolo": [0.570280909538269, 0.4587547481060028, 0.11214914917945862, 0.07631897926330566], "conf": 0.31857046484947205}, {"class_name": "B3", "bbox_yolo": [0.4754372537136078, 0.43367287516593933, 0.10828994959592819, 0.08915412425994873], "conf": 0.2763637900352478}], "count_per_class": {"B1": 0, "B2": 0, "B3": 4, "B4": 0}, "side_index": 1}