{"image": "DAMIMAS_A21B_0658_4.jpg", "detector": "y26s", "detections": [{"class_name": "B1", "bbox_yolo": [0.35817065834999084, 0.3170304000377655, 0.15005181729793549, 0.13226531445980072], "conf": 0.7323866486549377}, {"class_name": "B3", "bbox_yolo": [0.5146428346633911, 0.2595723569393158, 0.13859762251377106, 0.13584794104099274], "conf": 0.5543633699417114}, {"class_name": "B2", "bbox_yolo": [0.7046797275543213, 0.3274056911468506, 0.13196729123592377, 0.12114308029413223], "conf": 0.3115067183971405}, {"class_name": "B3", "bbox_yolo": [0.7046797275543213, 0.3274056911468506, 0.13196729123592377, 0.12114308029413223], "conf": 0.30866196751594543}], "count_per_class": {"B1": 1, "B2": 1, "B3": 2, "B4": 0}, "side_index": 3}