{"image": "DAMIMAS_A21B_0825_3.jpg", "detector": "y26s", "detections": [{"class_name": "B3", "bbox_yolo": [0.5731833577156067, 0.544248104095459, 0.1465051770210266, 0.11326241493225098], "conf": 0.5855764746665955}, {"class_name": "B2", "bbox_yolo": [0.39721986651420593, 0.5536298751831055, 0.13561370968818665, 0.12147384136915207], "conf": 0.26503026485443115}, {"class_name": "B4", "bbox_yolo": [0.46454358100891113, 0.47915035486221313, 0.1116524413228035, 0.08171091228723526], "conf": 0.2568753957748413}], "count_per_class": {"B1": 0, "B2": 1, "B3": 1, "B4": 1}, "side_index": 2}