{"image": "DAMIMAS_A21B_0257_1.jpg", "detector": "y26s", "detections": [{"class_name": "B1", "bbox_yolo": [0.5922948718070984, 0.35509052872657776, 0.12144273519515991, 0.1278121918439865], "conf": 0.533254086971283}, {"class_name": "B3", "bbox_yolo": [0.4858275353908539, 0.30190879106521606, 0.13037405908107758, 0.10641272366046906], "conf": 0.3351818919181824}, {"class_name": "B4", "bbox_yolo": [0.3920752704143524, 0.254595011472702, 0.10794201493263245, 0.09453921765089035], "conf": 0.3087771534919739}], "count_per_class": {"B1": 1, "B2": 0, "B3": 1, "B4": 1}, "side_index": 0}