{"image": "DAMIMAS_A21B_0142_1.jpg", "detector": "y26s", "detections": [{"class_name": "B3", "bbox_yolo": [0.4351156949996948, 0.4600279927253723, 0.07976367324590683, 0.07433757930994034], "conf": 0.2752607762813568}], "count_per_class": {"B1": 0, "B2": 0, "B3": 1, "B4": 0}, "side_index": 0}