{"image": "DAMIMAS_A21B_0478_2.jpg", "detector": "y26s", "detections": [{"class_name": "B1", "bbox_yolo": [0.5437658429145813, 0.4654172956943512, 0.07808784395456314, 0.070090152323246], "conf": 0.573753297328949}, {"class_name": "B3", "bbox_yolo": [0.6045269966125488, 0.44148531556129456, 0.06940880417823792, 0.05406012758612633], "conf": 0.3900235593318939}], "count_per_class": {"B1": 1, "B2": 0, "B3": 1, "B4": 0}, "side_index": 1}