{"image": "DAMIMAS_A21B_0256_4.jpg", "detector": "y26s", "detections": [{"class_name": "B3", "bbox_yolo": [0.5229803323745728, 0.4649435579776764, 0.1542120724916458, 0.11883649975061417], "conf": 0.6239785552024841}], "count_per_class": {"B1": 0, "B2": 0, "B3": 1, "B4": 0}, "side_index": 3}