{"image": "DAMIMAS_A21B_0435_1.jpg", "detector": "y26s", "detections": [{"class_name": "B3", "bbox_yolo": [0.5616800785064697, 0.4389355778694153, 0.06725689768791199, 0.04747414588928223], "conf": 0.5420864820480347}, {"class_name": "B3", "bbox_yolo": [0.3849784731864929, 0.47808584570884705, 0.06550248712301254, 0.05535859987139702], "conf": 0.39810314774513245}, {"class_name": "B1", "bbox_yolo": [0.5285931825637817, 0.49432846903800964, 0.08354451507329941, 0.06900415569543839], "conf": 0.36805957555770874}, {"class_name": "B1", "bbox_yolo": [0.5365182757377625, 0.5013778805732727, 0.11165937036275864, 0.08785057067871094], "conf": 0.3227306604385376}], "count_per_class": {"B1": 2, "B2": 0, "B3": 2, "B4": 0}, "side_index": 0}