{"image": "DAMIMAS_A21B_0443_3.jpg", "detector": "y26s", "detections": [{"class_name": "B3", "bbox_yolo": [0.4523117244243622, 0.46465715765953064, 0.07796141505241394, 0.061266232281923294], "conf": 0.5494130253791809}, {"class_name": "B1", "bbox_yolo": [0.5569441318511963, 0.4752713739871979, 0.06645600497722626, 0.060296155512332916], "conf": 0.3502829968929291}, {"class_name": "B4", "bbox_yolo": [0.44019943475723267, 0.41638121008872986, 0.06014954671263695, 0.03863554075360298], "conf": 0.26957669854164124}], "count_per_class": {"B1": 1, "B2": 0, "B3": 1, "B4": 1}, "side_index": 2}