{"image": "DAMIMAS_A21B_0382_3.jpg", "detector": "y26s", "detections": [{"class_name": "B1", "bbox_yolo": [0.41773030161857605, 0.3998072147369385, 0.12912872433662415, 0.10748577117919922], "conf": 0.6199241876602173}, {"class_name": "B3", "bbox_yolo": [0.5549007654190063, 0.3606666326522827, 0.13000234961509705, 0.09462838619947433], "conf": 0.4511581361293793}, {"class_name": "B4", "bbox_yolo": [0.6069216728210449, 0.2781940996646881, 0.12475669384002686, 0.0840391144156456], "conf": 0.32459133863449097}], "count_per_class": {"B1": 1, "B2": 0, "B3": 1, "B4": 1}, "side_index": 2}