{"image": "DAMIMAS_A21B_0262_2.jpg", "detector": "y26s", "detections": [{"class_name": "B3", "bbox_yolo": [0.5138705372810364, 0.4685438275337219, 0.14308103919029236, 0.12313351780176163], "conf": 0.5961223244667053}, {"class_name": "B3", "bbox_yolo": [0.3937174081802368, 0.4195907711982727, 0.13113312423229218, 0.09962882846593857], "conf": 0.5064151287078857}, {"class_name": "B3", "bbox_yolo": [0.7007240653038025, 0.4634336531162262, 0.12434069812297821, 0.100794218480587], "conf": 0.42483046650886536}], "count_per_class": {"B1": 0, "B2": 0, "B3": 3, "B4": 0}, "side_index": 1}