{"image": "DAMIMAS_A21B_0212_1.jpg", "detector": "y26s", "detections": [{"class_name": "B3", "bbox_yolo": [0.44610559940338135, 0.5126022100448608, 0.10558710992336273, 0.0943671241402626], "conf": 0.33067041635513306}, {"class_name": "B3", "bbox_yolo": [0.6327916979789734, 0.4871813952922821, 0.08293444663286209, 0.06727595627307892], "conf": 0.29149121046066284}, {"class_name": "B3", "bbox_yolo": [0.44434022903442383, 0.5109372735023499, 0.08463466167449951, 0.08415909111499786], "conf": 0.273897647857666}], "count_per_class": {"B1": 0, "B2": 0, "B3": 3, "B4": 0}, "side_index": 0}