{"image": "DAMIMAS_A21B_0310_2.jpg", "detector": "y26s", "detections": [{"class_name": "B1", "bbox_yolo": [0.41791054606437683, 0.45959195494651794, 0.19022329151630402, 0.13621249794960022], "conf": 0.6291455030441284}, {"class_name": "B4", "bbox_yolo": [0.5102443099021912, 0.33280307054519653, 0.17036858201026917, 0.10273883491754532], "conf": 0.567035436630249}, {"class_name": "B3", "bbox_yolo": [0.5889010429382324, 0.4037472903728485, 0.08400580286979675, 0.08012133091688156], "conf": 0.4041167199611664}, {"class_name": "B3", "bbox_yolo": [0.6372440457344055, 0.41857510805130005, 0.1789267361164093, 0.11746618896722794], "conf": 0.38743701577186584}], "count_per_class": {"B1": 1, "B2": 0, "B3": 2, "B4": 1}, "side_index": 1}