{"image": "DAMIMAS_A21B_0465_2.jpg", "detector": "y26s", "detections": [{"class_name": "B1", "bbox_yolo": [0.6131374835968018, 0.48244649171829224, 0.10260315239429474, 0.10098180919885635], "conf": 0.7786170840263367}, {"class_name": "B3", "bbox_yolo": [0.5195463299751282, 0.4598403871059418, 0.0661848708987236, 0.07486653327941895], "conf": 0.3048095405101776}], "count_per_class": {"B1": 1, "B2": 0, "B3": 1, "B4": 0}, "side_index": 1}