{"image": "DAMIMAS_A21B_0739_3.jpg", "detector": "y26s", "detections": [{"class_name": "B3", "bbox_yolo": [0.33177071809768677, 0.1703365296125412, 0.21526984870433807, 0.18583020567893982], "conf": 0.7118355631828308}, {"class_name": "B3", "bbox_yolo": [0.5711865425109863, 0.19366243481636047, 0.18330806493759155, 0.1826794296503067], "conf": 0.6149624586105347}, {"class_name": "B3", "bbox_yolo": [0.7528893947601318, 0.2666793465614319, 0.15500928461551666, 0.14200790226459503], "conf": 0.4562969207763672}, {"class_name": "B4", "bbox_yolo": [0.7158863544464111, 0.10744646936655045, 0.16491642594337463, 0.1397768259048462], "conf": 0.4395841956138611}], "count_per_class": {"B1": 0, "B2": 0, "B3": 3, "B4": 1}, "side_index": 2}