{"image": "DAMIMAS_A21B_0054_3.jpg", "detector": "y26s", "detections": [{"class_name": "B3", "bbox_yolo": [0.36388128995895386, 0.35327109694480896, 0.14054584503173828, 0.10738859325647354], "conf": 0.5853784680366516}, {"class_name": "B4", "bbox_yolo": [0.490103155374527, 0.2870301902294159, 0.11752732843160629, 0.09222972393035889], "conf": 0.3011263608932495}], "count_per_class": {"B1": 0, "B2": 0, "B3": 1, "B4": 1}, "side_index": 2}