{"image": "DAMIMAS_A21B_0476_1.jpg", "detector": "y26s", "detections": [{"class_name": "B3", "bbox_yolo": [0.5833762884140015, 0.4239823818206787, 0.06061071157455444, 0.07596909999847412], "conf": 0.3660522401332855}, {"class_name": "B3", "bbox_yolo": [0.3885287940502167, 0.4237114489078522, 0.06050730124115944, 0.05253944545984268], "conf": 0.31808361411094666}], "count_per_class": {"B1": 0, "B2": 0, "B3": 2, "B4": 0}, "side_index": 0}