{"image": "DAMIMAS_A21B_0639_2.jpg", "detector": "y26s", "detections": [{"class_name": "B1", "bbox_yolo": [0.41476213932037354, 0.5028787851333618, 0.22591671347618103, 0.17242465913295746], "conf": 0.8693959712982178}, {"class_name": "B3", "bbox_yolo": [0.3720100522041321, 0.37108930945396423, 0.1708323210477829, 0.10862360149621964], "conf": 0.628645122051239}, {"class_name": "B3", "bbox_yolo": [0.6200338006019592, 0.4334765374660492, 0.18841290473937988, 0.12883606553077698], "conf": 0.5378653407096863}, {"class_name": "B3", "bbox_yolo": [0.7351132035255432, 0.3679684102535248, 0.13186588883399963, 0.10796308517456055], "conf": 0.38242384791374207}], "count_per_class": {"B1": 1, "B2": 0, "B3": 3, "B4": 0}, "side_index": 1}