{"image": "DAMIMAS_A21B_0539_4.jpg", "detector": "y26s", "detections": [{"class_name": "B1", "bbox_yolo": [0.401070773601532, 0.4677768349647522, 0.12453906238079071, 0.09509706497192383], "conf": 0.44602006673812866}, {"class_name": "B3", "bbox_yolo": [0.47705137729644775, 0.409308522939682, 0.11593832075595856, 0.08407344669103622], "conf": 0.31217873096466064}], "count_per_class": {"B1": 1, "B2": 0, "B3": 1, "B4": 0}, "side_index": 3}