{"image": "DAMIMAS_A21B_0455_1.jpg", "detector": "y26s", "detections": [{"class_name": "B3", "bbox_yolo": [0.3968939483165741, 0.45866021513938904, 0.07387740164995193, 0.07145390659570694], "conf": 0.49326983094215393}, {"class_name": "B3", "bbox_yolo": [0.5038083791732788, 0.47904226183891296, 0.06655645370483398, 0.06717830151319504], "conf": 0.3447279930114746}], "count_per_class": {"B1": 0, "B2": 0, "B3": 2, "B4": 0}, "side_index": 0}