{"image": "DAMIMAS_A21B_0488_3.jpg", "detector": "y26s", "detections": [{"class_name": "B3", "bbox_yolo": [0.5061390995979309, 0.25003620982170105, 0.12062759697437286, 0.09826786816120148], "conf": 0.46471306681632996}, {"class_name": "B3", "bbox_yolo": [0.3072141110897064, 0.2884317934513092, 0.07265256345272064, 0.07888477295637131], "conf": 0.3186473548412323}, {"class_name": "B3", "bbox_yolo": [0.670212984085083, 0.25240907073020935, 0.13197918236255646, 0.1044527068734169], "conf": 0.27035659551620483}], "count_per_class": {"B1": 0, "B2": 0, "B3": 3, "B4": 0}, "side_index": 2}