{"image": "DAMIMAS_A21B_0794_3.jpg", "detector": "y26s", "detections": [{"class_name": "B3", "bbox_yolo": [0.342570960521698, 0.2976096272468567, 0.2056392878293991, 0.15249919891357422], "conf": 0.676516592502594}, {"class_name": "B3", "bbox_yolo": [0.5784420967102051, 0.21150986850261688, 0.22486062347888947, 0.18248087167739868], "conf": 0.6426624655723572}, {"class_name": "B3", "bbox_yolo": [0.7825406789779663, 0.33864206075668335, 0.23566317558288574, 0.1754462718963623], "conf": 0.6305670142173767}, {"class_name": "B4", "bbox_yolo": [0.25733843445777893, 0.19831231236457825, 0.12161265313625336, 0.09545101970434189], "conf": 0.27610069513320923}], "count_per_class": {"B1": 0, "B2": 0, "B3": 3, "B4": 1}, "side_index": 2}