{"image": "DAMIMAS_A21B_0797_4.jpg", "detector": "y26s", "detections": [{"class_name": "B3", "bbox_yolo": [0.29041317105293274, 0.2587547302246094, 0.15220315754413605, 0.12782405316829681], "conf": 0.3551565706729889}, {"class_name": "B2", "bbox_yolo": [0.5533363819122314, 0.2231033593416214, 0.24583220481872559, 0.2332753688097], "conf": 0.30084657669067383}, {"class_name": "B3", "bbox_yolo": [0.5533363819122314, 0.2231033593416214, 0.24583220481872559, 0.2332753688097], "conf": 0.264430969953537}], "count_per_class": {"B1": 0, "B2": 1, "B3": 2, "B4": 0}, "side_index": 3}