{"image": "DAMIMAS_A21B_0208_2.jpg", "detector": "y26s", "detections": [{"class_name": "B3", "bbox_yolo": [0.42806610465049744, 0.4242737889289856, 0.14792780578136444, 0.11834283173084259], "conf": 0.6091359853744507}, {"class_name": "B4", "bbox_yolo": [0.5008107423782349, 0.33126702904701233, 0.12258180975914001, 0.08814697712659836], "conf": 0.4917142689228058}, {"class_name": "B3", "bbox_yolo": [0.6130260825157166, 0.38598397374153137, 0.11533006280660629, 0.08816619217395782], "conf": 0.37178266048431396}, {"class_name": "B4", "bbox_yolo": [0.3516693413257599, 0.34587332606315613, 0.10400006175041199, 0.07990477234125137], "conf": 0.255145400762558}], "count_per_class": {"B1": 0, "B2": 0, "B3": 2, "B4": 2}, "side_index": 1}