{"image": "DAMIMAS_A21B_0531_1.jpg", "detector": "y26s", "detections": [{"class_name": "B1", "bbox_yolo": [0.2968730330467224, 0.512485682964325, 0.13565798103809357, 0.1075531467795372], "conf": 0.7307758927345276}, {"class_name": "B3", "bbox_yolo": [0.36033254861831665, 0.39255857467651367, 0.08731861412525177, 0.06429030746221542], "conf": 0.4163147807121277}, {"class_name": "B3", "bbox_yolo": [0.5190649032592773, 0.4465648829936981, 0.10862147808074951, 0.1038353219628334], "conf": 0.3750990331172943}, {"class_name": "B3", "bbox_yolo": [0.40341252088546753, 0.4697336256504059, 0.12078120559453964, 0.09010844677686691], "conf": 0.25701698660850525}], "count_per_class": {"B1": 1, "B2": 0, "B3": 3, "B4": 0}, "side_index": 0}