{"image": "DAMIMAS_A21B_0849_8.jpg", "detector": "y26s", "detections": [{"class_name": "B3", "bbox_yolo": [0.5966536402702332, 0.3034757077693939, 0.13739898800849915, 0.11000044643878937], "conf": 0.3277312219142914}, {"class_name": "B3", "bbox_yolo": [0.31536418199539185, 0.31084829568862915, 0.10757636278867722, 0.0921839252114296], "conf": 0.28883886337280273}, {"class_name": "B3", "bbox_yolo": [0.306868314743042, 0.3082890212535858, 0.08068142086267471, 0.07808198779821396], "conf": 0.27465981245040894}], "count_per_class": {"B1": 0, "B2": 0, "B3": 3, "B4": 0}, "side_index": 7}