{"image": "DAMIMAS_A21B_0552_3.jpg", "detector": "y26s", "detections": [{"class_name": "B1", "bbox_yolo": [0.5085423588752747, 0.4463401734828949, 0.1492098569869995, 0.1366456300020218], "conf": 0.7261751890182495}, {"class_name": "B1", "bbox_yolo": [0.309253454208374, 0.47925621271133423, 0.11624039709568024, 0.1067729964852333], "conf": 0.5737577080726624}, {"class_name": "B3", "bbox_yolo": [0.6148390769958496, 0.40288782119750977, 0.11131509393453598, 0.09851207584142685], "conf": 0.3900028169155121}, {"class_name": "B3", "bbox_yolo": [0.35803914070129395, 0.41733479499816895, 0.1224060133099556, 0.10182314366102219], "conf": 0.3409379720687866}], "count_per_class": {"B1": 2, "B2": 0, "B3": 2, "B4": 0}, "side_index": 2}