{"image": "DAMIMAS_A21B_0750_4.jpg", "detector": "y26s", "detections": [{"class_name": "B3", "bbox_yolo": [0.28408777713775635, 0.4274454712867737, 0.12660853564739227, 0.10216277092695236], "conf": 0.446054607629776}, {"class_name": "B3", "bbox_yolo": [0.5667325854301453, 0.4967070519924164, 0.18380528688430786, 0.13473454117774963], "conf": 0.3181692361831665}, {"class_name": "B4", "bbox_yolo": [0.44390013813972473, 0.39469513297080994, 0.13692821562290192, 0.0923866555094719], "conf": 0.30722829699516296}, {"class_name": "B4", "bbox_yolo": [0.6050378680229187, 0.3676401674747467, 0.1242942214012146, 0.10021837055683136], "conf": 0.2778594493865967}], "count_per_class": {"B1": 0, "B2": 0, "B3": 2, "B4": 2}, "side_index": 3}