{"image": "DAMIMAS_A21B_0697_1.jpg", "detector": "y26s", "detections": [{"class_name": "B1", "bbox_yolo": [0.5795316100120544, 0.30074071884155273, 0.17868010699748993, 0.1759723424911499], "conf": 0.6818392276763916}, {"class_name": "B3", "bbox_yolo": [0.3635267913341522, 0.25046658515930176, 0.1781124770641327, 0.15272609889507294], "conf": 0.6478901505470276}, {"class_name": "B3", "bbox_yolo": [0.672385573387146, 0.17562751471996307, 0.12038110941648483, 0.10495521873235703], "conf": 0.3283407390117645}, {"class_name": "B4", "bbox_yolo": [0.3541748523712158, 0.13210825622081757, 0.11652324348688126, 0.09277740865945816], "conf": 0.267619788646698}], "count_per_class": {"B1": 1, "B2": 0, "B3": 2, "B4": 1}, "side_index": 0}