{"image": "DAMIMAS_A21B_0434_4.jpg", "detector": "y26s", "detections": [{"class_name": "B3", "bbox_yolo": [0.6005737781524658, 0.4611717164516449, 0.07207661122083664, 0.06470604240894318], "conf": 0.48340097069740295}], "count_per_class": {"B1": 0, "B2": 0, "B3": 1, "B4": 0}, "side_index": 3}