{"image": "DAMIMAS_A21B_0513_2.jpg", "detector": "y26s", "detections": [{"class_name": "B3", "bbox_yolo": [0.4916670322418213, 0.3779361844062805, 0.08552201837301254, 0.06424319744110107], "conf": 0.37340667843818665}], "count_per_class": {"B1": 0, "B2": 0, "B3": 1, "B4": 0}, "side_index": 1}