{"image": "DAMIMAS_A21B_0349_2.jpg", "detector": "y26s", "detections": [{"class_name": "B3", "bbox_yolo": [0.38381120562553406, 0.31164225935935974, 0.07591556012630463, 0.06154480203986168], "conf": 0.3089389204978943}, {"class_name": "B2", "bbox_yolo": [0.5768832564353943, 0.32504692673683167, 0.12482669204473495, 0.10260331630706787], "conf": 0.2985248267650604}], "count_per_class": {"B1": 0, "B2": 1, "B3": 1, "B4": 0}, "side_index": 1}