{"image": "DAMIMAS_A21B_0498_2.jpg", "detector": "y26s", "detections": [{"class_name": "B1", "bbox_yolo": [0.6688109636306763, 0.4299088418483734, 0.11169497668743134, 0.0940929427742958], "conf": 0.5349927544593811}, {"class_name": "B3", "bbox_yolo": [0.5859755873680115, 0.3823891282081604, 0.12116699665784836, 0.10052292793989182], "conf": 0.4512101113796234}, {"class_name": "B1", "bbox_yolo": [0.6701806783676147, 0.4266853332519531, 0.09116542339324951, 0.08256993442773819], "conf": 0.33624720573425293}], "count_per_class": {"B1": 2, "B2": 0, "B3": 1, "B4": 0}, "side_index": 1}