{"image": "DAMIMAS_A21B_0462_1.jpg", "detector": "y26s", "detections": [{"class_name": "B3", "bbox_yolo": [0.45074930787086487, 0.4327309727668762, 0.05319102853536606, 0.052397776395082474], "conf": 0.46509161591529846}, {"class_name": "B1", "bbox_yolo": [0.5369758009910583, 0.45516034960746765, 0.09294888377189636, 0.08198370784521103], "conf": 0.288857102394104}], "count_per_class": {"B1": 1, "B2": 0, "B3": 1, "B4": 0}, "side_index": 0}