{"image": "DAMIMAS_A21B_0343_3.jpg", "detector": "y26s", "detections": [{"class_name": "B3", "bbox_yolo": [0.33903637528419495, 0.3121504783630371, 0.11647717654705048, 0.1091821938753128], "conf": 0.4446258842945099}, {"class_name": "B3", "bbox_yolo": [0.44985431432724, 0.2897603511810303, 0.10713644325733185, 0.07866833359003067], "conf": 0.2806347608566284}], "count_per_class": {"B1": 0, "B2": 0, "B3": 2, "B4": 0}, "side_index": 2}