{"image": "DAMIMAS_A21B_0791_1.jpg", "detector": "y26s", "detections": [{"class_name": "B1", "bbox_yolo": [0.33232569694519043, 0.5511742234230042, 0.1726347953081131, 0.15403012931346893], "conf": 0.5585719347000122}, {"class_name": "B3", "bbox_yolo": [0.6830477714538574, 0.5109430551528931, 0.1468847393989563, 0.1152072474360466], "conf": 0.4047071933746338}], "count_per_class": {"B1": 1, "B2": 0, "B3": 1, "B4": 0}, "side_index": 0}