{"image": "DAMIMAS_A21B_0324_4.jpg", "detector": "y26s", "detections": [{"class_name": "B3", "bbox_yolo": [0.3821726143360138, 0.4670266807079315, 0.14598169922828674, 0.11319246143102646], "conf": 0.6554787158966064}, {"class_name": "B3", "bbox_yolo": [0.6746898889541626, 0.46853896975517273, 0.13254712522029877, 0.09328222274780273], "conf": 0.45157817006111145}, {"class_name": "B3", "bbox_yolo": [0.5460633635520935, 0.41368675231933594, 0.1484014242887497, 0.10371146351099014], "conf": 0.42236626148223877}], "count_per_class": {"B1": 0, "B2": 0, "B3": 3, "B4": 0}, "side_index": 3}