{"image": "DAMIMAS_A21B_0269_3.jpg", "detector": "y26s", "detections": [{"class_name": "B3", "bbox_yolo": [0.5235666632652283, 0.4452792704105377, 0.13360384106636047, 0.09750735759735107], "conf": 0.5009206533432007}, {"class_name": "B3", "bbox_yolo": [0.7350892424583435, 0.39146387577056885, 0.07413534075021744, 0.056443165987730026], "conf": 0.25988808274269104}, {"class_name": "B3", "bbox_yolo": [0.6244304776191711, 0.4073503613471985, 0.07615833729505539, 0.06011471897363663], "conf": 0.25208860635757446}], "count_per_class": {"B1": 0, "B2": 0, "B3": 3, "B4": 0}, "side_index": 2}