{"image": "DAMIMAS_A21B_0690_2.jpg", "detector": "y26s", "detections": [{"class_name": "B3", "bbox_yolo": [0.8101567029953003, 0.3543976843357086, 0.18703950941562653, 0.16647568345069885], "conf": 0.6131315231323242}, {"class_name": "B4", "bbox_yolo": [0.7561250329017639, 0.20645256340503693, 0.17441235482692719, 0.15120890736579895], "conf": 0.4411899745464325}, {"class_name": "B3", "bbox_yolo": [0.2904001474380493, 0.25121214985847473, 0.1738237887620926, 0.14964888989925385], "conf": 0.348103791475296}], "count_per_class": {"B1": 0, "B2": 0, "B3": 2, "B4": 1}, "side_index": 1}