{"image": "DAMIMAS_A21B_0338_3.jpg", "detector": "y26s", "detections": [{"class_name": "B3", "bbox_yolo": [0.2760297358036041, 0.44631606340408325, 0.1820942908525467, 0.1263391077518463], "conf": 0.5124974250793457}, {"class_name": "B3", "bbox_yolo": [0.6145718097686768, 0.38082456588745117, 0.13725630939006805, 0.10237667709589005], "conf": 0.48193228244781494}, {"class_name": "B3", "bbox_yolo": [0.43339771032333374, 0.3610994517803192, 0.14151056110858917, 0.1253332942724228], "conf": 0.450636625289917}, {"class_name": "B4", "bbox_yolo": [0.2712113559246063, 0.34610405564308167, 0.11709919571876526, 0.09008350223302841], "conf": 0.2912973463535309}], "count_per_class": {"B1": 0, "B2": 0, "B3": 3, "B4": 1}, "side_index": 2}