{"image": "DAMIMAS_A21B_0279_4.jpg", "detector": "y26s", "detections": [{"class_name": "B3", "bbox_yolo": [0.36779412627220154, 0.45760899782180786, 0.13889631628990173, 0.11234879493713379], "conf": 0.5170137882232666}, {"class_name": "B4", "bbox_yolo": [0.47164416313171387, 0.3621828258037567, 0.12146501988172531, 0.09595987945795059], "conf": 0.31484872102737427}, {"class_name": "B3", "bbox_yolo": [0.6494790315628052, 0.4115486145019531, 0.13366737961769104, 0.09272561222314835], "conf": 0.27787965536117554}, {"class_name": "B3", "bbox_yolo": [0.7701936364173889, 0.4591037333011627, 0.12062550336122513, 0.09686336666345596], "conf": 0.2536184787750244}], "count_per_class": {"B1": 0, "B2": 0, "B3": 3, "B4": 1}, "side_index": 3}