{"image": "DAMIMAS_A21B_0839_2.jpg", "detector": "y26s", "detections": [{"class_name": "B2", "bbox_yolo": [0.577947199344635, 0.4132990837097168, 0.15879902243614197, 0.1293705552816391], "conf": 0.5403560400009155}, {"class_name": "B3", "bbox_yolo": [0.313171923160553, 0.3808957040309906, 0.12752018868923187, 0.10434780269861221], "conf": 0.4412027895450592}], "count_per_class": {"B1": 0, "B2": 1, "B3": 1, "B4": 0}, "side_index": 1}