{"image": "DAMIMAS_A21B_0459_4.jpg", "detector": "y26s", "detections": [{"class_name": "B3", "bbox_yolo": [0.4234122931957245, 0.4505561292171478, 0.08857715129852295, 0.07371912151575089], "conf": 0.4948422312736511}, {"class_name": "B1", "bbox_yolo": [0.37197646498680115, 0.4941367208957672, 0.0735725462436676, 0.07560868561267853], "conf": 0.46973782777786255}, {"class_name": "B3", "bbox_yolo": [0.4286634624004364, 0.45469972491264343, 0.10723670572042465, 0.08472686260938644], "conf": 0.31904712319374084}], "count_per_class": {"B1": 1, "B2": 0, "B3": 2, "B4": 0}, "side_index": 3}