{"image": "DAMIMAS_A21B_0510_1.jpg", "detector": "y26s", "detections": [{"class_name": "B3", "bbox_yolo": [0.5288986563682556, 0.4167008399963379, 0.09108572453260422, 0.06690726429224014], "conf": 0.4899713397026062}, {"class_name": "B3", "bbox_yolo": [0.44291576743125916, 0.38348767161369324, 0.07601611316204071, 0.059896375983953476], "conf": 0.3738224506378174}], "count_per_class": {"B1": 0, "B2": 0, "B3": 2, "B4": 0}, "side_index": 0}