{"image": "DAMIMAS_A21B_0818_7.jpg", "detector": "y26s", "detections": [{"class_name": "B1", "bbox_yolo": [0.36418604850769043, 0.4658036231994629, 0.16407296061515808, 0.12003574520349503], "conf": 0.7442602515220642}, {"class_name": "B3", "bbox_yolo": [0.5570802688598633, 0.42968684434890747, 0.13472197949886322, 0.10983560234308243], "conf": 0.5997485518455505}], "count_per_class": {"B1": 1, "B2": 0, "B3": 1, "B4": 0}, "side_index": 6}