{"image": "DAMIMAS_A21B_0511_3.jpg", "detector": "y26s", "detections": [{"class_name": "B1", "bbox_yolo": [0.5705100297927856, 0.40429821610450745, 0.12761497497558594, 0.09823434799909592], "conf": 0.8365868926048279}, {"class_name": "B3", "bbox_yolo": [0.40235745906829834, 0.2885981500148773, 0.11640841513872147, 0.08086579293012619], "conf": 0.4173453450202942}, {"class_name": "B3", "bbox_yolo": [0.2837005853652954, 0.3321821391582489, 0.1207156851887703, 0.10717370361089706], "conf": 0.3855133652687073}], "count_per_class": {"B1": 1, "B2": 0, "B3": 2, "B4": 0}, "side_index": 2}