{"image": "DAMIMAS_A21B_0369_4.jpg", "detector": "y26s", "detections": [{"class_name": "B1", "bbox_yolo": [0.4431025981903076, 0.4307633936405182, 0.12568388879299164, 0.10218840092420578], "conf": 0.5585597157478333}, {"class_name": "B3", "bbox_yolo": [0.4099303185939789, 0.3507513403892517, 0.099201999604702, 0.0638737678527832], "conf": 0.26462069153785706}], "count_per_class": {"B1": 1, "B2": 0, "B3": 1, "B4": 0}, "side_index": 3}