{"image": "DAMIMAS_A21B_0550_3.jpg", "detector": "y26s", "detections": [{"class_name": "B3", "bbox_yolo": [0.6015902757644653, 0.4091110825538635, 0.12081305682659149, 0.09793710708618164], "conf": 0.5586833357810974}, {"class_name": "B1", "bbox_yolo": [0.6663400530815125, 0.4721793830394745, 0.10612272471189499, 0.09281425923109055], "conf": 0.45977506041526794}, {"class_name": "B3", "bbox_yolo": [0.44181177020072937, 0.4398144781589508, 0.1307680457830429, 0.11367698013782501], "conf": 0.4063849449157715}, {"class_name": "B1", "bbox_yolo": [0.6707103848457336, 0.4662555754184723, 0.07823486626148224, 0.08148932456970215], "conf": 0.3932279646396637}], "count_per_class": {"B1": 2, "B2": 0, "B3": 2, "B4": 0}, "side_index": 2}