{"image": "DAMIMAS_A21B_0201_1.jpg", "detector": "y26s", "detections": [{"class_name": "B1", "bbox_yolo": [0.407930463552475, 0.5169034004211426, 0.07136628031730652, 0.06282472610473633], "conf": 0.6116964221000671}, {"class_name": "B3", "bbox_yolo": [0.5747391581535339, 0.5176904797554016, 0.0732293501496315, 0.06397438049316406], "conf": 0.3179382085800171}], "count_per_class": {"B1": 1, "B2": 0, "B3": 1, "B4": 0}, "side_index": 0}