{"image": "DAMIMAS_A21B_0642_4.jpg", "detector": "y26s", "detections": [{"class_name": "B3", "bbox_yolo": [0.4918733835220337, 0.29950782656669617, 0.2485475093126297, 0.22110378742218018], "conf": 0.5447521805763245}, {"class_name": "B3", "bbox_yolo": [0.3314834237098694, 0.2579994797706604, 0.1584703028202057, 0.15272831916809082], "conf": 0.4585552513599396}], "count_per_class": {"B1": 0, "B2": 0, "B3": 2, "B4": 0}, "side_index": 3}