{"image": "DAMIMAS_A21B_0828_6.jpg", "detector": "y26s", "detections": [{"class_name": "B1", "bbox_yolo": [0.47912663221359253, 0.45567068457603455, 0.12370415031909943, 0.10323534160852432], "conf": 0.6899228096008301}, {"class_name": "B3", "bbox_yolo": [0.541516900062561, 0.37929388880729675, 0.11356894671916962, 0.08370447158813477], "conf": 0.40356770157814026}, {"class_name": "B3", "bbox_yolo": [0.376542866230011, 0.42843371629714966, 0.10816609859466553, 0.09674353897571564], "conf": 0.38603299856185913}, {"class_name": "B3", "bbox_yolo": [0.64862459897995, 0.36459431052207947, 0.064827099442482, 0.0662911906838417], "conf": 0.34050628542900085}], "count_per_class": {"B1": 1, "B2": 0, "B3": 3, "B4": 0}, "side_index": 5}