{"image": "DAMIMAS_A21B_0387_3.jpg", "detector": "y26s", "detections": [{"class_name": "B1", "bbox_yolo": [0.36693769693374634, 0.48490723967552185, 0.11047344654798508, 0.09845419228076935], "conf": 0.6297909617424011}, {"class_name": "B3", "bbox_yolo": [0.4714058041572571, 0.4618953764438629, 0.11096604913473129, 0.09213977307081223], "conf": 0.5495125651359558}], "count_per_class": {"B1": 1, "B2": 0, "B3": 1, "B4": 0}, "side_index": 2}