{"image": "DAMIMAS_A21B_0658_3.jpg", "detector": "y26s", "detections": [{"class_name": "B3", "bbox_yolo": [0.3611901104450226, 0.2976319193840027, 0.12971681356430054, 0.11912140995264053], "conf": 0.42894455790519714}], "count_per_class": {"B1": 0, "B2": 0, "B3": 1, "B4": 0}, "side_index": 2}