{"image": "DAMIMAS_A21B_0013_3.jpg", "detector": "y26s", "detections": [{"class_name": "B4", "bbox_yolo": [0.5793033838272095, 0.4513718783855438, 0.08166301250457764, 0.046875715255737305], "conf": 0.37022560834884644}, {"class_name": "B3", "bbox_yolo": [0.6513620018959045, 0.4931190013885498, 0.06621119379997253, 0.054848384112119675], "conf": 0.3353637158870697}, {"class_name": "B3", "bbox_yolo": [0.5632423162460327, 0.5117570757865906, 0.0892171561717987, 0.07286810874938965], "conf": 0.3350261151790619}], "count_per_class": {"B1": 0, "B2": 0, "B3": 2, "B4": 1}, "side_index": 2}