{"image": "DAMIMAS_A21B_0497_3.jpg", "detector": "y26s", "detections": [{"class_name": "B3", "bbox_yolo": [0.5770561695098877, 0.3553007245063782, 0.12860342860221863, 0.10229980945587158], "conf": 0.5552352070808411}, {"class_name": "B4", "bbox_yolo": [0.6159711480140686, 0.2747211158275604, 0.11442897468805313, 0.07505369186401367], "conf": 0.3168186843395233}, {"class_name": "B2", "bbox_yolo": [0.5770561695098877, 0.3553007245063782, 0.12860342860221863, 0.10229980945587158], "conf": 0.26488420367240906}], "count_per_class": {"B1": 0, "B2": 1, "B3": 1, "B4": 1}, "side_index": 2}