{"image": "DAMIMAS_A21B_0621_2.jpg", "detector": "y26s", "detections": [{"class_name": "B1", "bbox_yolo": [0.3282769024372101, 0.4897051453590393, 0.18489626049995422, 0.14514341950416565], "conf": 0.868708610534668}, {"class_name": "B2", "bbox_yolo": [0.5572194457054138, 0.45944005250930786, 0.1492261290550232, 0.12390928715467453], "conf": 0.5285291075706482}, {"class_name": "B3", "bbox_yolo": [0.5730099678039551, 0.36805829405784607, 0.10123587399721146, 0.06404166668653488], "conf": 0.29958003759384155}, {"class_name": "B3", "bbox_yolo": [0.5761757493019104, 0.37102362513542175, 0.1206449568271637, 0.07671850174665451], "conf": 0.26706817746162415}], "count_per_class": {"B1": 1, "B2": 1, "B3": 2, "B4": 0}, "side_index": 1}