{"image": "DAMIMAS_A21B_0306_1.jpg", "detector": "y26s", "detections": [{"class_name": "B3", "bbox_yolo": [0.6342410445213318, 0.5049280524253845, 0.07223294675350189, 0.08147597312927246], "conf": 0.4178260266780853}], "count_per_class": {"B1": 0, "B2": 0, "B3": 1, "B4": 0}, "side_index": 0}