{"image": "DAMIMAS_A21B_0822_4.jpg", "detector": "y26s", "detections": [{"class_name": "B1", "bbox_yolo": [0.5714977979660034, 0.4330902099609375, 0.16116346418857574, 0.11704611778259277], "conf": 0.8057422041893005}, {"class_name": "B3", "bbox_yolo": [0.4906720817089081, 0.33116498589515686, 0.1426420956850052, 0.09750168770551682], "conf": 0.4562303125858307}, {"class_name": "B3", "bbox_yolo": [0.3822077512741089, 0.4081208407878876, 0.15141932666301727, 0.09758701175451279], "conf": 0.40418896079063416}, {"class_name": "B4", "bbox_yolo": [0.4906720817089081, 0.33116498589515686, 0.1426420956850052, 0.09750168770551682], "conf": 0.35425809025764465}], "count_per_class": {"B1": 1, "B2": 0, "B3": 2, "B4": 1}, "side_index": 3}