{"image": "DAMIMAS_A21B_0330_1.jpg", "detector": "y26s", "detections": [{"class_name": "B1", "bbox_yolo": [0.7389885187149048, 0.4289076030254364, 0.12741878628730774, 0.12826476991176605], "conf": 0.4074159562587738}, {"class_name": "B3", "bbox_yolo": [0.37691184878349304, 0.42644476890563965, 0.1591552197933197, 0.11983225494623184], "conf": 0.37965700030326843}, {"class_name": "B3", "bbox_yolo": [0.6462752223014832, 0.3743550479412079, 0.11692924797534943, 0.10407914966344833], "conf": 0.295149564743042}, {"class_name": "B3", "bbox_yolo": [0.6714728474617004, 0.30540552735328674, 0.08426374197006226, 0.04544353485107422], "conf": 0.26405227184295654}], "count_per_class": {"B1": 1, "B2": 0, "B3": 3, "B4": 0}, "side_index": 0}