{"image": "DAMIMAS_A21B_0019_1.jpg", "detector": "y26s", "detections": [{"class_name": "B3", "bbox_yolo": [0.5714812278747559, 0.5444638133049011, 0.11076842248439789, 0.08979135006666183], "conf": 0.45857128500938416}, {"class_name": "B3", "bbox_yolo": [0.36137136816978455, 0.5146767497062683, 0.07031597197055817, 0.06306710094213486], "conf": 0.4219544529914856}, {"class_name": "B4", "bbox_yolo": [0.4650392234325409, 0.49196186661720276, 0.07044436782598495, 0.05930652841925621], "conf": 0.32238513231277466}, {"class_name": "B4", "bbox_yolo": [0.5745388269424438, 0.4740036129951477, 0.07386881858110428, 0.04882631450891495], "conf": 0.3108493387699127}], "count_per_class": {"B1": 0, "B2": 0, "B3": 2, "B4": 2}, "side_index": 0}