{"image": "DAMIMAS_A21B_0482_4.jpg", "detector": "y26s", "detections": [{"class_name": "B3", "bbox_yolo": [0.6039786338806152, 0.4831859767436981, 0.07252922654151917, 0.0609196200966835], "conf": 0.5352702140808105}, {"class_name": "B1", "bbox_yolo": [0.4416908621788025, 0.5091174244880676, 0.06574802845716476, 0.05577407032251358], "conf": 0.5071835517883301}, {"class_name": "B2", "bbox_yolo": [0.6695334911346436, 0.5094243884086609, 0.07100347429513931, 0.06250486522912979], "conf": 0.3837701082229614}], "count_per_class": {"B1": 1, "B2": 1, "B3": 1, "B4": 0}, "side_index": 3}