{"image": "DAMIMAS_A21B_0301_3.jpg", "detector": "y26s", "detections": [{"class_name": "B3", "bbox_yolo": [0.7740676999092102, 0.45658427476882935, 0.18781790137290955, 0.12923017144203186], "conf": 0.6592660546302795}, {"class_name": "B3", "bbox_yolo": [0.5420464277267456, 0.3952676057815552, 0.2329750508069992, 0.16899113357067108], "conf": 0.6420835256576538}, {"class_name": "B3", "bbox_yolo": [0.27041587233543396, 0.46300363540649414, 0.11428038775920868, 0.09812436252832413], "conf": 0.3975018858909607}], "count_per_class": {"B1": 0, "B2": 0, "B3": 3, "B4": 0}, "side_index": 2}