{"image": "DAMIMAS_A21B_0536_3.jpg", "detector": "y26s", "detections": [{"class_name": "B1", "bbox_yolo": [0.39570969343185425, 0.4864993989467621, 0.14304381608963013, 0.1257942169904709], "conf": 0.8325842618942261}, {"class_name": "B3", "bbox_yolo": [0.3676169216632843, 0.3997727334499359, 0.09798648208379745, 0.05351090431213379], "conf": 0.3557784855365753}, {"class_name": "B2", "bbox_yolo": [0.6583639979362488, 0.45619988441467285, 0.11627255380153656, 0.10314302891492844], "conf": 0.3099339008331299}, {"class_name": "B3", "bbox_yolo": [0.5259049534797668, 0.4442477226257324, 0.12140262126922607, 0.10861001163721085], "conf": 0.3029787242412567}], "count_per_class": {"B1": 1, "B2": 1, "B3": 2, "B4": 0}, "side_index": 2}