{"image": "DAMIMAS_A21B_0040_3.jpg", "detector": "y26s", "detections": [{"class_name": "B3", "bbox_yolo": [0.45261552929878235, 0.5101862549781799, 0.11812369525432587, 0.10376224666833878], "conf": 0.6094672083854675}, {"class_name": "B1", "bbox_yolo": [0.34280911087989807, 0.534623920917511, 0.10697133094072342, 0.10010528564453125], "conf": 0.5301733016967773}, {"class_name": "B3", "bbox_yolo": [0.6546123623847961, 0.5283690690994263, 0.11139177531003952, 0.09190183132886887], "conf": 0.3403021991252899}, {"class_name": "B3", "bbox_yolo": [0.5789923667907715, 0.48472291231155396, 0.10615279525518417, 0.09329324215650558], "conf": 0.3163435757160187}], "count_per_class": {"B1": 1, "B2": 0, "B3": 3, "B4": 0}, "side_index": 2}