{"image": "DAMIMAS_A21B_0254_2.jpg", "detector": "y26s", "detections": [{"class_name": "B3", "bbox_yolo": [0.32118576765060425, 0.04393337294459343, 0.18946518003940582, 0.08786674588918686], "conf": 0.4283858835697174}], "count_per_class": {"B1": 0, "B2": 0, "B3": 1, "B4": 0}, "side_index": 1}