{"image": "DAMIMAS_A21B_0704_2.jpg", "detector": "y26s", "detections": [{"class_name": "B3", "bbox_yolo": [0.7883755564689636, 0.32439979910850525, 0.1642051786184311, 0.16276048123836517], "conf": 0.692482590675354}, {"class_name": "B3", "bbox_yolo": [0.3446100950241089, 0.25451287627220154, 0.21711581945419312, 0.18043480813503265], "conf": 0.5519735217094421}, {"class_name": "B4", "bbox_yolo": [0.6344719529151917, 0.1817910522222519, 0.1448705792427063, 0.12903718650341034], "conf": 0.504107654094696}, {"class_name": "B3", "bbox_yolo": [0.5402809381484985, 0.3528951108455658, 0.2952817976474762, 0.23759722709655762], "conf": 0.4131927192211151}], "count_per_class": {"B1": 0, "B2": 0, "B3": 3, "B4": 1}, "side_index": 1}