{"image": "DAMIMAS_A21B_0480_2.jpg", "detector": "y26s", "detections": [{"class_name": "B3", "bbox_yolo": [0.4511953294277191, 0.40128016471862793, 0.08740101009607315, 0.07280629128217697], "conf": 0.30151304602622986}], "count_per_class": {"B1": 0, "B2": 0, "B3": 1, "B4": 0}, "side_index": 1}