{"image": "DAMIMAS_A21B_0435_3.jpg", "detector": "y26s", "detections": [{"class_name": "B3", "bbox_yolo": [0.6225398182868958, 0.43859416246414185, 0.07205289602279663, 0.06559844315052032], "conf": 0.5691776275634766}, {"class_name": "B1", "bbox_yolo": [0.4208929240703583, 0.47440585494041443, 0.07755263894796371, 0.0668485164642334], "conf": 0.5551033616065979}, {"class_name": "B3", "bbox_yolo": [0.521634042263031, 0.4634227752685547, 0.07180198282003403, 0.0684107318520546], "conf": 0.2730632722377777}], "count_per_class": {"B1": 1, "B2": 0, "B3": 2, "B4": 0}, "side_index": 2}