{"image": "DAMIMAS_A21B_0102_2.jpg", "detector": "y26s", "detections": [{"class_name": "B3", "bbox_yolo": [0.6569190621376038, 0.5603272318840027, 0.13757935166358948, 0.12589530646800995], "conf": 0.7036791443824768}, {"class_name": "B3", "bbox_yolo": [0.5296412706375122, 0.5237459540367126, 0.12125435471534729, 0.0925421267747879], "conf": 0.3673110604286194}, {"class_name": "B3", "bbox_yolo": [0.4008583426475525, 0.5404213070869446, 0.11552166193723679, 0.09406352043151855], "conf": 0.3171560764312744}, {"class_name": "B3", "bbox_yolo": [0.32010728120803833, 0.549811065196991, 0.07385975867509842, 0.06506314128637314], "conf": 0.27003276348114014}], "count_per_class": {"B1": 0, "B2": 0, "B3": 4, "B4": 0}, "side_index": 1}