{"image": "DAMIMAS_A21B_0058_2.jpg", "detector": "y26s", "detections": [{"class_name": "B3", "bbox_yolo": [0.450285941362381, 0.5685663223266602, 0.12461017817258835, 0.08843407779932022], "conf": 0.44082745909690857}, {"class_name": "B3", "bbox_yolo": [0.4962322413921356, 0.4668382704257965, 0.08139772713184357, 0.06119218096137047], "conf": 0.37571701407432556}, {"class_name": "B2", "bbox_yolo": [0.3710971474647522, 0.5072270035743713, 0.11362788826227188, 0.08819904178380966], "conf": 0.30479711294174194}], "count_per_class": {"B1": 0, "B2": 1, "B3": 2, "B4": 0}, "side_index": 1}