{"image": "DAMIMAS_A21B_0560_3.jpg", "detector": "y26s", "detections": [{"class_name": "B3", "bbox_yolo": [0.6375707387924194, 0.3352394998073578, 0.1439887434244156, 0.12679366767406464], "conf": 0.6232961416244507}], "count_per_class": {"B1": 0, "B2": 0, "B3": 1, "B4": 0}, "side_index": 2}