{"image": "DAMIMAS_A21B_0672_3.jpg", "detector": "y26s", "detections": [{"class_name": "B1", "bbox_yolo": [0.28608438372612, 0.41038963198661804, 0.2089782953262329, 0.16134922206401825], "conf": 0.8822927474975586}, {"class_name": "B3", "bbox_yolo": [0.4991590082645416, 0.3533112704753876, 0.1719473898410797, 0.15538230538368225], "conf": 0.645394504070282}, {"class_name": "B3", "bbox_yolo": [0.7040095329284668, 0.35790762305259705, 0.1721908003091812, 0.14834590256214142], "conf": 0.37526488304138184}], "count_per_class": {"B1": 1, "B2": 0, "B3": 2, "B4": 0}, "side_index": 2}