{"image": "DAMIMAS_A21B_0295_1.jpg", "detector": "y26s", "detections": [{"class_name": "B3", "bbox_yolo": [0.34856995940208435, 0.4279952943325043, 0.11794300377368927, 0.09828143566846848], "conf": 0.43514469265937805}, {"class_name": "B3", "bbox_yolo": [0.49716752767562866, 0.44203558564186096, 0.12140116095542908, 0.10907900333404541], "conf": 0.33928459882736206}, {"class_name": "B3", "bbox_yolo": [0.6826099157333374, 0.4536606967449188, 0.07627347856760025, 0.06682953983545303], "conf": 0.2655130922794342}], "count_per_class": {"B1": 0, "B2": 0, "B3": 3, "B4": 0}, "side_index": 0}