{"image": "DAMIMAS_A21B_0032_2.jpg", "detector": "y26s", "detections": [{"class_name": "B3", "bbox_yolo": [0.4411136209964752, 0.5313025712966919, 0.12362776696681976, 0.09176325798034668], "conf": 0.5404766798019409}, {"class_name": "B3", "bbox_yolo": [0.5681191682815552, 0.4872666895389557, 0.07975632697343826, 0.05595770105719566], "conf": 0.36086663603782654}, {"class_name": "B3", "bbox_yolo": [0.37780165672302246, 0.4704130291938782, 0.07653338462114334, 0.05281434208154678], "conf": 0.2927716076374054}], "count_per_class": {"B1": 0, "B2": 0, "B3": 3, "B4": 0}, "side_index": 1}