{"image": "DAMIMAS_A21B_0542_3.jpg", "detector": "y26s", "detections": [{"class_name": "B3", "bbox_yolo": [0.44240090250968933, 0.552010178565979, 0.13380569219589233, 0.1042725071310997], "conf": 0.5098726749420166}, {"class_name": "B3", "bbox_yolo": [0.5559496283531189, 0.5082806944847107, 0.11773698031902313, 0.09102892875671387], "conf": 0.453206330537796}, {"class_name": "B4", "bbox_yolo": [0.41325029730796814, 0.46927666664123535, 0.12325961142778397, 0.07652168720960617], "conf": 0.2800695598125458}, {"class_name": "B3", "bbox_yolo": [0.317783385515213, 0.516608476638794, 0.1016240194439888, 0.10087385028600693], "conf": 0.2761247754096985}], "count_per_class": {"B1": 0, "B2": 0, "B3": 3, "B4": 1}, "side_index": 2}