{"image": "DAMIMAS_A21B_0038_4.jpg", "detector": "y26s", "detections": [{"class_name": "B3", "bbox_yolo": [0.5790719389915466, 0.501863956451416, 0.1146228238940239, 0.09070958942174911], "conf": 0.562030017375946}, {"class_name": "B3", "bbox_yolo": [0.35284513235092163, 0.4790778160095215, 0.06610606610774994, 0.05819592624902725], "conf": 0.3429008722305298}, {"class_name": "B4", "bbox_yolo": [0.5936444997787476, 0.4341086447238922, 0.08918260037899017, 0.051203012466430664], "conf": 0.27628132700920105}, {"class_name": "B3", "bbox_yolo": [0.42243850231170654, 0.5198655724525452, 0.09406500309705734, 0.07067575305700302], "conf": 0.27498888969421387}], "count_per_class": {"B1": 0, "B2": 0, "B3": 3, "B4": 1}, "side_index": 3}