{"image": "DAMIMAS_A21B_0804_4.jpg", "detector": "y26s", "detections": [{"class_name": "B1", "bbox_yolo": [0.44444093108177185, 0.33162832260131836, 0.170710027217865, 0.13723145425319672], "conf": 0.6801216006278992}, {"class_name": "B3", "bbox_yolo": [0.704319953918457, 0.30846843123435974, 0.12289156019687653, 0.10869099944829941], "conf": 0.4670138955116272}], "count_per_class": {"B1": 1, "B2": 0, "B3": 1, "B4": 0}, "side_index": 3}