{"image": "DAMIMAS_A21B_0849_5.jpg", "detector": "y26s", "detections": [{"class_name": "B3", "bbox_yolo": [0.4909791350364685, 0.38292309641838074, 0.14099420607089996, 0.10926153510808945], "conf": 0.36567622423171997}, {"class_name": "B1", "bbox_yolo": [0.6370083093643188, 0.41342493891716003, 0.12847506999969482, 0.11067952960729599], "conf": 0.3248676061630249}, {"class_name": "B2", "bbox_yolo": [0.6370083093643188, 0.41342493891716003, 0.12847506999969482, 0.11067952960729599], "conf": 0.3077683746814728}], "count_per_class": {"B1": 1, "B2": 1, "B3": 1, "B4": 0}, "side_index": 4}