{"image": "DAMIMAS_A21B_0601_3.jpg", "detector": "y26s", "detections": [{"class_name": "B3", "bbox_yolo": [0.7302770614624023, 0.3994469940662384, 0.25593340396881104, 0.15545879304409027], "conf": 0.6558324098587036}, {"class_name": "B3", "bbox_yolo": [0.2728816568851471, 0.3437933027744293, 0.16414622962474823, 0.12384605407714844], "conf": 0.5983086228370667}], "count_per_class": {"B1": 0, "B2": 0, "B3": 2, "B4": 0}, "side_index": 2}