{"image": "DAMIMAS_A21B_0270_2.jpg", "detector": "y26s", "detections": [{"class_name": "B2", "bbox_yolo": [0.6045777797698975, 0.44004344940185547, 0.19511297345161438, 0.1811816692352295], "conf": 0.45804905891418457}, {"class_name": "B3", "bbox_yolo": [0.2942270040512085, 0.42929935455322266, 0.12846432626247406, 0.12106072902679443], "conf": 0.4561832547187805}], "count_per_class": {"B1": 0, "B2": 1, "B3": 1, "B4": 0}, "side_index": 1}