{"image": "DAMIMAS_A21B_0347_4.jpg", "detector": "y26s", "detections": [{"class_name": "B1", "bbox_yolo": [0.6223195791244507, 0.34751904010772705, 0.11539841443300247, 0.11871323734521866], "conf": 0.7280024886131287}, {"class_name": "B3", "bbox_yolo": [0.31540244817733765, 0.3440984785556793, 0.11706104874610901, 0.09907839447259903], "conf": 0.4391377568244934}, {"class_name": "B3", "bbox_yolo": [0.511111855506897, 0.3096442222595215, 0.1148882582783699, 0.10425549000501633], "conf": 0.30435213446617126}], "count_per_class": {"B1": 1, "B2": 0, "B3": 2, "B4": 0}, "side_index": 3}