{"image": "DAMIMAS_A21B_0043_1.jpg", "detector": "y26s", "detections": [{"class_name": "B1", "bbox_yolo": [0.6149320006370544, 0.6154568791389465, 0.1271604597568512, 0.11863284558057785], "conf": 0.7522038817405701}, {"class_name": "B3", "bbox_yolo": [0.3568989634513855, 0.569661557674408, 0.12177801877260208, 0.1092989444732666], "conf": 0.4903475046157837}, {"class_name": "B3", "bbox_yolo": [0.49407345056533813, 0.605590283870697, 0.11664928495883942, 0.10138559341430664], "conf": 0.47332653403282166}, {"class_name": "B3", "bbox_yolo": [0.6282710433006287, 0.5380293726921082, 0.0759938582777977, 0.04774827882647514], "conf": 0.3056620955467224}], "count_per_class": {"B1": 1, "B2": 0, "B3": 3, "B4": 0}, "side_index": 0}