{"image": "DAMIMAS_A21B_0252_3.jpg", "detector": "y26s", "detections": [{"class_name": "B3", "bbox_yolo": [0.32279399037361145, 0.3320320248603821, 0.18693415820598602, 0.14721155166625977], "conf": 0.6769583821296692}], "count_per_class": {"B1": 0, "B2": 0, "B3": 1, "B4": 0}, "side_index": 2}