{"image": "DAMIMAS_A21B_0796_3.jpg", "detector": "y26s", "detections": [{"class_name": "B3", "bbox_yolo": [0.5150370001792908, 0.364303320646286, 0.251006543636322, 0.1667967587709427], "conf": 0.6726044416427612}, {"class_name": "B4", "bbox_yolo": [0.449215829372406, 0.21668963134288788, 0.20307764410972595, 0.13517582416534424], "conf": 0.6041465997695923}, {"class_name": "B3", "bbox_yolo": [0.75149005651474, 0.3253915011882782, 0.14679865539073944, 0.11771833896636963], "conf": 0.3528394401073456}], "count_per_class": {"B1": 0, "B2": 0, "B3": 2, "B4": 1}, "side_index": 2}