{"image": "DAMIMAS_A21B_0094_1.jpg", "detector": "y26s", "detections": [{"class_name": "B3", "bbox_yolo": [0.3118109107017517, 0.607654869556427, 0.0721118301153183, 0.07170319557189941], "conf": 0.4813685715198517}, {"class_name": "B3", "bbox_yolo": [0.3690609633922577, 0.593995988368988, 0.07724043726921082, 0.07016701996326447], "conf": 0.3125768303871155}, {"class_name": "B4", "bbox_yolo": [0.5401701927185059, 0.5431898832321167, 0.06392965465784073, 0.040231991559267044], "conf": 0.29356178641319275}], "count_per_class": {"B1": 0, "B2": 0, "B3": 2, "B4": 1}, "side_index": 0}