{"image": "DAMIMAS_A21B_0477_2.jpg", "detector": "y26s", "detections": [{"class_name": "B3", "bbox_yolo": [0.3829503655433655, 0.3900173306465149, 0.12886568903923035, 0.08855944126844406], "conf": 0.364288330078125}, {"class_name": "B3", "bbox_yolo": [0.615950345993042, 0.3850176930427551, 0.11563771963119507, 0.09783754497766495], "conf": 0.34175926446914673}], "count_per_class": {"B1": 0, "B2": 0, "B3": 2, "B4": 0}, "side_index": 1}