{"image": "DAMIMAS_A21B_0779_2.jpg", "detector": "y26s", "detections": [{"class_name": "B1", "bbox_yolo": [0.6140094995498657, 0.3242740035057068, 0.19228695333003998, 0.1521621197462082], "conf": 0.8310959339141846}, {"class_name": "B3", "bbox_yolo": [0.4654090404510498, 0.25744006037712097, 0.14804497361183167, 0.1039893850684166], "conf": 0.2879318296909332}], "count_per_class": {"B1": 1, "B2": 0, "B3": 1, "B4": 0}, "side_index": 1}