{"image": "DAMIMAS_A21B_0388_1.jpg", "detector": "y26s", "detections": [{"class_name": "B1", "bbox_yolo": [0.6817571520805359, 0.41440945863723755, 0.09789028763771057, 0.09077878296375275], "conf": 0.5073286890983582}, {"class_name": "B1", "bbox_yolo": [0.6830681562423706, 0.41194412112236023, 0.07548358291387558, 0.08310683071613312], "conf": 0.4769710302352905}, {"class_name": "B3", "bbox_yolo": [0.6066275835037231, 0.3694104254245758, 0.10768859088420868, 0.09720351547002792], "conf": 0.42425987124443054}], "count_per_class": {"B1": 2, "B2": 0, "B3": 1, "B4": 0}, "side_index": 0}