{"image": "DAMIMAS_A21B_0047_3.jpg", "detector": "y26s", "detections": [{"class_name": "B3", "bbox_yolo": [0.5243961811065674, 0.4948854446411133, 0.13445861637592316, 0.10380997508764267], "conf": 0.5593658089637756}, {"class_name": "B3", "bbox_yolo": [0.30354171991348267, 0.5342220664024353, 0.1325753778219223, 0.11080151051282883], "conf": 0.4206700325012207}], "count_per_class": {"B1": 0, "B2": 0, "B3": 2, "B4": 0}, "side_index": 2}