{"image": "DAMIMAS_A21B_0617_4.jpg", "detector": "y26s", "detections": [{"class_name": "B1", "bbox_yolo": [0.597300112247467, 0.5390751361846924, 0.2538582682609558, 0.17775583267211914], "conf": 0.894473135471344}, {"class_name": "B3", "bbox_yolo": [0.4239336848258972, 0.48097261786460876, 0.15202291309833527, 0.11892995983362198], "conf": 0.4999814033508301}], "count_per_class": {"B1": 1, "B2": 0, "B3": 1, "B4": 0}, "side_index": 3}