{"image": "DAMIMAS_A21B_0357_3.jpg", "detector": "y26s", "detections": [{"class_name": "B3", "bbox_yolo": [0.38433632254600525, 0.3113126754760742, 0.06939074397087097, 0.06148860603570938], "conf": 0.46449044346809387}, {"class_name": "B3", "bbox_yolo": [0.4756852686405182, 0.3337237536907196, 0.053304389119148254, 0.055431436747312546], "conf": 0.2849389314651489}], "count_per_class": {"B1": 0, "B2": 0, "B3": 2, "B4": 0}, "side_index": 2}