{"image": "DAMIMAS_A21B_0827_2.jpg", "detector": "y26s", "detections": [{"class_name": "B3", "bbox_yolo": [0.5775976777076721, 0.41267117857933044, 0.11569929867982864, 0.09443201869726181], "conf": 0.47616812586784363}, {"class_name": "B3", "bbox_yolo": [0.44177183508872986, 0.3804430663585663, 0.1033492162823677, 0.08627033233642578], "conf": 0.29351311922073364}, {"class_name": "B3", "bbox_yolo": [0.6793245077133179, 0.4389779269695282, 0.0831209197640419, 0.08239402621984482], "conf": 0.27388179302215576}], "count_per_class": {"B1": 0, "B2": 0, "B3": 3, "B4": 0}, "side_index": 1}