{"image": "DAMIMAS_A21B_0540_3.jpg", "detector": "y26s", "detections": [{"class_name": "B1", "bbox_yolo": [0.3628232777118683, 0.46350833773612976, 0.14094899594783783, 0.12228532135486603], "conf": 0.6883705258369446}, {"class_name": "B3", "bbox_yolo": [0.5069594979286194, 0.43149614334106445, 0.10990947484970093, 0.10216455906629562], "conf": 0.411028653383255}, {"class_name": "B1", "bbox_yolo": [0.6646955013275146, 0.49518918991088867, 0.0835128203034401, 0.05956001207232475], "conf": 0.25352850556373596}], "count_per_class": {"B1": 2, "B2": 0, "B3": 1, "B4": 0}, "side_index": 2}