{"image": "DAMIMAS_A21B_0173_4.jpg", "detector": "y26s", "detections": [{"class_name": "B3", "bbox_yolo": [0.4594597816467285, 0.5764995813369751, 0.11876440793275833, 0.10211510956287384], "conf": 0.667438805103302}, {"class_name": "B3", "bbox_yolo": [0.34428954124450684, 0.5833026766777039, 0.10882222652435303, 0.10658464580774307], "conf": 0.6097893714904785}, {"class_name": "B3", "bbox_yolo": [0.6212864518165588, 0.5959183573722839, 0.07958380877971649, 0.07959194481372833], "conf": 0.34717196226119995}], "count_per_class": {"B1": 0, "B2": 0, "B3": 3, "B4": 0}, "side_index": 3}