{"image": "DAMIMAS_A21B_0402_1.jpg", "detector": "y26s", "detections": [{"class_name": "B3", "bbox_yolo": [0.28929150104522705, 0.30869632959365845, 0.1242152601480484, 0.10761811584234238], "conf": 0.45696550607681274}, {"class_name": "B3", "bbox_yolo": [0.6509092450141907, 0.3203164041042328, 0.08184471726417542, 0.07949063926935196], "conf": 0.29953131079673767}, {"class_name": "B3", "bbox_yolo": [0.44883832335472107, 0.27708277106285095, 0.10960732400417328, 0.08443760871887207], "conf": 0.29058700799942017}, {"class_name": "B3", "bbox_yolo": [0.6472678184509277, 0.32685667276382446, 0.10504360496997833, 0.09794618934392929], "conf": 0.2650511860847473}], "count_per_class": {"B1": 0, "B2": 0, "B3": 4, "B4": 0}, "side_index": 0}