{"image": "DAMIMAS_A21B_0049_3.jpg", "detector": "y26s", "detections": [{"class_name": "B3", "bbox_yolo": [0.37764933705329895, 0.4765472114086151, 0.1610533744096756, 0.12705078721046448], "conf": 0.6251534223556519}, {"class_name": "B3", "bbox_yolo": [0.6529151201248169, 0.4410820007324219, 0.11577079445123672, 0.11052651703357697], "conf": 0.355957955121994}], "count_per_class": {"B1": 0, "B2": 0, "B3": 2, "B4": 0}, "side_index": 2}