{"image": "DAMIMAS_A21B_0187_2.jpg", "detector": "y26s", "detections": [{"class_name": "B2", "bbox_yolo": [0.5757445096969604, 0.3485163748264313, 0.08708111941814423, 0.08310317993164062], "conf": 0.3372025787830353}, {"class_name": "B2", "bbox_yolo": [0.5751988887786865, 0.35335659980773926, 0.1076476126909256, 0.09717550128698349], "conf": 0.3068488836288452}, {"class_name": "B3", "bbox_yolo": [0.352194219827652, 0.30704569816589355, 0.13026489317417145, 0.10220883041620255], "conf": 0.291258841753006}], "count_per_class": {"B1": 0, "B2": 2, "B3": 1, "B4": 0}, "side_index": 1}