{"image": "DAMIMAS_A21B_0719_1.jpg", "detector": "y26s", "detections": [{"class_name": "B1", "bbox_yolo": [0.7391992211341858, 0.4139330983161926, 0.15574856102466583, 0.1354907751083374], "conf": 0.8005580306053162}, {"class_name": "B1", "bbox_yolo": [0.19958974421024323, 0.43801793456077576, 0.15240232646465302, 0.13767719268798828], "conf": 0.7981573939323425}, {"class_name": "B3", "bbox_yolo": [0.6115407347679138, 0.35555464029312134, 0.17134660482406616, 0.13118000328540802], "conf": 0.6569361090660095}, {"class_name": "B3", "bbox_yolo": [0.3609189987182617, 0.40432339906692505, 0.19280140101909637, 0.15339791774749756], "conf": 0.5723332166671753}], "count_per_class": {"B1": 2, "B2": 0, "B3": 2, "B4": 0}, "side_index": 0}