{"image": "DAMIMAS_A21B_0777_2.jpg", "detector": "y26s", "detections": [{"class_name": "B1", "bbox_yolo": [0.6798182725906372, 0.543773889541626, 0.17523899674415588, 0.12819166481494904], "conf": 0.7385551333427429}, {"class_name": "B3", "bbox_yolo": [0.21615329384803772, 0.5838368535041809, 0.14913468062877655, 0.10778184235095978], "conf": 0.558966338634491}, {"class_name": "B3", "bbox_yolo": [0.31864944100379944, 0.486238569021225, 0.13836941123008728, 0.11616712063550949], "conf": 0.34461939334869385}, {"class_name": "B4", "bbox_yolo": [0.31864944100379944, 0.486238569021225, 0.13836941123008728, 0.11616712063550949], "conf": 0.3294820189476013}], "count_per_class": {"B1": 1, "B2": 0, "B3": 2, "B4": 1}, "side_index": 1}