{"image": "DAMIMAS_A21B_0084_4.jpg", "detector": "y26s", "detections": [{"class_name": "B3", "bbox_yolo": [0.4817425310611725, 0.4571800231933594, 0.11206366866827011, 0.0957367941737175], "conf": 0.3796168565750122}, {"class_name": "B3", "bbox_yolo": [0.3524320125579834, 0.4816901683807373, 0.11799358576536179, 0.09973430633544922], "conf": 0.340203195810318}], "count_per_class": {"B1": 0, "B2": 0, "B3": 2, "B4": 0}, "side_index": 3}