{"image": "DAMIMAS_A21B_0224_1.jpg", "detector": "y26s", "detections": [{"class_name": "B3", "bbox_yolo": [0.6788456439971924, 0.35247841477394104, 0.15975292026996613, 0.12105045467615128], "conf": 0.5973979234695435}, {"class_name": "B4", "bbox_yolo": [0.5558509826660156, 0.25241637229919434, 0.15387167036533356, 0.10759556293487549], "conf": 0.3085944354534149}, {"class_name": "B3", "bbox_yolo": [0.5558509826660156, 0.25241637229919434, 0.15387167036533356, 0.10759556293487549], "conf": 0.2744356691837311}], "count_per_class": {"B1": 0, "B2": 0, "B3": 2, "B4": 1}, "side_index": 0}