{"image": "DAMIMAS_A21B_0050_4.jpg", "detector": "y26s", "detections": [{"class_name": "B3", "bbox_yolo": [0.6346276998519897, 0.39516815543174744, 0.11726411432027817, 0.10119133442640305], "conf": 0.5077489614486694}, {"class_name": "B4", "bbox_yolo": [0.5508509874343872, 0.32763671875, 0.12282279878854752, 0.09794213622808456], "conf": 0.39451277256011963}, {"class_name": "B2", "bbox_yolo": [0.2909931242465973, 0.40367284417152405, 0.12354352325201035, 0.11632881313562393], "conf": 0.36047816276550293}, {"class_name": "B3", "bbox_yolo": [0.4005274176597595, 0.3700818717479706, 0.13111716508865356, 0.11420786380767822], "conf": 0.3431369662284851}], "count_per_class": {"B1": 0, "B2": 1, "B3": 2, "B4": 1}, "side_index": 3}