{"image": "DAMIMAS_A21B_0449_1.jpg", "detector": "y26s", "detections": [{"class_name": "B3", "bbox_yolo": [0.5994317531585693, 0.41742897033691406, 0.09257787466049194, 0.07128336280584335], "conf": 0.42179998755455017}, {"class_name": "B3", "bbox_yolo": [0.4853723645210266, 0.3917643129825592, 0.06243753805756569, 0.05451781675219536], "conf": 0.3420347571372986}], "count_per_class": {"B1": 0, "B2": 0, "B3": 2, "B4": 0}, "side_index": 0}