{"image": "DAMIMAS_A21B_0274_4.jpg", "detector": "y26s", "detections": [{"class_name": "B3", "bbox_yolo": [0.5123379230499268, 0.3891793191432953, 0.14529791474342346, 0.1269785463809967], "conf": 0.45512059330940247}, {"class_name": "B4", "bbox_yolo": [0.47691407799720764, 0.27425122261047363, 0.13540135324001312, 0.10530519485473633], "conf": 0.39547476172447205}, {"class_name": "B3", "bbox_yolo": [0.32401514053344727, 0.3701998293399811, 0.12495885789394379, 0.10701282322406769], "conf": 0.34384483098983765}], "count_per_class": {"B1": 0, "B2": 0, "B3": 2, "B4": 1}, "side_index": 3}