{"image": "DAMIMAS_A21B_0105_4.jpg", "detector": "y26s", "detections": [{"class_name": "B1", "bbox_yolo": [0.4191710948944092, 0.5075926780700684, 0.16547998785972595, 0.1244722381234169], "conf": 0.8579145669937134}, {"class_name": "B3", "bbox_yolo": [0.31870296597480774, 0.43917688727378845, 0.10886800289154053, 0.09231708198785782], "conf": 0.32924026250839233}], "count_per_class": {"B1": 1, "B2": 0, "B3": 1, "B4": 0}, "side_index": 3}