{"image": "DAMIMAS_A21B_0830_8.jpg", "detector": "y26s", "detections": [{"class_name": "B1", "bbox_yolo": [0.5156723260879517, 0.30396291613578796, 0.17242032289505005, 0.14420612156391144], "conf": 0.7078131437301636}, {"class_name": "B3", "bbox_yolo": [0.6999771595001221, 0.2811748683452606, 0.1412966549396515, 0.1355723887681961], "conf": 0.4486323297023773}, {"class_name": "B3", "bbox_yolo": [0.3679027259349823, 0.24212908744812012, 0.13956217467784882, 0.1258193552494049], "conf": 0.38053977489471436}, {"class_name": "B4", "bbox_yolo": [0.5777688026428223, 0.20229242742061615, 0.12866953015327454, 0.0912032499909401], "conf": 0.2772828936576843}], "count_per_class": {"B1": 1, "B2": 0, "B3": 2, "B4": 1}, "side_index": 7}