{"image": "DAMIMAS_A21B_0597_2.jpg", "detector": "y26s", "detections": [{"class_name": "B3", "bbox_yolo": [0.5844844579696655, 0.4079465866088867, 0.2331743985414505, 0.1731681376695633], "conf": 0.5116334557533264}, {"class_name": "B3", "bbox_yolo": [0.3201429545879364, 0.3754903972148895, 0.24261942505836487, 0.18702848255634308], "conf": 0.4340190887451172}, {"class_name": "B2", "bbox_yolo": [0.19118021428585052, 0.45729780197143555, 0.15087035298347473, 0.14931702613830566], "conf": 0.3267960548400879}, {"class_name": "B4", "bbox_yolo": [0.7182765007019043, 0.30024418234825134, 0.15580470860004425, 0.10961201041936874], "conf": 0.3242657780647278}], "count_per_class": {"B1": 0, "B2": 1, "B3": 2, "B4": 1}, "side_index": 1}