{"image": "DAMIMAS_A21B_0722_2.jpg", "detector": "y26s", "detections": [{"class_name": "B3", "bbox_yolo": [0.20437206327915192, 0.28708401322364807, 0.18777239322662354, 0.13871268928050995], "conf": 0.6425105929374695}, {"class_name": "B3", "bbox_yolo": [0.6166005730628967, 0.21198832988739014, 0.15993519127368927, 0.15497012436389923], "conf": 0.6065489053726196}, {"class_name": "B4", "bbox_yolo": [0.36577603220939636, 0.16932176053524017, 0.17877185344696045, 0.14847879111766815], "conf": 0.5162349939346313}, {"class_name": "B3", "bbox_yolo": [0.36577603220939636, 0.16932176053524017, 0.17877185344696045, 0.14847879111766815], "conf": 0.2926945090293884}], "count_per_class": {"B1": 0, "B2": 0, "B3": 3, "B4": 1}, "side_index": 1}