{"image": "DAMIMAS_A21B_0555_3.jpg", "detector": "y26s", "detections": [{"class_name": "B3", "bbox_yolo": [0.5972910523414612, 0.402716726064682, 0.11403287947177887, 0.10562465339899063], "conf": 0.5050916075706482}, {"class_name": "B2", "bbox_yolo": [0.34026357531547546, 0.46833229064941406, 0.13107608258724213, 0.12251658737659454], "conf": 0.4278123080730438}, {"class_name": "B3", "bbox_yolo": [0.34026357531547546, 0.46833229064941406, 0.13107608258724213, 0.12251658737659454], "conf": 0.307385116815567}], "count_per_class": {"B1": 0, "B2": 1, "B3": 2, "B4": 0}, "side_index": 2}