{"image": "DAMIMAS_A21B_0204_1.jpg", "detector": "y26s", "detections": [{"class_name": "B1", "bbox_yolo": [0.570547878742218, 0.4531400799751282, 0.110993392765522, 0.09233017265796661], "conf": 0.4985719621181488}, {"class_name": "B1", "bbox_yolo": [0.567489504814148, 0.44725242257118225, 0.09472116082906723, 0.07489681243896484], "conf": 0.3956083655357361}, {"class_name": "B3", "bbox_yolo": [0.4599279761314392, 0.4312163293361664, 0.07719056308269501, 0.07811980694532394], "conf": 0.34239423274993896}, {"class_name": "B3", "bbox_yolo": [0.4538591802120209, 0.4356664717197418, 0.10735645890235901, 0.0900522992014885], "conf": 0.30055058002471924}], "count_per_class": {"B1": 2, "B2": 0, "B3": 2, "B4": 0}, "side_index": 0}