{"image": "DAMIMAS_A21B_0040_2.jpg", "detector": "y26s", "detections": [{"class_name": "B1", "bbox_yolo": [0.6504603624343872, 0.5949689149856567, 0.12071184068918228, 0.10386329144239426], "conf": 0.6865890622138977}, {"class_name": "B3", "bbox_yolo": [0.5562708377838135, 0.5567173361778259, 0.10874596238136292, 0.08791523426771164], "conf": 0.5793490409851074}, {"class_name": "B3", "bbox_yolo": [0.4420152008533478, 0.5920867919921875, 0.0902518630027771, 0.06999021023511887], "conf": 0.32760852575302124}, {"class_name": "B3", "bbox_yolo": [0.441597580909729, 0.5978912711143494, 0.11698287725448608, 0.08661041408777237], "conf": 0.25387004017829895}], "count_per_class": {"B1": 1, "B2": 0, "B3": 3, "B4": 0}, "side_index": 1}