{"image": "DAMIMAS_A21B_0376_2.jpg", "detector": "y26s", "detections": [{"class_name": "B3", "bbox_yolo": [0.5568332672119141, 0.4101991653442383, 0.11192961037158966, 0.0941905528306961], "conf": 0.5026475787162781}, {"class_name": "B3", "bbox_yolo": [0.3678570091724396, 0.3879950940608978, 0.07232027500867844, 0.05973494052886963], "conf": 0.31733524799346924}, {"class_name": "B3", "bbox_yolo": [0.32496386766433716, 0.4289311468601227, 0.06650327146053314, 0.06390972435474396], "conf": 0.3028971552848816}], "count_per_class": {"B1": 0, "B2": 0, "B3": 3, "B4": 0}, "side_index": 1}