{"image": "DAMIMAS_A21B_0053_2.jpg", "detector": "y26s", "detections": [{"class_name": "B3", "bbox_yolo": [0.5798685550689697, 0.4893970489501953, 0.11389720439910889, 0.08970914036035538], "conf": 0.40685003995895386}], "count_per_class": {"B1": 0, "B2": 0, "B3": 1, "B4": 0}, "side_index": 1}