{"image": "DAMIMAS_A21B_0549_2.jpg", "detector": "y26s", "detections": [{"class_name": "B3", "bbox_yolo": [0.3710581958293915, 0.44773250818252563, 0.06836242973804474, 0.07901420444250107], "conf": 0.31274059414863586}, {"class_name": "B3", "bbox_yolo": [0.40227940678596497, 0.4562015235424042, 0.13478559255599976, 0.10207176208496094], "conf": 0.31086650490760803}, {"class_name": "B3", "bbox_yolo": [0.5493769645690918, 0.43296003341674805, 0.11399136483669281, 0.1097557544708252], "conf": 0.2916831076145172}], "count_per_class": {"B1": 0, "B2": 0, "B3": 3, "B4": 0}, "side_index": 1}