{"image": "DAMIMAS_A21B_0451_2.jpg", "detector": "y26s", "detections": [{"class_name": "B3", "bbox_yolo": [0.6404796838760376, 0.38412022590637207, 0.07552382349967957, 0.06914033740758896], "conf": 0.47432488203048706}, {"class_name": "B3", "bbox_yolo": [0.3396722972393036, 0.37062379717826843, 0.05954936519265175, 0.061248209327459335], "conf": 0.2761210799217224}], "count_per_class": {"B1": 0, "B2": 0, "B3": 2, "B4": 0}, "side_index": 1}