{"image": "DAMIMAS_A21B_0549_3.jpg", "detector": "y26s", "detections": [{"class_name": "B1", "bbox_yolo": [0.3301805853843689, 0.4807973802089691, 0.11992092430591583, 0.10983581840991974], "conf": 0.7445430159568787}, {"class_name": "B3", "bbox_yolo": [0.43183982372283936, 0.45172929763793945, 0.06995697319507599, 0.0720490962266922], "conf": 0.4066541790962219}, {"class_name": "B3", "bbox_yolo": [0.6462320685386658, 0.4641152322292328, 0.07838504016399384, 0.07138218730688095], "conf": 0.3104100525379181}, {"class_name": "B3", "bbox_yolo": [0.44800081849098206, 0.4586627185344696, 0.11018334329128265, 0.0904047042131424], "conf": 0.28419938683509827}], "count_per_class": {"B1": 1, "B2": 0, "B3": 3, "B4": 0}, "side_index": 2}