{"image": "DAMIMAS_A21B_0060_1.jpg", "detector": "y26s", "detections": [{"class_name": "B3", "bbox_yolo": [0.32321351766586304, 0.45454221963882446, 0.07251673191785812, 0.06219043955206871], "conf": 0.35026007890701294}, {"class_name": "B3", "bbox_yolo": [0.525867223739624, 0.47411203384399414, 0.12280429899692535, 0.09508166462182999], "conf": 0.32708805799484253}], "count_per_class": {"B1": 0, "B2": 0, "B3": 2, "B4": 0}, "side_index": 0}