{"image": "DAMIMAS_A21B_0852_3.jpg", "detector": "y26s", "detections": [{"class_name": "B3", "bbox_yolo": [0.58956378698349, 0.6507365703582764, 0.06743399798870087, 0.07013406604528427], "conf": 0.2909277379512787}, {"class_name": "B3", "bbox_yolo": [0.3676564395427704, 0.6559930443763733, 0.07352911680936813, 0.06572418659925461], "conf": 0.2674894332885742}], "count_per_class": {"B1": 0, "B2": 0, "B3": 2, "B4": 0}, "side_index": 2}