{"image": "DAMIMAS_A21B_0368_1.jpg", "detector": "y26s", "detections": [{"class_name": "B1", "bbox_yolo": [0.48302197456359863, 0.41829758882522583, 0.11729031056165695, 0.10608432441949844], "conf": 0.7571777105331421}, {"class_name": "B3", "bbox_yolo": [0.3383176922798157, 0.38923734426498413, 0.0911298468708992, 0.06374555081129074], "conf": 0.34059572219848633}, {"class_name": "B3", "bbox_yolo": [0.5601708889007568, 0.31874415278434753, 0.06936623901128769, 0.07270000129938126], "conf": 0.29743626713752747}], "count_per_class": {"B1": 1, "B2": 0, "B3": 2, "B4": 0}, "side_index": 0}