{"image": "DAMIMAS_A21B_0185_4.jpg", "detector": "y26s", "detections": [{"class_name": "B3", "bbox_yolo": [0.32970523834228516, 0.3836601674556732, 0.15412166714668274, 0.11895091831684113], "conf": 0.6987029910087585}, {"class_name": "B3", "bbox_yolo": [0.6936814785003662, 0.39256051182746887, 0.08441562950611115, 0.08364176750183105], "conf": 0.28922736644744873}, {"class_name": "B3", "bbox_yolo": [0.5041204690933228, 0.4113314747810364, 0.14595064520835876, 0.12952418625354767], "conf": 0.2793444097042084}], "count_per_class": {"B1": 0, "B2": 0, "B3": 3, "B4": 0}, "side_index": 3}