{"image": "DAMIMAS_A21B_0494_4.jpg", "detector": "y26s", "detections": [{"class_name": "B3", "bbox_yolo": [0.3532680571079254, 0.3348258435726166, 0.13505646586418152, 0.1027899757027626], "conf": 0.4585546851158142}, {"class_name": "B3", "bbox_yolo": [0.6021998524665833, 0.2874244451522827, 0.09069602191448212, 0.06379228085279465], "conf": 0.3884381651878357}, {"class_name": "B4", "bbox_yolo": [0.33697572350502014, 0.25595006346702576, 0.08038248121738434, 0.05893693119287491], "conf": 0.3035457730293274}], "count_per_class": {"B1": 0, "B2": 0, "B3": 2, "B4": 1}, "side_index": 3}