{"image": "DAMIMAS_A21B_0317_1.jpg", "detector": "y26s", "detections": [{"class_name": "B3", "bbox_yolo": [0.31872445344924927, 0.4608168601989746, 0.10333891212940216, 0.09487433731555939], "conf": 0.3283888101577759}, {"class_name": "B3", "bbox_yolo": [0.3131505846977234, 0.4609849154949188, 0.07511521130800247, 0.08735580742359161], "conf": 0.3217642903327942}, {"class_name": "B3", "bbox_yolo": [0.5036219954490662, 0.38817131519317627, 0.13726113736629486, 0.09948430210351944], "conf": 0.2524639666080475}], "count_per_class": {"B1": 0, "B2": 0, "B3": 3, "B4": 0}, "side_index": 0}