{"image": "DAMIMAS_A21B_0540_4.jpg", "detector": "y26s", "detections": [{"class_name": "B1", "bbox_yolo": [0.3711872696876526, 0.3862308859825134, 0.16191400587558746, 0.13690371811389923], "conf": 0.881438672542572}, {"class_name": "B1", "bbox_yolo": [0.6371907591819763, 0.37365421652793884, 0.1305599957704544, 0.11189062893390656], "conf": 0.7692152261734009}, {"class_name": "B3", "bbox_yolo": [0.2714967727661133, 0.35024258494377136, 0.06497151404619217, 0.06448333710432053], "conf": 0.3830511271953583}], "count_per_class": {"B1": 2, "B2": 0, "B3": 1, "B4": 0}, "side_index": 3}