{"image": "DAMIMAS_A21B_0776_3.jpg", "detector": "y26s", "detections": [{"class_name": "B3", "bbox_yolo": [0.6927634477615356, 0.2828681170940399, 0.12012768536806107, 0.10657081753015518], "conf": 0.4871956706047058}, {"class_name": "B3", "bbox_yolo": [0.2873710095882416, 0.31516245007514954, 0.07647651433944702, 0.07943864166736603], "conf": 0.37475472688674927}, {"class_name": "B3", "bbox_yolo": [0.31976956129074097, 0.32792097330093384, 0.14658772945404053, 0.11384344100952148], "conf": 0.32617804408073425}], "count_per_class": {"B1": 0, "B2": 0, "B3": 3, "B4": 0}, "side_index": 2}