{"image": "DAMIMAS_A21B_0675_1.jpg", "detector": "y26s", "detections": [{"class_name": "B3", "bbox_yolo": [0.5670841932296753, 0.3479127883911133, 0.18449819087982178, 0.17432630062103271], "conf": 0.686436116695404}, {"class_name": "B3", "bbox_yolo": [0.29183241724967957, 0.394501656293869, 0.18315838277339935, 0.13822150230407715], "conf": 0.579436182975769}, {"class_name": "B2", "bbox_yolo": [0.7617350816726685, 0.42991361021995544, 0.20604611933231354, 0.18475289642810822], "conf": 0.35446688532829285}, {"class_name": "B3", "bbox_yolo": [0.7617350816726685, 0.42991361021995544, 0.20604611933231354, 0.18475289642810822], "conf": 0.26791346073150635}], "count_per_class": {"B1": 0, "B2": 1, "B3": 3, "B4": 0}, "side_index": 0}