{"image": "DAMIMAS_A21B_0131_1.jpg", "detector": "y26s", "detections": [{"class_name": "B3", "bbox_yolo": [0.32183778285980225, 0.4280461370944977, 0.11742783337831497, 0.10267438739538193], "conf": 0.5544998049736023}, {"class_name": "B4", "bbox_yolo": [0.4292583763599396, 0.3643224239349365, 0.13399986922740936, 0.10733950138092041], "conf": 0.423509806394577}, {"class_name": "B3", "bbox_yolo": [0.6663044095039368, 0.4395948052406311, 0.1120874434709549, 0.09576766937971115], "conf": 0.4190673232078552}, {"class_name": "B3", "bbox_yolo": [0.5840791463851929, 0.3896619975566864, 0.11427599936723709, 0.1017487570643425], "conf": 0.387721449136734}], "count_per_class": {"B1": 0, "B2": 0, "B3": 3, "B4": 1}, "side_index": 0}