{"image": "DAMIMAS_A21B_0103_1.jpg", "detector": "y26s", "detections": [{"class_name": "B3", "bbox_yolo": [0.6868524551391602, 0.48284053802490234, 0.1774805188179016, 0.14854060113430023], "conf": 0.6873510479927063}, {"class_name": "B3", "bbox_yolo": [0.36431995034217834, 0.5057967305183411, 0.193495512008667, 0.16417889297008514], "conf": 0.6053040623664856}, {"class_name": "B3", "bbox_yolo": [0.3164454698562622, 0.3949829339981079, 0.16154657304286957, 0.09091287106275558], "conf": 0.48990681767463684}, {"class_name": "B3", "bbox_yolo": [0.5401060581207275, 0.415184885263443, 0.13312101364135742, 0.10922475159168243], "conf": 0.3366777002811432}], "count_per_class": {"B1": 0, "B2": 0, "B3": 4, "B4": 0}, "side_index": 0}