{"image": "DAMIMAS_A21B_0588_1.jpg", "detector": "y26s", "detections": [{"class_name": "B1", "bbox_yolo": [0.3682885766029358, 0.4636758863925934, 0.195556178689003, 0.15252971649169922], "conf": 0.8561822175979614}, {"class_name": "B2", "bbox_yolo": [0.5891439318656921, 0.4329914152622223, 0.15722472965717316, 0.1329299658536911], "conf": 0.4640187919139862}, {"class_name": "B3", "bbox_yolo": [0.28472164273262024, 0.38791656494140625, 0.07930777966976166, 0.06960580497980118], "conf": 0.29366177320480347}], "count_per_class": {"B1": 1, "B2": 1, "B3": 1, "B4": 0}, "side_index": 0}