{"image": "DAMIMAS_A21B_0037_2.jpg", "detector": "y26s", "detections": [{"class_name": "B3", "bbox_yolo": [0.6075180172920227, 0.4942189157009125, 0.10693734884262085, 0.08866949379444122], "conf": 0.443720281124115}, {"class_name": "B3", "bbox_yolo": [0.4406967759132385, 0.5176979899406433, 0.116461381316185, 0.09157019108533859], "conf": 0.44262567162513733}, {"class_name": "B3", "bbox_yolo": [0.6105385422706604, 0.49088621139526367, 0.08352801203727722, 0.0824241191148758], "conf": 0.364483505487442}], "count_per_class": {"B1": 0, "B2": 0, "B3": 3, "B4": 0}, "side_index": 1}