{"image": "DAMIMAS_A21B_0477_3.jpg", "detector": "y26s", "detections": [{"class_name": "B3", "bbox_yolo": [0.5761557817459106, 0.46160441637039185, 0.07195860892534256, 0.05640058591961861], "conf": 0.4041573703289032}, {"class_name": "B3", "bbox_yolo": [0.5756949782371521, 0.45863500237464905, 0.06445439904928207, 0.0508580207824707], "conf": 0.2523839473724365}], "count_per_class": {"B1": 0, "B2": 0, "B3": 2, "B4": 0}, "side_index": 2}