{"image": "DAMIMAS_A21B_0549_1.jpg", "detector": "y26s", "detections": [{"class_name": "B3", "bbox_yolo": [0.5845111012458801, 0.36252304911613464, 0.15020377933979034, 0.1258934587240219], "conf": 0.7134920358657837}, {"class_name": "B3", "bbox_yolo": [0.3544371426105499, 0.3642957806587219, 0.10945864021778107, 0.0900525376200676], "conf": 0.27515465021133423}], "count_per_class": {"B1": 0, "B2": 0, "B3": 2, "B4": 0}, "side_index": 0}