{"image": "DAMIMAS_A21B_0263_2.jpg", "detector": "y26s", "detections": [{"class_name": "B3", "bbox_yolo": [0.3414597511291504, 0.4650462567806244, 0.11521044373512268, 0.09942121803760529], "conf": 0.4186353385448456}, {"class_name": "B3", "bbox_yolo": [0.4300903081893921, 0.3988701403141022, 0.11435198038816452, 0.09823630005121231], "conf": 0.4000605344772339}, {"class_name": "B3", "bbox_yolo": [0.5206522345542908, 0.43210506439208984, 0.05654379725456238, 0.07498402893543243], "conf": 0.292224645614624}, {"class_name": "B3", "bbox_yolo": [0.7006871104240417, 0.4363057315349579, 0.0722372755408287, 0.065285824239254], "conf": 0.2662559151649475}], "count_per_class": {"B1": 0, "B2": 0, "B3": 4, "B4": 0}, "side_index": 1}