{"image": "DAMIMAS_A21B_0852_1.jpg", "detector": "y26s", "detections": [{"class_name": "B1", "bbox_yolo": [0.5148252844810486, 0.5961522459983826, 0.11300821602344513, 0.09994369000196457], "conf": 0.4014381170272827}, {"class_name": "B2", "bbox_yolo": [0.5148252844810486, 0.5961522459983826, 0.11300821602344513, 0.09994369000196457], "conf": 0.25694093108177185}, {"class_name": "B3", "bbox_yolo": [0.41581398248672485, 0.5537458062171936, 0.06951043009757996, 0.06706219166517258], "conf": 0.25185248255729675}], "count_per_class": {"B1": 1, "B2": 1, "B3": 1, "B4": 0}, "side_index": 0}