{"image": "DAMIMAS_A21B_0417_4.jpg", "detector": "y26s", "detections": [{"class_name": "B3", "bbox_yolo": [0.6065732836723328, 0.41927042603492737, 0.12397366017103195, 0.09180717915296555], "conf": 0.5149230360984802}, {"class_name": "B1", "bbox_yolo": [0.45805200934410095, 0.4389983117580414, 0.13746106624603271, 0.10082173347473145], "conf": 0.4908466339111328}, {"class_name": "B3", "bbox_yolo": [0.3207095265388489, 0.4519009292125702, 0.0778590589761734, 0.08586235344409943], "conf": 0.37254732847213745}, {"class_name": "B3", "bbox_yolo": [0.3691883683204651, 0.38343048095703125, 0.08869285881519318, 0.05534560605883598], "conf": 0.28981029987335205}], "count_per_class": {"B1": 1, "B2": 0, "B3": 3, "B4": 0}, "side_index": 3}