{"image": "DAMIMAS_A21B_0228_1.jpg", "detector": "y26s", "detections": [{"class_name": "B3", "bbox_yolo": [0.46195948123931885, 0.3152342736721039, 0.12086299806833267, 0.09912710636854172], "conf": 0.3696599006652832}, {"class_name": "B3", "bbox_yolo": [0.3482288420200348, 0.30471035838127136, 0.10781632363796234, 0.09871687740087509], "conf": 0.3156762421131134}], "count_per_class": {"B1": 0, "B2": 0, "B3": 2, "B4": 0}, "side_index": 0}