{"image": "DAMIMAS_A21B_0821_2.jpg", "detector": "y26s", "detections": [{"class_name": "B1", "bbox_yolo": [0.3389768898487091, 0.4395171105861664, 0.13937705755233765, 0.12364935874938965], "conf": 0.8461751937866211}, {"class_name": "B3", "bbox_yolo": [0.6411216855049133, 0.3847814202308655, 0.11826764047145844, 0.10058682411909103], "conf": 0.4088960886001587}, {"class_name": "B3", "bbox_yolo": [0.48686325550079346, 0.3950257897377014, 0.1151820570230484, 0.0973397046327591], "conf": 0.2858901619911194}], "count_per_class": {"B1": 1, "B2": 0, "B3": 2, "B4": 0}, "side_index": 1}