{"image": "DAMIMAS_A21B_0079_4.jpg", "detector": "y26s", "detections": [{"class_name": "B3", "bbox_yolo": [0.5476986765861511, 0.5041857957839966, 0.10781603306531906, 0.08542557060718536], "conf": 0.5655601620674133}, {"class_name": "B3", "bbox_yolo": [0.6330088973045349, 0.5430670976638794, 0.08952535688877106, 0.06886038929224014], "conf": 0.514600396156311}, {"class_name": "B3", "bbox_yolo": [0.32744646072387695, 0.563957929611206, 0.08365218341350555, 0.07330894470214844], "conf": 0.4398960769176483}, {"class_name": "B3", "bbox_yolo": [0.42279574275016785, 0.5243468284606934, 0.08095455914735794, 0.06456675380468369], "conf": 0.405760258436203}], "count_per_class": {"B1": 0, "B2": 0, "B3": 4, "B4": 0}, "side_index": 3}