{"image": "DAMIMAS_A21B_0483_4.jpg", "detector": "y26s", "detections": [{"class_name": "B3", "bbox_yolo": [0.5828946828842163, 0.5447651147842407, 0.11021404713392258, 0.08997931331396103], "conf": 0.32065215706825256}, {"class_name": "B4", "bbox_yolo": [0.4673042595386505, 0.5068895220756531, 0.08843418955802917, 0.06153407320380211], "conf": 0.3168075382709503}, {"class_name": "B3", "bbox_yolo": [0.7072715759277344, 0.5577613115310669, 0.11225751787424088, 0.09563469886779785], "conf": 0.2588067352771759}], "count_per_class": {"B1": 0, "B2": 0, "B3": 2, "B4": 1}, "side_index": 3}