{"image": "DAMIMAS_A21B_0381_3.jpg", "detector": "y26s", "detections": [{"class_name": "B1", "bbox_yolo": [0.3863590359687805, 0.40516844391822815, 0.12999039888381958, 0.10656418651342392], "conf": 0.7349870204925537}, {"class_name": "B3", "bbox_yolo": [0.354045033454895, 0.32565292716026306, 0.09564877301454544, 0.05727529525756836], "conf": 0.4709171950817108}, {"class_name": "B2", "bbox_yolo": [0.6668756008148193, 0.38624486327171326, 0.08436311781406403, 0.08173336833715439], "conf": 0.28196367621421814}], "count_per_class": {"B1": 1, "B2": 1, "B3": 1, "B4": 0}, "side_index": 2}