{"image": "DAMIMAS_A21B_0467_4.jpg", "detector": "y26s", "detections": [{"class_name": "B3", "bbox_yolo": [0.38963577151298523, 0.48939305543899536, 0.07056255638599396, 0.05619340017437935], "conf": 0.34807512164115906}], "count_per_class": {"B1": 0, "B2": 0, "B3": 1, "B4": 0}, "side_index": 3}