{"image": "DAMIMAS_A21B_0574_1.jpg", "detector": "y26s", "detections": [{"class_name": "B3", "bbox_yolo": [0.37150028347969055, 0.3282192647457123, 0.1326044499874115, 0.11105518788099289], "conf": 0.6246114373207092}, {"class_name": "B3", "bbox_yolo": [0.7399283647537231, 0.37604838609695435, 0.14280866086483002, 0.14865104854106903], "conf": 0.6192821860313416}, {"class_name": "B3", "bbox_yolo": [0.5612409114837646, 0.3425944447517395, 0.14938552677631378, 0.1291181594133377], "conf": 0.3710087835788727}], "count_per_class": {"B1": 0, "B2": 0, "B3": 3, "B4": 0}, "side_index": 0}