{"image": "DAMIMAS_A21B_0735_3.jpg", "detector": "y26s", "detections": [{"class_name": "B3", "bbox_yolo": [0.6289461851119995, 0.21241497993469238, 0.2372339367866516, 0.22533388435840607], "conf": 0.6839264035224915}, {"class_name": "B4", "bbox_yolo": [0.44395411014556885, 0.07789736241102219, 0.24346515536308289, 0.15579472482204437], "conf": 0.5128817558288574}, {"class_name": "B3", "bbox_yolo": [0.3543494939804077, 0.21071453392505646, 0.20950902998447418, 0.15095742046833038], "conf": 0.3130912184715271}], "count_per_class": {"B1": 0, "B2": 0, "B3": 2, "B4": 1}, "side_index": 2}