{"image": "DAMIMAS_A21B_0815_7.jpg", "detector": "y26s", "detections": [{"class_name": "B3", "bbox_yolo": [0.7444559335708618, 0.3496048152446747, 0.1811271756887436, 0.14787383377552032], "conf": 0.6310876607894897}, {"class_name": "B1", "bbox_yolo": [0.8268164992332458, 0.4502280354499817, 0.12784138321876526, 0.1064361110329628], "conf": 0.4412533938884735}, {"class_name": "B2", "bbox_yolo": [0.5269024968147278, 0.4017769992351532, 0.21062849462032318, 0.15186762809753418], "conf": 0.36799106001853943}, {"class_name": "B4", "bbox_yolo": [0.40691548585891724, 0.2685597538948059, 0.14094756543636322, 0.11224611103534698], "conf": 0.3365097939968109}], "count_per_class": {"B1": 1, "B2": 1, "B3": 1, "B4": 1}, "side_index": 6}