{"image": "DAMIMAS_A21B_0835_6.jpg", "detector": "y26s", "detections": [{"class_name": "B3", "bbox_yolo": [0.587604284286499, 0.13629718124866486, 0.17276453971862793, 0.15546850860118866], "conf": 0.4751474857330322}, {"class_name": "B3", "bbox_yolo": [0.2513197362422943, 0.22988934814929962, 0.13861405849456787, 0.12933027744293213], "conf": 0.46263736486434937}, {"class_name": "B4", "bbox_yolo": [0.587604284286499, 0.13629718124866486, 0.17276453971862793, 0.15546850860118866], "conf": 0.3665296137332916}, {"class_name": "B3", "bbox_yolo": [0.4704286754131317, 0.2414143830537796, 0.1130724623799324, 0.12635938823223114], "conf": 0.26730450987815857}], "count_per_class": {"B1": 0, "B2": 0, "B3": 3, "B4": 1}, "side_index": 5}