{"image": "DAMIMAS_A21B_0220_1.jpg", "detector": "y26s", "detections": [{"class_name": "B3", "bbox_yolo": [0.5538643002510071, 0.5303618907928467, 0.10618554055690765, 0.1018918976187706], "conf": 0.5017381906509399}], "count_per_class": {"B1": 0, "B2": 0, "B3": 1, "B4": 0}, "side_index": 0}