{"image": "DAMIMAS_A21B_0766_3.jpg", "detector": "y26s", "detections": [{"class_name": "B3", "bbox_yolo": [0.7512811422348022, 0.3334521949291229, 0.128242626786232, 0.11384005844593048], "conf": 0.527429461479187}, {"class_name": "B3", "bbox_yolo": [0.2908138930797577, 0.38678914308547974, 0.131066232919693, 0.11925838142633438], "conf": 0.2677173614501953}, {"class_name": "B3", "bbox_yolo": [0.5488181710243225, 0.3064180016517639, 0.14787916839122772, 0.11425726860761642], "conf": 0.2577798664569855}, {"class_name": "B2", "bbox_yolo": [0.2908138930797577, 0.38678914308547974, 0.131066232919693, 0.11925838142633438], "conf": 0.2514886260032654}], "count_per_class": {"B1": 0, "B2": 1, "B3": 3, "B4": 0}, "side_index": 2}