{"image": "DAMIMAS_A21B_0405_1.jpg", "detector": "y26s", "detections": [{"class_name": "B3", "bbox_yolo": [0.6548247933387756, 0.33459118008613586, 0.12181460857391357, 0.12007937580347061], "conf": 0.6352146863937378}, {"class_name": "B2", "bbox_yolo": [0.5060015320777893, 0.3552152216434479, 0.13856767117977142, 0.12694703042507172], "conf": 0.4738931953907013}, {"class_name": "B4", "bbox_yolo": [0.5405268669128418, 0.23631012439727783, 0.12105964869260788, 0.10092635452747345], "conf": 0.41485077142715454}, {"class_name": "B3", "bbox_yolo": [0.3198178708553314, 0.3407943844795227, 0.12489993125200272, 0.10121507942676544], "conf": 0.3374977707862854}], "count_per_class": {"B1": 0, "B2": 1, "B3": 2, "B4": 1}, "side_index": 0}