{"image": "DAMIMAS_A21B_0485_2.jpg", "detector": "y26s", "detections": [{"class_name": "B1", "bbox_yolo": [0.6879985928535461, 0.534401535987854, 0.13913314044475555, 0.1296415776014328], "conf": 0.8730207085609436}, {"class_name": "B3", "bbox_yolo": [0.39149147272109985, 0.4415166974067688, 0.14078392088413239, 0.11802516132593155], "conf": 0.6346380710601807}, {"class_name": "B3", "bbox_yolo": [0.5494807362556458, 0.4979860484600067, 0.15613465011119843, 0.13028626143932343], "conf": 0.587367594242096}, {"class_name": "B1", "bbox_yolo": [0.3205534815788269, 0.5182721018791199, 0.11691656708717346, 0.10749755054712296], "conf": 0.5333715677261353}], "count_per_class": {"B1": 2, "B2": 0, "B3": 2, "B4": 0}, "side_index": 1}