{"image": "DAMIMAS_A21B_0372_1.jpg", "detector": "y26s", "detections": [{"class_name": "B3", "bbox_yolo": [0.4763038456439972, 0.38338738679885864, 0.11610203236341476, 0.10662870854139328], "conf": 0.6481638550758362}, {"class_name": "B1", "bbox_yolo": [0.6804396510124207, 0.4380158483982086, 0.12073523551225662, 0.09955554455518723], "conf": 0.472458153963089}, {"class_name": "B2", "bbox_yolo": [0.36513254046440125, 0.42968130111694336, 0.12560033798217773, 0.10766985267400742], "conf": 0.4158705770969391}, {"class_name": "B1", "bbox_yolo": [0.36513254046440125, 0.42968130111694336, 0.12560033798217773, 0.10766985267400742], "conf": 0.25712472200393677}], "count_per_class": {"B1": 2, "B2": 1, "B3": 1, "B4": 0}, "side_index": 0}