{"image": "DAMIMAS_A21B_0836_7.jpg", "detector": "y26s", "detections": [{"class_name": "B3", "bbox_yolo": [0.5415161848068237, 0.5719050765037537, 0.13023507595062256, 0.11156177520751953], "conf": 0.5488801002502441}, {"class_name": "B3", "bbox_yolo": [0.3561360836029053, 0.5442652106285095, 0.07065773010253906, 0.048383425921201706], "conf": 0.43386971950531006}, {"class_name": "B2", "bbox_yolo": [0.6730053424835205, 0.6007806658744812, 0.06646309047937393, 0.06820259243249893], "conf": 0.40074825286865234}, {"class_name": "B3", "bbox_yolo": [0.638289749622345, 0.5421604514122009, 0.0766807571053505, 0.06608595699071884], "conf": 0.3439912497997284}], "count_per_class": {"B1": 0, "B2": 1, "B3": 3, "B4": 0}, "side_index": 6}