{"image": "DAMIMAS_A21B_0450_2.jpg", "detector": "y26s", "detections": [{"class_name": "B4", "bbox_yolo": [0.4214385151863098, 0.4062616527080536, 0.06781788170337677, 0.05181713029742241], "conf": 0.37826505303382874}, {"class_name": "B3", "bbox_yolo": [0.5885815024375916, 0.4450783431529999, 0.06368312984704971, 0.05108223110437393], "conf": 0.35998067259788513}, {"class_name": "B3", "bbox_yolo": [0.43723419308662415, 0.46858739852905273, 0.0804416686296463, 0.07280802726745605], "conf": 0.34328603744506836}, {"class_name": "B3", "bbox_yolo": [0.5871168971061707, 0.4493785798549652, 0.07200692594051361, 0.05797858163714409], "conf": 0.3164159953594208}], "count_per_class": {"B1": 0, "B2": 0, "B3": 3, "B4": 1}, "side_index": 1}