{"image": "DAMIMAS_A21B_0022_3.jpg", "detector": "y26s", "detections": [{"class_name": "B3", "bbox_yolo": [0.3821057975292206, 0.40815162658691406, 0.11452919989824295, 0.089887335896492], "conf": 0.34457698464393616}, {"class_name": "B3", "bbox_yolo": [0.37716108560562134, 0.40299317240715027, 0.08804976940155029, 0.07390525192022324], "conf": 0.33403122425079346}, {"class_name": "B3", "bbox_yolo": [0.6752305626869202, 0.43160349130630493, 0.12160645425319672, 0.09600050747394562], "conf": 0.28999748826026917}], "count_per_class": {"B1": 0, "B2": 0, "B3": 3, "B4": 0}, "side_index": 2}