{"image": "DAMIMAS_A21B_0241_2.jpg", "detector": "y26s", "detections": [{"class_name": "B3", "bbox_yolo": [0.5197457075119019, 0.47274675965309143, 0.12153829634189606, 0.11877665668725967], "conf": 0.6228913068771362}, {"class_name": "B3", "bbox_yolo": [0.37603023648262024, 0.4527503550052643, 0.11056948453187943, 0.09635066986083984], "conf": 0.37654879689216614}, {"class_name": "B3", "bbox_yolo": [0.6288467645645142, 0.44206175208091736, 0.07338282465934753, 0.07329111546278], "conf": 0.3644850254058838}, {"class_name": "B3", "bbox_yolo": [0.36724093556404114, 0.44348421692848206, 0.080764040350914, 0.07313265651464462], "conf": 0.26185622811317444}], "count_per_class": {"B1": 0, "B2": 0, "B3": 4, "B4": 0}, "side_index": 1}