{"image": "DAMIMAS_A21B_0069_3.jpg", "detector": "y26s", "detections": [{"class_name": "B3", "bbox_yolo": [0.37974053621292114, 0.4640427529811859, 0.12147277593612671, 0.1030469462275505], "conf": 0.5087490677833557}], "count_per_class": {"B1": 0, "B2": 0, "B3": 1, "B4": 0}, "side_index": 2}