{"image": "DAMIMAS_A21B_0226_2.jpg", "detector": "y26s", "detections": [{"class_name": "B3", "bbox_yolo": [0.4730226695537567, 0.28581103682518005, 0.1161007285118103, 0.12253039330244064], "conf": 0.5167206525802612}, {"class_name": "B3", "bbox_yolo": [0.3623468577861786, 0.341529905796051, 0.07800013571977615, 0.07074101269245148], "conf": 0.26850655674934387}], "count_per_class": {"B1": 0, "B2": 0, "B3": 2, "B4": 0}, "side_index": 1}