{"image": "DAMIMAS_A21B_0397_2.jpg", "detector": "y26s", "detections": [{"class_name": "B1", "bbox_yolo": [0.422857403755188, 0.33723124861717224, 0.16838908195495605, 0.12168746441602707], "conf": 0.7078790068626404}, {"class_name": "B3", "bbox_yolo": [0.6423180103302002, 0.28895699977874756, 0.16774064302444458, 0.13261981308460236], "conf": 0.6315038800239563}, {"class_name": "B4", "bbox_yolo": [0.6723200678825378, 0.17640000581741333, 0.1418088972568512, 0.1007225289940834], "conf": 0.5756444931030273}, {"class_name": "B3", "bbox_yolo": [0.4789258539676666, 0.22514958679676056, 0.1569618582725525, 0.11213278025388718], "conf": 0.4539843201637268}], "count_per_class": {"B1": 1, "B2": 0, "B3": 2, "B4": 1}, "side_index": 1}