{"image": "DAMIMAS_A21B_0196_4.jpg", "detector": "y26s", "detections": [{"class_name": "B3", "bbox_yolo": [0.3556808531284332, 0.42774826288223267, 0.07021087408065796, 0.06348693370819092], "conf": 0.43733835220336914}, {"class_name": "B3", "bbox_yolo": [0.3937014043331146, 0.375153511762619, 0.06495355069637299, 0.05262727662920952], "conf": 0.2519192695617676}], "count_per_class": {"B1": 0, "B2": 0, "B3": 2, "B4": 0}, "side_index": 3}