{"image": "DAMIMAS_A21B_0596_4.jpg", "detector": "y26s", "detections": [{"class_name": "B3", "bbox_yolo": [0.3058623969554901, 0.3727516829967499, 0.2570159435272217, 0.21930603682994843], "conf": 0.5715886950492859}, {"class_name": "B1", "bbox_yolo": [0.8034243583679199, 0.4344385266304016, 0.26080095767974854, 0.23224210739135742], "conf": 0.53778475522995}, {"class_name": "B4", "bbox_yolo": [0.4152815043926239, 0.23558102548122406, 0.19904416799545288, 0.1139693409204483], "conf": 0.480972558259964}, {"class_name": "B4", "bbox_yolo": [0.677118718624115, 0.2116614133119583, 0.1606014370918274, 0.12768225371837616], "conf": 0.42458751797676086}], "count_per_class": {"B1": 1, "B2": 0, "B3": 1, "B4": 2}, "side_index": 3}