{"image": "DAMIMAS_A21B_0272_4.jpg", "detector": "y26s", "detections": [{"class_name": "B3", "bbox_yolo": [0.40259963274002075, 0.44508734345436096, 0.15054506063461304, 0.13187997043132782], "conf": 0.6394025683403015}, {"class_name": "B3", "bbox_yolo": [0.671023964881897, 0.4217779338359833, 0.12417024374008179, 0.10637304931879044], "conf": 0.5355804562568665}, {"class_name": "B3", "bbox_yolo": [0.5419713854789734, 0.4114212989807129, 0.10364297777414322, 0.10938148945569992], "conf": 0.3522869646549225}], "count_per_class": {"B1": 0, "B2": 0, "B3": 3, "B4": 0}, "side_index": 3}