{"image": "DAMIMAS_A21B_0055_3.jpg", "detector": "y26s", "detections": [{"class_name": "B1", "bbox_yolo": [0.6376720070838928, 0.4504756033420563, 0.12474709004163742, 0.1082587018609047], "conf": 0.8182107210159302}, {"class_name": "B3", "bbox_yolo": [0.3850880563259125, 0.40079399943351746, 0.11584581434726715, 0.09388444572687149], "conf": 0.463320791721344}, {"class_name": "B3", "bbox_yolo": [0.5190175771713257, 0.4204828441143036, 0.11331571638584137, 0.1031213328242302], "conf": 0.4070667326450348}, {"class_name": "B2", "bbox_yolo": [0.3294680416584015, 0.46108847856521606, 0.0853513777256012, 0.08027233928442001], "conf": 0.31393346190452576}], "count_per_class": {"B1": 1, "B2": 1, "B3": 2, "B4": 0}, "side_index": 2}