{"image": "DAMIMAS_A21B_0841_3.jpg", "detector": "y26s", "detections": [{"class_name": "B3", "bbox_yolo": [0.6523529291152954, 0.45656928420066833, 0.11654224991798401, 0.10206937789916992], "conf": 0.522571325302124}, {"class_name": "B3", "bbox_yolo": [0.35508260130882263, 0.45140954852104187, 0.12290284782648087, 0.09755492210388184], "conf": 0.3466438055038452}], "count_per_class": {"B1": 0, "B2": 0, "B3": 2, "B4": 0}, "side_index": 2}