{"image": "DAMIMAS_A21B_0579_1.jpg", "detector": "y26s", "detections": [{"class_name": "B1", "bbox_yolo": [0.48312661051750183, 0.43175360560417175, 0.13926300406455994, 0.12003488838672638], "conf": 0.7416481971740723}, {"class_name": "B3", "bbox_yolo": [0.6675782203674316, 0.3494831621646881, 0.07768059521913528, 0.050762057304382324], "conf": 0.32596009969711304}, {"class_name": "B3", "bbox_yolo": [0.542475700378418, 0.35325315594673157, 0.08310791850090027, 0.05256838724017143], "conf": 0.3002505302429199}, {"class_name": "B4", "bbox_yolo": [0.4421670138835907, 0.3420369327068329, 0.11495883017778397, 0.08028163760900497], "conf": 0.25524982810020447}], "count_per_class": {"B1": 1, "B2": 0, "B3": 2, "B4": 1}, "side_index": 0}