{"image": "DAMIMAS_A21B_0179_4.jpg", "detector": "y26s", "detections": [{"class_name": "B3", "bbox_yolo": [0.307961642742157, 0.3455481231212616, 0.16874611377716064, 0.1298554241657257], "conf": 0.6725688576698303}, {"class_name": "B3", "bbox_yolo": [0.6520241498947144, 0.3507264256477356, 0.11886520683765411, 0.11475382000207901], "conf": 0.4316697120666504}, {"class_name": "B2", "bbox_yolo": [0.49422958493232727, 0.38556209206581116, 0.14363814890384674, 0.13570480048656464], "conf": 0.282867968082428}], "count_per_class": {"B1": 0, "B2": 1, "B3": 2, "B4": 0}, "side_index": 3}