{"image": "DAMIMAS_A21B_0522_3.jpg", "detector": "y26s", "detections": [{"class_name": "B3", "bbox_yolo": [0.5183799862861633, 0.39005246758461, 0.11730563640594482, 0.09268271923065186], "conf": 0.526439905166626}, {"class_name": "B1", "bbox_yolo": [0.39437639713287354, 0.4145539402961731, 0.11783184111118317, 0.10098705440759659], "conf": 0.3134317696094513}], "count_per_class": {"B1": 1, "B2": 0, "B3": 1, "B4": 0}, "side_index": 2}