{"image": "DAMIMAS_A21B_0473_4.jpg", "detector": "y26s", "detections": [{"class_name": "B1", "bbox_yolo": [0.5068831443786621, 0.4573288559913635, 0.13835830986499786, 0.12849102914333344], "conf": 0.7864550352096558}, {"class_name": "B3", "bbox_yolo": [0.3780257999897003, 0.42623186111450195, 0.07814878225326538, 0.07723050564527512], "conf": 0.37208420038223267}, {"class_name": "B3", "bbox_yolo": [0.3870999813079834, 0.4319622218608856, 0.10321229696273804, 0.09351982921361923], "conf": 0.2646348774433136}], "count_per_class": {"B1": 1, "B2": 0, "B3": 2, "B4": 0}, "side_index": 3}