{"image": "DAMIMAS_A21B_0404_1.jpg", "detector": "y26s", "detections": [{"class_name": "B1", "bbox_yolo": [0.6822730302810669, 0.5272186994552612, 0.17605890333652496, 0.14683027565479279], "conf": 0.8352178931236267}, {"class_name": "B1", "bbox_yolo": [0.2860508859157562, 0.5150631070137024, 0.17738546431064606, 0.136955127120018], "conf": 0.815300703048706}, {"class_name": "B3", "bbox_yolo": [0.5135376453399658, 0.4918227195739746, 0.15721963346004486, 0.1347845047712326], "conf": 0.7292961478233337}], "count_per_class": {"B1": 2, "B2": 0, "B3": 1, "B4": 0}, "side_index": 0}