{"image": "DAMIMAS_A21B_0762_2.jpg", "detector": "y26s", "detections": [{"class_name": "B3", "bbox_yolo": [0.5859037637710571, 0.3236072063446045, 0.13023996353149414, 0.10178005695343018], "conf": 0.3288341164588928}, {"class_name": "B4", "bbox_yolo": [0.3932555913925171, 0.32356956601142883, 0.13478820025920868, 0.10585599392652512], "conf": 0.3263248801231384}, {"class_name": "B3", "bbox_yolo": [0.3932555913925171, 0.32356956601142883, 0.13478820025920868, 0.10585599392652512], "conf": 0.31232750415802}], "count_per_class": {"B1": 0, "B2": 0, "B3": 2, "B4": 1}, "side_index": 1}