{"image": "DAMIMAS_A21B_0637_3.jpg", "detector": "y26s", "detections": [{"class_name": "B1", "bbox_yolo": [0.5004016160964966, 0.46386250853538513, 0.2205500453710556, 0.1500532627105713], "conf": 0.7263370752334595}, {"class_name": "B1", "bbox_yolo": [0.45598769187927246, 0.4635986387729645, 0.14040346443653107, 0.1397053748369217], "conf": 0.3906615376472473}], "count_per_class": {"B1": 2, "B2": 0, "B3": 0, "B4": 0}, "side_index": 2}