{"image": "DAMIMAS_A21B_0785_3.jpg", "detector": "y26s", "detections": [{"class_name": "B3", "bbox_yolo": [0.7387920618057251, 0.21170873939990997, 0.190414696931839, 0.15055878460407257], "conf": 0.5242576599121094}, {"class_name": "B3", "bbox_yolo": [0.29081404209136963, 0.2632554769515991, 0.13817791640758514, 0.12016864120960236], "conf": 0.34629663825035095}, {"class_name": "B3", "bbox_yolo": [0.5183232426643372, 0.23267386853694916, 0.17763176560401917, 0.1516169011592865], "conf": 0.3162877857685089}, {"class_name": "B3", "bbox_yolo": [0.396231085062027, 0.1680731475353241, 0.1434270590543747, 0.11801321804523468], "conf": 0.28080418705940247}], "count_per_class": {"B1": 0, "B2": 0, "B3": 4, "B4": 0}, "side_index": 2}