{"image": "DAMIMAS_A21B_0724_2.jpg", "detector": "y26s", "detections": [{"class_name": "B4", "bbox_yolo": [0.681605339050293, 0.31118011474609375, 0.16969014704227448, 0.12062382698059082], "conf": 0.35388749837875366}, {"class_name": "B2", "bbox_yolo": [0.6239322423934937, 0.4598957598209381, 0.21943551301956177, 0.22752200067043304], "conf": 0.3437102437019348}, {"class_name": "B3", "bbox_yolo": [0.681605339050293, 0.31118011474609375, 0.16969014704227448, 0.12062382698059082], "conf": 0.2966523766517639}], "count_per_class": {"B1": 0, "B2": 1, "B3": 1, "B4": 1}, "side_index": 1}