{"image": "DAMIMAS_A21B_0699_4.jpg", "detector": "y26s", "detections": [{"class_name": "B3", "bbox_yolo": [0.6728918552398682, 0.27075228095054626, 0.2234724760055542, 0.20023007690906525], "conf": 0.6627801060676575}, {"class_name": "B3", "bbox_yolo": [0.3151633143424988, 0.23620302975177765, 0.17469722032546997, 0.16188137233257294], "conf": 0.6280381679534912}, {"class_name": "B3", "bbox_yolo": [0.5194080471992493, 0.15784676373004913, 0.16982953250408173, 0.12217283248901367], "conf": 0.34702250361442566}, {"class_name": "B4", "bbox_yolo": [0.5194080471992493, 0.15784676373004913, 0.16982953250408173, 0.12217283248901367], "conf": 0.3358105421066284}], "count_per_class": {"B1": 0, "B2": 0, "B3": 3, "B4": 1}, "side_index": 3}