{"image": "DAMIMAS_A21B_0736_4.jpg", "detector": "y26s", "detections": [{"class_name": "B3", "bbox_yolo": [0.3639497458934784, 0.29224729537963867, 0.24083946645259857, 0.17244282364845276], "conf": 0.7151452898979187}, {"class_name": "B3", "bbox_yolo": [0.175037682056427, 0.3687446415424347, 0.1425999402999878, 0.11740384250879288], "conf": 0.55558180809021}, {"class_name": "B4", "bbox_yolo": [0.2187153548002243, 0.21458779275417328, 0.11992552131414413, 0.09613940864801407], "conf": 0.4428623914718628}, {"class_name": "B2", "bbox_yolo": [0.7840067744255066, 0.37193775177001953, 0.1529330015182495, 0.09831371158361435], "conf": 0.35006991028785706}], "count_per_class": {"B1": 0, "B2": 1, "B3": 2, "B4": 1}, "side_index": 3}