{"image": "DAMIMAS_A21B_0389_1.jpg", "detector": "y26s", "detections": [{"class_name": "B3", "bbox_yolo": [0.4396318793296814, 0.4048585891723633, 0.0774126723408699, 0.06540407985448837], "conf": 0.38210543990135193}, {"class_name": "B3", "bbox_yolo": [0.6548274159431458, 0.3895472288131714, 0.0690649077296257, 0.06217513233423233], "conf": 0.3548983037471771}, {"class_name": "B4", "bbox_yolo": [0.43474897742271423, 0.34289300441741943, 0.06709712743759155, 0.0559636615216732], "conf": 0.29619431495666504}], "count_per_class": {"B1": 0, "B2": 0, "B3": 2, "B4": 1}, "side_index": 0}