{"image": "DAMIMAS_A21B_0311_4.jpg", "detector": "y26s", "detections": [{"class_name": "B3", "bbox_yolo": [0.6660544276237488, 0.49220046401023865, 0.05979716405272484, 0.06881318241357803], "conf": 0.4258374571800232}, {"class_name": "B3", "bbox_yolo": [0.5081598162651062, 0.4203634262084961, 0.07527872920036316, 0.06840787082910538], "conf": 0.26136690378189087}], "count_per_class": {"B1": 0, "B2": 0, "B3": 2, "B4": 0}, "side_index": 3}