{"image": "DAMIMAS_A21B_0819_3.jpg", "detector": "y26s", "detections": [{"class_name": "B1", "bbox_yolo": [0.3023354113101959, 0.4600556790828705, 0.17477436363697052, 0.1589718908071518], "conf": 0.7020663022994995}, {"class_name": "B3", "bbox_yolo": [0.42920973896980286, 0.36374324560165405, 0.16107802093029022, 0.13117976486682892], "conf": 0.6683987975120544}, {"class_name": "B3", "bbox_yolo": [0.6221147179603577, 0.4048507809638977, 0.15695400536060333, 0.14113907516002655], "conf": 0.5376623272895813}], "count_per_class": {"B1": 1, "B2": 0, "B3": 2, "B4": 0}, "side_index": 2}