{"image": "DAMIMAS_A21B_0253_3.jpg", "detector": "y26s", "detections": [{"class_name": "B3", "bbox_yolo": [0.6873356699943542, 0.11111711710691452, 0.15817032754421234, 0.14053697884082794], "conf": 0.32709646224975586}, {"class_name": "B3", "bbox_yolo": [0.3809674382209778, 0.08490245789289474, 0.16757526993751526, 0.1253102868795395], "conf": 0.29635855555534363}], "count_per_class": {"B1": 0, "B2": 0, "B3": 2, "B4": 0}, "side_index": 2}