{"image": "DAMIMAS_A21B_0051_2.jpg", "detector": "y26s", "detections": [{"class_name": "B3", "bbox_yolo": [0.6502507925033569, 0.4971558749675751, 0.10134672373533249, 0.10025902092456818], "conf": 0.395321786403656}, {"class_name": "B4", "bbox_yolo": [0.5776456594467163, 0.4432489573955536, 0.07432276755571365, 0.06300544738769531], "conf": 0.3115726113319397}, {"class_name": "B3", "bbox_yolo": [0.559978187084198, 0.5160711407661438, 0.08586260676383972, 0.07025160640478134], "conf": 0.29092153906822205}, {"class_name": "B3", "bbox_yolo": [0.5521218776702881, 0.5269498229026794, 0.12140852957963943, 0.09660062938928604], "conf": 0.28558799624443054}], "count_per_class": {"B1": 0, "B2": 0, "B3": 3, "B4": 1}, "side_index": 1}