{"image": "DAMIMAS_A21B_0351_2.jpg", "detector": "y26s", "detections": [{"class_name": "B3", "bbox_yolo": [0.4816133677959442, 0.4485761821269989, 0.07554560154676437, 0.06958255916833878], "conf": 0.4705001711845398}, {"class_name": "B2", "bbox_yolo": [0.6534607410430908, 0.4895258843898773, 0.0705333724617958, 0.06739316135644913], "conf": 0.2906493544578552}, {"class_name": "B3", "bbox_yolo": [0.485295832157135, 0.45413872599601746, 0.094474196434021, 0.08104248344898224], "conf": 0.27782416343688965}, {"class_name": "B3", "bbox_yolo": [0.583993673324585, 0.4739875793457031, 0.0879073515534401, 0.07112231105566025], "conf": 0.2736453711986542}], "count_per_class": {"B1": 0, "B2": 1, "B3": 3, "B4": 0}, "side_index": 1}