{"image": "DAMIMAS_A21B_0532_2.jpg", "detector": "y26s", "detections": [{"class_name": "B2", "bbox_yolo": [0.44525498151779175, 0.5040943026542664, 0.13118359446525574, 0.13006310164928436], "conf": 0.5190072059631348}, {"class_name": "B3", "bbox_yolo": [0.6133939027786255, 0.48882874846458435, 0.12244313955307007, 0.11111169308423996], "conf": 0.47304460406303406}, {"class_name": "B3", "bbox_yolo": [0.28816717863082886, 0.5050812363624573, 0.09048673510551453, 0.07738905400037766], "conf": 0.3429470956325531}, {"class_name": "B2", "bbox_yolo": [0.6133939027786255, 0.48882874846458435, 0.12244313955307007, 0.11111169308423996], "conf": 0.310411274433136}], "count_per_class": {"B1": 0, "B2": 2, "B3": 2, "B4": 0}, "side_index": 1}