{"image": "DAMIMAS_A21B_0176_4.jpg", "detector": "y26s", "detections": [{"class_name": "B1", "bbox_yolo": [0.6400901079177856, 0.4095645844936371, 0.1827796995639801, 0.15985217690467834], "conf": 0.8694813251495361}, {"class_name": "B3", "bbox_yolo": [0.302212655544281, 0.39999961853027344, 0.16600291430950165, 0.15447962284088135], "conf": 0.46406906843185425}, {"class_name": "B3", "bbox_yolo": [0.46624624729156494, 0.3402106761932373, 0.13512815535068512, 0.10833766311407089], "conf": 0.34447962045669556}], "count_per_class": {"B1": 1, "B2": 0, "B3": 2, "B4": 0}, "side_index": 3}