{"image": "DAMIMAS_A21B_0573_1.jpg", "detector": "y26s", "detections": [{"class_name": "B3", "bbox_yolo": [0.6328595876693726, 0.4082677960395813, 0.14329370856285095, 0.13528771698474884], "conf": 0.6536939740180969}, {"class_name": "B3", "bbox_yolo": [0.443242609500885, 0.4154089093208313, 0.1453460454940796, 0.1305484026670456], "conf": 0.42311105132102966}], "count_per_class": {"B1": 0, "B2": 0, "B3": 2, "B4": 0}, "side_index": 0}