{"image": "DAMIMAS_A21B_0022_1.jpg", "detector": "y26s", "detections": [{"class_name": "B3", "bbox_yolo": [0.47129198908805847, 0.468499094247818, 0.1173006147146225, 0.09572520107030869], "conf": 0.5040476322174072}, {"class_name": "B3", "bbox_yolo": [0.34298181533813477, 0.46295520663261414, 0.07764066755771637, 0.06342654675245285], "conf": 0.28968361020088196}, {"class_name": "B3", "bbox_yolo": [0.6476858258247375, 0.4489569664001465, 0.071691133081913, 0.04928641393780708], "conf": 0.2825612425804138}], "count_per_class": {"B1": 0, "B2": 0, "B3": 3, "B4": 0}, "side_index": 0}