{"image": "DAMIMAS_A21B_0306_2.jpg", "detector": "y26s", "detections": [{"class_name": "B3", "bbox_yolo": [0.5637967586517334, 0.5204145312309265, 0.14487630128860474, 0.1119445338845253], "conf": 0.5594335198402405}, {"class_name": "B3", "bbox_yolo": [0.3214345872402191, 0.5187994837760925, 0.11578822880983353, 0.08900780975818634], "conf": 0.32076749205589294}], "count_per_class": {"B1": 0, "B2": 0, "B3": 2, "B4": 0}, "side_index": 1}