{"image": "DAMIMAS_A21B_0835_2.jpg", "detector": "y26s", "detections": [{"class_name": "B3", "bbox_yolo": [0.2576022744178772, 0.23906825482845306, 0.15698657929897308, 0.12385650724172592], "conf": 0.5592374205589294}, {"class_name": "B4", "bbox_yolo": [0.37613335251808167, 0.15232478082180023, 0.15222550928592682, 0.10456742346286774], "conf": 0.45209333300590515}, {"class_name": "B3", "bbox_yolo": [0.5865445733070374, 0.2109251767396927, 0.12733758985996246, 0.12513433396816254], "conf": 0.3992486894130707}, {"class_name": "B3", "bbox_yolo": [0.4610571265220642, 0.2620673179626465, 0.14768283069133759, 0.12337300926446915], "conf": 0.3520087003707886}], "count_per_class": {"B1": 0, "B2": 0, "B3": 3, "B4": 1}, "side_index": 1}