{"image": "DAMIMAS_A21B_0201_3.jpg", "detector": "y26s", "detections": [{"class_name": "B3", "bbox_yolo": [0.5126522183418274, 0.4520222842693329, 0.07503900676965714, 0.06960105895996094], "conf": 0.47803789377212524}, {"class_name": "B3", "bbox_yolo": [0.4338073432445526, 0.4833075702190399, 0.08018147200345993, 0.06783614307641983], "conf": 0.4119637906551361}, {"class_name": "B1", "bbox_yolo": [0.667237401008606, 0.47852689027786255, 0.06930860131978989, 0.06612534821033478], "conf": 0.3683679699897766}, {"class_name": "B3", "bbox_yolo": [0.6036560535430908, 0.4640630781650543, 0.07261358946561813, 0.057044364511966705], "conf": 0.33755531907081604}], "count_per_class": {"B1": 1, "B2": 0, "B3": 3, "B4": 0}, "side_index": 2}