{"image": "DAMIMAS_A21B_0242_3.jpg", "detector": "y26s", "detections": [{"class_name": "B3", "bbox_yolo": [0.4011463522911072, 0.40450701117515564, 0.1507463902235031, 0.11836423724889755], "conf": 0.5683593153953552}, {"class_name": "B3", "bbox_yolo": [0.6678000688552856, 0.38246116042137146, 0.12631595134735107, 0.09048106521368027], "conf": 0.3780286908149719}], "count_per_class": {"B1": 0, "B2": 0, "B3": 2, "B4": 0}, "side_index": 2}