{"image": "DAMIMAS_A21B_0499_2.jpg", "detector": "y26s", "detections": [{"class_name": "B3", "bbox_yolo": [0.3887942433357239, 0.41910073161125183, 0.11151613295078278, 0.09718513488769531], "conf": 0.32992637157440186}, {"class_name": "B3", "bbox_yolo": [0.6722880601882935, 0.4174658954143524, 0.07602698355913162, 0.07946913689374924], "conf": 0.3124326169490814}, {"class_name": "B1", "bbox_yolo": [0.5088444948196411, 0.4370858371257782, 0.11233197152614594, 0.0954824686050415], "conf": 0.26484429836273193}], "count_per_class": {"B1": 1, "B2": 0, "B3": 2, "B4": 0}, "side_index": 1}