{"image": "DAMIMAS_A21B_0141_2.jpg", "detector": "y26s", "detections": [{"class_name": "B3", "bbox_yolo": [0.5727440118789673, 0.45186543464660645, 0.13021165132522583, 0.10665767639875412], "conf": 0.6448596119880676}, {"class_name": "B3", "bbox_yolo": [0.42675313353538513, 0.48026105761528015, 0.1261022984981537, 0.10004153102636337], "conf": 0.49427419900894165}, {"class_name": "B3", "bbox_yolo": [0.672633171081543, 0.4835735857486725, 0.10940971970558167, 0.09538622200489044], "conf": 0.362547367811203}, {"class_name": "B4", "bbox_yolo": [0.363552451133728, 0.41541749238967896, 0.08155829459428787, 0.06490297615528107], "conf": 0.30049803853034973}], "count_per_class": {"B1": 0, "B2": 0, "B3": 3, "B4": 1}, "side_index": 1}