{"image": "DAMIMAS_A21B_0624_1.jpg", "detector": "y26s", "detections": [{"class_name": "B1", "bbox_yolo": [0.4040701687335968, 0.5816375017166138, 0.19770753383636475, 0.12682008743286133], "conf": 0.8552146553993225}, {"class_name": "B3", "bbox_yolo": [0.30489081144332886, 0.49494561553001404, 0.12751072645187378, 0.10566816478967667], "conf": 0.3941546082496643}, {"class_name": "B2", "bbox_yolo": [0.596338152885437, 0.5415817499160767, 0.14243100583553314, 0.12959051132202148], "conf": 0.3030441105365753}, {"class_name": "B3", "bbox_yolo": [0.596338152885437, 0.5415817499160767, 0.14243100583553314, 0.12959051132202148], "conf": 0.29149389266967773}], "count_per_class": {"B1": 1, "B2": 1, "B3": 2, "B4": 0}, "side_index": 0}