{"image": "DAMIMAS_A21B_0226_4.jpg", "detector": "y26s", "detections": [{"class_name": "B3", "bbox_yolo": [0.38913416862487793, 0.21706929802894592, 0.12693841755390167, 0.133091539144516], "conf": 0.36031243205070496}], "count_per_class": {"B1": 0, "B2": 0, "B3": 1, "B4": 0}, "side_index": 3}