{"image": "DAMIMAS_A21B_0221_1.jpg", "detector": "y26s", "detections": [{"class_name": "B1", "bbox_yolo": [0.6552849411964417, 0.42195072770118713, 0.14464658498764038, 0.12159118801355362], "conf": 0.7223244905471802}, {"class_name": "B3", "bbox_yolo": [0.47849220037460327, 0.39631950855255127, 0.13417044281959534, 0.12040648609399796], "conf": 0.5794514417648315}, {"class_name": "B3", "bbox_yolo": [0.3324100077152252, 0.3722538948059082, 0.11668768525123596, 0.09869442135095596], "conf": 0.33620375394821167}], "count_per_class": {"B1": 1, "B2": 0, "B3": 2, "B4": 0}, "side_index": 0}