{"image": "DAMIMAS_A21B_0096_4.jpg", "detector": "y26s", "detections": [{"class_name": "B3", "bbox_yolo": [0.4367280602455139, 0.5524151921272278, 0.11016540974378586, 0.08884339779615402], "conf": 0.40663942694664}, {"class_name": "B3", "bbox_yolo": [0.31911173462867737, 0.5587108731269836, 0.06963495165109634, 0.04917735978960991], "conf": 0.2862273156642914}], "count_per_class": {"B1": 0, "B2": 0, "B3": 2, "B4": 0}, "side_index": 3}