{"image": "DAMIMAS_A21B_0376_3.jpg", "detector": "y26s", "detections": [{"class_name": "B3", "bbox_yolo": [0.6378228664398193, 0.33358508348464966, 0.11765779554843903, 0.09570734947919846], "conf": 0.5203610062599182}, {"class_name": "B3", "bbox_yolo": [0.4853314459323883, 0.3688013553619385, 0.13042867183685303, 0.09451625496149063], "conf": 0.2950151562690735}], "count_per_class": {"B1": 0, "B2": 0, "B3": 2, "B4": 0}, "side_index": 2}