{"image": "DAMIMAS_A21B_0328_1.jpg", "detector": "y26s", "detections": [{"class_name": "B3", "bbox_yolo": [0.6262485384941101, 0.5155861973762512, 0.21610480546951294, 0.16753296554088593], "conf": 0.5425670742988586}, {"class_name": "B4", "bbox_yolo": [0.6362362504005432, 0.3765720725059509, 0.1589347869157791, 0.11411052197217941], "conf": 0.35266220569610596}], "count_per_class": {"B1": 0, "B2": 0, "B3": 1, "B4": 1}, "side_index": 0}