{"image": "DAMIMAS_A21B_0763_4.jpg", "detector": "y26s", "detections": [{"class_name": "B3", "bbox_yolo": [0.5625863671302795, 0.33820444345474243, 0.15199483931064606, 0.144555002450943], "conf": 0.6359202265739441}], "count_per_class": {"B1": 0, "B2": 0, "B3": 1, "B4": 0}, "side_index": 3}