{"image": "DAMIMAS_A21B_0513_3.jpg", "detector": "y26s", "detections": [{"class_name": "B3", "bbox_yolo": [0.5591838359832764, 0.4390488564968109, 0.13164906203746796, 0.09757103770971298], "conf": 0.4757581651210785}, {"class_name": "B3", "bbox_yolo": [0.6983234286308289, 0.46267253160476685, 0.11870435625314713, 0.09332575649023056], "conf": 0.3802621364593506}, {"class_name": "B3", "bbox_yolo": [0.33153027296066284, 0.472921758890152, 0.07729285955429077, 0.09171581268310547], "conf": 0.2669093608856201}], "count_per_class": {"B1": 0, "B2": 0, "B3": 3, "B4": 0}, "side_index": 2}