{"image": "DAMIMAS_A21B_0307_3.jpg", "detector": "y26s", "detections": [{"class_name": "B3", "bbox_yolo": [0.4354414939880371, 0.4463813900947571, 0.14466117322444916, 0.12351489067077637], "conf": 0.6236284971237183}, {"class_name": "B3", "bbox_yolo": [0.3191015422344208, 0.42658838629722595, 0.10440576076507568, 0.10824912041425705], "conf": 0.3693053126335144}, {"class_name": "B3", "bbox_yolo": [0.5565059781074524, 0.38431668281555176, 0.12232990562915802, 0.08988316357135773], "conf": 0.289174348115921}, {"class_name": "B4", "bbox_yolo": [0.5565059781074524, 0.38431668281555176, 0.12232990562915802, 0.08988316357135773], "conf": 0.27490562200546265}], "count_per_class": {"B1": 0, "B2": 0, "B3": 3, "B4": 1}, "side_index": 2}