{"image": "DAMIMAS_A21B_0351_1.jpg", "detector": "y26s", "detections": [{"class_name": "B3", "bbox_yolo": [0.6679437160491943, 0.36452609300613403, 0.07781670987606049, 0.06043741852045059], "conf": 0.43159422278404236}, {"class_name": "B3", "bbox_yolo": [0.4548020362854004, 0.33128461241722107, 0.07847697287797928, 0.06281381100416183], "conf": 0.30736085772514343}, {"class_name": "B4", "bbox_yolo": [0.4548020362854004, 0.33128461241722107, 0.07847697287797928, 0.06281381100416183], "conf": 0.2988954186439514}, {"class_name": "B3", "bbox_yolo": [0.48958820104599, 0.4116366505622864, 0.11107149720191956, 0.09585044533014297], "conf": 0.254684180021286}], "count_per_class": {"B1": 0, "B2": 0, "B3": 3, "B4": 1}, "side_index": 0}