{"image": "DAMIMAS_A21B_0279_2.jpg", "detector": "y26s", "detections": [{"class_name": "B3", "bbox_yolo": [0.5016500353813171, 0.44364604353904724, 0.13404957950115204, 0.10941489040851593], "conf": 0.41529712080955505}, {"class_name": "B3", "bbox_yolo": [0.6563695669174194, 0.47411003708839417, 0.12181848287582397, 0.09677834808826447], "conf": 0.3024134039878845}], "count_per_class": {"B1": 0, "B2": 0, "B3": 2, "B4": 0}, "side_index": 1}