{"image": "DAMIMAS_A21B_0600_3.jpg", "detector": "y26s", "detections": [{"class_name": "B1", "bbox_yolo": [0.446297287940979, 0.4224680960178375, 0.24842911958694458, 0.15912146866321564], "conf": 0.7984481453895569}, {"class_name": "B3", "bbox_yolo": [0.5753147602081299, 0.3062245845794678, 0.1817580908536911, 0.14402227103710175], "conf": 0.5923464298248291}, {"class_name": "B3", "bbox_yolo": [0.7511984705924988, 0.41168829798698425, 0.18593834340572357, 0.1635773628950119], "conf": 0.4000265598297119}], "count_per_class": {"B1": 1, "B2": 0, "B3": 2, "B4": 0}, "side_index": 2}