{"image": "DAMIMAS_A21B_0405_3.jpg", "detector": "y26s", "detections": [{"class_name": "B1", "bbox_yolo": [0.6363335251808167, 0.39841729402542114, 0.11916256695985794, 0.10774078220129013], "conf": 0.480085164308548}, {"class_name": "B3", "bbox_yolo": [0.5156301259994507, 0.35420265793800354, 0.10966060310602188, 0.10030529648065567], "conf": 0.2867213785648346}, {"class_name": "B2", "bbox_yolo": [0.6363335251808167, 0.39841729402542114, 0.11916256695985794, 0.10774078220129013], "conf": 0.2660692632198334}], "count_per_class": {"B1": 1, "B2": 1, "B3": 1, "B4": 0}, "side_index": 2}