{"image": "DAMIMAS_A21B_0053_4.jpg", "detector": "y26s", "detections": [{"class_name": "B2", "bbox_yolo": [0.5867143273353577, 0.47502413392066956, 0.08051726222038269, 0.07180004566907883], "conf": 0.27374953031539917}, {"class_name": "B4", "bbox_yolo": [0.5502954125404358, 0.40771108865737915, 0.10330703109502792, 0.07970297336578369], "conf": 0.2697700560092926}], "count_per_class": {"B1": 0, "B2": 1, "B3": 0, "B4": 1}, "side_index": 3}