{"image": "DAMIMAS_A21B_0278_3.jpg", "detector": "y26s", "detections": [{"class_name": "B1", "bbox_yolo": [0.4338347315788269, 0.4058447778224945, 0.12466815859079361, 0.1110345870256424], "conf": 0.3313062787055969}, {"class_name": "B3", "bbox_yolo": [0.5735720992088318, 0.380839079618454, 0.1303073912858963, 0.09987330436706543], "conf": 0.32542118430137634}, {"class_name": "B3", "bbox_yolo": [0.6887563467025757, 0.36926600337028503, 0.0712244063615799, 0.07918732613325119], "conf": 0.2547513246536255}], "count_per_class": {"B1": 1, "B2": 0, "B3": 2, "B4": 0}, "side_index": 2}