{"image": "DAMIMAS_A21B_0098_2.jpg", "detector": "y26s", "detections": [{"class_name": "B3", "bbox_yolo": [0.3819832503795624, 0.5151280164718628, 0.1284729689359665, 0.1260237693786621], "conf": 0.6529998183250427}, {"class_name": "B4", "bbox_yolo": [0.3609783351421356, 0.42256593704223633, 0.11231689900159836, 0.07834646850824356], "conf": 0.27621573209762573}, {"class_name": "B4", "bbox_yolo": [0.35354503989219666, 0.4209224283695221, 0.08319569379091263, 0.06614406406879425], "conf": 0.2611643671989441}], "count_per_class": {"B1": 0, "B2": 0, "B3": 1, "B4": 2}, "side_index": 1}