{"image": "DAMIMAS_A21B_0532_1.jpg", "detector": "y26s", "detections": [{"class_name": "B3", "bbox_yolo": [0.5234189629554749, 0.5042649507522583, 0.10885417461395264, 0.09522833675146103], "conf": 0.437289297580719}, {"class_name": "B3", "bbox_yolo": [0.38595151901245117, 0.5303341746330261, 0.1092122420668602, 0.09245538711547852], "conf": 0.32571688294410706}, {"class_name": "B3", "bbox_yolo": [0.6266030669212341, 0.5494319796562195, 0.1186230406165123, 0.10828256607055664], "conf": 0.3113110363483429}, {"class_name": "B3", "bbox_yolo": [0.38868311047554016, 0.5189591646194458, 0.08268363028764725, 0.06673436611890793], "conf": 0.2616930902004242}], "count_per_class": {"B1": 0, "B2": 0, "B3": 4, "B4": 0}, "side_index": 0}