{"image": "DAMIMAS_A21B_0553_3.jpg", "detector": "y26s", "detections": [{"class_name": "B3", "bbox_yolo": [0.5132894515991211, 0.43066316843032837, 0.15834611654281616, 0.13648128509521484], "conf": 0.35746216773986816}, {"class_name": "B3", "bbox_yolo": [0.6520296335220337, 0.40495386719703674, 0.11266810446977615, 0.11097235977649689], "conf": 0.30673882365226746}], "count_per_class": {"B1": 0, "B2": 0, "B3": 2, "B4": 0}, "side_index": 2}