{"image": "DAMIMAS_A21B_0744_2.jpg", "detector": "y26s", "detections": [{"class_name": "B1", "bbox_yolo": [0.6745882034301758, 0.4583519995212555, 0.11943385750055313, 0.13340413570404053], "conf": 0.617539644241333}, {"class_name": "B3", "bbox_yolo": [0.5536196827888489, 0.4362090528011322, 0.1238437071442604, 0.12812010943889618], "conf": 0.4207416772842407}, {"class_name": "B3", "bbox_yolo": [0.3635810911655426, 0.39615923166275024, 0.13633108139038086, 0.1072656437754631], "conf": 0.4005841314792633}, {"class_name": "B2", "bbox_yolo": [0.3027830719947815, 0.4638957977294922, 0.11953794956207275, 0.11116581410169601], "conf": 0.2756911516189575}], "count_per_class": {"B1": 1, "B2": 1, "B3": 2, "B4": 0}, "side_index": 1}