{"image": "DAMIMAS_A21B_0734_1.jpg", "detector": "y26s", "detections": [{"class_name": "B4", "bbox_yolo": [0.5686759948730469, 0.2704789936542511, 0.1710047423839569, 0.09802856296300888], "conf": 0.38947296142578125}], "count_per_class": {"B1": 0, "B2": 0, "B3": 0, "B4": 1}, "side_index": 0}