{"image": "DAMIMAS_A21B_0606_2.jpg", "detector": "y26s", "detections": [{"class_name": "B3", "bbox_yolo": [0.7794956564903259, 0.33826711773872375, 0.1784096509218216, 0.13673320412635803], "conf": 0.548435628414154}, {"class_name": "B4", "bbox_yolo": [0.5847315192222595, 0.20912228524684906, 0.1747228056192398, 0.15943823754787445], "conf": 0.4988248646259308}, {"class_name": "B3", "bbox_yolo": [0.5847315192222595, 0.20912228524684906, 0.1747228056192398, 0.15943823754787445], "conf": 0.27370500564575195}, {"class_name": "B3", "bbox_yolo": [0.2534610331058502, 0.3346770107746124, 0.13446734845638275, 0.11284728348255157], "conf": 0.25881826877593994}], "count_per_class": {"B1": 0, "B2": 0, "B3": 3, "B4": 1}, "side_index": 1}