{"image": "DAMIMAS_A21B_0502_2.jpg", "detector": "y26s", "detections": [{"class_name": "B3", "bbox_yolo": [0.6061307191848755, 0.4197790324687958, 0.06265030056238174, 0.0628446564078331], "conf": 0.30029091238975525}, {"class_name": "B4", "bbox_yolo": [0.6355429291725159, 0.36407455801963806, 0.06531397998332977, 0.05018632486462593], "conf": 0.28905898332595825}], "count_per_class": {"B1": 0, "B2": 0, "B3": 1, "B4": 1}, "side_index": 1}