{"image": "DAMIMAS_A21B_0648_4.jpg", "detector": "y26s", "detections": [{"class_name": "B3", "bbox_yolo": [0.5530617833137512, 0.3863021433353424, 0.22014106810092926, 0.1648285835981369], "conf": 0.4740394651889801}, {"class_name": "B3", "bbox_yolo": [0.30721181631088257, 0.34091487526893616, 0.1805514395236969, 0.11716313660144806], "conf": 0.4073069095611572}], "count_per_class": {"B1": 0, "B2": 0, "B3": 2, "B4": 0}, "side_index": 3}