{"image": "DAMIMAS_A21B_0617_1.jpg", "detector": "y26s", "detections": [{"class_name": "B2", "bbox_yolo": [0.7157665491104126, 0.5256158709526062, 0.2511448562145233, 0.22536583244800568], "conf": 0.5021088123321533}, {"class_name": "B3", "bbox_yolo": [0.5008571147918701, 0.4653378129005432, 0.19064287841320038, 0.1708046942949295], "conf": 0.5000424385070801}, {"class_name": "B4", "bbox_yolo": [0.3833841383457184, 0.3882516920566559, 0.12926678359508514, 0.12322960048913956], "conf": 0.36575937271118164}], "count_per_class": {"B1": 0, "B2": 1, "B3": 1, "B4": 1}, "side_index": 0}