{"image": "DAMIMAS_A21B_0836_3.jpg", "detector": "y26s", "detections": [{"class_name": "B1", "bbox_yolo": [0.5122298002243042, 0.5276005864143372, 0.16601432859897614, 0.13057981431484222], "conf": 0.8510191440582275}, {"class_name": "B3", "bbox_yolo": [0.651037335395813, 0.5012350082397461, 0.10757586359977722, 0.10019602626562119], "conf": 0.5052254796028137}, {"class_name": "B3", "bbox_yolo": [0.39725005626678467, 0.47416868805885315, 0.12066739797592163, 0.10723147541284561], "conf": 0.47706055641174316}], "count_per_class": {"B1": 1, "B2": 0, "B3": 2, "B4": 0}, "side_index": 2}