{"image": "DAMIMAS_A21B_0638_3.jpg", "detector": "y26s", "detections": [{"class_name": "B1", "bbox_yolo": [0.6952335238456726, 0.438910573720932, 0.1774924099445343, 0.16043701767921448], "conf": 0.8793506622314453}, {"class_name": "B1", "bbox_yolo": [0.23026038706302643, 0.4555610716342926, 0.11827374249696732, 0.11482637375593185], "conf": 0.544289767742157}, {"class_name": "B3", "bbox_yolo": [0.5119824409484863, 0.4218635559082031, 0.15941525995731354, 0.1549392193555832], "conf": 0.4995080232620239}, {"class_name": "B3", "bbox_yolo": [0.3010559380054474, 0.3945787847042084, 0.159161776304245, 0.14733938872814178], "conf": 0.47938358783721924}], "count_per_class": {"B1": 2, "B2": 0, "B3": 2, "B4": 0}, "side_index": 2}