{"image": "DAMIMAS_A21B_0439_3.jpg", "detector": "y26s", "detections": [{"class_name": "B3", "bbox_yolo": [0.5202523469924927, 0.47489747405052185, 0.06634309142827988, 0.07980113476514816], "conf": 0.31005269289016724}, {"class_name": "B3", "bbox_yolo": [0.5992705225944519, 0.44282111525535583, 0.05572357401251793, 0.05255246162414551], "conf": 0.2654978334903717}], "count_per_class": {"B1": 0, "B2": 0, "B3": 2, "B4": 0}, "side_index": 2}