{"image": "DAMIMAS_A21B_0106_2.jpg", "detector": "y26s", "detections": [{"class_name": "B1", "bbox_yolo": [0.4058583378791809, 0.5457044243812561, 0.14194025099277496, 0.11203937977552414], "conf": 0.8071048855781555}, {"class_name": "B3", "bbox_yolo": [0.5603364109992981, 0.5123988389968872, 0.11218983680009842, 0.09876465797424316], "conf": 0.46311357617378235}], "count_per_class": {"B1": 1, "B2": 0, "B3": 1, "B4": 0}, "side_index": 1}