{"image": "DAMIMAS_A21B_0785_1.jpg", "detector": "y26s", "detections": [{"class_name": "B3", "bbox_yolo": [0.5513424873352051, 0.22853796184062958, 0.1476956456899643, 0.13400188088417053], "conf": 0.45240727066993713}, {"class_name": "B3", "bbox_yolo": [0.3467594087123871, 0.27054545283317566, 0.13703390955924988, 0.10851960629224777], "conf": 0.3804156482219696}], "count_per_class": {"B1": 0, "B2": 0, "B3": 2, "B4": 0}, "side_index": 0}