{"image": "DAMIMAS_A21B_0782_4.jpg", "detector": "y26s", "detections": [{"class_name": "B3", "bbox_yolo": [0.6254891753196716, 0.21139009296894073, 0.13808950781822205, 0.10937438160181046], "conf": 0.5406038165092468}], "count_per_class": {"B1": 0, "B2": 0, "B3": 1, "B4": 0}, "side_index": 3}