{"image": "DAMIMAS_A21B_0253_4.jpg", "detector": "y26s", "detections": [{"class_name": "B3", "bbox_yolo": [0.2355206310749054, 0.14678309857845306, 0.1392771452665329, 0.12373411655426025], "conf": 0.4479879140853882}], "count_per_class": {"B1": 0, "B2": 0, "B3": 1, "B4": 0}, "side_index": 3}