{"image": "DAMIMAS_A21B_0556_3.jpg", "detector": "y26s", "detections": [{"class_name": "B1", "bbox_yolo": [0.6048973798751831, 0.3612094819545746, 0.17717425525188446, 0.13278865814208984], "conf": 0.8842912912368774}, {"class_name": "B3", "bbox_yolo": [0.4519446790218353, 0.32956963777542114, 0.1248699277639389, 0.13113318383693695], "conf": 0.40705543756484985}, {"class_name": "B3", "bbox_yolo": [0.6418677568435669, 0.26378992199897766, 0.10278092324733734, 0.0674101859331131], "conf": 0.3247050940990448}, {"class_name": "B3", "bbox_yolo": [0.6425634026527405, 0.26735422015190125, 0.12477137893438339, 0.07988724857568741], "conf": 0.3208710551261902}], "count_per_class": {"B1": 1, "B2": 0, "B3": 3, "B4": 0}, "side_index": 2}