{"image": "DAMIMAS_A21B_0354_3.jpg", "detector": "y26s", "detections": [{"class_name": "B3", "bbox_yolo": [0.38766661286354065, 0.3353674113750458, 0.11372680962085724, 0.0997522845864296], "conf": 0.4143233001232147}, {"class_name": "B1", "bbox_yolo": [0.5426653623580933, 0.346591055393219, 0.08713525533676147, 0.07446544617414474], "conf": 0.3936196565628052}, {"class_name": "B1", "bbox_yolo": [0.5430510640144348, 0.3502786457538605, 0.10502148419618607, 0.0873742625117302], "conf": 0.28019437193870544}, {"class_name": "B3", "bbox_yolo": [0.6379889249801636, 0.32778897881507874, 0.10801004618406296, 0.09059212356805801], "conf": 0.27099284529685974}], "count_per_class": {"B1": 2, "B2": 0, "B3": 2, "B4": 0}, "side_index": 2}