{"image": "DAMIMAS_A21B_0449_3.jpg", "detector": "y26s", "detections": [{"class_name": "B3", "bbox_yolo": [0.668318510055542, 0.4419800341129303, 0.06469828635454178, 0.053275395184755325], "conf": 0.2500045597553253}], "count_per_class": {"B1": 0, "B2": 0, "B3": 1, "B4": 0}, "side_index": 2}