{"image": "DAMIMAS_A21B_0745_2.jpg", "detector": "y26s", "detections": [{"class_name": "B3", "bbox_yolo": [0.639825165271759, 0.36185401678085327, 0.12863057851791382, 0.10557122528553009], "conf": 0.49484139680862427}, {"class_name": "B3", "bbox_yolo": [0.43883904814720154, 0.40331822633743286, 0.13333089649677277, 0.14313678443431854], "conf": 0.4308692514896393}, {"class_name": "B3", "bbox_yolo": [0.32850655913352966, 0.3393282890319824, 0.11680403351783752, 0.11761696636676788], "conf": 0.29484400153160095}, {"class_name": "B4", "bbox_yolo": [0.5168119072914124, 0.2926630675792694, 0.12122227996587753, 0.0823955088853836], "conf": 0.2799006402492523}], "count_per_class": {"B1": 0, "B2": 0, "B3": 3, "B4": 1}, "side_index": 1}