{"image": "DAMIMAS_A21B_0228_2.jpg", "detector": "y26s", "detections": [{"class_name": "B3", "bbox_yolo": [0.6685540080070496, 0.3163377344608307, 0.06882070004940033, 0.0587112195789814], "conf": 0.30258676409721375}, {"class_name": "B4", "bbox_yolo": [0.6029473543167114, 0.25250548124313354, 0.06907349079847336, 0.06067242845892906], "conf": 0.2657589316368103}], "count_per_class": {"B1": 0, "B2": 0, "B3": 1, "B4": 1}, "side_index": 1}