{"image": "DAMIMAS_A21B_0152_4.jpg", "detector": "y26s", "detections": [{"class_name": "B3", "bbox_yolo": [0.6504676938056946, 0.5020861625671387, 0.06805229187011719, 0.07223081588745117], "conf": 0.464564710855484}, {"class_name": "B3", "bbox_yolo": [0.41128242015838623, 0.4299341142177582, 0.09361162781715393, 0.06182403489947319], "conf": 0.42575445771217346}, {"class_name": "B2", "bbox_yolo": [0.4434828460216522, 0.4887409210205078, 0.08183237910270691, 0.06428708881139755], "conf": 0.2760038673877716}, {"class_name": "B3", "bbox_yolo": [0.41480210423469543, 0.43483877182006836, 0.11303120106458664, 0.07309551537036896], "conf": 0.2702275514602661}], "count_per_class": {"B1": 0, "B2": 1, "B3": 3, "B4": 0}, "side_index": 3}