{"image": "DAMIMAS_A21B_0228_3.jpg", "detector": "y26s", "detections": [{"class_name": "B1", "bbox_yolo": [0.4499848783016205, 0.21919548511505127, 0.15510699152946472, 0.14267916977405548], "conf": 0.7786805629730225}, {"class_name": "B4", "bbox_yolo": [0.4095328748226166, 0.12684647738933563, 0.13177214562892914, 0.0854388028383255], "conf": 0.2846298813819885}, {"class_name": "B3", "bbox_yolo": [0.4095328748226166, 0.12684647738933563, 0.13177214562892914, 0.0854388028383255], "conf": 0.2579152584075928}], "count_per_class": {"B1": 1, "B2": 0, "B3": 1, "B4": 1}, "side_index": 2}