{"image": "DAMIMAS_A21B_0287_3.jpg", "detector": "y26s", "detections": [{"class_name": "B1", "bbox_yolo": [0.4080062210559845, 0.6568077802658081, 0.1554437130689621, 0.11632814258337021], "conf": 0.7838307619094849}, {"class_name": "B3", "bbox_yolo": [0.5892461538314819, 0.536104142665863, 0.21332944929599762, 0.15947209298610687], "conf": 0.5109905004501343}], "count_per_class": {"B1": 1, "B2": 0, "B3": 1, "B4": 0}, "side_index": 2}