{"image": "DAMIMAS_A21B_0297_2.jpg", "detector": "y26s", "detections": [{"class_name": "B3", "bbox_yolo": [0.574647068977356, 0.46109840273857117, 0.1055528074502945, 0.09588475525379181], "conf": 0.36261987686157227}, {"class_name": "B3", "bbox_yolo": [0.6548498868942261, 0.4782237708568573, 0.0682513564825058, 0.06521711498498917], "conf": 0.2739425003528595}], "count_per_class": {"B1": 0, "B2": 0, "B3": 2, "B4": 0}, "side_index": 1}