{"image": "DAMIMAS_A21B_0276_2.jpg", "detector": "y26s", "detections": [{"class_name": "B3", "bbox_yolo": [0.54982590675354, 0.5586315989494324, 0.12715883553028107, 0.10296335071325302], "conf": 0.6247755885124207}, {"class_name": "B3", "bbox_yolo": [0.3872755765914917, 0.563075840473175, 0.13516972959041595, 0.11683464050292969], "conf": 0.5088541507720947}], "count_per_class": {"B1": 0, "B2": 0, "B3": 2, "B4": 0}, "side_index": 1}