{"image": "DAMIMAS_A21B_0767_4.jpg", "detector": "y26s", "detections": [{"class_name": "B1", "bbox_yolo": [0.67998868227005, 0.4601311683654785, 0.11631851643323898, 0.11625218391418457], "conf": 0.6885963678359985}, {"class_name": "B2", "bbox_yolo": [0.48429936170578003, 0.40241432189941406, 0.11619313806295395, 0.10842776298522949], "conf": 0.4485054016113281}, {"class_name": "B4", "bbox_yolo": [0.38479307293891907, 0.3583126664161682, 0.10757904499769211, 0.08737470954656601], "conf": 0.2624756693840027}], "count_per_class": {"B1": 1, "B2": 1, "B3": 0, "B4": 1}, "side_index": 3}