{"image": "DAMIMAS_A21B_0464_1.jpg", "detector": "y26s", "detections": [{"class_name": "B1", "bbox_yolo": [0.5206437110900879, 0.47587496042251587, 0.0775083601474762, 0.06655483692884445], "conf": 0.45279866456985474}, {"class_name": "B3", "bbox_yolo": [0.45203930139541626, 0.4406447112560272, 0.06737133860588074, 0.059821512550115585], "conf": 0.44332125782966614}, {"class_name": "B3", "bbox_yolo": [0.3862680494785309, 0.451798677444458, 0.06438487768173218, 0.056667327880859375], "conf": 0.34647250175476074}, {"class_name": "B4", "bbox_yolo": [0.5328661203384399, 0.41765037178993225, 0.06809260696172714, 0.05185585096478462], "conf": 0.3079147934913635}], "count_per_class": {"B1": 1, "B2": 0, "B3": 2, "B4": 1}, "side_index": 0}