{"image": "DAMIMAS_A21B_0184_3.jpg", "detector": "y26s", "detections": [{"class_name": "B3", "bbox_yolo": [0.39148423075675964, 0.46154341101646423, 0.13154815137386322, 0.12290258705615997], "conf": 0.6386856436729431}, {"class_name": "B3", "bbox_yolo": [0.6526740789413452, 0.4672825038433075, 0.0780944898724556, 0.07907705754041672], "conf": 0.38484013080596924}, {"class_name": "B3", "bbox_yolo": [0.6500481367111206, 0.4769059121608734, 0.10819664597511292, 0.09632020443677902], "conf": 0.26611146330833435}, {"class_name": "B4", "bbox_yolo": [0.585539698600769, 0.433502197265625, 0.10518427193164825, 0.09009847790002823], "conf": 0.26353931427001953}], "count_per_class": {"B1": 0, "B2": 0, "B3": 3, "B4": 1}, "side_index": 2}