{"image": "DAMIMAS_A21B_0814_5.jpg", "detector": "y26s", "detections": [{"class_name": "B3", "bbox_yolo": [0.7140669226646423, 0.43361765146255493, 0.12942849099636078, 0.12338133156299591], "conf": 0.5020022392272949}], "count_per_class": {"B1": 0, "B2": 0, "B3": 1, "B4": 0}, "side_index": 4}