{"image": "DAMIMAS_A21B_0120_1.jpg", "detector": "y26s", "detections": [{"class_name": "B1", "bbox_yolo": [0.4419079124927521, 0.49782952666282654, 0.13669176399707794, 0.09450226277112961], "conf": 0.4813133478164673}, {"class_name": "B4", "bbox_yolo": [0.40952736139297485, 0.4085383415222168, 0.12958626449108124, 0.09370148181915283], "conf": 0.36590099334716797}], "count_per_class": {"B1": 1, "B2": 0, "B3": 0, "B4": 1}, "side_index": 0}