{"image": "DAMIMAS_A21B_0649_4.jpg", "detector": "y26s", "detections": [{"class_name": "B4", "bbox_yolo": [0.35045817494392395, 0.25677400827407837, 0.1616789847612381, 0.11990515142679214], "conf": 0.6396096348762512}, {"class_name": "B3", "bbox_yolo": [0.3879687786102295, 0.39733847975730896, 0.24247205257415771, 0.19469796121120453], "conf": 0.6282640695571899}], "count_per_class": {"B1": 0, "B2": 0, "B3": 1, "B4": 1}, "side_index": 3}