{"image": "DAMIMAS_A21B_0838_8.jpg", "detector": "y26s", "detections": [{"class_name": "B4", "bbox_yolo": [0.447422593832016, 0.36797767877578735, 0.11420364677906036, 0.08742654323577881], "conf": 0.2560511529445648}], "count_per_class": {"B1": 0, "B2": 0, "B3": 0, "B4": 1}, "side_index": 7}