{"image": "DAMIMAS_A21B_0511_4.jpg", "detector": "y26s", "detections": [{"class_name": "B1", "bbox_yolo": [0.42196062207221985, 0.2654588222503662, 0.15287825465202332, 0.14455385506153107], "conf": 0.8702274560928345}, {"class_name": "B3", "bbox_yolo": [0.6212364435195923, 0.24053993821144104, 0.17314688861370087, 0.16466420888900757], "conf": 0.6097016334533691}, {"class_name": "B3", "bbox_yolo": [0.38743987679481506, 0.15646104514598846, 0.1875283271074295, 0.13563548028469086], "conf": 0.5870130062103271}, {"class_name": "B4", "bbox_yolo": [0.7232425808906555, 0.1652066558599472, 0.11602237075567245, 0.09216835349798203], "conf": 0.2736922800540924}], "count_per_class": {"B1": 1, "B2": 0, "B3": 2, "B4": 1}, "side_index": 3}