{"image": "DAMIMAS_A21B_0044_3.jpg", "detector": "y26s", "detections": [{"class_name": "B3", "bbox_yolo": [0.43082213401794434, 0.5239364504814148, 0.1404648870229721, 0.11277532577514648], "conf": 0.6742728352546692}, {"class_name": "B3", "bbox_yolo": [0.5911458730697632, 0.5424438714981079, 0.12084430456161499, 0.10133156925439835], "conf": 0.4688291549682617}, {"class_name": "B1", "bbox_yolo": [0.32316452264785767, 0.5686390995979309, 0.12649661302566528, 0.09999680519104004], "conf": 0.3187572956085205}, {"class_name": "B2", "bbox_yolo": [0.32316452264785767, 0.5686390995979309, 0.12649661302566528, 0.09999680519104004], "conf": 0.28073111176490784}], "count_per_class": {"B1": 1, "B2": 1, "B3": 2, "B4": 0}, "side_index": 2}