{"image": "DAMIMAS_A21B_0145_1.jpg", "detector": "y26s", "detections": [{"class_name": "B3", "bbox_yolo": [0.4273896813392639, 0.49731317162513733, 0.14050808548927307, 0.10932693630456924], "conf": 0.6624798774719238}, {"class_name": "B3", "bbox_yolo": [0.6285886168479919, 0.45310360193252563, 0.08161970973014832, 0.08016405254602432], "conf": 0.40045008063316345}, {"class_name": "B4", "bbox_yolo": [0.394743949174881, 0.40577593445777893, 0.08155272901058197, 0.06234688684344292], "conf": 0.2608649730682373}], "count_per_class": {"B1": 0, "B2": 0, "B3": 2, "B4": 1}, "side_index": 0}