{"image": "DAMIMAS_A21B_0538_3.jpg", "detector": "y26s", "detections": [{"class_name": "B3", "bbox_yolo": [0.5548236966133118, 0.43591758608818054, 0.09102942794561386, 0.05797147750854492], "conf": 0.4428025782108307}, {"class_name": "B3", "bbox_yolo": [0.6522133946418762, 0.5023730993270874, 0.07372576743364334, 0.07934093475341797], "conf": 0.41669371724128723}, {"class_name": "B3", "bbox_yolo": [0.2946482002735138, 0.49646058678627014, 0.08017779141664505, 0.07592592388391495], "conf": 0.39713260531425476}, {"class_name": "B3", "bbox_yolo": [0.4094703793525696, 0.48617202043533325, 0.11388763040304184, 0.09929352253675461], "conf": 0.35861074924468994}], "count_per_class": {"B1": 0, "B2": 0, "B3": 4, "B4": 0}, "side_index": 2}