{"image": "DAMIMAS_A21B_0264_1.jpg", "detector": "y26s", "detections": [{"class_name": "B1", "bbox_yolo": [0.5066897869110107, 0.5350098609924316, 0.12655538320541382, 0.12239213287830353], "conf": 0.6919219493865967}, {"class_name": "B3", "bbox_yolo": [0.6723286509513855, 0.519920825958252, 0.11691564321517944, 0.10208912193775177], "conf": 0.34915685653686523}], "count_per_class": {"B1": 1, "B2": 0, "B3": 1, "B4": 0}, "side_index": 0}