{"image": "DAMIMAS_A21B_0753_2.jpg", "detector": "y26s", "detections": [{"class_name": "B3", "bbox_yolo": [0.3201795220375061, 0.3830130696296692, 0.15035781264305115, 0.12912313640117645], "conf": 0.6537841558456421}, {"class_name": "B1", "bbox_yolo": [0.48419055342674255, 0.41538211703300476, 0.2062668651342392, 0.14683575928211212], "conf": 0.6277033090591431}], "count_per_class": {"B1": 1, "B2": 0, "B3": 1, "B4": 0}, "side_index": 1}