{"image": "DAMIMAS_A21B_0574_4.jpg", "detector": "y26s", "detections": [{"class_name": "B3", "bbox_yolo": [0.33332332968711853, 0.3570229113101959, 0.2026236355304718, 0.16857607662677765], "conf": 0.5516377687454224}, {"class_name": "B3", "bbox_yolo": [0.546592116355896, 0.3695657253265381, 0.17466743290424347, 0.13510742783546448], "conf": 0.4645814001560211}], "count_per_class": {"B1": 0, "B2": 0, "B3": 2, "B4": 0}, "side_index": 3}