{"image": "DAMIMAS_A21B_0515_1.jpg", "detector": "y26s", "detections": [{"class_name": "B3", "bbox_yolo": [0.4586125910282135, 0.38922587037086487, 0.11264543980360031, 0.10773026943206787], "conf": 0.5533844828605652}, {"class_name": "B2", "bbox_yolo": [0.5844650864601135, 0.4555792808532715, 0.14227832853794098, 0.11361048370599747], "conf": 0.5356548428535461}, {"class_name": "B3", "bbox_yolo": [0.5842660069465637, 0.3657092750072479, 0.09356359392404556, 0.06421468406915665], "conf": 0.37443411350250244}, {"class_name": "B1", "bbox_yolo": [0.4428112804889679, 0.5209812521934509, 0.13376398384571075, 0.09323525428771973], "conf": 0.25882861018180847}], "count_per_class": {"B1": 1, "B2": 1, "B3": 2, "B4": 0}, "side_index": 0}