{"image": "LONSUM_A21A_0009_1.jpg", "detector": "y26s", "detections": [{"class_name": "B3", "bbox_yolo": [0.31861522793769836, 0.47904273867607117, 0.08825112134218216, 0.0758252665400505], "conf": 0.3544689416885376}, {"class_name": "B4", "bbox_yolo": [0.4265303611755371, 0.43219444155693054, 0.11390810459852219, 0.09908583015203476], "conf": 0.3008716404438019}, {"class_name": "B3", "bbox_yolo": [0.32385820150375366, 0.4833368957042694, 0.10884097963571548, 0.08940181881189346], "conf": 0.27409371733665466}], "count_per_class": {"B1": 0, "B2": 0, "B3": 2, "B4": 1}, "side_index": 0}