{"image": "LONSUM_A21A_0097_2.jpg", "detector": "y26s", "detections": [{"class_name": "B3", "bbox_yolo": [0.638105571269989, 0.2172955572605133, 0.06972713768482208, 0.05216782167553902], "conf": 0.2891896367073059}], "count_per_class": {"B1": 0, "B2": 0, "B3": 1, "B4": 0}, "side_index": 1}