{"image": "LONSUM_A21A_0054_3.jpg", "detector": "y26s", "detections": [{"class_name": "B3", "bbox_yolo": [0.37998780608177185, 0.4531651437282562, 0.0851815938949585, 0.065814308822155], "conf": 0.29892438650131226}], "count_per_class": {"B1": 0, "B2": 0, "B3": 1, "B4": 0}, "side_index": 2}