{"image": "LONSUM_A21A_0034_1.jpg", "detector": "y26s", "detections": [{"class_name": "B3", "bbox_yolo": [0.4440409541130066, 0.3796086311340332, 0.07760464400053024, 0.06503965705633163], "conf": 0.34775567054748535}], "count_per_class": {"B1": 0, "B2": 0, "B3": 1, "B4": 0}, "side_index": 0}