{"image": "LONSUM_A21A_0011_3.jpg", "detector": "y26s", "detections": [{"class_name": "B3", "bbox_yolo": [0.5543921589851379, 0.466958612203598, 0.07492104172706604, 0.06809182465076447], "conf": 0.3789365589618683}], "count_per_class": {"B1": 0, "B2": 0, "B3": 1, "B4": 0}, "side_index": 2}