{"image": "LONSUM_A21A_0039_1.jpg", "detector": "y26s", "detections": [{"class_name": "B3", "bbox_yolo": [0.30570027232170105, 0.495798796415329, 0.12277095019817352, 0.09500046074390411], "conf": 0.410070538520813}], "count_per_class": {"B1": 0, "B2": 0, "B3": 1, "B4": 0}, "side_index": 0}