{"image": "LONSUM_A21A_0078_2.jpg", "detector": "y26s", "detections": [{"class_name": "B3", "bbox_yolo": [0.585763692855835, 0.10325844585895538, 0.07513243705034256, 0.06552641838788986], "conf": 0.5289009809494019}, {"class_name": "B4", "bbox_yolo": [0.54664146900177, 0.04172642156481743, 0.06862901151180267, 0.049548547714948654], "conf": 0.281421035528183}, {"class_name": "B3", "bbox_yolo": [0.3863663971424103, 0.10079243034124374, 0.07225106656551361, 0.056855201721191406], "conf": 0.25166216492652893}], "count_per_class": {"B1": 0, "B2": 0, "B3": 2, "B4": 1}, "side_index": 1}