{"image": "LONSUM_A21A_0012_4.jpg", "detector": "y26s", "detections": [{"class_name": "B3", "bbox_yolo": [0.4600988030433655, 0.44288283586502075, 0.13882586359977722, 0.10711865872144699], "conf": 0.26396945118904114}], "count_per_class": {"B1": 0, "B2": 0, "B3": 1, "B4": 0}, "side_index": 3}