{"image": "LONSUM_A21A_0020_4.jpg", "detector": "y26s", "detections": [{"class_name": "B3", "bbox_yolo": [0.4159863293170929, 0.5098368525505066, 0.1125316396355629, 0.09749431908130646], "conf": 0.48335596919059753}], "count_per_class": {"B1": 0, "B2": 0, "B3": 1, "B4": 0}, "side_index": 3}