{"image": "LONSUM_A21A_0011_2.jpg", "detector": "y26s", "detections": [{"class_name": "B3", "bbox_yolo": [0.33121421933174133, 0.44091635942459106, 0.07422606647014618, 0.05898561701178551], "conf": 0.3972373902797699}, {"class_name": "B3", "bbox_yolo": [0.6160724759101868, 0.43207770586013794, 0.11698450148105621, 0.09645857661962509], "conf": 0.2931489050388336}], "count_per_class": {"B1": 0, "B2": 0, "B3": 2, "B4": 0}, "side_index": 1}