{"image": "LONSUM_A21A_0056_1.jpg", "detector": "y26s", "detections": [{"class_name": "B3", "bbox_yolo": [0.33980342745780945, 0.5610100626945496, 0.08788573741912842, 0.07635293155908585], "conf": 0.3189621567726135}], "count_per_class": {"B1": 0, "B2": 0, "B3": 1, "B4": 0}, "side_index": 0}