{"image": "LONSUM_A21A_0065_3.jpg", "detector": "y26s", "detections": [{"class_name": "B3", "bbox_yolo": [0.43966642022132874, 0.40090709924697876, 0.20972399413585663, 0.16543617844581604], "conf": 0.5697028040885925}], "count_per_class": {"B1": 0, "B2": 0, "B3": 1, "B4": 0}, "side_index": 2}