{"image": "LONSUM_A21A_0019_3.jpg", "detector": "y26s", "detections": [{"class_name": "B3", "bbox_yolo": [0.27415043115615845, 0.38397035002708435, 0.13005998730659485, 0.1092902198433876], "conf": 0.600267767906189}, {"class_name": "B4", "bbox_yolo": [0.37929779291152954, 0.3015146255493164, 0.13555225729942322, 0.11341581493616104], "conf": 0.49897000193595886}, {"class_name": "B3", "bbox_yolo": [0.37929779291152954, 0.3015146255493164, 0.13555225729942322, 0.11341581493616104], "conf": 0.2594822645187378}], "count_per_class": {"B1": 0, "B2": 0, "B3": 2, "B4": 1}, "side_index": 2}