{"image": "LONSUM_A21A_0006_2.jpg", "detector": "y26s", "detections": [{"class_name": "B3", "bbox_yolo": [0.4745355546474457, 0.43099138140678406, 0.13067951798439026, 0.11648764461278915], "conf": 0.5261667966842651}], "count_per_class": {"B1": 0, "B2": 0, "B3": 1, "B4": 0}, "side_index": 1}