{"image": "LONSUM_A21A_0045_2.jpg", "detector": "y26s", "detections": [{"class_name": "B3", "bbox_yolo": [0.497499018907547, 0.3718516528606415, 0.07766730338335037, 0.07906384766101837], "conf": 0.26349741220474243}], "count_per_class": {"B1": 0, "B2": 0, "B3": 1, "B4": 0}, "side_index": 1}