{"image": "LONSUM_A21A_0066_2.jpg", "detector": "y26s", "detections": [{"class_name": "B3", "bbox_yolo": [0.6690871119499207, 0.39398330450057983, 0.0978633314371109, 0.06334815174341202], "conf": 0.2742741107940674}], "count_per_class": {"B1": 0, "B2": 0, "B3": 1, "B4": 0}, "side_index": 1}