{"image": "LONSUM_A21A_0078_4.jpg", "detector": "y26s", "detections": [{"class_name": "B3", "bbox_yolo": [0.38613131642341614, 0.17816638946533203, 0.06339451670646667, 0.0434737466275692], "conf": 0.35922956466674805}, {"class_name": "B3", "bbox_yolo": [0.4001290500164032, 0.11928997188806534, 0.062363117933273315, 0.061643458902835846], "conf": 0.2721235156059265}], "count_per_class": {"B1": 0, "B2": 0, "B3": 2, "B4": 0}, "side_index": 3}