{"image": "LONSUM_A21A_0066_3.jpg", "detector": "y26s", "detections": [{"class_name": "B3", "bbox_yolo": [0.3772801160812378, 0.290002703666687, 0.12314069271087646, 0.0887182280421257], "conf": 0.25706443190574646}], "count_per_class": {"B1": 0, "B2": 0, "B3": 1, "B4": 0}, "side_index": 2}