{"image": "LONSUM_A21A_0028_3.jpg", "detector": "y26s", "detections": [{"class_name": "B3", "bbox_yolo": [0.38929107785224915, 0.4175358712673187, 0.07082682102918625, 0.07061877101659775], "conf": 0.3608989417552948}], "count_per_class": {"B1": 0, "B2": 0, "B3": 1, "B4": 0}, "side_index": 2}