{"image": "LONSUM_A21A_0038_2.jpg", "detector": "y26s", "detections": [{"class_name": "B3", "bbox_yolo": [0.3413662016391754, 0.4616113603115082, 0.0679139792919159, 0.06466155499219894], "conf": 0.4396268129348755}, {"class_name": "B3", "bbox_yolo": [0.5235188603401184, 0.3589039146900177, 0.08088341355323792, 0.06680092960596085], "conf": 0.28123313188552856}, {"class_name": "B4", "bbox_yolo": [0.5235188603401184, 0.3589039146900177, 0.08088341355323792, 0.06680092960596085], "conf": 0.2712344527244568}], "count_per_class": {"B1": 0, "B2": 0, "B3": 2, "B4": 1}, "side_index": 1}