{"image": "LONSUM_A21A_0017_2.jpg", "detector": "y26s", "detections": [{"class_name": "B3", "bbox_yolo": [0.3223753869533539, 0.5664561986923218, 0.13245902955532074, 0.09896917641162872], "conf": 0.5016530752182007}], "count_per_class": {"B1": 0, "B2": 0, "B3": 1, "B4": 0}, "side_index": 1}