{"image": "LONSUM_A21A_0015_1.jpg", "detector": "y26s", "detections": [{"class_name": "B3", "bbox_yolo": [0.6052501797676086, 0.4537934958934784, 0.06817061454057693, 0.057624150067567825], "conf": 0.25821563601493835}], "count_per_class": {"B1": 0, "B2": 0, "B3": 1, "B4": 0}, "side_index": 0}