{"image": "LONSUM_A21A_0019_4.jpg", "detector": "y26s", "detections": [{"class_name": "B3", "bbox_yolo": [0.36200693249702454, 0.3818465769290924, 0.11417179554700851, 0.0945502519607544], "conf": 0.41089358925819397}, {"class_name": "B3", "bbox_yolo": [0.6862351894378662, 0.4159272611141205, 0.11080151051282883, 0.09640388935804367], "conf": 0.26648056507110596}], "count_per_class": {"B1": 0, "B2": 0, "B3": 2, "B4": 0}, "side_index": 3}