{"image": "LONSUM_A21A_0056_2.jpg", "detector": "y26s", "detections": [{"class_name": "B3", "bbox_yolo": [0.42047908902168274, 0.48897218704223633, 0.1556769162416458, 0.1221558079123497], "conf": 0.2751713991165161}], "count_per_class": {"B1": 0, "B2": 0, "B3": 1, "B4": 0}, "side_index": 1}