{"image": "LONSUM_A21A_0088_3.jpg", "detector": "y26s", "detections": [{"class_name": "B3", "bbox_yolo": [0.4546654522418976, 0.20664511620998383, 0.07254311442375183, 0.057164814323186874], "conf": 0.45717573165893555}], "count_per_class": {"B1": 0, "B2": 0, "B3": 1, "B4": 0}, "side_index": 2}