{"image": "LONSUM_A21A_0076_4.jpg", "detector": "y26s", "detections": [{"class_name": "B3", "bbox_yolo": [0.38807591795921326, 0.13411398231983185, 0.10683603584766388, 0.09178560227155685], "conf": 0.3830241858959198}, {"class_name": "B3", "bbox_yolo": [0.4812142252922058, 0.07275700569152832, 0.11347488313913345, 0.09477129578590393], "conf": 0.35329046845436096}, {"class_name": "B3", "bbox_yolo": [0.3823416531085968, 0.12860222160816193, 0.08381137996912003, 0.07559036463499069], "conf": 0.27503451704978943}, {"class_name": "B3", "bbox_yolo": [0.4726203978061676, 0.06552177667617798, 0.08395208418369293, 0.08073782920837402], "conf": 0.2716941833496094}], "count_per_class": {"B1": 0, "B2": 0, "B3": 4, "B4": 0}, "side_index": 3}