{"image": "DAMIMAS_A21B_0633_1.jpg", "detector": "y26n", "detections": [{"class_name": "B3", "bbox_yolo": [0.32831451296806335, 0.5910840034484863, 0.1165098249912262, 0.10243906825780869], "conf": 0.5204336047172546}, {"class_name": "B3", "bbox_yolo": [0.6704227924346924, 0.5949945449829102, 0.13592217862606049, 0.09766364097595215], "conf": 0.5195344090461731}], "count_per_class": {"B1": 0, "B2": 0, "B3": 2, "B4": 0}, "side_index": 0}