{"image": "DAMIMAS_A21B_0196_4.jpg", "detector": "y26n", "detections": [{"class_name": "B3", "bbox_yolo": [0.5551742911338806, 0.36602306365966797, 0.10146237164735794, 0.07890921086072922], "conf": 0.5415512323379517}, {"class_name": "B3", "bbox_yolo": [0.35878199338912964, 0.43068361282348633, 0.08377857506275177, 0.07227063179016113], "conf": 0.44133907556533813}], "count_per_class": {"B1": 0, "B2": 0, "B3": 2, "B4": 0}, "side_index": 3}