{"image": "DAMIMAS_A21B_0039_1.jpg", "detector": "y26n", "detections": [{"class_name": "B1", "bbox_yolo": [0.5677419900894165, 0.5484285354614258, 0.11229629814624786, 0.09754519909620285], "conf": 0.7317970395088196}, {"class_name": "B3", "bbox_yolo": [0.4435904324054718, 0.5411650538444519, 0.10330668091773987, 0.08421903103590012], "conf": 0.7000830769538879}], "count_per_class": {"B1": 1, "B2": 0, "B3": 1, "B4": 0}, "side_index": 0}