{"image": "DAMIMAS_A21B_0317_3.jpg", "detector": "y26n", "detections": [{"class_name": "B3", "bbox_yolo": [0.38296574354171753, 0.5115249156951904, 0.11723983287811279, 0.10711240768432617], "conf": 0.6731266379356384}, {"class_name": "B3", "bbox_yolo": [0.5904129147529602, 0.48417672514915466, 0.10110849142074585, 0.0819760337471962], "conf": 0.43833068013191223}], "count_per_class": {"B1": 0, "B2": 0, "B3": 2, "B4": 0}, "side_index": 2}