{"image": "DAMIMAS_A21B_0718_1.jpg", "detector": "y26n", "detections": [{"class_name": "B1", "bbox_yolo": [0.29709893465042114, 0.4530450999736786, 0.25446248054504395, 0.17884020507335663], "conf": 0.8105892539024353}, {"class_name": "B2", "bbox_yolo": [0.5724604725837708, 0.42701807618141174, 0.23609013855457306, 0.16149067878723145], "conf": 0.6917345523834229}, {"class_name": "B4", "bbox_yolo": [0.2576163709163666, 0.26469549536705017, 0.10142937302589417, 0.0975075289607048], "conf": 0.2658435106277466}], "count_per_class": {"B1": 1, "B2": 1, "B3": 0, "B4": 1}, "side_index": 0}