{"image": "DAMIMAS_A21B_0223_2.jpg", "detector": "y26n", "detections": [{"class_name": "B3", "bbox_yolo": [0.3578619956970215, 0.39257118105888367, 0.11657289415597916, 0.09637618064880371], "conf": 0.5257018208503723}, {"class_name": "B3", "bbox_yolo": [0.5948916673660278, 0.42668476700782776, 0.12171167135238647, 0.09413304179906845], "conf": 0.3516199588775635}, {"class_name": "B3", "bbox_yolo": [0.49430763721466064, 0.3620467782020569, 0.094516821205616, 0.08344049751758575], "conf": 0.25688958168029785}], "count_per_class": {"B1": 0, "B2": 0, "B3": 3, "B4": 0}, "side_index": 1}