{"image": "DAMIMAS_A21B_0468_4.jpg", "detector": "y26n", "detections": [{"class_name": "B1", "bbox_yolo": [0.5218887329101562, 0.3582650125026703, 0.12230126559734344, 0.091055728495121], "conf": 0.5672585368156433}, {"class_name": "B4", "bbox_yolo": [0.4952557682991028, 0.2913336455821991, 0.09688549488782883, 0.061200547963380814], "conf": 0.35814401507377625}, {"class_name": "B3", "bbox_yolo": [0.4952557682991028, 0.2913336455821991, 0.09688549488782883, 0.061200547963380814], "conf": 0.30875447392463684}], "count_per_class": {"B1": 1, "B2": 0, "B3": 1, "B4": 1}, "side_index": 3}