{"image": "DAMIMAS_A21B_0321_3.jpg", "detector": "y26n", "detections": [{"class_name": "B3", "bbox_yolo": [0.6510071754455566, 0.5183717012405396, 0.13932698965072632, 0.11450018733739853], "conf": 0.5424660444259644}, {"class_name": "B1", "bbox_yolo": [0.7413936853408813, 0.5691930055618286, 0.12537594139575958, 0.11180400848388672], "conf": 0.3163730800151825}, {"class_name": "B3", "bbox_yolo": [0.34448540210723877, 0.46304628252983093, 0.14992988109588623, 0.11835074424743652], "conf": 0.26779255270957947}], "count_per_class": {"B1": 1, "B2": 0, "B3": 2, "B4": 0}, "side_index": 2}