{"image": "DAMIMAS_A21B_0813_1.jpg", "detector": "y26n", "detections": [{"class_name": "B3", "bbox_yolo": [0.4287697672843933, 0.3850908577442169, 0.1672413945198059, 0.11446642875671387], "conf": 0.6432893872261047}, {"class_name": "B3", "bbox_yolo": [0.6107327938079834, 0.34549403190612793, 0.13462811708450317, 0.09015307575464249], "conf": 0.41862940788269043}, {"class_name": "B2", "bbox_yolo": [0.5805844664573669, 0.45508965849876404, 0.1758725941181183, 0.11637015640735626], "conf": 0.3664724826812744}], "count_per_class": {"B1": 0, "B2": 1, "B3": 2, "B4": 0}, "side_index": 0}