{"image": "DAMIMAS_A21B_0571_3.jpg", "detector": "y26n", "detections": [{"class_name": "B4", "bbox_yolo": [0.683872640132904, 0.2143985480070114, 0.11856263875961304, 0.06835611909627914], "conf": 0.5213696956634521}, {"class_name": "B2", "bbox_yolo": [0.41307151317596436, 0.32827484607696533, 0.15615537762641907, 0.1697862148284912], "conf": 0.408089816570282}, {"class_name": "B2", "bbox_yolo": [0.6648727655410767, 0.30530139803886414, 0.16920478641986847, 0.12246797233819962], "conf": 0.3461523652076721}, {"class_name": "B3", "bbox_yolo": [0.6648727655410767, 0.30530139803886414, 0.16920478641986847, 0.12246797233819962], "conf": 0.32842832803726196}], "count_per_class": {"B1": 0, "B2": 2, "B3": 1, "B4": 1}, "side_index": 2}