{"image": "DAMIMAS_A21B_0612_4.jpg", "detector": "y26n", "detections": [{"class_name": "B3", "bbox_yolo": [0.6741539239883423, 0.33403027057647705, 0.15301571786403656, 0.11261706799268723], "conf": 0.6161264181137085}, {"class_name": "B3", "bbox_yolo": [0.4256797134876251, 0.34387579560279846, 0.20875556766986847, 0.18318243324756622], "conf": 0.44862982630729675}, {"class_name": "B3", "bbox_yolo": [0.25799059867858887, 0.2555917203426361, 0.17445050179958344, 0.12098417431116104], "conf": 0.44414186477661133}, {"class_name": "B3", "bbox_yolo": [0.3801363706588745, 0.360439270734787, 0.11823133379220963, 0.14010725915431976], "conf": 0.3680836856365204}], "count_per_class": {"B1": 0, "B2": 0, "B3": 4, "B4": 0}, "side_index": 3}