{"image": "DAMIMAS_A21B_0507_2.jpg", "detector": "y26n", "detections": [{"class_name": "B3", "bbox_yolo": [0.6791406273841858, 0.37779492139816284, 0.11856009811162949, 0.0954803004860878], "conf": 0.5657331943511963}, {"class_name": "B3", "bbox_yolo": [0.4470301568508148, 0.3571319580078125, 0.11300726234912872, 0.08854370564222336], "conf": 0.4748138189315796}, {"class_name": "B2", "bbox_yolo": [0.36593857407569885, 0.3997354507446289, 0.11915729194879532, 0.09093930572271347], "conf": 0.3335579037666321}, {"class_name": "B2", "bbox_yolo": [0.5490257143974304, 0.4239596426486969, 0.15393181145191193, 0.10426311939954758], "conf": 0.3148057162761688}], "count_per_class": {"B1": 0, "B2": 2, "B3": 2, "B4": 0}, "side_index": 1}