{"image": "DAMIMAS_A21B_0665_3.jpg", "detector": "y26n", "detections": [{"class_name": "B1", "bbox_yolo": [0.4060363173484802, 0.442374050617218, 0.16993968188762665, 0.11588633060455322], "conf": 0.8151161670684814}, {"class_name": "B2", "bbox_yolo": [0.6042714715003967, 0.42310866713523865, 0.1602262556552887, 0.12216196209192276], "conf": 0.7380458116531372}, {"class_name": "B3", "bbox_yolo": [0.47508859634399414, 0.3569856584072113, 0.1304546445608139, 0.08253021538257599], "conf": 0.35292309522628784}, {"class_name": "B4", "bbox_yolo": [0.6309894323348999, 0.33989620208740234, 0.09865939617156982, 0.06011638790369034], "conf": 0.2761097252368927}], "count_per_class": {"B1": 1, "B2": 1, "B3": 1, "B4": 1}, "side_index": 2}