{"image": "DAMIMAS_A21B_0026_1.jpg", "detector": "y26n", "detections": [{"class_name": "B3", "bbox_yolo": [0.5134672522544861, 0.556382417678833, 0.10233752429485321, 0.0780218169093132], "conf": 0.7206394672393799}, {"class_name": "B3", "bbox_yolo": [0.3782052993774414, 0.5773496031761169, 0.11094958335161209, 0.07941284030675888], "conf": 0.4944310486316681}], "count_per_class": {"B1": 0, "B2": 0, "B3": 2, "B4": 0}, "side_index": 0}