{"image": "DAMIMAS_A21B_0271_4.jpg", "detector": "y26n", "detections": [{"class_name": "B3", "bbox_yolo": [0.5983781218528748, 0.31295910477638245, 0.09511439502239227, 0.07382652908563614], "conf": 0.30592772364616394}, {"class_name": "B3", "bbox_yolo": [0.4357524514198303, 0.3567359149456024, 0.1286018192768097, 0.10087358951568604], "conf": 0.2933850884437561}], "count_per_class": {"B1": 0, "B2": 0, "B3": 2, "B4": 0}, "side_index": 3}