{"image": "DAMIMAS_A21B_0586_4.jpg", "detector": "y26n", "detections": [{"class_name": "B3", "bbox_yolo": [0.2558823823928833, 0.41064077615737915, 0.20086446404457092, 0.15913133323192596], "conf": 0.6084539890289307}, {"class_name": "B2", "bbox_yolo": [0.509057343006134, 0.43762779235839844, 0.1858004629611969, 0.16207318007946014], "conf": 0.5125863552093506}, {"class_name": "B4", "bbox_yolo": [0.6438782215118408, 0.3598077893257141, 0.12853559851646423, 0.11220429092645645], "conf": 0.29987019300460815}], "count_per_class": {"B1": 0, "B2": 1, "B3": 1, "B4": 1}, "side_index": 3}