{"image": "DAMIMAS_A21B_0498_2.jpg", "detector": "y26n", "detections": [{"class_name": "B1", "bbox_yolo": [0.670660674571991, 0.43228083848953247, 0.11042296886444092, 0.09440694004297256], "conf": 0.7351637482643127}, {"class_name": "B3", "bbox_yolo": [0.5879616141319275, 0.38492318987846375, 0.1321401596069336, 0.10064945369958878], "conf": 0.6031910181045532}, {"class_name": "B2", "bbox_yolo": [0.41159918904304504, 0.4257003366947174, 0.11639633774757385, 0.10136768966913223], "conf": 0.3534201383590698}], "count_per_class": {"B1": 1, "B2": 1, "B3": 1, "B4": 0}, "side_index": 1}