{"image": "DAMIMAS_A21B_0317_1.jpg", "detector": "y26n", "detections": [{"class_name": "B3", "bbox_yolo": [0.370500385761261, 0.3667023479938507, 0.11409200727939606, 0.09647097438573837], "conf": 0.5556204319000244}, {"class_name": "B3", "bbox_yolo": [0.31520214676856995, 0.4624401032924652, 0.09010404348373413, 0.09928631782531738], "conf": 0.3849112391471863}, {"class_name": "B3", "bbox_yolo": [0.4769064784049988, 0.378359854221344, 0.0842205062508583, 0.07457506656646729], "conf": 0.3178454339504242}], "count_per_class": {"B1": 0, "B2": 0, "B3": 3, "B4": 0}, "side_index": 0}