{"image": "DAMIMAS_A21B_0765_2.jpg", "detector": "y26n", "detections": [{"class_name": "B1", "bbox_yolo": [0.5952839255332947, 0.4819304645061493, 0.22793395817279816, 0.155330091714859], "conf": 0.8006682991981506}, {"class_name": "B3", "bbox_yolo": [0.39445197582244873, 0.46389514207839966, 0.15489013493061066, 0.11852436512708664], "conf": 0.6783560514450073}, {"class_name": "B4", "bbox_yolo": [0.5950978994369507, 0.3697687089443207, 0.10586478561162949, 0.06920170783996582], "conf": 0.27679914236068726}], "count_per_class": {"B1": 1, "B2": 0, "B3": 1, "B4": 1}, "side_index": 1}