{"image": "DAMIMAS_A21B_0813_6.jpg", "detector": "y26n", "detections": [{"class_name": "B2", "bbox_yolo": [0.5063011646270752, 0.45280981063842773, 0.1642829328775406, 0.10848889499902725], "conf": 0.4993884861469269}, {"class_name": "B3", "bbox_yolo": [0.5685132145881653, 0.3604904115200043, 0.14494210481643677, 0.085079625248909], "conf": 0.4941965639591217}, {"class_name": "B2", "bbox_yolo": [0.2205001264810562, 0.44567805528640747, 0.12031860649585724, 0.09110760688781738], "conf": 0.2675810158252716}], "count_per_class": {"B1": 0, "B2": 2, "B3": 1, "B4": 0}, "side_index": 5}