{"image": "DAMIMAS_A21B_0035_4.jpg", "detector": "y26n", "detections": [{"class_name": "B3", "bbox_yolo": [0.3683089017868042, 0.5019804239273071, 0.11006200313568115, 0.07300715893507004], "conf": 0.43247997760772705}, {"class_name": "B3", "bbox_yolo": [0.470302551984787, 0.4787033200263977, 0.09294729679822922, 0.06809335201978683], "conf": 0.3749350607395172}, {"class_name": "B3", "bbox_yolo": [0.5769594311714172, 0.4873276650905609, 0.0808865875005722, 0.062287475913763046], "conf": 0.255048543214798}], "count_per_class": {"B1": 0, "B2": 0, "B3": 3, "B4": 0}, "side_index": 3}