{"image": "DAMIMAS_A21B_0073_1.jpg", "detector": "y26n", "detections": [{"class_name": "B4", "bbox_yolo": [0.5769809484481812, 0.36018332839012146, 0.1060485914349556, 0.07708227634429932], "conf": 0.2758519947528839}], "count_per_class": {"B1": 0, "B2": 0, "B3": 0, "B4": 1}, "side_index": 0}