{"image": "DAMIMAS_A21B_0432_3.jpg", "detector": "y26n", "detections": [{"class_name": "B3", "bbox_yolo": [0.5023773908615112, 0.5199155211448669, 0.05552501976490021, 0.05445981025695801], "conf": 0.3852032423019409}, {"class_name": "B2", "bbox_yolo": [0.5814378261566162, 0.533623993396759, 0.07783349603414536, 0.058419276028871536], "conf": 0.2852943539619446}, {"class_name": "B3", "bbox_yolo": [0.6165948510169983, 0.49277812242507935, 0.05490977317094803, 0.03775191307067871], "conf": 0.25403842329978943}], "count_per_class": {"B1": 0, "B2": 1, "B3": 2, "B4": 0}, "side_index": 2}