{"image": "DAMIMAS_A21B_0307_3.jpg", "detector": "y26n", "detections": [{"class_name": "B3", "bbox_yolo": [0.4385371804237366, 0.4467860162258148, 0.14821965992450714, 0.12101805210113525], "conf": 0.6885074973106384}, {"class_name": "B3", "bbox_yolo": [0.315637469291687, 0.432483047246933, 0.10490046441555023, 0.10436230152845383], "conf": 0.45941492915153503}], "count_per_class": {"B1": 0, "B2": 0, "B3": 2, "B4": 0}, "side_index": 2}