{"image": "DAMIMAS_A21B_0463_1.jpg", "detector": "y26n", "detections": [{"class_name": "B3", "bbox_yolo": [0.5242924690246582, 0.510968029499054, 0.08187723904848099, 0.06751656532287598], "conf": 0.30655524134635925}, {"class_name": "B3", "bbox_yolo": [0.40784770250320435, 0.5186449885368347, 0.04747041314840317, 0.050661563873291016], "conf": 0.2705179452896118}], "count_per_class": {"B1": 0, "B2": 0, "B3": 2, "B4": 0}, "side_index": 0}