{"image": "DAMIMAS_A21B_0649_2.jpg", "detector": "y26n", "detections": [{"class_name": "B3", "bbox_yolo": [0.34674733877182007, 0.42322513461112976, 0.20729176700115204, 0.17666582763195038], "conf": 0.6933618783950806}, {"class_name": "B3", "bbox_yolo": [0.5255765318870544, 0.335018515586853, 0.21120774745941162, 0.1795441210269928], "conf": 0.6748082637786865}, {"class_name": "B4", "bbox_yolo": [0.8094004988670349, 0.26527139544487, 0.11256904900074005, 0.07199110835790634], "conf": 0.38915756344795227}, {"class_name": "B3", "bbox_yolo": [0.7727211117744446, 0.36967533826828003, 0.2276899516582489, 0.13504891097545624], "conf": 0.33438777923583984}], "count_per_class": {"B1": 0, "B2": 0, "B3": 3, "B4": 1}, "side_index": 1}