{"image": "DAMIMAS_A21B_0285_4.jpg", "detector": "y26n", "detections": [{"class_name": "B1", "bbox_yolo": [0.48649314045906067, 0.5277935862541199, 0.16734731197357178, 0.10173612087965012], "conf": 0.7463074922561646}, {"class_name": "B3", "bbox_yolo": [0.4596177637577057, 0.4386758804321289, 0.13163290917873383, 0.08733697235584259], "conf": 0.4480855464935303}, {"class_name": "B4", "bbox_yolo": [0.565736711025238, 0.4071759283542633, 0.12551940977573395, 0.08633401244878769], "conf": 0.4206085205078125}, {"class_name": "B2", "bbox_yolo": [0.7274021506309509, 0.5230327844619751, 0.1065874770283699, 0.08304806053638458], "conf": 0.3767193853855133}], "count_per_class": {"B1": 1, "B2": 1, "B3": 1, "B4": 1}, "side_index": 3}