{"image": "DAMIMAS_A21B_0784_4.jpg", "detector": "y26n", "detections": [{"class_name": "B3", "bbox_yolo": [0.4702855050563812, 0.25063633918762207, 0.15037406980991364, 0.13539433479309082], "conf": 0.5253939032554626}, {"class_name": "B2", "bbox_yolo": [0.3532676100730896, 0.32897287607192993, 0.1057669073343277, 0.10953237861394882], "conf": 0.34319210052490234}], "count_per_class": {"B1": 0, "B2": 1, "B3": 1, "B4": 0}, "side_index": 3}