{"image": "DAMIMAS_A21B_0039_4.jpg", "detector": "y26n", "detections": [{"class_name": "B3", "bbox_yolo": [0.3581870496273041, 0.46139898896217346, 0.10876239836215973, 0.09543686360120773], "conf": 0.6179295182228088}, {"class_name": "B1", "bbox_yolo": [0.623616099357605, 0.49683257937431335, 0.11348127573728561, 0.09896788746118546], "conf": 0.5744412541389465}, {"class_name": "B3", "bbox_yolo": [0.48604878783226013, 0.48746609687805176, 0.11831598728895187, 0.09752111881971359], "conf": 0.5421505570411682}], "count_per_class": {"B1": 1, "B2": 0, "B3": 2, "B4": 0}, "side_index": 3}