{"image": "DAMIMAS_A21B_0785_1.jpg", "detector": "y26n", "detections": [{"class_name": "B3", "bbox_yolo": [0.5504117608070374, 0.22843585908412933, 0.15393735468387604, 0.13211239874362946], "conf": 0.5847835540771484}, {"class_name": "B3", "bbox_yolo": [0.33728188276290894, 0.28072577714920044, 0.14184711873531342, 0.124855637550354], "conf": 0.34074777364730835}], "count_per_class": {"B1": 0, "B2": 0, "B3": 2, "B4": 0}, "side_index": 0}