{"image": "DAMIMAS_A21B_0319_4.jpg", "detector": "y26n", "detections": [{"class_name": "B3", "bbox_yolo": [0.604202926158905, 0.5091221332550049, 0.10658970475196838, 0.09222469478845596], "conf": 0.7159714102745056}, {"class_name": "B3", "bbox_yolo": [0.25827157497406006, 0.5479974150657654, 0.11208105832338333, 0.10360999405384064], "conf": 0.3649596571922302}, {"class_name": "B2", "bbox_yolo": [0.6762672662734985, 0.5709525346755981, 0.10930182784795761, 0.09640254825353622], "conf": 0.2584884464740753}], "count_per_class": {"B1": 0, "B2": 1, "B3": 2, "B4": 0}, "side_index": 3}