{"image": "DAMIMAS_A21B_0359_3.jpg", "detector": "y26n", "detections": [{"class_name": "B3", "bbox_yolo": [0.5623586177825928, 0.4820830523967743, 0.11900845170021057, 0.09154921025037766], "conf": 0.5624216794967651}, {"class_name": "B1", "bbox_yolo": [0.6507347822189331, 0.5129250884056091, 0.11432407051324844, 0.08962221443653107], "conf": 0.542281985282898}, {"class_name": "B1", "bbox_yolo": [0.412697434425354, 0.4996200203895569, 0.11739855259656906, 0.0863916426897049], "conf": 0.4083569347858429}], "count_per_class": {"B1": 2, "B2": 0, "B3": 1, "B4": 0}, "side_index": 2}