{"image": "DAMIMAS_A21B_0088_4.jpg", "detector": "y26n", "detections": [{"class_name": "B3", "bbox_yolo": [0.30791476368904114, 0.4909745156764984, 0.10386491566896439, 0.09747815132141113], "conf": 0.5561922192573547}, {"class_name": "B3", "bbox_yolo": [0.6668235063552856, 0.4620090126991272, 0.10275199264287949, 0.06879901885986328], "conf": 0.4524933695793152}, {"class_name": "B2", "bbox_yolo": [0.42798805236816406, 0.502055823802948, 0.1399611234664917, 0.10027513653039932], "conf": 0.2584223747253418}], "count_per_class": {"B1": 0, "B2": 1, "B3": 2, "B4": 0}, "side_index": 3}