{"image": "DAMIMAS_A21B_0627_2.jpg", "detector": "y26n", "detections": [{"class_name": "B2", "bbox_yolo": [0.22635455429553986, 0.4103464186191559, 0.15958036482334137, 0.1513696163892746], "conf": 0.6112996935844421}, {"class_name": "B2", "bbox_yolo": [0.5968708992004395, 0.4360254406929016, 0.21339315176010132, 0.1892530471086502], "conf": 0.5663663744926453}, {"class_name": "B3", "bbox_yolo": [0.3762223422527313, 0.3729339838027954, 0.13447774946689606, 0.15825162827968597], "conf": 0.5259119272232056}, {"class_name": "B3", "bbox_yolo": [0.3822968900203705, 0.37317171692848206, 0.1499491184949875, 0.1654759645462036], "conf": 0.43921464681625366}], "count_per_class": {"B1": 0, "B2": 2, "B3": 2, "B4": 0}, "side_index": 1}