{"image": "DAMIMAS_A21B_0444_1.jpg", "detector": "y26n", "detections": [{"class_name": "B3", "bbox_yolo": [0.4077354967594147, 0.3887307643890381, 0.0841759443283081, 0.0646657720208168], "conf": 0.428756445646286}, {"class_name": "B3", "bbox_yolo": [0.35596439242362976, 0.35715702176094055, 0.04572480916976929, 0.04148669168353081], "conf": 0.3127652704715729}], "count_per_class": {"B1": 0, "B2": 0, "B3": 2, "B4": 0}, "side_index": 0}