{"image": "DAMIMAS_A21B_0475_4.jpg", "detector": "y26n", "detections": [{"class_name": "B3", "bbox_yolo": [0.5632926225662231, 0.4447724521160126, 0.09749817103147507, 0.07506632804870605], "conf": 0.4280581772327423}, {"class_name": "B3", "bbox_yolo": [0.6206867694854736, 0.41436871886253357, 0.05442715063691139, 0.04584524780511856], "conf": 0.37787577509880066}], "count_per_class": {"B1": 0, "B2": 0, "B3": 2, "B4": 0}, "side_index": 3}