{"image": "DAMIMAS_A21B_0324_4.jpg", "detector": "y26n", "detections": [{"class_name": "B3", "bbox_yolo": [0.3807425796985626, 0.4649147093296051, 0.1474921554327011, 0.10560131072998047], "conf": 0.6965159773826599}, {"class_name": "B3", "bbox_yolo": [0.6786618828773499, 0.4658299386501312, 0.12832197546958923, 0.08578000217676163], "conf": 0.5854214429855347}], "count_per_class": {"B1": 0, "B2": 0, "B3": 2, "B4": 0}, "side_index": 3}