{"image": "DAMIMAS_A21B_0766_4.jpg", "detector": "y26n", "detections": [{"class_name": "B3", "bbox_yolo": [0.7087268829345703, 0.3767012655735016, 0.12663930654525757, 0.10629644244909286], "conf": 0.513477087020874}, {"class_name": "B2", "bbox_yolo": [0.4891694188117981, 0.32851383090019226, 0.15732136368751526, 0.1069590374827385], "conf": 0.40162500739097595}, {"class_name": "B4", "bbox_yolo": [0.6729369163513184, 0.26604482531547546, 0.09213396906852722, 0.07141564041376114], "conf": 0.28116855025291443}], "count_per_class": {"B1": 0, "B2": 1, "B3": 1, "B4": 1}, "side_index": 3}