{"image": "DAMIMAS_A21B_0831_1.jpg", "detector": "y26n", "detections": [{"class_name": "B2", "bbox_yolo": [0.5228338241577148, 0.4070926308631897, 0.15703891217708588, 0.13069270551204681], "conf": 0.6934993267059326}, {"class_name": "B1", "bbox_yolo": [0.34241315722465515, 0.426825612783432, 0.13668642938137054, 0.1094353199005127], "conf": 0.6800508499145508}, {"class_name": "B3", "bbox_yolo": [0.40111714601516724, 0.32901468873023987, 0.12942226231098175, 0.1067851334810257], "conf": 0.5967199802398682}, {"class_name": "B3", "bbox_yolo": [0.5619872212409973, 0.30128541588783264, 0.13114595413208008, 0.09674213081598282], "conf": 0.5893905162811279}], "count_per_class": {"B1": 1, "B2": 1, "B3": 2, "B4": 0}, "side_index": 0}