{"image": "DAMIMAS_A21B_0172_4.jpg", "detector": "y26n", "detections": [{"class_name": "B2", "bbox_yolo": [0.32742905616760254, 0.4846820533275604, 0.11715514212846756, 0.09292230755090714], "conf": 0.5596491694450378}, {"class_name": "B3", "bbox_yolo": [0.5496530532836914, 0.47463008761405945, 0.11065105348825455, 0.07601914554834366], "conf": 0.5237203240394592}, {"class_name": "B3", "bbox_yolo": [0.5960659384727478, 0.41493770480155945, 0.08627192676067352, 0.05931863933801651], "conf": 0.33105459809303284}], "count_per_class": {"B1": 0, "B2": 1, "B3": 2, "B4": 0}, "side_index": 3}