{"image": "DAMIMAS_A21B_0202_2.jpg", "detector": "y26n", "detections": [{"class_name": "B3", "bbox_yolo": [0.545728862285614, 0.39605283737182617, 0.09603507071733475, 0.0748157724738121], "conf": 0.42721328139305115}, {"class_name": "B3", "bbox_yolo": [0.6765921115875244, 0.41662245988845825, 0.05612386390566826, 0.05183885246515274], "conf": 0.3304937779903412}], "count_per_class": {"B1": 0, "B2": 0, "B3": 2, "B4": 0}, "side_index": 1}