{"image": "DAMIMAS_A21B_0456_3.jpg", "detector": "y26n", "detections": [{"class_name": "B3", "bbox_yolo": [0.5243590474128723, 0.3544359803199768, 0.10829111933708191, 0.07929032295942307], "conf": 0.5483012795448303}, {"class_name": "B1", "bbox_yolo": [0.5588719844818115, 0.42859601974487305, 0.1245434507727623, 0.08486571162939072], "conf": 0.5110509991645813}, {"class_name": "B4", "bbox_yolo": [0.40010249614715576, 0.32223495841026306, 0.10212904959917068, 0.058467745780944824], "conf": 0.3342441916465759}, {"class_name": "B4", "bbox_yolo": [0.4007148742675781, 0.32967710494995117, 0.11229217052459717, 0.07100947201251984], "conf": 0.2550445795059204}], "count_per_class": {"B1": 1, "B2": 0, "B3": 1, "B4": 2}, "side_index": 2}