{"image": "DAMIMAS_A21B_0848_5.jpg", "detector": "y26n", "detections": [{"class_name": "B3", "bbox_yolo": [0.44706112146377563, 0.5432783365249634, 0.12469295412302017, 0.08573140949010849], "conf": 0.5799206495285034}, {"class_name": "B4", "bbox_yolo": [0.4219566881656647, 0.4661077558994293, 0.10086721181869507, 0.06506957858800888], "conf": 0.5504003763198853}, {"class_name": "B3", "bbox_yolo": [0.6634902954101562, 0.5226096510887146, 0.1079174131155014, 0.0792108103632927], "conf": 0.26635104417800903}], "count_per_class": {"B1": 0, "B2": 0, "B3": 2, "B4": 1}, "side_index": 4}