{"image": "DAMIMAS_A21B_0185_4.jpg", "detector": "y26n", "detections": [{"class_name": "B3", "bbox_yolo": [0.33014190196990967, 0.38637858629226685, 0.17225956916809082, 0.12559986114501953], "conf": 0.8143938183784485}, {"class_name": "B3", "bbox_yolo": [0.6795504689216614, 0.4017430245876312, 0.1421004682779312, 0.11204192787408829], "conf": 0.5957872271537781}, {"class_name": "B3", "bbox_yolo": [0.5088497400283813, 0.4072554111480713, 0.13242264091968536, 0.11900100857019424], "conf": 0.4305243194103241}, {"class_name": "B3", "bbox_yolo": [0.5885716080665588, 0.33486372232437134, 0.11389647424221039, 0.08404290676116943], "conf": 0.330257385969162}], "count_per_class": {"B1": 0, "B2": 0, "B3": 4, "B4": 0}, "side_index": 3}