{"image": "DAMIMAS_A21B_0811_6.jpg", "detector": "y26n", "detections": [{"class_name": "B3", "bbox_yolo": [0.41410180926322937, 0.38476482033729553, 0.1144583448767662, 0.09164541214704514], "conf": 0.5743038058280945}, {"class_name": "B3", "bbox_yolo": [0.5512529015541077, 0.3409245014190674, 0.08438969403505325, 0.08241861313581467], "conf": 0.40629205107688904}], "count_per_class": {"B1": 0, "B2": 0, "B3": 2, "B4": 0}, "side_index": 5}