{"image": "DAMIMAS_A21B_0381_3.jpg", "detector": "y26n", "detections": [{"class_name": "B1", "bbox_yolo": [0.38898876309394836, 0.4036199748516083, 0.1332724690437317, 0.09873376041650772], "conf": 0.7233631014823914}, {"class_name": "B3", "bbox_yolo": [0.35972312092781067, 0.3277091681957245, 0.11321688443422318, 0.06369795650243759], "conf": 0.5741671323776245}, {"class_name": "B3", "bbox_yolo": [0.619504988193512, 0.325471967458725, 0.08807163685560226, 0.07937164604663849], "conf": 0.2979048192501068}], "count_per_class": {"B1": 1, "B2": 0, "B3": 2, "B4": 0}, "side_index": 2}