{"image": "DAMIMAS_A21B_0286_4.jpg", "detector": "y26n", "detections": [{"class_name": "B1", "bbox_yolo": [0.7447734475135803, 0.4402511715888977, 0.15439848601818085, 0.11924958229064941], "conf": 0.6971464157104492}, {"class_name": "B3", "bbox_yolo": [0.5455268025398254, 0.42861899733543396, 0.15449006855487823, 0.15385308861732483], "conf": 0.4561697542667389}, {"class_name": "B3", "bbox_yolo": [0.34089720249176025, 0.3845251500606537, 0.1349574774503708, 0.09439482539892197], "conf": 0.38219019770622253}, {"class_name": "B4", "bbox_yolo": [0.34089720249176025, 0.3845251500606537, 0.1349574774503708, 0.09439482539892197], "conf": 0.2580302655696869}], "count_per_class": {"B1": 1, "B2": 0, "B3": 2, "B4": 1}, "side_index": 3}