{"image": "DAMIMAS_A21B_0165_3.jpg", "detector": "y26n", "detections": [{"class_name": "B3", "bbox_yolo": [0.4473235607147217, 0.41778823733329773, 0.1193924993276596, 0.07394256442785263], "conf": 0.6469985246658325}, {"class_name": "B2", "bbox_yolo": [0.6323457360267639, 0.4971603453159332, 0.12932084500789642, 0.10072197765111923], "conf": 0.45723599195480347}], "count_per_class": {"B1": 0, "B2": 1, "B3": 1, "B4": 0}, "side_index": 2}