{"image": "DAMIMAS_A21B_0117_3.jpg", "detector": "y26n", "detections": [{"class_name": "B3", "bbox_yolo": [0.5064249634742737, 0.5173117518424988, 0.13540172576904297, 0.11766543239355087], "conf": 0.5745712518692017}], "count_per_class": {"B1": 0, "B2": 0, "B3": 1, "B4": 0}, "side_index": 2}