{"image": "DAMIMAS_A21B_0843_2.jpg", "detector": "y26n", "detections": [{"class_name": "B1", "bbox_yolo": [0.373723566532135, 0.5058310627937317, 0.0935332328081131, 0.06603016704320908], "conf": 0.2646501958370209}], "count_per_class": {"B1": 1, "B2": 0, "B3": 0, "B4": 0}, "side_index": 1}