{"image": "DAMIMAS_A21B_0814_2.jpg", "detector": "y26n", "detections": [{"class_name": "B3", "bbox_yolo": [0.45379751920700073, 0.4027898907661438, 0.15128320455551147, 0.11209531128406525], "conf": 0.6849938035011292}, {"class_name": "B2", "bbox_yolo": [0.7010340094566345, 0.43513163924217224, 0.13077813386917114, 0.11169955879449844], "conf": 0.605961263179779}], "count_per_class": {"B1": 0, "B2": 1, "B3": 1, "B4": 0}, "side_index": 1}