{"image": "DAMIMAS_A21B_0349_2.jpg", "detector": "y26n", "detections": [{"class_name": "B3", "bbox_yolo": [0.5833109617233276, 0.32569620013237, 0.12572918832302094, 0.09961731731891632], "conf": 0.36484283208847046}, {"class_name": "B3", "bbox_yolo": [0.3860752284526825, 0.3092413544654846, 0.08556776493787766, 0.06415414810180664], "conf": 0.3394218683242798}], "count_per_class": {"B1": 0, "B2": 0, "B3": 2, "B4": 0}, "side_index": 1}