{"image": "DAMIMAS_A21B_0184_3.jpg", "detector": "y26n", "detections": [{"class_name": "B3", "bbox_yolo": [0.39523783326148987, 0.4624313414096832, 0.14230385422706604, 0.12203364819288254], "conf": 0.7642765641212463}, {"class_name": "B3", "bbox_yolo": [0.584118664264679, 0.4359475076198578, 0.10084228962659836, 0.09178407490253448], "conf": 0.6407602429389954}, {"class_name": "B3", "bbox_yolo": [0.6544448733329773, 0.47745028138160706, 0.0948355421423912, 0.09431534260511398], "conf": 0.5981568694114685}], "count_per_class": {"B1": 0, "B2": 0, "B3": 3, "B4": 0}, "side_index": 2}