{"image": "DAMIMAS_A21B_0188_3.jpg", "detector": "y26n", "detections": [{"class_name": "B2", "bbox_yolo": [0.4371300935745239, 0.4785597026348114, 0.12769196927547455, 0.10438709706068039], "conf": 0.6473551988601685}, {"class_name": "B3", "bbox_yolo": [0.6192935109138489, 0.447908878326416, 0.09687735885381699, 0.07745914906263351], "conf": 0.2537855803966522}], "count_per_class": {"B1": 0, "B2": 1, "B3": 1, "B4": 0}, "side_index": 2}