{"image": "DAMIMAS_A21B_0834_2.jpg", "detector": "y26n", "detections": [{"class_name": "B3", "bbox_yolo": [0.398781418800354, 0.25982019305229187, 0.1224108412861824, 0.08452222496271133], "conf": 0.6659877896308899}, {"class_name": "B3", "bbox_yolo": [0.6598764061927795, 0.23639598488807678, 0.10408008098602295, 0.09479373693466187], "conf": 0.5692904591560364}, {"class_name": "B3", "bbox_yolo": [0.7511180639266968, 0.27386659383773804, 0.06273015588521957, 0.05275573953986168], "conf": 0.30698245763778687}, {"class_name": "B3", "bbox_yolo": [0.7293458580970764, 0.34264498949050903, 0.12181072682142258, 0.09683408588171005], "conf": 0.28395867347717285}], "count_per_class": {"B1": 0, "B2": 0, "B3": 4, "B4": 0}, "side_index": 1}