{"image": "DAMIMAS_A21B_0540_1.jpg", "detector": "y26n", "detections": [{"class_name": "B1", "bbox_yolo": [0.32202354073524475, 0.474661648273468, 0.122223861515522, 0.10638528317213058], "conf": 0.8536747694015503}, {"class_name": "B1", "bbox_yolo": [0.6616283059120178, 0.46335163712501526, 0.12642809748649597, 0.10891032218933105], "conf": 0.7967134118080139}, {"class_name": "B3", "bbox_yolo": [0.4040727913379669, 0.43516597151756287, 0.11601979285478592, 0.09164557605981827], "conf": 0.5148928165435791}], "count_per_class": {"B1": 2, "B2": 0, "B3": 1, "B4": 0}, "side_index": 0}