{"image": "DAMIMAS_A21B_0690_4.jpg", "detector": "y26n", "detections": [{"class_name": "B1", "bbox_yolo": [0.6738505959510803, 0.4938337802886963, 0.31756898760795593, 0.21352176368236542], "conf": 0.8587316870689392}, {"class_name": "B3", "bbox_yolo": [0.8052650690078735, 0.3626963794231415, 0.18775591254234314, 0.12787418067455292], "conf": 0.7873724699020386}, {"class_name": "B4", "bbox_yolo": [0.28670063614845276, 0.26008912920951843, 0.15936295688152313, 0.13780610263347626], "conf": 0.6913642883300781}, {"class_name": "B3", "bbox_yolo": [0.5154796838760376, 0.325639933347702, 0.2829994261264801, 0.1725786179304123], "conf": 0.5326672792434692}], "count_per_class": {"B1": 1, "B2": 0, "B3": 2, "B4": 1}, "side_index": 3}