{"image": "DAMIMAS_A21B_0011_4.jpg", "detector": "y26n", "detections": [{"class_name": "B1", "bbox_yolo": [0.4308505058288574, 0.5026622414588928, 0.09539242088794708, 0.08523988723754883], "conf": 0.43887603282928467}, {"class_name": "B3", "bbox_yolo": [0.5333173274993896, 0.4779469966888428, 0.08902842551469803, 0.07049598544836044], "conf": 0.42954084277153015}, {"class_name": "B2", "bbox_yolo": [0.4308505058288574, 0.5026622414588928, 0.09539242088794708, 0.08523988723754883], "conf": 0.28248903155326843}], "count_per_class": {"B1": 1, "B2": 1, "B3": 1, "B4": 0}, "side_index": 3}