{"image": "DAMIMAS_A21B_0199_1.jpg", "detector": "y26n", "detections": [{"class_name": "B3", "bbox_yolo": [0.3842647075653076, 0.46410027146339417, 0.10898438096046448, 0.08710771054029465], "conf": 0.5724346041679382}, {"class_name": "B3", "bbox_yolo": [0.4943620264530182, 0.5096542239189148, 0.1517767310142517, 0.13112092018127441], "conf": 0.44187644124031067}, {"class_name": "B3", "bbox_yolo": [0.5931379199028015, 0.4195166528224945, 0.11049316078424454, 0.07724308967590332], "conf": 0.36907824873924255}, {"class_name": "B3", "bbox_yolo": [0.5932530164718628, 0.4279402196407318, 0.12120400369167328, 0.09607058018445969], "conf": 0.27952975034713745}], "count_per_class": {"B1": 0, "B2": 0, "B3": 4, "B4": 0}, "side_index": 0}