{"image": "DAMIMAS_A21B_0212_4.jpg", "detector": "y26n", "detections": [{"class_name": "B1", "bbox_yolo": [0.4905835688114166, 0.5140953063964844, 0.17832133173942566, 0.15024009346961975], "conf": 0.846100389957428}, {"class_name": "B3", "bbox_yolo": [0.33160021901130676, 0.48390793800354004, 0.1316760927438736, 0.12187357246875763], "conf": 0.5562639832496643}, {"class_name": "B3", "bbox_yolo": [0.6138476133346558, 0.4405739903450012, 0.12930737435817719, 0.10310976952314377], "conf": 0.3414517641067505}, {"class_name": "B4", "bbox_yolo": [0.45526114106178284, 0.40648922324180603, 0.10833089053630829, 0.06997032463550568], "conf": 0.27217933535575867}], "count_per_class": {"B1": 1, "B2": 0, "B3": 2, "B4": 1}, "side_index": 3}