{"image": "DAMIMAS_A21B_0561_2.jpg", "detector": "y26n", "detections": [{"class_name": "B3", "bbox_yolo": [0.3678320646286011, 0.31256651878356934, 0.12512636184692383, 0.09423122555017471], "conf": 0.7008126378059387}, {"class_name": "B3", "bbox_yolo": [0.5544583797454834, 0.32985004782676697, 0.1020132452249527, 0.11072766780853271], "conf": 0.588694155216217}, {"class_name": "B3", "bbox_yolo": [0.30490466952323914, 0.3621770441532135, 0.09612219035625458, 0.08334648609161377], "conf": 0.4500730335712433}, {"class_name": "B1", "bbox_yolo": [0.6578395962715149, 0.3574996292591095, 0.09883016347885132, 0.09351897239685059], "conf": 0.41750872135162354}], "count_per_class": {"B1": 1, "B2": 0, "B3": 3, "B4": 0}, "side_index": 1}