{"image": "DAMIMAS_A21B_0337_2.jpg", "detector": "y26n", "detections": [{"class_name": "B3", "bbox_yolo": [0.6420090198516846, 0.46363553404808044, 0.18892943859100342, 0.14253497123718262], "conf": 0.6598902344703674}, {"class_name": "B3", "bbox_yolo": [0.7630869746208191, 0.5523420572280884, 0.14223575592041016, 0.12291417270898819], "conf": 0.5559026002883911}, {"class_name": "B3", "bbox_yolo": [0.22041131556034088, 0.5307809710502625, 0.1585146188735962, 0.12120003998279572], "conf": 0.5119277238845825}, {"class_name": "B3", "bbox_yolo": [0.7679699063301086, 0.5489429235458374, 0.12433618307113647, 0.11036767810583115], "conf": 0.3241153657436371}], "count_per_class": {"B1": 0, "B2": 0, "B3": 4, "B4": 0}, "side_index": 1}