{"image": "DAMIMAS_A21B_0800_4.jpg", "detector": "y26n", "detections": [{"class_name": "B3", "bbox_yolo": [0.36142387986183167, 0.3587384521961212, 0.1322951316833496, 0.11933141201734543], "conf": 0.6016197800636292}, {"class_name": "B4", "bbox_yolo": [0.45280423760414124, 0.28170010447502136, 0.10858135670423508, 0.08650336414575577], "conf": 0.5315651297569275}, {"class_name": "B2", "bbox_yolo": [0.7379157543182373, 0.35210081934928894, 0.1108832135796547, 0.09675989300012589], "conf": 0.3361237347126007}], "count_per_class": {"B1": 0, "B2": 1, "B3": 1, "B4": 1}, "side_index": 3}