{"image": "DAMIMAS_A21B_0313_4.jpg", "detector": "y26n", "detections": [{"class_name": "B1", "bbox_yolo": [0.6578620076179504, 0.5048186779022217, 0.10193374007940292, 0.09135808795690536], "conf": 0.7875031232833862}, {"class_name": "B3", "bbox_yolo": [0.5838176012039185, 0.4696478843688965, 0.10553722828626633, 0.08889918774366379], "conf": 0.5651358962059021}, {"class_name": "B3", "bbox_yolo": [0.446977436542511, 0.4847119450569153, 0.1279400885105133, 0.09575905650854111], "conf": 0.4710817337036133}, {"class_name": "B3", "bbox_yolo": [0.3741316497325897, 0.4283583164215088, 0.07396908104419708, 0.0540250800549984], "conf": 0.28720879554748535}], "count_per_class": {"B1": 1, "B2": 0, "B3": 3, "B4": 0}, "side_index": 3}