{"image": "DAMIMAS_A21B_0503_4.jpg", "detector": "y26n", "detections": [{"class_name": "B2", "bbox_yolo": [0.5437099933624268, 0.49343690276145935, 0.09841277450323105, 0.08306365460157394], "conf": 0.3722449839115143}, {"class_name": "B2", "bbox_yolo": [0.6523622274398804, 0.48405781388282776, 0.0881919264793396, 0.06758394092321396], "conf": 0.3481751084327698}, {"class_name": "B4", "bbox_yolo": [0.5929405689239502, 0.388357013463974, 0.08486054837703705, 0.06220512464642525], "conf": 0.2673088610172272}, {"class_name": "B4", "bbox_yolo": [0.5918918251991272, 0.3833981156349182, 0.06774381548166275, 0.05055275186896324], "conf": 0.26728665828704834}], "count_per_class": {"B1": 0, "B2": 2, "B3": 0, "B4": 2}, "side_index": 3}