{"image": "DAMIMAS_A21B_0084_4.jpg", "detector": "y26n", "detections": [{"class_name": "B3", "bbox_yolo": [0.48196473717689514, 0.45620450377464294, 0.104979008436203, 0.08679795265197754], "conf": 0.6605646014213562}, {"class_name": "B3", "bbox_yolo": [0.3536750376224518, 0.47877272963523865, 0.1163482740521431, 0.08722620457410812], "conf": 0.5261207818984985}], "count_per_class": {"B1": 0, "B2": 0, "B3": 2, "B4": 0}, "side_index": 3}