{"image": "DAMIMAS_A21B_0401_4.jpg", "detector": "y26n", "detections": [{"class_name": "B3", "bbox_yolo": [0.34716010093688965, 0.4753103256225586, 0.09327790141105652, 0.08337769657373428], "conf": 0.5679264068603516}, {"class_name": "B3", "bbox_yolo": [0.45887503027915955, 0.48888731002807617, 0.10932642966508865, 0.07485490292310715], "conf": 0.45422306656837463}, {"class_name": "B3", "bbox_yolo": [0.43809041380882263, 0.4318891167640686, 0.11726151406764984, 0.06030988693237305], "conf": 0.4081015884876251}], "count_per_class": {"B1": 0, "B2": 0, "B3": 3, "B4": 0}, "side_index": 3}