{"image": "DAMIMAS_A21B_0345_2.jpg", "detector": "y26n", "detections": [{"class_name": "B3", "bbox_yolo": [0.37329933047294617, 0.37492555379867554, 0.09446386247873306, 0.07788825035095215], "conf": 0.43027442693710327}], "count_per_class": {"B1": 0, "B2": 0, "B3": 1, "B4": 0}, "side_index": 1}