{"image": "DAMIMAS_A21B_0340_4.jpg", "detector": "y26n", "detections": [{"class_name": "B1", "bbox_yolo": [0.5146684050559998, 0.3466467559337616, 0.08441823720932007, 0.07917401939630508], "conf": 0.639171302318573}], "count_per_class": {"B1": 1, "B2": 0, "B3": 0, "B4": 0}, "side_index": 3}