{"image": "DAMIMAS_A21B_0633_4.jpg", "detector": "y26n", "detections": [{"class_name": "B3", "bbox_yolo": [0.21731407940387726, 0.5852447748184204, 0.1729828268289566, 0.14635586738586426], "conf": 0.6280215382575989}], "count_per_class": {"B1": 0, "B2": 0, "B3": 1, "B4": 0}, "side_index": 3}