{"image": "DAMIMAS_A21B_0282_2.jpg", "detector": "y26n", "detections": [{"class_name": "B3", "bbox_yolo": [0.5548664331436157, 0.43583330512046814, 0.1507694274187088, 0.11629140377044678], "conf": 0.6250299215316772}, {"class_name": "B1", "bbox_yolo": [0.38814470171928406, 0.4679146707057953, 0.16019074618816376, 0.13072772324085236], "conf": 0.2639879584312439}], "count_per_class": {"B1": 1, "B2": 0, "B3": 1, "B4": 0}, "side_index": 1}