{"image": "DAMIMAS_A21B_0583_1.jpg", "detector": "y26n", "detections": [{"class_name": "B1", "bbox_yolo": [0.30666011571884155, 0.4965340793132782, 0.18965066969394684, 0.157197043299675], "conf": 0.75117427110672}, {"class_name": "B3", "bbox_yolo": [0.7096248865127563, 0.4682324528694153, 0.18751519918441772, 0.1384526938199997], "conf": 0.5049024820327759}, {"class_name": "B2", "bbox_yolo": [0.7096248865127563, 0.4682324528694153, 0.18751519918441772, 0.1384526938199997], "conf": 0.27145081758499146}], "count_per_class": {"B1": 1, "B2": 1, "B3": 1, "B4": 0}, "side_index": 0}