{"image": "DAMIMAS_A21B_0791_2.jpg", "detector": "y26n", "detections": [{"class_name": "B3", "bbox_yolo": [0.5075458288192749, 0.4882762134075165, 0.1766584813594818, 0.13241444528102875], "conf": 0.7845182418823242}, {"class_name": "B2", "bbox_yolo": [0.6974546313285828, 0.5039075016975403, 0.14131413400173187, 0.12739339470863342], "conf": 0.32996150851249695}], "count_per_class": {"B1": 0, "B2": 1, "B3": 1, "B4": 0}, "side_index": 1}