{"image": "DAMIMAS_A21B_0193_4.jpg", "detector": "y26n", "detections": [{"class_name": "B3", "bbox_yolo": [0.6593247652053833, 0.42268067598342896, 0.1110735610127449, 0.0909043550491333], "conf": 0.386376291513443}, {"class_name": "B3", "bbox_yolo": [0.5463735461235046, 0.4356297552585602, 0.1111522763967514, 0.09131541103124619], "conf": 0.3504124879837036}, {"class_name": "B3", "bbox_yolo": [0.6599127054214478, 0.41937708854675293, 0.10117531567811966, 0.08297073841094971], "conf": 0.3366456627845764}, {"class_name": "B3", "bbox_yolo": [0.3380254805088043, 0.4142250120639801, 0.12623508274555206, 0.07822227478027344], "conf": 0.2726845145225525}], "count_per_class": {"B1": 0, "B2": 0, "B3": 4, "B4": 0}, "side_index": 3}