{"image": "DAMIMAS_A21B_0059_2.jpg", "detector": "y26n", "detections": [{"class_name": "B1", "bbox_yolo": [0.6227932572364807, 0.5034018754959106, 0.08972626179456711, 0.07949061691761017], "conf": 0.7086071968078613}, {"class_name": "B3", "bbox_yolo": [0.3651062250137329, 0.5080391764640808, 0.08992065489292145, 0.0727316364645958], "conf": 0.6904086470603943}], "count_per_class": {"B1": 1, "B2": 0, "B3": 1, "B4": 0}, "side_index": 1}