{"image": "DAMIMAS_A21B_0513_3.jpg", "detector": "y26n", "detections": [{"class_name": "B3", "bbox_yolo": [0.6957851052284241, 0.46378445625305176, 0.11988716572523117, 0.09229278564453125], "conf": 0.6132103800773621}, {"class_name": "B4", "bbox_yolo": [0.4174438714981079, 0.41356298327445984, 0.11183901131153107, 0.08293814957141876], "conf": 0.6126763820648193}, {"class_name": "B3", "bbox_yolo": [0.33759012818336487, 0.47777244448661804, 0.11040478199720383, 0.10155196487903595], "conf": 0.5212691426277161}, {"class_name": "B3", "bbox_yolo": [0.565329372882843, 0.44007763266563416, 0.13498151302337646, 0.10003983974456787], "conf": 0.3617146611213684}], "count_per_class": {"B1": 0, "B2": 0, "B3": 3, "B4": 1}, "side_index": 2}