{"image": "DAMIMAS_A21B_0604_1.jpg", "detector": "y26n", "detections": [{"class_name": "B2", "bbox_yolo": [0.44336631894111633, 0.2851158678531647, 0.19038204848766327, 0.13617828488349915], "conf": 0.5300120115280151}, {"class_name": "B3", "bbox_yolo": [0.30055129528045654, 0.24097232520580292, 0.09473909437656403, 0.06809289753437042], "conf": 0.40709754824638367}], "count_per_class": {"B1": 0, "B2": 1, "B3": 1, "B4": 0}, "side_index": 0}