{"image": "DAMIMAS_A21B_0784_1.jpg", "detector": "y26n", "detections": [{"class_name": "B3", "bbox_yolo": [0.679685115814209, 0.20317350327968597, 0.12909044325351715, 0.1234305128455162], "conf": 0.5944005250930786}, {"class_name": "B2", "bbox_yolo": [0.6756669878959656, 0.31245532631874084, 0.11667340993881226, 0.08457665890455246], "conf": 0.4424732029438019}], "count_per_class": {"B1": 0, "B2": 1, "B3": 1, "B4": 0}, "side_index": 0}