{"image": "DAMIMAS_A21B_0386_1.jpg", "detector": "y26n", "detections": [{"class_name": "B3", "bbox_yolo": [0.6512452960014343, 0.49305686354637146, 0.12687276303768158, 0.11575017124414444], "conf": 0.6575965285301208}, {"class_name": "B3", "bbox_yolo": [0.41312479972839355, 0.48958420753479004, 0.11050190031528473, 0.08553075790405273], "conf": 0.5339210033416748}], "count_per_class": {"B1": 0, "B2": 0, "B3": 2, "B4": 0}, "side_index": 0}