{"image": "DAMIMAS_A21B_0767_3.jpg", "detector": "y26n", "detections": [{"class_name": "B3", "bbox_yolo": [0.7012118101119995, 0.390246719121933, 0.12619750201702118, 0.09456274658441544], "conf": 0.4756653606891632}, {"class_name": "B1", "bbox_yolo": [0.4997672438621521, 0.40184998512268066, 0.1582089215517044, 0.11461766064167023], "conf": 0.3644067347049713}, {"class_name": "B1", "bbox_yolo": [0.5020885467529297, 0.39626261591911316, 0.14927352964878082, 0.10416962951421738], "conf": 0.2924448847770691}], "count_per_class": {"B1": 2, "B2": 0, "B3": 1, "B4": 0}, "side_index": 2}