{"image": "DAMIMAS_A21B_0294_2.jpg", "detector": "y26n", "detections": [{"class_name": "B3", "bbox_yolo": [0.4930576682090759, 0.48295316100120544, 0.12870369851589203, 0.12864422798156738], "conf": 0.6101034879684448}, {"class_name": "B3", "bbox_yolo": [0.364408403635025, 0.5230756998062134, 0.10434068739414215, 0.07578744739294052], "conf": 0.27437442541122437}, {"class_name": "B3", "bbox_yolo": [0.643677830696106, 0.5625115633010864, 0.16530661284923553, 0.11932831257581711], "conf": 0.2561870515346527}], "count_per_class": {"B1": 0, "B2": 0, "B3": 3, "B4": 0}, "side_index": 1}