{"image": "DAMIMAS_A21B_0764_1.jpg", "detector": "y26n", "detections": [{"class_name": "B3", "bbox_yolo": [0.5989903807640076, 0.43836697936058044, 0.13380616903305054, 0.08886807411909103], "conf": 0.605803906917572}, {"class_name": "B3", "bbox_yolo": [0.3409827649593353, 0.43875548243522644, 0.11841272562742233, 0.0840277448296547], "conf": 0.4543074071407318}], "count_per_class": {"B1": 0, "B2": 0, "B3": 2, "B4": 0}, "side_index": 0}