{"image": "DAMIMAS_A21B_0795_3.jpg", "detector": "y26n", "detections": [{"class_name": "B3", "bbox_yolo": [0.4464402198791504, 0.3213450610637665, 0.2452637106180191, 0.22710096836090088], "conf": 0.47007468342781067}, {"class_name": "B3", "bbox_yolo": [0.3845314085483551, 0.3274257183074951, 0.36049169301986694, 0.24647493660449982], "conf": 0.3295121192932129}], "count_per_class": {"B1": 0, "B2": 0, "B3": 2, "B4": 0}, "side_index": 2}