{"image": "DAMIMAS_A21B_0304_4.jpg", "detector": "y26n", "detections": [{"class_name": "B3", "bbox_yolo": [0.3742929697036743, 0.4123811721801758, 0.16740164160728455, 0.11878454685211182], "conf": 0.6674221158027649}, {"class_name": "B3", "bbox_yolo": [0.7474591732025146, 0.42025691270828247, 0.14231930673122406, 0.11385581642389297], "conf": 0.5039485096931458}, {"class_name": "B4", "bbox_yolo": [0.4037143290042877, 0.32781168818473816, 0.10522890836000443, 0.07268452644348145], "conf": 0.2764028012752533}], "count_per_class": {"B1": 0, "B2": 0, "B3": 2, "B4": 1}, "side_index": 3}