{"image": "DAMIMAS_A21B_0564_4.jpg", "detector": "y26n", "detections": [{"class_name": "B2", "bbox_yolo": [0.6904330849647522, 0.3815173804759979, 0.12247658520936966, 0.10562419891357422], "conf": 0.578696608543396}, {"class_name": "B2", "bbox_yolo": [0.5360631942749023, 0.359291136264801, 0.18181928992271423, 0.10799014568328857], "conf": 0.47208186984062195}, {"class_name": "B3", "bbox_yolo": [0.6475949883460999, 0.29216811060905457, 0.12041238695383072, 0.08041033893823624], "conf": 0.3624640703201294}, {"class_name": "B4", "bbox_yolo": [0.6475949883460999, 0.29216811060905457, 0.12041238695383072, 0.08041033893823624], "conf": 0.28502675890922546}], "count_per_class": {"B1": 0, "B2": 2, "B3": 1, "B4": 1}, "side_index": 3}