{"image": "DAMIMAS_A21B_0284_3.jpg", "detector": "y26n", "detections": [{"class_name": "B2", "bbox_yolo": [0.5240696668624878, 0.5603019595146179, 0.1787211149930954, 0.13052015006542206], "conf": 0.4115630090236664}, {"class_name": "B3", "bbox_yolo": [0.6510875821113586, 0.47818613052368164, 0.13356584310531616, 0.08980097621679306], "conf": 0.3576081693172455}], "count_per_class": {"B1": 0, "B2": 1, "B3": 1, "B4": 0}, "side_index": 2}