{"image": "DAMIMAS_A21B_0042_4.jpg", "detector": "y26n", "detections": [{"class_name": "B1", "bbox_yolo": [0.5344169735908508, 0.5851507782936096, 0.1425670087337494, 0.10207605361938477], "conf": 0.8813615441322327}, {"class_name": "B3", "bbox_yolo": [0.39386650919914246, 0.5528222322463989, 0.10472873598337173, 0.08394093811511993], "conf": 0.36501193046569824}], "count_per_class": {"B1": 1, "B2": 0, "B3": 1, "B4": 0}, "side_index": 3}