{"image": "DAMIMAS_A21B_0119_3.jpg", "detector": "y26n", "detections": [{"class_name": "B1", "bbox_yolo": [0.5213111042976379, 0.5135286450386047, 0.1238226667046547, 0.11864810436964035], "conf": 0.5833706259727478}, {"class_name": "B2", "bbox_yolo": [0.33306461572647095, 0.5047385096549988, 0.08981791138648987, 0.08097901195287704], "conf": 0.3685237765312195}, {"class_name": "B3", "bbox_yolo": [0.6699778437614441, 0.4976987838745117, 0.109134741127491, 0.09653382748365402], "conf": 0.28683996200561523}], "count_per_class": {"B1": 1, "B2": 1, "B3": 1, "B4": 0}, "side_index": 2}