{"image": "DAMIMAS_A21B_0001_4.jpg", "detector": "y26n", "detections": [{"class_name": "B3", "bbox_yolo": [0.46152374148368835, 0.38717520236968994, 0.109771229326725, 0.1113000437617302], "conf": 0.7224289774894714}, {"class_name": "B1", "bbox_yolo": [0.5901729464530945, 0.42977553606033325, 0.14092952013015747, 0.12079749256372452], "conf": 0.7047117352485657}, {"class_name": "B3", "bbox_yolo": [0.3466574251651764, 0.4166414439678192, 0.1156744733452797, 0.09633941948413849], "conf": 0.6093855500221252}, {"class_name": "B3", "bbox_yolo": [0.6534369587898254, 0.3869566023349762, 0.0511447936296463, 0.055954623967409134], "conf": 0.254393994808197}], "count_per_class": {"B1": 1, "B2": 0, "B3": 3, "B4": 0}, "side_index": 3}