{"image": "DAMIMAS_A21B_0290_2.jpg", "detector": "y26n", "detections": [{"class_name": "B3", "bbox_yolo": [0.6878452301025391, 0.4167447090148926, 0.06049042195081711, 0.060369063168764114], "conf": 0.3228546977043152}, {"class_name": "B3", "bbox_yolo": [0.5445625185966492, 0.4354693591594696, 0.08357096463441849, 0.07441511005163193], "conf": 0.258468896150589}], "count_per_class": {"B1": 0, "B2": 0, "B3": 2, "B4": 0}, "side_index": 1}