{"image": "DAMIMAS_A21B_0070_3.jpg", "detector": "y26n", "detections": [{"class_name": "B3", "bbox_yolo": [0.2747775614261627, 0.45337817072868347, 0.15934938192367554, 0.11445818096399307], "conf": 0.707221508026123}, {"class_name": "B3", "bbox_yolo": [0.4707891345024109, 0.4651954770088196, 0.1807413250207901, 0.14820550382137299], "conf": 0.7056418061256409}], "count_per_class": {"B1": 0, "B2": 0, "B3": 2, "B4": 0}, "side_index": 2}