{"image": "DAMIMAS_A21B_0211_4.jpg", "detector": "y26n", "detections": [{"class_name": "B3", "bbox_yolo": [0.4168653190135956, 0.39608025550842285, 0.18090029060840607, 0.14987710118293762], "conf": 0.6989561319351196}, {"class_name": "B3", "bbox_yolo": [0.7310371994972229, 0.3583195209503174, 0.1182362288236618, 0.09451935440301895], "conf": 0.5472055673599243}, {"class_name": "B1", "bbox_yolo": [0.616795003414154, 0.4547715187072754, 0.17224928736686707, 0.1326887607574463], "conf": 0.4564850330352783}, {"class_name": "B2", "bbox_yolo": [0.616795003414154, 0.4547715187072754, 0.17224928736686707, 0.1326887607574463], "conf": 0.26140937209129333}], "count_per_class": {"B1": 1, "B2": 1, "B3": 2, "B4": 0}, "side_index": 3}