{"image": "DAMIMAS_A21B_0029_2.jpg", "detector": "y26n", "detections": [{"class_name": "B2", "bbox_yolo": [0.351460725069046, 0.4340166747570038, 0.09705407172441483, 0.07783587276935577], "conf": 0.46715298295021057}, {"class_name": "B3", "bbox_yolo": [0.6388972401618958, 0.41422581672668457, 0.08790728449821472, 0.07120569050312042], "conf": 0.45723244547843933}, {"class_name": "B4", "bbox_yolo": [0.550385594367981, 0.36557266116142273, 0.10239935666322708, 0.06936142593622208], "conf": 0.395488440990448}, {"class_name": "B3", "bbox_yolo": [0.29982998967170715, 0.39090976119041443, 0.08914081752300262, 0.06359925121068954], "conf": 0.29659464955329895}], "count_per_class": {"B1": 0, "B2": 1, "B3": 2, "B4": 1}, "side_index": 1}