{"image": "DAMIMAS_A21B_0385_4.jpg", "detector": "y26n", "detections": [{"class_name": "B3", "bbox_yolo": [0.5969656705856323, 0.41328713297843933, 0.10156918317079544, 0.06670844554901123], "conf": 0.5952420234680176}, {"class_name": "B4", "bbox_yolo": [0.6084654331207275, 0.3545660674571991, 0.09029071033000946, 0.06107816845178604], "conf": 0.43036556243896484}], "count_per_class": {"B1": 0, "B2": 0, "B3": 1, "B4": 1}, "side_index": 3}