{"image": "DAMIMAS_A21B_0804_4.jpg", "detector": "y26n", "detections": [{"class_name": "B3", "bbox_yolo": [0.706885814666748, 0.311481237411499, 0.12454109638929367, 0.10872955620288849], "conf": 0.6340101361274719}, {"class_name": "B1", "bbox_yolo": [0.44586309790611267, 0.32371360063552856, 0.16632166504859924, 0.1209954246878624], "conf": 0.45980626344680786}, {"class_name": "B3", "bbox_yolo": [0.5893419981002808, 0.2770807147026062, 0.14226298034191132, 0.12933087348937988], "conf": 0.3046216666698456}], "count_per_class": {"B1": 1, "B2": 0, "B3": 2, "B4": 0}, "side_index": 3}