{"image": "DAMIMAS_A21B_0835_8.jpg", "detector": "y26n", "detections": [{"class_name": "B3", "bbox_yolo": [0.3004053831100464, 0.3097871243953705, 0.19031284749507904, 0.15600326657295227], "conf": 0.746336042881012}, {"class_name": "B3", "bbox_yolo": [0.6794911623001099, 0.22557511925697327, 0.17374128103256226, 0.11836441606283188], "conf": 0.6899806261062622}, {"class_name": "B3", "bbox_yolo": [0.5305418372154236, 0.3322617709636688, 0.19791916012763977, 0.13536839187145233], "conf": 0.3304162323474884}], "count_per_class": {"B1": 0, "B2": 0, "B3": 3, "B4": 0}, "side_index": 7}