{"image": "DAMIMAS_A21B_0226_1.jpg", "detector": "y26n", "detections": [{"class_name": "B3", "bbox_yolo": [0.535091757774353, 0.3609221577644348, 0.1281088888645172, 0.09807796776294708], "conf": 0.6566973924636841}, {"class_name": "B3", "bbox_yolo": [0.4115926921367645, 0.3864317536354065, 0.09933561086654663, 0.08790653198957443], "conf": 0.4432922899723053}], "count_per_class": {"B1": 0, "B2": 0, "B3": 2, "B4": 0}, "side_index": 0}