{"image": "DAMIMAS_A21B_0402_1.jpg", "detector": "y26n", "detections": [{"class_name": "B3", "bbox_yolo": [0.2898860573768616, 0.31098657846450806, 0.13057301938533783, 0.10712473839521408], "conf": 0.4878346621990204}, {"class_name": "B3", "bbox_yolo": [0.44901055097579956, 0.27757641673088074, 0.11433728784322739, 0.08324100822210312], "conf": 0.40890681743621826}, {"class_name": "B3", "bbox_yolo": [0.5613093376159668, 0.23921389877796173, 0.12872830033302307, 0.09701084345579147], "conf": 0.37852752208709717}, {"class_name": "B4", "bbox_yolo": [0.5613093376159668, 0.23921389877796173, 0.12872830033302307, 0.09701084345579147], "conf": 0.28430891036987305}], "count_per_class": {"B1": 0, "B2": 0, "B3": 3, "B4": 1}, "side_index": 0}