{"image": "DAMIMAS_A21B_0303_3.jpg", "detector": "y26n", "detections": [{"class_name": "B3", "bbox_yolo": [0.3646226227283478, 0.5112631916999817, 0.0967339277267456, 0.08839698135852814], "conf": 0.49806180596351624}, {"class_name": "B3", "bbox_yolo": [0.6406767964363098, 0.48899564146995544, 0.12241701036691666, 0.08347306400537491], "conf": 0.2859659194946289}], "count_per_class": {"B1": 0, "B2": 0, "B3": 2, "B4": 0}, "side_index": 2}