{"image": "DAMIMAS_A21B_0672_3.jpg", "detector": "y26n", "detections": [{"class_name": "B1", "bbox_yolo": [0.29643112421035767, 0.4108807146549225, 0.21175144612789154, 0.15993165969848633], "conf": 0.8675990700721741}, {"class_name": "B3", "bbox_yolo": [0.4985162913799286, 0.35351043939590454, 0.17089933156967163, 0.15217159688472748], "conf": 0.6135876178741455}, {"class_name": "B3", "bbox_yolo": [0.7071083188056946, 0.3775422275066376, 0.17796587944030762, 0.1409101039171219], "conf": 0.4000677466392517}, {"class_name": "B4", "bbox_yolo": [0.6495540738105774, 0.26724520325660706, 0.16325989365577698, 0.09731590747833252], "conf": 0.2990773022174835}], "count_per_class": {"B1": 1, "B2": 0, "B3": 2, "B4": 1}, "side_index": 2}