{"image": "DAMIMAS_A21B_0528_4.jpg", "detector": "y26n", "detections": [{"class_name": "B2", "bbox_yolo": [0.3566240668296814, 0.4650122821331024, 0.12700150907039642, 0.10448098182678223], "conf": 0.35550782084465027}, {"class_name": "B3", "bbox_yolo": [0.3566240668296814, 0.4650122821331024, 0.12700150907039642, 0.10448098182678223], "conf": 0.28246408700942993}], "count_per_class": {"B1": 0, "B2": 1, "B3": 1, "B4": 0}, "side_index": 3}