{"image": "DAMIMAS_A21B_0786_2.jpg", "detector": "y26n", "detections": [{"class_name": "B1", "bbox_yolo": [0.6422921419143677, 0.23968736827373505, 0.11224225908517838, 0.08835544437170029], "conf": 0.769852876663208}, {"class_name": "B3", "bbox_yolo": [0.36792153120040894, 0.258135050535202, 0.09502299875020981, 0.06912481784820557], "conf": 0.2811886966228485}], "count_per_class": {"B1": 1, "B2": 0, "B3": 1, "B4": 0}, "side_index": 1}