{"image": "DAMIMAS_A21B_0323_4.jpg", "detector": "y26n", "detections": [{"class_name": "B3", "bbox_yolo": [0.6820104122161865, 0.4291450083255768, 0.12735627591609955, 0.09031496196985245], "conf": 0.5622631311416626}, {"class_name": "B3", "bbox_yolo": [0.4592006802558899, 0.4315264821052551, 0.10550680756568909, 0.10330178588628769], "conf": 0.2566940188407898}], "count_per_class": {"B1": 0, "B2": 0, "B3": 2, "B4": 0}, "side_index": 3}