{"image": "DAMIMAS_A21B_0459_2.jpg", "detector": "y26n", "detections": [{"class_name": "B1", "bbox_yolo": [0.408610999584198, 0.4548414349555969, 0.09016552567481995, 0.0731511116027832], "conf": 0.841813862323761}, {"class_name": "B1", "bbox_yolo": [0.6393697261810303, 0.46030673384666443, 0.07645969837903976, 0.06716714054346085], "conf": 0.6637943387031555}, {"class_name": "B3", "bbox_yolo": [0.4990984797477722, 0.4296843111515045, 0.08106858283281326, 0.07594382762908936], "conf": 0.5703127384185791}], "count_per_class": {"B1": 2, "B2": 0, "B3": 1, "B4": 0}, "side_index": 1}