{"image": "DAMIMAS_A21B_0109_4.jpg", "detector": "y26n", "detections": [{"class_name": "B1", "bbox_yolo": [0.6493643522262573, 0.4826844334602356, 0.14588674902915955, 0.10174141079187393], "conf": 0.81284499168396}, {"class_name": "B3", "bbox_yolo": [0.3737516403198242, 0.4351186752319336, 0.13993562757968903, 0.11350250244140625], "conf": 0.7647223472595215}, {"class_name": "B2", "bbox_yolo": [0.2749505639076233, 0.4925343692302704, 0.13417617976665497, 0.11076726764440536], "conf": 0.5818406939506531}, {"class_name": "B3", "bbox_yolo": [0.5298197269439697, 0.4728194773197174, 0.11923351883888245, 0.10813732445240021], "conf": 0.41114112734794617}], "count_per_class": {"B1": 1, "B2": 1, "B3": 2, "B4": 0}, "side_index": 3}