{"image": "DAMIMAS_A21B_0782_4.jpg", "detector": "y26n", "detections": [{"class_name": "B3", "bbox_yolo": [0.6376519799232483, 0.21271395683288574, 0.16417115926742554, 0.10785811394453049], "conf": 0.6271244287490845}], "count_per_class": {"B1": 0, "B2": 0, "B3": 1, "B4": 0}, "side_index": 3}