{"image": "DAMIMAS_A21B_0059_4.jpg", "detector": "y26n", "detections": [{"class_name": "B3", "bbox_yolo": [0.48584723472595215, 0.5815727114677429, 0.09666647017002106, 0.08874006569385529], "conf": 0.6143970489501953}, {"class_name": "B1", "bbox_yolo": [0.6008459329605103, 0.5991387367248535, 0.11807187646627426, 0.0931897684931755], "conf": 0.58770751953125}, {"class_name": "B1", "bbox_yolo": [0.37977978587150574, 0.6041130423545837, 0.09455656260251999, 0.0749363899230957], "conf": 0.38302475214004517}], "count_per_class": {"B1": 2, "B2": 0, "B3": 1, "B4": 0}, "side_index": 3}