{"image": "DAMIMAS_A21B_0740_1.jpg", "detector": "y26n", "detections": [{"class_name": "B3", "bbox_yolo": [0.3336431384086609, 0.24615433812141418, 0.19783052802085876, 0.1637662947177887], "conf": 0.8015552163124084}, {"class_name": "B4", "bbox_yolo": [0.5496251583099365, 0.11520218849182129, 0.18595823645591736, 0.15331511199474335], "conf": 0.4133557379245758}, {"class_name": "B3", "bbox_yolo": [0.7614415884017944, 0.20122309029102325, 0.17897829413414001, 0.17102107405662537], "conf": 0.3746396601200104}, {"class_name": "B3", "bbox_yolo": [0.5987541675567627, 0.2854832410812378, 0.2086571455001831, 0.1982419192790985], "conf": 0.28627076745033264}], "count_per_class": {"B1": 0, "B2": 0, "B3": 3, "B4": 1}, "side_index": 0}