{"image": "DAMIMAS_A21B_0552_2.jpg", "detector": "y26n", "detections": [{"class_name": "B1", "bbox_yolo": [0.6604763269424438, 0.4735604226589203, 0.19010677933692932, 0.15019367635250092], "conf": 0.6066888570785522}, {"class_name": "B2", "bbox_yolo": [0.4586547017097473, 0.4472949206829071, 0.16165561974048615, 0.13964223861694336], "conf": 0.3567396104335785}, {"class_name": "B3", "bbox_yolo": [0.7186390161514282, 0.3824125826358795, 0.0756259337067604, 0.055611252784729004], "conf": 0.3159754276275635}, {"class_name": "B3", "bbox_yolo": [0.7144334316253662, 0.38457947969436646, 0.09835357964038849, 0.06800840049982071], "conf": 0.2936324179172516}], "count_per_class": {"B1": 1, "B2": 1, "B3": 2, "B4": 0}, "side_index": 1}