{"image": "DAMIMAS_A21B_0579_3.jpg", "detector": "y26n", "detections": [{"class_name": "B3", "bbox_yolo": [0.4091465473175049, 0.33432361483573914, 0.18152429163455963, 0.13222701847553253], "conf": 0.6200778484344482}, {"class_name": "B4", "bbox_yolo": [0.2677883207798004, 0.29210150241851807, 0.10452742874622345, 0.08888621628284454], "conf": 0.4381682276725769}, {"class_name": "B4", "bbox_yolo": [0.6337428092956543, 0.27382925152778625, 0.18852457404136658, 0.10366310924291611], "conf": 0.4206507205963135}, {"class_name": "B1", "bbox_yolo": [0.2977897822856903, 0.4263535439968109, 0.21267154812812805, 0.15010343492031097], "conf": 0.3397276997566223}], "count_per_class": {"B1": 1, "B2": 0, "B3": 1, "B4": 2}, "side_index": 2}