{"image": "DAMIMAS_A21B_0424_3.jpg", "detector": "y26n", "detections": [{"class_name": "B1", "bbox_yolo": [0.35776740312576294, 0.5278413891792297, 0.12532304227352142, 0.09693508595228195], "conf": 0.7539243102073669}, {"class_name": "B3", "bbox_yolo": [0.634336531162262, 0.48331212997436523, 0.11807931959629059, 0.10064812004566193], "conf": 0.5723105669021606}, {"class_name": "B3", "bbox_yolo": [0.504904568195343, 0.5189401507377625, 0.13305921852588654, 0.10557436943054199], "conf": 0.5316576957702637}], "count_per_class": {"B1": 1, "B2": 0, "B3": 2, "B4": 0}, "side_index": 2}