{"image": "DAMIMAS_A21B_0138_1.jpg", "detector": "y26n", "detections": [{"class_name": "B3", "bbox_yolo": [0.4221082329750061, 0.3405494689941406, 0.11446855217218399, 0.08118553459644318], "conf": 0.657276451587677}, {"class_name": "B3", "bbox_yolo": [0.5609689950942993, 0.3336673676967621, 0.08465598523616791, 0.06673133373260498], "conf": 0.39874064922332764}, {"class_name": "B4", "bbox_yolo": [0.40672358870506287, 0.2830338478088379, 0.06661256402730942, 0.04651978239417076], "conf": 0.38261914253234863}], "count_per_class": {"B1": 0, "B2": 0, "B3": 2, "B4": 1}, "side_index": 0}