{"image": "DAMIMAS_A21B_0084_2.jpg", "detector": "y26n", "detections": [{"class_name": "B3", "bbox_yolo": [0.6412721276283264, 0.5272551774978638, 0.11689523607492447, 0.10861697047948837], "conf": 0.7337641716003418}, {"class_name": "B3", "bbox_yolo": [0.3777439594268799, 0.5143294334411621, 0.08774866163730621, 0.08872523158788681], "conf": 0.27057620882987976}], "count_per_class": {"B1": 0, "B2": 0, "B3": 2, "B4": 0}, "side_index": 1}