{"image": "DAMIMAS_A21B_0487_3.jpg", "detector": "y26n", "detections": [{"class_name": "B3", "bbox_yolo": [0.5931931138038635, 0.36615481972694397, 0.08531125634908676, 0.07061059772968292], "conf": 0.5869670510292053}, {"class_name": "B4", "bbox_yolo": [0.5244207978248596, 0.31654658913612366, 0.08566354215145111, 0.06356008350849152], "conf": 0.2525351345539093}], "count_per_class": {"B1": 0, "B2": 0, "B3": 1, "B4": 1}, "side_index": 2}