{"image": "DAMIMAS_A21B_0108_2.jpg", "detector": "y26n", "detections": [{"class_name": "B3", "bbox_yolo": [0.35972145199775696, 0.527982234954834, 0.08491551876068115, 0.0761040672659874], "conf": 0.532000720500946}, {"class_name": "B3", "bbox_yolo": [0.4693891108036041, 0.5486966371536255, 0.09781339019536972, 0.07103715091943741], "conf": 0.42794540524482727}], "count_per_class": {"B1": 0, "B2": 0, "B3": 2, "B4": 0}, "side_index": 1}