{"image": "DAMIMAS_A21B_0400_4.jpg", "detector": "y26n", "detections": [{"class_name": "B3", "bbox_yolo": [0.40750670433044434, 0.4010585844516754, 0.1362500637769699, 0.1047423854470253], "conf": 0.4471622407436371}, {"class_name": "B4", "bbox_yolo": [0.6539936661720276, 0.33195972442626953, 0.10567392408847809, 0.07618091255426407], "conf": 0.4303578734397888}, {"class_name": "B3", "bbox_yolo": [0.5413448214530945, 0.36589527130126953, 0.11728812009096146, 0.0944385752081871], "conf": 0.3889120817184448}, {"class_name": "B3", "bbox_yolo": [0.7069646716117859, 0.3806477189064026, 0.09780280292034149, 0.07937498390674591], "conf": 0.34975892305374146}], "count_per_class": {"B1": 0, "B2": 0, "B3": 3, "B4": 1}, "side_index": 3}