{"image": "DAMIMAS_A21B_0026_4.jpg", "detector": "y26n", "detections": [{"class_name": "B3", "bbox_yolo": [0.3745431900024414, 0.5118999481201172, 0.11329054087400436, 0.09167909622192383], "conf": 0.6736583709716797}, {"class_name": "B3", "bbox_yolo": [0.6294594407081604, 0.5180668234825134, 0.10253442823886871, 0.09036479145288467], "conf": 0.5065146684646606}, {"class_name": "B3", "bbox_yolo": [0.6299020648002625, 0.5230539441108704, 0.11296699196100235, 0.10359945148229599], "conf": 0.39151009917259216}, {"class_name": "B3", "bbox_yolo": [0.4974937438964844, 0.5157759189605713, 0.09785468131303787, 0.07441253960132599], "conf": 0.30411139130592346}], "count_per_class": {"B1": 0, "B2": 0, "B3": 4, "B4": 0}, "side_index": 3}