{"image": "DAMIMAS_A21B_0460_1.jpg", "detector": "y26n", "detections": [{"class_name": "B1", "bbox_yolo": [0.6522888541221619, 0.41338691115379333, 0.05815964192152023, 0.049951791763305664], "conf": 0.34045925736427307}, {"class_name": "B3", "bbox_yolo": [0.5928651690483093, 0.3984244763851166, 0.0886419340968132, 0.07179088890552521], "conf": 0.3286200165748596}, {"class_name": "B3", "bbox_yolo": [0.39320802688598633, 0.39721688628196716, 0.05430644750595093, 0.05205118656158447], "conf": 0.3102622926235199}, {"class_name": "B3", "bbox_yolo": [0.5270407795906067, 0.3562849462032318, 0.05407676845788956, 0.055841829627752304], "conf": 0.2579697370529175}], "count_per_class": {"B1": 1, "B2": 0, "B3": 3, "B4": 0}, "side_index": 0}