{"image": "DAMIMAS_A21B_0323_2.jpg", "detector": "y26n", "detections": [{"class_name": "B3", "bbox_yolo": [0.7306890487670898, 0.3245047330856323, 0.19019649922847748, 0.14726682007312775], "conf": 0.42267927527427673}, {"class_name": "B3", "bbox_yolo": [0.3923179805278778, 0.30792421102523804, 0.14009663462638855, 0.134023055434227], "conf": 0.35072264075279236}], "count_per_class": {"B1": 0, "B2": 0, "B3": 2, "B4": 0}, "side_index": 1}