{"image": "DAMIMAS_A21B_0065_1.jpg", "detector": "y26n", "detections": [{"class_name": "B1", "bbox_yolo": [0.43522462248802185, 0.5892598032951355, 0.1652028113603592, 0.12185730785131454], "conf": 0.8278350830078125}, {"class_name": "B3", "bbox_yolo": [0.6564016938209534, 0.5309208631515503, 0.10086213052272797, 0.09462547302246094], "conf": 0.6279541850090027}, {"class_name": "B3", "bbox_yolo": [0.5307070016860962, 0.5168070197105408, 0.1469893902540207, 0.10507941246032715], "conf": 0.5537591576576233}, {"class_name": "B3", "bbox_yolo": [0.33587077260017395, 0.5094438791275024, 0.11151590943336487, 0.07991395145654678], "conf": 0.43991759419441223}], "count_per_class": {"B1": 1, "B2": 0, "B3": 3, "B4": 0}, "side_index": 0}