{"image": "DAMIMAS_A21B_0148_4.jpg", "detector": "y26n", "detections": [{"class_name": "B3", "bbox_yolo": [0.3758124113082886, 0.4507632255554199, 0.1665073186159134, 0.1250990480184555], "conf": 0.6612984538078308}, {"class_name": "B3", "bbox_yolo": [0.6404857039451599, 0.41757526993751526, 0.11465492844581604, 0.07408080250024796], "conf": 0.5992000102996826}, {"class_name": "B4", "bbox_yolo": [0.5234037637710571, 0.39164361357688904, 0.11395213752985, 0.10717499256134033], "conf": 0.3468336760997772}, {"class_name": "B3", "bbox_yolo": [0.6393752694129944, 0.4241320788860321, 0.11984164267778397, 0.08822675049304962], "conf": 0.28023868799209595}], "count_per_class": {"B1": 0, "B2": 0, "B3": 3, "B4": 1}, "side_index": 3}