{"image": "DAMIMAS_A21B_0383_2.jpg", "detector": "y26n", "detections": [{"class_name": "B3", "bbox_yolo": [0.636874258518219, 0.510158360004425, 0.10256869345903397, 0.07839927822351456], "conf": 0.577471137046814}, {"class_name": "B3", "bbox_yolo": [0.6246171593666077, 0.44317981600761414, 0.0641859695315361, 0.05232682451605797], "conf": 0.4393080472946167}, {"class_name": "B3", "bbox_yolo": [0.5371289253234863, 0.47715622186660767, 0.08595950156450272, 0.07487116008996964], "conf": 0.28810715675354004}], "count_per_class": {"B1": 0, "B2": 0, "B3": 3, "B4": 0}, "side_index": 1}