{"image": "DAMIMAS_A21B_0497_2.jpg", "detector": "y26n", "detections": [{"class_name": "B4", "bbox_yolo": [0.4105410873889923, 0.2636435925960541, 0.10125929862260818, 0.07132487744092941], "conf": 0.45278650522232056}, {"class_name": "B3", "bbox_yolo": [0.4846690893173218, 0.32972294092178345, 0.1138944998383522, 0.10454483330249786], "conf": 0.44285330176353455}, {"class_name": "B3", "bbox_yolo": [0.3608568608760834, 0.36162468791007996, 0.1177963986992836, 0.10235877335071564], "conf": 0.4353182017803192}, {"class_name": "B4", "bbox_yolo": [0.6843799948692322, 0.28920862078666687, 0.11715120077133179, 0.06705816090106964], "conf": 0.2824190855026245}], "count_per_class": {"B1": 0, "B2": 0, "B3": 2, "B4": 2}, "side_index": 1}