{"image": "DAMIMAS_A21B_0513_4.jpg", "detector": "y26n", "detections": [{"class_name": "B2", "bbox_yolo": [0.2819910943508148, 0.4112764894962311, 0.15794941782951355, 0.13406553864479065], "conf": 0.6201154589653015}, {"class_name": "B3", "bbox_yolo": [0.5364987254142761, 0.3738158345222473, 0.1411314755678177, 0.11436188220977783], "conf": 0.2921125292778015}, {"class_name": "B3", "bbox_yolo": [0.5365679264068604, 0.36836791038513184, 0.13101619482040405, 0.10147307068109512], "conf": 0.27756714820861816}], "count_per_class": {"B1": 0, "B2": 1, "B3": 2, "B4": 0}, "side_index": 3}