{"image": "DAMIMAS_A21B_0197_1.jpg", "detector": "y26n", "detections": [{"class_name": "B3", "bbox_yolo": [0.34587982296943665, 0.367349773645401, 0.16337284445762634, 0.10825493186712265], "conf": 0.8155983686447144}, {"class_name": "B3", "bbox_yolo": [0.6814237236976624, 0.43837690353393555, 0.11016891151666641, 0.09679760783910751], "conf": 0.49466103315353394}, {"class_name": "B3", "bbox_yolo": [0.40374377369880676, 0.4793318808078766, 0.16984212398529053, 0.13269634544849396], "conf": 0.47135525941848755}, {"class_name": "B3", "bbox_yolo": [0.6110292673110962, 0.34214431047439575, 0.12105675041675568, 0.10435064136981964], "conf": 0.3228018283843994}], "count_per_class": {"B1": 0, "B2": 0, "B3": 4, "B4": 0}, "side_index": 0}