{"image": "DAMIMAS_A21B_0229_2.jpg", "detector": "y26n", "detections": [{"class_name": "B3", "bbox_yolo": [0.4441830813884735, 0.37033671140670776, 0.1352374404668808, 0.12222180515527725], "conf": 0.6906355023384094}, {"class_name": "B3", "bbox_yolo": [0.6133536100387573, 0.4036165177822113, 0.151773139834404, 0.11692159622907639], "conf": 0.5832662582397461}, {"class_name": "B1", "bbox_yolo": [0.720910906791687, 0.43391481041908264, 0.12494678795337677, 0.11908314377069473], "conf": 0.3580115735530853}, {"class_name": "B1", "bbox_yolo": [0.7091461420059204, 0.4431290626525879, 0.1529754102230072, 0.13565321266651154], "conf": 0.35216283798217773}], "count_per_class": {"B1": 2, "B2": 0, "B3": 2, "B4": 0}, "side_index": 1}