{"image": "DAMIMAS_A21B_0425_4.jpg", "detector": "y26n", "detections": [{"class_name": "B3", "bbox_yolo": [0.38286954164505005, 0.46668753027915955, 0.14769357442855835, 0.10517244786024094], "conf": 0.44769948720932007}, {"class_name": "B3", "bbox_yolo": [0.3910503089427948, 0.367194265127182, 0.1091613844037056, 0.08572619408369064], "conf": 0.3373057544231415}, {"class_name": "B3", "bbox_yolo": [0.3044350743293762, 0.4075971245765686, 0.10557969659566879, 0.10085516422986984], "conf": 0.32778891921043396}], "count_per_class": {"B1": 0, "B2": 0, "B3": 3, "B4": 0}, "side_index": 3}