{"image": "DAMIMAS_A21B_0408_3.jpg", "detector": "y26n", "detections": [{"class_name": "B1", "bbox_yolo": [0.6016907691955566, 0.49104681611061096, 0.127571240067482, 0.09739794582128525], "conf": 0.8201015591621399}, {"class_name": "B3", "bbox_yolo": [0.6054691672325134, 0.41227760910987854, 0.08780600875616074, 0.05817902088165283], "conf": 0.3744046092033386}, {"class_name": "B3", "bbox_yolo": [0.3185880780220032, 0.420136421918869, 0.05923840403556824, 0.04350154474377632], "conf": 0.2624787986278534}, {"class_name": "B3", "bbox_yolo": [0.5000996589660645, 0.43124276399612427, 0.06560100615024567, 0.055754661560058594], "conf": 0.25201910734176636}], "count_per_class": {"B1": 1, "B2": 0, "B3": 3, "B4": 0}, "side_index": 2}