{"image": "DAMIMAS_A21B_0306_3.jpg", "detector": "y26n", "detections": [{"class_name": "B1", "bbox_yolo": [0.43629273772239685, 0.526331901550293, 0.12216123938560486, 0.10652150958776474], "conf": 0.5750042200088501}, {"class_name": "B3", "bbox_yolo": [0.5862305164337158, 0.5163243412971497, 0.11734218895435333, 0.09624981880187988], "conf": 0.4127887189388275}, {"class_name": "B2", "bbox_yolo": [0.5862305164337158, 0.5163243412971497, 0.11734218895435333, 0.09624981880187988], "conf": 0.2892411947250366}], "count_per_class": {"B1": 1, "B2": 1, "B3": 1, "B4": 0}, "side_index": 2}