{"image": "DAMIMAS_A21B_0419_4.jpg", "detector": "y26n", "detections": [{"class_name": "B3", "bbox_yolo": [0.3377822935581207, 0.316728413105011, 0.16063645482063293, 0.1012859120965004], "conf": 0.5659754276275635}, {"class_name": "B3", "bbox_yolo": [0.5405797958374023, 0.35402026772499084, 0.17668417096138, 0.13536126911640167], "conf": 0.5023359060287476}, {"class_name": "B3", "bbox_yolo": [0.26726508140563965, 0.392210453748703, 0.12937599420547485, 0.12256083637475967], "conf": 0.3754490315914154}, {"class_name": "B4", "bbox_yolo": [0.6544796228408813, 0.2870737612247467, 0.10861556231975555, 0.07489468902349472], "conf": 0.2918735444545746}], "count_per_class": {"B1": 0, "B2": 0, "B3": 3, "B4": 1}, "side_index": 3}