{"image": "DAMIMAS_A21B_0382_3.jpg", "detector": "y26n", "detections": [{"class_name": "B4", "bbox_yolo": [0.6118519306182861, 0.2788356840610504, 0.1367134153842926, 0.08330795913934708], "conf": 0.4124188721179962}, {"class_name": "B1", "bbox_yolo": [0.4140498638153076, 0.39702510833740234, 0.14480741322040558, 0.10530195385217667], "conf": 0.41038334369659424}, {"class_name": "B1", "bbox_yolo": [0.4187004268169403, 0.3910439610481262, 0.12121598422527313, 0.08989407867193222], "conf": 0.373631089925766}, {"class_name": "B3", "bbox_yolo": [0.5598081350326538, 0.3644730746746063, 0.14452572166919708, 0.09728135913610458], "conf": 0.326725035905838}], "count_per_class": {"B1": 2, "B2": 0, "B3": 1, "B4": 1}, "side_index": 2}