{"image": "DAMIMAS_A21B_0411_2.jpg", "detector": "y26n", "detections": [{"class_name": "B1", "bbox_yolo": [0.3282907009124756, 0.3770968019962311, 0.12777277827262878, 0.11147534847259521], "conf": 0.6531333923339844}, {"class_name": "B3", "bbox_yolo": [0.6230060458183289, 0.3246818482875824, 0.10832291096448898, 0.09161722660064697], "conf": 0.5712664723396301}, {"class_name": "B3", "bbox_yolo": [0.6248877644538879, 0.320878267288208, 0.10432224720716476, 0.08455061912536621], "conf": 0.43621307611465454}, {"class_name": "B3", "bbox_yolo": [0.38423141837120056, 0.27861204743385315, 0.10100549459457397, 0.08057687431573868], "conf": 0.25895988941192627}], "count_per_class": {"B1": 1, "B2": 0, "B3": 3, "B4": 0}, "side_index": 1}