{"image": "DAMIMAS_A21B_0360_4.jpg", "detector": "y26n", "detections": [{"class_name": "B1", "bbox_yolo": [0.6972351670265198, 0.37992095947265625, 0.12093086540699005, 0.10334911197423935], "conf": 0.6989755630493164}, {"class_name": "B3", "bbox_yolo": [0.3989005386829376, 0.30579671263694763, 0.1280559003353119, 0.07433571666479111], "conf": 0.4001834988594055}, {"class_name": "B3", "bbox_yolo": [0.5772027373313904, 0.3490540385246277, 0.12705647945404053, 0.09792733192443848], "conf": 0.3316512703895569}], "count_per_class": {"B1": 1, "B2": 0, "B3": 2, "B4": 0}, "side_index": 3}