{"image": "DAMIMAS_A21B_0841_2.jpg", "detector": "y26n", "detections": [{"class_name": "B1", "bbox_yolo": [0.33651143312454224, 0.3683205544948578, 0.16803377866744995, 0.12677626311779022], "conf": 0.5807719826698303}, {"class_name": "B3", "bbox_yolo": [0.4888589382171631, 0.3152410089969635, 0.14483033120632172, 0.13679634034633636], "conf": 0.5440701246261597}, {"class_name": "B3", "bbox_yolo": [0.6274534463882446, 0.3537069857120514, 0.14274762570858002, 0.11703558266162872], "conf": 0.48464569449424744}, {"class_name": "B2", "bbox_yolo": [0.33651143312454224, 0.3683205544948578, 0.16803377866744995, 0.12677626311779022], "conf": 0.31570279598236084}], "count_per_class": {"B1": 1, "B2": 1, "B3": 2, "B4": 0}, "side_index": 1}