{"image": "DAMIMAS_A21B_0255_2.jpg", "detector": "y26n", "detections": [{"class_name": "B3", "bbox_yolo": [0.2684341371059418, 0.3140225410461426, 0.1299782693386078, 0.1165236234664917], "conf": 0.4571962356567383}, {"class_name": "B4", "bbox_yolo": [0.31223684549331665, 0.20099817216396332, 0.16225764155387878, 0.1282937377691269], "conf": 0.35790035128593445}, {"class_name": "B4", "bbox_yolo": [0.3180965185165405, 0.20550218224525452, 0.17594943940639496, 0.13653069734573364], "conf": 0.3261604607105255}], "count_per_class": {"B1": 0, "B2": 0, "B3": 1, "B4": 2}, "side_index": 1}