{"image": "DAMIMAS_A21B_0290_1.jpg", "detector": "y26n", "detections": [{"class_name": "B3", "bbox_yolo": [0.6737443208694458, 0.40480947494506836, 0.05586891621351242, 0.050498057156801224], "conf": 0.3374294936656952}], "count_per_class": {"B1": 0, "B2": 0, "B3": 1, "B4": 0}, "side_index": 0}