{"image": "DAMIMAS_A21B_0826_2.jpg", "detector": "y26n", "detections": [{"class_name": "B2", "bbox_yolo": [0.36910197138786316, 0.43530216813087463, 0.1322338879108429, 0.11244340240955353], "conf": 0.5529676079750061}, {"class_name": "B3", "bbox_yolo": [0.5931416153907776, 0.4091697633266449, 0.10802053660154343, 0.08984420448541641], "conf": 0.5098541975021362}, {"class_name": "B2", "bbox_yolo": [0.6570666432380676, 0.4541798233985901, 0.09913470596075058, 0.10129022598266602], "conf": 0.4555627107620239}, {"class_name": "B3", "bbox_yolo": [0.36910197138786316, 0.43530216813087463, 0.1322338879108429, 0.11244340240955353], "conf": 0.31804338097572327}], "count_per_class": {"B1": 0, "B2": 2, "B3": 2, "B4": 0}, "side_index": 1}