{"image": "DAMIMAS_A21B_0592_3.jpg", "detector": "y26n", "detections": [{"class_name": "B3", "bbox_yolo": [0.36309948563575745, 0.46720218658447266, 0.19394904375076294, 0.14604178071022034], "conf": 0.7170859575271606}, {"class_name": "B3", "bbox_yolo": [0.6060928106307983, 0.5234950184822083, 0.22333727777004242, 0.14218321442604065], "conf": 0.6184679865837097}, {"class_name": "B3", "bbox_yolo": [0.7162162065505981, 0.4299054741859436, 0.13489863276481628, 0.11260607093572617], "conf": 0.5426234006881714}], "count_per_class": {"B1": 0, "B2": 0, "B3": 3, "B4": 0}, "side_index": 2}