{"image": "DAMIMAS_A21B_0822_1.jpg", "detector": "y26n", "detections": [{"class_name": "B3", "bbox_yolo": [0.38619619607925415, 0.4540073573589325, 0.14264914393424988, 0.10365843772888184], "conf": 0.45787614583969116}, {"class_name": "B3", "bbox_yolo": [0.3759205639362335, 0.36376678943634033, 0.10562668740749359, 0.08218331634998322], "conf": 0.4368284046649933}, {"class_name": "B4", "bbox_yolo": [0.3759205639362335, 0.36376678943634033, 0.10562668740749359, 0.08218331634998322], "conf": 0.3700597584247589}, {"class_name": "B3", "bbox_yolo": [0.6279186606407166, 0.43503236770629883, 0.11362483352422714, 0.08594603836536407], "conf": 0.31039658188819885}], "count_per_class": {"B1": 0, "B2": 0, "B3": 3, "B4": 1}, "side_index": 0}