{"image": "DAMIMAS_A21B_0263_2.jpg", "detector": "y26n", "detections": [{"class_name": "B3", "bbox_yolo": [0.4302612245082855, 0.39697104692459106, 0.09738458693027496, 0.0909588560461998], "conf": 0.5564854741096497}, {"class_name": "B2", "bbox_yolo": [0.34124258160591125, 0.4667814373970032, 0.1189342588186264, 0.10435929149389267], "conf": 0.4645731449127197}, {"class_name": "B3", "bbox_yolo": [0.6991758346557617, 0.4396800696849823, 0.08009307086467743, 0.07242842018604279], "conf": 0.2559868395328522}, {"class_name": "B3", "bbox_yolo": [0.34124258160591125, 0.4667814373970032, 0.1189342588186264, 0.10435929149389267], "conf": 0.25396406650543213}], "count_per_class": {"B1": 0, "B2": 1, "B3": 3, "B4": 0}, "side_index": 1}