{"image": "DAMIMAS_A21B_0569_3.jpg", "detector": "y26n", "detections": [{"class_name": "B1", "bbox_yolo": [0.5629756450653076, 0.4276902675628662, 0.16547636687755585, 0.13749027252197266], "conf": 0.8019951581954956}, {"class_name": "B2", "bbox_yolo": [0.7217852473258972, 0.40913844108581543, 0.11278045177459717, 0.10739023983478546], "conf": 0.5530616641044617}, {"class_name": "B3", "bbox_yolo": [0.6013599634170532, 0.32948002219200134, 0.11652661114931107, 0.07280530780553818], "conf": 0.5324954390525818}, {"class_name": "B4", "bbox_yolo": [0.45925024151802063, 0.30904045701026917, 0.10774390399456024, 0.09340393543243408], "conf": 0.4533083140850067}], "count_per_class": {"B1": 1, "B2": 1, "B3": 1, "B4": 1}, "side_index": 2}