{"image": "DAMIMAS_A21B_0802_1.jpg", "detector": "y26n", "detections": [{"class_name": "B2", "bbox_yolo": [0.20654384791851044, 0.3399506211280823, 0.2340826541185379, 0.1631181538105011], "conf": 0.7011842727661133}, {"class_name": "B4", "bbox_yolo": [0.7650455236434937, 0.24504852294921875, 0.19718870520591736, 0.1492641568183899], "conf": 0.564278781414032}, {"class_name": "B4", "bbox_yolo": [0.2905316650867462, 0.20102310180664062, 0.17889271676540375, 0.11226077377796173], "conf": 0.5416934490203857}, {"class_name": "B3", "bbox_yolo": [0.4137170910835266, 0.3073485493659973, 0.16598428785800934, 0.16750290989875793], "conf": 0.4721352458000183}], "count_per_class": {"B1": 0, "B2": 1, "B3": 1, "B4": 2}, "side_index": 0}