{"image": "DAMIMAS_A21B_0822_5.jpg", "detector": "y26n", "detections": [{"class_name": "B1", "bbox_yolo": [0.696838915348053, 0.45183777809143066, 0.11784064769744873, 0.09212560951709747], "conf": 0.7217093110084534}, {"class_name": "B2", "bbox_yolo": [0.5710444450378418, 0.42586809396743774, 0.13005460798740387, 0.10278647392988205], "conf": 0.5715768933296204}, {"class_name": "B3", "bbox_yolo": [0.6259099245071411, 0.35422655940055847, 0.10822716355323792, 0.08654899895191193], "conf": 0.5688879489898682}], "count_per_class": {"B1": 1, "B2": 1, "B3": 1, "B4": 0}, "side_index": 4}