{"image": "DAMIMAS_A21B_0139_3.jpg", "detector": "y26n", "detections": [{"class_name": "B3", "bbox_yolo": [0.37102439999580383, 0.4669528007507324, 0.1270534247159958, 0.08894877880811691], "conf": 0.716606080532074}, {"class_name": "B3", "bbox_yolo": [0.466402143239975, 0.40812525153160095, 0.09753644466400146, 0.07630069553852081], "conf": 0.4082190692424774}, {"class_name": "B3", "bbox_yolo": [0.608053982257843, 0.44135886430740356, 0.09534658491611481, 0.0871000811457634], "conf": 0.36411696672439575}], "count_per_class": {"B1": 0, "B2": 0, "B3": 3, "B4": 0}, "side_index": 2}