{"image": "DAMIMAS_A21B_0774_2.jpg", "detector": "y26n", "detections": [{"class_name": "B3", "bbox_yolo": [0.6566888689994812, 0.3120742738246918, 0.12988917529582977, 0.10848987102508545], "conf": 0.47085079550743103}], "count_per_class": {"B1": 0, "B2": 0, "B3": 1, "B4": 0}, "side_index": 1}