{"image": "DAMIMAS_A21B_0128_2.jpg", "detector": "y26n", "detections": [{"class_name": "B3", "bbox_yolo": [0.3708834648132324, 0.48102283477783203, 0.111362524330616, 0.08600840717554092], "conf": 0.7223001718521118}, {"class_name": "B3", "bbox_yolo": [0.6383987069129944, 0.46511203050613403, 0.10648550093173981, 0.08475079387426376], "conf": 0.6701400279998779}, {"class_name": "B4", "bbox_yolo": [0.549870491027832, 0.4321315884590149, 0.09032466262578964, 0.0710725337266922], "conf": 0.4684188663959503}], "count_per_class": {"B1": 0, "B2": 0, "B3": 2, "B4": 1}, "side_index": 1}