{"image": "DAMIMAS_A21B_0225_1.jpg", "detector": "y26n", "detections": [{"class_name": "B2", "bbox_yolo": [0.5595080256462097, 0.5274858474731445, 0.14244937896728516, 0.10289688408374786], "conf": 0.7085738778114319}, {"class_name": "B3", "bbox_yolo": [0.35778412222862244, 0.4920332133769989, 0.10471382737159729, 0.08757896721363068], "conf": 0.5299689769744873}, {"class_name": "B3", "bbox_yolo": [0.6470867395401001, 0.4921349585056305, 0.08538360893726349, 0.06490373611450195], "conf": 0.2963554561138153}], "count_per_class": {"B1": 0, "B2": 1, "B3": 2, "B4": 0}, "side_index": 0}