{"image": "DAMIMAS_A21B_0457_4.jpg", "detector": "y26n", "detections": [{"class_name": "B3", "bbox_yolo": [0.679053544998169, 0.3824118673801422, 0.10623112320899963, 0.09360303729772568], "conf": 0.644798219203949}, {"class_name": "B2", "bbox_yolo": [0.557390034198761, 0.39720550179481506, 0.11254771798849106, 0.09236478805541992], "conf": 0.30150261521339417}, {"class_name": "B4", "bbox_yolo": [0.5960337519645691, 0.33114954829216003, 0.09919872879981995, 0.06580784171819687], "conf": 0.25790905952453613}], "count_per_class": {"B1": 0, "B2": 1, "B3": 1, "B4": 1}, "side_index": 3}