{"image": "DAMIMAS_A21B_0049_2.jpg", "detector": "y26n", "detections": [{"class_name": "B3", "bbox_yolo": [0.3591459393501282, 0.42173758149147034, 0.15685464441776276, 0.12548485398292542], "conf": 0.7430577278137207}, {"class_name": "B3", "bbox_yolo": [0.6496878862380981, 0.3772974908351898, 0.1040060743689537, 0.07441284507513046], "conf": 0.5229252576828003}, {"class_name": "B3", "bbox_yolo": [0.5677616000175476, 0.4328363835811615, 0.11442486941814423, 0.09632930904626846], "conf": 0.3715263605117798}], "count_per_class": {"B1": 0, "B2": 0, "B3": 3, "B4": 0}, "side_index": 1}