{"image": "DAMIMAS_A21B_0390_3.jpg", "detector": "y26n", "detections": [{"class_name": "B3", "bbox_yolo": [0.4100070893764496, 0.4254322946071625, 0.09680437296628952, 0.07168545573949814], "conf": 0.5458993911743164}, {"class_name": "B3", "bbox_yolo": [0.5283650755882263, 0.4001620411872864, 0.11557462066411972, 0.08486276119947433], "conf": 0.46659016609191895}, {"class_name": "B4", "bbox_yolo": [0.4432321786880493, 0.3553537428379059, 0.09483487159013748, 0.06781957298517227], "conf": 0.40988531708717346}, {"class_name": "B4", "bbox_yolo": [0.6190428733825684, 0.35432037711143494, 0.08307483047246933, 0.06530308723449707], "conf": 0.3135069012641907}], "count_per_class": {"B1": 0, "B2": 0, "B3": 2, "B4": 2}, "side_index": 2}