{"image": "DAMIMAS_A21B_0799_4.jpg", "detector": "y26n", "detections": [{"class_name": "B3", "bbox_yolo": [0.7042635679244995, 0.3552297055721283, 0.28932490944862366, 0.22912795841693878], "conf": 0.6810570359230042}, {"class_name": "B3", "bbox_yolo": [0.2634752094745636, 0.33203738927841187, 0.1369372308254242, 0.12107787281274796], "conf": 0.5356846451759338}, {"class_name": "B4", "bbox_yolo": [0.8841515779495239, 0.25613197684288025, 0.13382123410701752, 0.0825783982872963], "conf": 0.4411129057407379}], "count_per_class": {"B1": 0, "B2": 0, "B3": 2, "B4": 1}, "side_index": 3}