{"image": "DAMIMAS_A21B_0480_4.jpg", "detector": "y26n", "detections": [{"class_name": "B1", "bbox_yolo": [0.5119632482528687, 0.4995693862438202, 0.10341622680425644, 0.07287025451660156], "conf": 0.7157378792762756}, {"class_name": "B3", "bbox_yolo": [0.30242565274238586, 0.4649178981781006, 0.0770181193947792, 0.06845273822546005], "conf": 0.4666047990322113}], "count_per_class": {"B1": 1, "B2": 0, "B3": 1, "B4": 0}, "side_index": 3}