{"image": "DAMIMAS_A21B_0025_1.jpg", "detector": "y26n", "detections": [{"class_name": "B2", "bbox_yolo": [0.44459524750709534, 0.5866532921791077, 0.09816707670688629, 0.0778118148446083], "conf": 0.6459479331970215}, {"class_name": "B3", "bbox_yolo": [0.6171030402183533, 0.5566038489341736, 0.08806534111499786, 0.07019238919019699], "conf": 0.5585890412330627}, {"class_name": "B1", "bbox_yolo": [0.34415340423583984, 0.6273728609085083, 0.0747157484292984, 0.0689944252371788], "conf": 0.4671049118041992}], "count_per_class": {"B1": 1, "B2": 1, "B3": 1, "B4": 0}, "side_index": 0}