{"image": "DAMIMAS_A21B_0473_4.jpg", "detector": "y26n", "detections": [{"class_name": "B1", "bbox_yolo": [0.5093054175376892, 0.45619985461235046, 0.13802726566791534, 0.12845921516418457], "conf": 0.856478750705719}, {"class_name": "B3", "bbox_yolo": [0.3829439878463745, 0.4280219078063965, 0.09055119007825851, 0.08471091091632843], "conf": 0.40052688121795654}, {"class_name": "B2", "bbox_yolo": [0.7044861316680908, 0.4311549663543701, 0.09242840111255646, 0.07866840809583664], "conf": 0.3053867220878601}, {"class_name": "B3", "bbox_yolo": [0.6124843955039978, 0.4174399971961975, 0.09977385401725769, 0.09381292015314102], "conf": 0.2626171112060547}], "count_per_class": {"B1": 1, "B2": 1, "B3": 2, "B4": 0}, "side_index": 3}