{"image": "DAMIMAS_A21B_0845_2.jpg", "detector": "y26n", "detections": [{"class_name": "B3", "bbox_yolo": [0.36432331800460815, 0.2665981948375702, 0.19505539536476135, 0.15389172732830048], "conf": 0.7060198187828064}, {"class_name": "B3", "bbox_yolo": [0.6677049994468689, 0.23224449157714844, 0.1579207181930542, 0.1321111023426056], "conf": 0.4114586412906647}], "count_per_class": {"B1": 0, "B2": 0, "B3": 2, "B4": 0}, "side_index": 1}