{"image": "DAMIMAS_A21B_0744_2.jpg", "detector": "y26n", "detections": [{"class_name": "B1", "bbox_yolo": [0.6762287616729736, 0.4533464014530182, 0.11414356529712677, 0.13408826291561127], "conf": 0.6209539771080017}, {"class_name": "B4", "bbox_yolo": [0.36321088671684265, 0.3975028693675995, 0.133475661277771, 0.10779812186956406], "conf": 0.5538222789764404}, {"class_name": "B3", "bbox_yolo": [0.5589869618415833, 0.4343930780887604, 0.11670730262994766, 0.12944327294826508], "conf": 0.45951569080352783}, {"class_name": "B2", "bbox_yolo": [0.2995454967021942, 0.46129700541496277, 0.11438227444887161, 0.1071404442191124], "conf": 0.43116241693496704}], "count_per_class": {"B1": 1, "B2": 1, "B3": 1, "B4": 1}, "side_index": 1}