{"image": "DAMIMAS_A21B_0034_1.jpg", "detector": "y26n", "detections": [{"class_name": "B3", "bbox_yolo": [0.47516533732414246, 0.5038987398147583, 0.09786113351583481, 0.08005814999341965], "conf": 0.38732102513313293}], "count_per_class": {"B1": 0, "B2": 0, "B3": 1, "B4": 0}, "side_index": 0}