{"image": "DAMIMAS_A21B_0487_1.jpg", "detector": "y26n", "detections": [{"class_name": "B3", "bbox_yolo": [0.553219735622406, 0.3583560585975647, 0.083586186170578, 0.06754143536090851], "conf": 0.35367274284362793}, {"class_name": "B2", "bbox_yolo": [0.6143639087677002, 0.3772525489330292, 0.08522333204746246, 0.06083476543426514], "conf": 0.2670225501060486}], "count_per_class": {"B1": 0, "B2": 1, "B3": 1, "B4": 0}, "side_index": 0}