{"image": "DAMIMAS_A21B_0795_2.jpg", "detector": "y26n", "detections": [{"class_name": "B2", "bbox_yolo": [0.6291453242301941, 0.3155384063720703, 0.14648953080177307, 0.12202093750238419], "conf": 0.7069959044456482}, {"class_name": "B3", "bbox_yolo": [0.46247389912605286, 0.24961312115192413, 0.14340655505657196, 0.10305638611316681], "conf": 0.4364257752895355}], "count_per_class": {"B1": 0, "B2": 1, "B3": 1, "B4": 0}, "side_index": 1}