{"image": "DAMIMAS_A21B_0797_3.jpg", "detector": "y26n", "detections": [{"class_name": "B2", "bbox_yolo": [0.31402137875556946, 0.3339728116989136, 0.14170023798942566, 0.13377605378627777], "conf": 0.6604784727096558}, {"class_name": "B3", "bbox_yolo": [0.41395315527915955, 0.2686466872692108, 0.1466016173362732, 0.10666003078222275], "conf": 0.5498265027999878}, {"class_name": "B2", "bbox_yolo": [0.7015478014945984, 0.28513556718826294, 0.10739117115736008, 0.09722854942083359], "conf": 0.27251243591308594}], "count_per_class": {"B1": 0, "B2": 2, "B3": 1, "B4": 0}, "side_index": 2}