{"image": "DAMIMAS_A21B_0434_1.jpg", "detector": "y26n", "detections": [{"class_name": "B3", "bbox_yolo": [0.5360130667686462, 0.42728114128112793, 0.07721268385648727, 0.0627661719918251], "conf": 0.30859795212745667}, {"class_name": "B3", "bbox_yolo": [0.610112726688385, 0.4052577018737793, 0.05755869671702385, 0.04983043670654297], "conf": 0.30832505226135254}, {"class_name": "B1", "bbox_yolo": [0.4361918270587921, 0.45095396041870117, 0.07822921127080917, 0.060074951499700546], "conf": 0.2673383951187134}], "count_per_class": {"B1": 1, "B2": 0, "B3": 2, "B4": 0}, "side_index": 0}