{"image": "DAMIMAS_A21B_0471_2.jpg", "detector": "y26n", "detections": [{"class_name": "B3", "bbox_yolo": [0.4745918810367584, 0.407886803150177, 0.10030288994312286, 0.08295555412769318], "conf": 0.7197229266166687}, {"class_name": "B3", "bbox_yolo": [0.5854259729385376, 0.4268072247505188, 0.0926663801074028, 0.06860394775867462], "conf": 0.3261135220527649}, {"class_name": "B2", "bbox_yolo": [0.5854259729385376, 0.4268072247505188, 0.0926663801074028, 0.06860394775867462], "conf": 0.2923290729522705}, {"class_name": "B2", "bbox_yolo": [0.39200276136398315, 0.43996915221214294, 0.08749488741159439, 0.07454385608434677], "conf": 0.28198033571243286}], "count_per_class": {"B1": 0, "B2": 2, "B3": 2, "B4": 0}, "side_index": 1}