{"image": "DAMIMAS_A21B_0603_4.jpg", "detector": "y26n", "detections": [{"class_name": "B4", "bbox_yolo": [0.2923133075237274, 0.3175475299358368, 0.14828574657440186, 0.11126305907964706], "conf": 0.792717456817627}, {"class_name": "B2", "bbox_yolo": [0.3135397136211395, 0.4429100453853607, 0.19496917724609375, 0.13972675800323486], "conf": 0.6263424158096313}, {"class_name": "B1", "bbox_yolo": [0.5656681060791016, 0.434918612241745, 0.1299086958169937, 0.12405476719141006], "conf": 0.5210723876953125}], "count_per_class": {"B1": 1, "B2": 1, "B3": 0, "B4": 1}, "side_index": 3}