{"image": "DAMIMAS_A21B_0841_1.jpg", "detector": "y26n", "detections": [{"class_name": "B3", "bbox_yolo": [0.48294728994369507, 0.3263288140296936, 0.1657288372516632, 0.14643195271492004], "conf": 0.6748976707458496}, {"class_name": "B4", "bbox_yolo": [0.5852476954460144, 0.24192741513252258, 0.13195191323757172, 0.09775686264038086], "conf": 0.46066856384277344}, {"class_name": "B3", "bbox_yolo": [0.32354483008384705, 0.30732056498527527, 0.13745363056659698, 0.12413900345563889], "conf": 0.33927392959594727}, {"class_name": "B3", "bbox_yolo": [0.6903557181358337, 0.28244727849960327, 0.10768407583236694, 0.0595613494515419], "conf": 0.285597026348114}], "count_per_class": {"B1": 0, "B2": 0, "B3": 3, "B4": 1}, "side_index": 0}