{"image": "DAMIMAS_A21B_0229_4.jpg", "detector": "y26n", "detections": [{"class_name": "B3", "bbox_yolo": [0.36705538630485535, 0.4037071168422699, 0.14832350611686707, 0.12160354107618332], "conf": 0.7041406631469727}, {"class_name": "B3", "bbox_yolo": [0.5105462074279785, 0.3429754972457886, 0.11215363442897797, 0.1198185458779335], "conf": 0.628217875957489}, {"class_name": "B4", "bbox_yolo": [0.356106698513031, 0.31246599555015564, 0.11278738081455231, 0.07439763844013214], "conf": 0.5205543637275696}, {"class_name": "B3", "bbox_yolo": [0.6304675340652466, 0.35815227031707764, 0.10924206674098969, 0.08498024940490723], "conf": 0.35601845383644104}], "count_per_class": {"B1": 0, "B2": 0, "B3": 3, "B4": 1}, "side_index": 3}