{"image": "DAMIMAS_A21B_0263_1.jpg", "detector": "y26n", "detections": [{"class_name": "B3", "bbox_yolo": [0.4423621594905853, 0.4433276355266571, 0.10809457302093506, 0.10216613113880157], "conf": 0.7138178944587708}, {"class_name": "B2", "bbox_yolo": [0.6761871576309204, 0.5119056105613708, 0.11171691119670868, 0.09072118252515793], "conf": 0.5029937624931335}, {"class_name": "B3", "bbox_yolo": [0.5691141486167908, 0.4750696122646332, 0.1177765280008316, 0.07749047130346298], "conf": 0.3295283317565918}], "count_per_class": {"B1": 0, "B2": 1, "B3": 2, "B4": 0}, "side_index": 0}