{"image": "DAMIMAS_A21B_0414_4.jpg", "detector": "y26n", "detections": [{"class_name": "B3", "bbox_yolo": [0.3947645425796509, 0.3799522817134857, 0.12429845333099365, 0.09111058712005615], "conf": 0.665791392326355}, {"class_name": "B3", "bbox_yolo": [0.3142825663089752, 0.4285360276699066, 0.10838679224252701, 0.09596605598926544], "conf": 0.6386125683784485}, {"class_name": "B3", "bbox_yolo": [0.5006834268569946, 0.4062988758087158, 0.11340046674013138, 0.08591099083423615], "conf": 0.5400794744491577}], "count_per_class": {"B1": 0, "B2": 0, "B3": 3, "B4": 0}, "side_index": 3}