{"image": "DAMIMAS_A21B_0034_2.jpg", "detector": "y26n", "detections": [{"class_name": "B3", "bbox_yolo": [0.5829649567604065, 0.5137276649475098, 0.11440401524305344, 0.08083558082580566], "conf": 0.6900192499160767}, {"class_name": "B3", "bbox_yolo": [0.38163381814956665, 0.5078033804893494, 0.091336190700531, 0.07003603130578995], "conf": 0.5075442790985107}], "count_per_class": {"B1": 0, "B2": 0, "B3": 2, "B4": 0}, "side_index": 1}