{"image": "DAMIMAS_A21B_0737_4.jpg", "detector": "y26n", "detections": [{"class_name": "B3", "bbox_yolo": [0.597632646560669, 0.21457913517951965, 0.216732919216156, 0.18668679893016815], "conf": 0.7050652503967285}, {"class_name": "B3", "bbox_yolo": [0.29783645272254944, 0.279558926820755, 0.11702246963977814, 0.12342476844787598], "conf": 0.4712139964103699}], "count_per_class": {"B1": 0, "B2": 0, "B3": 2, "B4": 0}, "side_index": 3}