{"image": "DAMIMAS_A21B_0134_1.jpg", "detector": "y26n", "detections": [{"class_name": "B3", "bbox_yolo": [0.5140470266342163, 0.3848623037338257, 0.09355036914348602, 0.08945450931787491], "conf": 0.6337503790855408}, {"class_name": "B3", "bbox_yolo": [0.3854611814022064, 0.3796178996562958, 0.08797760307788849, 0.06538300961256027], "conf": 0.46887683868408203}, {"class_name": "B3", "bbox_yolo": [0.5760854482650757, 0.37927302718162537, 0.05590827018022537, 0.06170520931482315], "conf": 0.2736031115055084}], "count_per_class": {"B1": 0, "B2": 0, "B3": 3, "B4": 0}, "side_index": 0}