{"image": "DAMIMAS_A21B_0540_2.jpg", "detector": "y26n", "detections": [{"class_name": "B3", "bbox_yolo": [0.39497923851013184, 0.42134538292884827, 0.1350884884595871, 0.11543643474578857], "conf": 0.5772761702537537}, {"class_name": "B1", "bbox_yolo": [0.5564810633659363, 0.439779132604599, 0.16124923527240753, 0.11793823540210724], "conf": 0.44031792879104614}], "count_per_class": {"B1": 1, "B2": 0, "B3": 1, "B4": 0}, "side_index": 1}