{"image": "DAMIMAS_A21B_0253_1.jpg", "detector": "y26n", "detections": [{"class_name": "B3", "bbox_yolo": [0.3144107758998871, 0.0960107371211052, 0.1784696727991104, 0.13692359626293182], "conf": 0.7521966099739075}, {"class_name": "B3", "bbox_yolo": [0.6669961214065552, 0.11915049701929092, 0.26624947786331177, 0.17243944108486176], "conf": 0.3146253526210785}], "count_per_class": {"B1": 0, "B2": 0, "B3": 2, "B4": 0}, "side_index": 0}