{"image": "DAMIMAS_A21B_0203_1.jpg", "detector": "y26n", "detections": [{"class_name": "B3", "bbox_yolo": [0.38171449303627014, 0.3851225972175598, 0.0918143019080162, 0.08228053897619247], "conf": 0.6145710349082947}], "count_per_class": {"B1": 0, "B2": 0, "B3": 1, "B4": 0}, "side_index": 0}