{"image": "DAMIMAS_A21B_0055_3.jpg", "detector": "y26n", "detections": [{"class_name": "B1", "bbox_yolo": [0.6385492086410522, 0.4539564549922943, 0.12769490480422974, 0.11153421550989151], "conf": 0.7175073623657227}, {"class_name": "B3", "bbox_yolo": [0.38524502515792847, 0.40606698393821716, 0.12045133113861084, 0.09625108540058136], "conf": 0.6870028376579285}, {"class_name": "B3", "bbox_yolo": [0.5178889632225037, 0.4231259524822235, 0.11931721866130829, 0.10585512965917587], "conf": 0.44904905557632446}], "count_per_class": {"B1": 1, "B2": 0, "B3": 2, "B4": 0}, "side_index": 2}