{"image": "DAMIMAS_A21B_0231_3.jpg", "detector": "y26n", "detections": [{"class_name": "B3", "bbox_yolo": [0.3584972023963928, 0.35390540957450867, 0.12827591598033905, 0.11344277858734131], "conf": 0.6710073947906494}, {"class_name": "B3", "bbox_yolo": [0.6430432796478271, 0.3295319676399231, 0.13195782899856567, 0.12060832977294922], "conf": 0.620505154132843}, {"class_name": "B4", "bbox_yolo": [0.48277175426483154, 0.2905195653438568, 0.1401655226945877, 0.12032871693372726], "conf": 0.5781682729721069}, {"class_name": "B3", "bbox_yolo": [0.48277175426483154, 0.2905195653438568, 0.1401655226945877, 0.12032871693372726], "conf": 0.32337915897369385}], "count_per_class": {"B1": 0, "B2": 0, "B3": 3, "B4": 1}, "side_index": 2}