{"image": "DAMIMAS_A21B_0283_4.jpg", "detector": "y26n", "detections": [{"class_name": "B3", "bbox_yolo": [0.3259684443473816, 0.4652130603790283, 0.11328214406967163, 0.10494451969861984], "conf": 0.5093703269958496}, {"class_name": "B3", "bbox_yolo": [0.4486196041107178, 0.43891221284866333, 0.11359549313783646, 0.09342624992132187], "conf": 0.43007537722587585}, {"class_name": "B3", "bbox_yolo": [0.5629969835281372, 0.38424092531204224, 0.12900620698928833, 0.07901976257562637], "conf": 0.3158588707447052}, {"class_name": "B3", "bbox_yolo": [0.45432648062705994, 0.4502393901348114, 0.13412952423095703, 0.11908373981714249], "conf": 0.2722780704498291}], "count_per_class": {"B1": 0, "B2": 0, "B3": 4, "B4": 0}, "side_index": 3}