{"image": "DAMIMAS_A21B_0282_3.jpg", "detector": "y26n", "detections": [{"class_name": "B1", "bbox_yolo": [0.6269635558128357, 0.5385033488273621, 0.17978167533874512, 0.13053254783153534], "conf": 0.8323419690132141}, {"class_name": "B1", "bbox_yolo": [0.3494485318660736, 0.5004233717918396, 0.10676635801792145, 0.08483505249023438], "conf": 0.4539912939071655}, {"class_name": "B3", "bbox_yolo": [0.6154873371124268, 0.45620298385620117, 0.11718852072954178, 0.06617679446935654], "conf": 0.3809850513935089}, {"class_name": "B3", "bbox_yolo": [0.46591997146606445, 0.4733773171901703, 0.11684313416481018, 0.10418935120105743], "conf": 0.3643565773963928}], "count_per_class": {"B1": 2, "B2": 0, "B3": 2, "B4": 0}, "side_index": 2}