{"image": "DAMIMAS_A21B_0394_3.jpg", "detector": "y26n", "detections": [{"class_name": "B1", "bbox_yolo": [0.57306307554245, 0.4113161265850067, 0.1288868933916092, 0.09079022705554962], "conf": 0.8487845063209534}, {"class_name": "B3", "bbox_yolo": [0.590650737285614, 0.3420962691307068, 0.08015232533216476, 0.05116849020123482], "conf": 0.3956480622291565}, {"class_name": "B3", "bbox_yolo": [0.6713995337486267, 0.40512821078300476, 0.07693876326084137, 0.08187451213598251], "conf": 0.3661133050918579}, {"class_name": "B3", "bbox_yolo": [0.5928540825843811, 0.342292457818985, 0.0886264219880104, 0.05743687227368355], "conf": 0.3268848955631256}], "count_per_class": {"B1": 1, "B2": 0, "B3": 3, "B4": 0}, "side_index": 2}