{"image": "DAMIMAS_A21B_0776_3.jpg", "detector": "y26n", "detections": [{"class_name": "B3", "bbox_yolo": [0.6962071061134338, 0.282724529504776, 0.11751321703195572, 0.1023755818605423], "conf": 0.7171229124069214}, {"class_name": "B3", "bbox_yolo": [0.30700379610061646, 0.319476455450058, 0.12228257209062576, 0.09126799553632736], "conf": 0.4922274947166443}], "count_per_class": {"B1": 0, "B2": 0, "B3": 2, "B4": 0}, "side_index": 2}