{"image": "DAMIMAS_A21B_0400_3.jpg", "detector": "y26n", "detections": [{"class_name": "B3", "bbox_yolo": [0.49564751982688904, 0.4066447913646698, 0.12254474312067032, 0.0891897901892662], "conf": 0.6313891410827637}, {"class_name": "B3", "bbox_yolo": [0.3808661699295044, 0.4340205788612366, 0.11228116601705551, 0.07154610008001328], "conf": 0.4415026307106018}, {"class_name": "B4", "bbox_yolo": [0.5922595262527466, 0.3686838746070862, 0.09739354997873306, 0.06954488903284073], "conf": 0.37266862392425537}, {"class_name": "B3", "bbox_yolo": [0.5922595262527466, 0.3686838746070862, 0.09739354997873306, 0.06954488903284073], "conf": 0.2851652503013611}], "count_per_class": {"B1": 0, "B2": 0, "B3": 3, "B4": 1}, "side_index": 2}