{"image": "DAMIMAS_A21B_0368_4.jpg", "detector": "y26n", "detections": [{"class_name": "B2", "bbox_yolo": [0.4624817371368408, 0.45188674330711365, 0.11632087081670761, 0.09563684463500977], "conf": 0.4343608617782593}, {"class_name": "B3", "bbox_yolo": [0.5673189163208008, 0.4102962613105774, 0.1127624586224556, 0.07412920147180557], "conf": 0.34588518738746643}, {"class_name": "B4", "bbox_yolo": [0.53030925989151, 0.3440125584602356, 0.09567035734653473, 0.0709516778588295], "conf": 0.25379064679145813}], "count_per_class": {"B1": 0, "B2": 1, "B3": 1, "B4": 1}, "side_index": 3}