{"image": "DAMIMAS_A21B_0205_2.jpg", "detector": "y26n", "detections": [{"class_name": "B3", "bbox_yolo": [0.4453715682029724, 0.5128841996192932, 0.12391364574432373, 0.10287056118249893], "conf": 0.7233386635780334}, {"class_name": "B3", "bbox_yolo": [0.6438775658607483, 0.47874686121940613, 0.09548353403806686, 0.07535133510828018], "conf": 0.4651859998703003}], "count_per_class": {"B1": 0, "B2": 0, "B3": 2, "B4": 0}, "side_index": 1}