{"image": "DAMIMAS_A21B_0025_3.jpg", "detector": "y26n", "detections": [{"class_name": "B1", "bbox_yolo": [0.6906645894050598, 0.4765075147151947, 0.15038052201271057, 0.13995885848999023], "conf": 0.8196595907211304}, {"class_name": "B3", "bbox_yolo": [0.32911157608032227, 0.4757835865020752, 0.12298861145973206, 0.11450129002332687], "conf": 0.3507959246635437}], "count_per_class": {"B1": 1, "B2": 0, "B3": 1, "B4": 0}, "side_index": 2}