{"image": "DAMIMAS_A21B_0224_2.jpg", "detector": "y26n", "detections": [{"class_name": "B3", "bbox_yolo": [0.638763964176178, 0.3845142424106598, 0.1881956160068512, 0.1296447515487671], "conf": 0.7749311923980713}, {"class_name": "B1", "bbox_yolo": [0.7409386038780212, 0.4586378037929535, 0.13141588866710663, 0.12099993228912354], "conf": 0.595565140247345}], "count_per_class": {"B1": 1, "B2": 0, "B3": 1, "B4": 0}, "side_index": 1}