{"image": "DAMIMAS_A21B_0777_4.jpg", "detector": "y26n", "detections": [{"class_name": "B1", "bbox_yolo": [0.5197541117668152, 0.38678160309791565, 0.1604766547679901, 0.12310085445642471], "conf": 0.5230703949928284}, {"class_name": "B3", "bbox_yolo": [0.644681453704834, 0.3593366742134094, 0.10913518816232681, 0.10349979251623154], "conf": 0.3837750256061554}, {"class_name": "B1", "bbox_yolo": [0.5219593644142151, 0.3857131600379944, 0.1617307811975479, 0.12689054012298584], "conf": 0.2775724232196808}], "count_per_class": {"B1": 2, "B2": 0, "B3": 1, "B4": 0}, "side_index": 3}