{"image": "DAMIMAS_A21B_0483_3.jpg", "detector": "y26n", "detections": [{"class_name": "B2", "bbox_yolo": [0.6780620813369751, 0.4527767300605774, 0.09340102225542068, 0.07964153587818146], "conf": 0.33116185665130615}, {"class_name": "B3", "bbox_yolo": [0.5756462216377258, 0.4329599440097809, 0.10011883080005646, 0.07543454319238663], "conf": 0.2814166843891144}, {"class_name": "B1", "bbox_yolo": [0.6780620813369751, 0.4527767300605774, 0.09340102225542068, 0.07964153587818146], "conf": 0.2518805265426636}], "count_per_class": {"B1": 1, "B2": 1, "B3": 1, "B4": 0}, "side_index": 2}