{"image": "DAMIMAS_A21B_0144_4.jpg", "detector": "y26n", "detections": [{"class_name": "B3", "bbox_yolo": [0.47357675433158875, 0.4763890206813812, 0.09829451888799667, 0.08524908870458603], "conf": 0.6798872947692871}, {"class_name": "B2", "bbox_yolo": [0.3830243647098541, 0.5235769152641296, 0.12484388798475266, 0.10059018433094025], "conf": 0.6268751621246338}, {"class_name": "B3", "bbox_yolo": [0.5845491290092468, 0.4977780878543854, 0.10072854906320572, 0.09104948490858078], "conf": 0.6117536425590515}], "count_per_class": {"B1": 0, "B2": 1, "B3": 2, "B4": 0}, "side_index": 3}