{"image": "DAMIMAS_A21B_0852_1.jpg", "detector": "y26n", "detections": [{"class_name": "B2", "bbox_yolo": [0.5180452466011047, 0.5977989435195923, 0.09750586003065109, 0.08360905945301056], "conf": 0.5024800300598145}, {"class_name": "B1", "bbox_yolo": [0.5180452466011047, 0.5977989435195923, 0.09750586003065109, 0.08360905945301056], "conf": 0.3904586136341095}, {"class_name": "B3", "bbox_yolo": [0.6880183219909668, 0.5552006363868713, 0.06438605487346649, 0.05123462900519371], "conf": 0.28822386264801025}], "count_per_class": {"B1": 1, "B2": 1, "B3": 1, "B4": 0}, "side_index": 0}