{"image": "DAMIMAS_A21B_0631_3.jpg", "detector": "y26n", "detections": [{"class_name": "B3", "bbox_yolo": [0.2868768870830536, 0.38792678713798523, 0.1754249483346939, 0.10697078704833984], "conf": 0.35933274030685425}], "count_per_class": {"B1": 0, "B2": 0, "B3": 1, "B4": 0}, "side_index": 2}