{"image": "DAMIMAS_A21B_0016_3.jpg", "detector": "y26n", "detections": [{"class_name": "B3", "bbox_yolo": [0.5126810073852539, 0.5711349844932556, 0.09065739810466766, 0.0803995132446289], "conf": 0.5336557030677795}], "count_per_class": {"B1": 0, "B2": 0, "B3": 1, "B4": 0}, "side_index": 2}