{"image": "DAMIMAS_A21B_0311_4.jpg", "detector": "y26n", "detections": [{"class_name": "B2", "bbox_yolo": [0.3828088343143463, 0.4593198299407959, 0.12600603699684143, 0.12274713814258575], "conf": 0.34112727642059326}], "count_per_class": {"B1": 0, "B2": 1, "B3": 0, "B4": 0}, "side_index": 3}