{"image": "DAMIMAS_A21B_0369_4.jpg", "detector": "y26n", "detections": [{"class_name": "B1", "bbox_yolo": [0.44123178720474243, 0.427356094121933, 0.11795330792665482, 0.09244661778211594], "conf": 0.716064453125}, {"class_name": "B3", "bbox_yolo": [0.4109937846660614, 0.35105592012405396, 0.10299139469861984, 0.06682038307189941], "conf": 0.5510686635971069}, {"class_name": "B4", "bbox_yolo": [0.4109937846660614, 0.35105592012405396, 0.10299139469861984, 0.06682038307189941], "conf": 0.27034634351730347}], "count_per_class": {"B1": 1, "B2": 0, "B3": 1, "B4": 1}, "side_index": 3}