{"image": "DAMIMAS_A21B_0736_1.jpg", "detector": "y26n", "detections": [{"class_name": "B4", "bbox_yolo": [0.653693437576294, 0.16679233312606812, 0.16001389920711517, 0.12109649181365967], "conf": 0.7380146384239197}, {"class_name": "B3", "bbox_yolo": [0.4914940595626831, 0.2601441442966461, 0.2098909467458725, 0.1796228438615799], "conf": 0.716435432434082}, {"class_name": "B2", "bbox_yolo": [0.2563698887825012, 0.2973984479904175, 0.2356836348772049, 0.12881894409656525], "conf": 0.39109551906585693}, {"class_name": "B3", "bbox_yolo": [0.2741846442222595, 0.1989063024520874, 0.11490525305271149, 0.08050131797790527], "conf": 0.29066962003707886}], "count_per_class": {"B1": 0, "B2": 1, "B3": 2, "B4": 1}, "side_index": 0}