{"image": "DAMIMAS_A21B_0182_3.jpg", "detector": "y26n", "detections": [{"class_name": "B2", "bbox_yolo": [0.5726332664489746, 0.4167029857635498, 0.15993697941303253, 0.12398681789636612], "conf": 0.6857417225837708}, {"class_name": "B3", "bbox_yolo": [0.4511108994483948, 0.3665974736213684, 0.14891478419303894, 0.11733319610357285], "conf": 0.6640412211418152}, {"class_name": "B2", "bbox_yolo": [0.30898764729499817, 0.40790748596191406, 0.1285174936056137, 0.10301661491394043], "conf": 0.5727100372314453}, {"class_name": "B4", "bbox_yolo": [0.365303099155426, 0.30587485432624817, 0.0988667830824852, 0.07334475964307785], "conf": 0.28602519631385803}], "count_per_class": {"B1": 0, "B2": 2, "B3": 1, "B4": 1}, "side_index": 2}