{"image": "DAMIMAS_A21B_0149_4.jpg", "detector": "y26n", "detections": [{"class_name": "B3", "bbox_yolo": [0.5430772304534912, 0.3933376967906952, 0.11153561621904373, 0.09420621395111084], "conf": 0.6874521374702454}, {"class_name": "B4", "bbox_yolo": [0.4500196576118469, 0.3415999114513397, 0.10864522308111191, 0.07907509803771973], "conf": 0.6187995672225952}, {"class_name": "B3", "bbox_yolo": [0.42731985449790955, 0.42457684874534607, 0.10767555981874466, 0.08126659691333771], "conf": 0.41741839051246643}, {"class_name": "B3", "bbox_yolo": [0.6433373093605042, 0.36924347281455994, 0.06140798330307007, 0.060750819742679596], "conf": 0.25299200415611267}], "count_per_class": {"B1": 0, "B2": 0, "B3": 3, "B4": 1}, "side_index": 3}