{"image": "DAMIMAS_A21B_0821_8.jpg", "detector": "y26n", "detections": [{"class_name": "B3", "bbox_yolo": [0.5847874879837036, 0.39094671607017517, 0.1397334784269333, 0.12553799152374268], "conf": 0.6892802715301514}, {"class_name": "B1", "bbox_yolo": [0.738043487071991, 0.42715999484062195, 0.1288994550704956, 0.10298025608062744], "conf": 0.6344955563545227}, {"class_name": "B3", "bbox_yolo": [0.38190656900405884, 0.42985519766807556, 0.15078195929527283, 0.12919245660305023], "conf": 0.6160902380943298}, {"class_name": "B3", "bbox_yolo": [0.32180991768836975, 0.35687169432640076, 0.11514325439929962, 0.10093627125024796], "conf": 0.603668212890625}], "count_per_class": {"B1": 1, "B2": 0, "B3": 3, "B4": 0}, "side_index": 7}