{"image": "DAMIMAS_A21B_0008_1.jpg", "detector": "y26n", "detections": [{"class_name": "B3", "bbox_yolo": [0.4103587865829468, 0.48160287737846375, 0.10538508743047714, 0.08203687518835068], "conf": 0.6252902150154114}, {"class_name": "B3", "bbox_yolo": [0.5859033465385437, 0.4511544406414032, 0.08600909262895584, 0.06909690052270889], "conf": 0.44962847232818604}, {"class_name": "B4", "bbox_yolo": [0.5004174709320068, 0.4329448342323303, 0.08800462633371353, 0.07824106514453888], "conf": 0.34511736035346985}], "count_per_class": {"B1": 0, "B2": 0, "B3": 2, "B4": 1}, "side_index": 0}