{"image": "DAMIMAS_A21B_0841_4.jpg", "detector": "y26n", "detections": [{"class_name": "B1", "bbox_yolo": [0.6518861651420593, 0.3846661150455475, 0.11007849872112274, 0.08467455208301544], "conf": 0.5787180066108704}, {"class_name": "B3", "bbox_yolo": [0.5057929158210754, 0.36624380946159363, 0.10703214257955551, 0.09360425919294357], "conf": 0.42904701828956604}], "count_per_class": {"B1": 1, "B2": 0, "B3": 1, "B4": 0}, "side_index": 3}