{"image": "DAMIMAS_A21B_0318_2.jpg", "detector": "y26n", "detections": [{"class_name": "B3", "bbox_yolo": [0.16167587041854858, 0.46457281708717346, 0.2098643034696579, 0.17001795768737793], "conf": 0.8026697635650635}, {"class_name": "B3", "bbox_yolo": [0.5415503978729248, 0.4159286618232727, 0.17619137465953827, 0.13704068958759308], "conf": 0.6723237037658691}, {"class_name": "B3", "bbox_yolo": [0.7314626574516296, 0.4940454661846161, 0.12521083652973175, 0.1052156463265419], "conf": 0.31237974762916565}, {"class_name": "B4", "bbox_yolo": [0.3619959354400635, 0.3549111783504486, 0.1253136396408081, 0.13486512005329132], "conf": 0.30057454109191895}], "count_per_class": {"B1": 0, "B2": 0, "B3": 3, "B4": 1}, "side_index": 1}