{"image": "DAMIMAS_A21B_0448_2.jpg", "detector": "y26n", "detections": [{"class_name": "B3", "bbox_yolo": [0.45263877511024475, 0.3836061656475067, 0.08299551159143448, 0.06835103034973145], "conf": 0.4946410059928894}, {"class_name": "B3", "bbox_yolo": [0.537143886089325, 0.3675300180912018, 0.08811448514461517, 0.07179005444049835], "conf": 0.42370086908340454}], "count_per_class": {"B1": 0, "B2": 0, "B3": 2, "B4": 0}, "side_index": 1}