{"image": "DAMIMAS_A21B_0406_2.jpg", "detector": "y26n", "detections": [{"class_name": "B1", "bbox_yolo": [0.6319003105163574, 0.43103891611099243, 0.12497565895318985, 0.12199659645557404], "conf": 0.6862706542015076}, {"class_name": "B3", "bbox_yolo": [0.34786736965179443, 0.44946810603141785, 0.10963428020477295, 0.09884939342737198], "conf": 0.6365638375282288}, {"class_name": "B3", "bbox_yolo": [0.5192201733589172, 0.4142233431339264, 0.10139205306768417, 0.08567438274621964], "conf": 0.4667910039424896}, {"class_name": "B4", "bbox_yolo": [0.39161214232444763, 0.3838686943054199, 0.09927409887313843, 0.07872994244098663], "conf": 0.4175509214401245}], "count_per_class": {"B1": 1, "B2": 0, "B3": 2, "B4": 1}, "side_index": 1}