{"image": "DAMIMAS_A21B_0669_4.jpg", "detector": "y26n", "detections": [{"class_name": "B3", "bbox_yolo": [0.549959659576416, 0.4510993957519531, 0.21055464446544647, 0.1630380004644394], "conf": 0.7706261873245239}, {"class_name": "B1", "bbox_yolo": [0.30015063285827637, 0.4879346787929535, 0.19977140426635742, 0.149875208735466], "conf": 0.7464484572410583}, {"class_name": "B4", "bbox_yolo": [0.6005635261535645, 0.31930145621299744, 0.16737356781959534, 0.10037446022033691], "conf": 0.5912436842918396}, {"class_name": "B3", "bbox_yolo": [0.3770710527896881, 0.35316717624664307, 0.15875568985939026, 0.11146893352270126], "conf": 0.445998877286911}], "count_per_class": {"B1": 1, "B2": 0, "B3": 2, "B4": 1}, "side_index": 3}