{"image": "DAMIMAS_A21B_0612_1.jpg", "detector": "y26n", "detections": [{"class_name": "B3", "bbox_yolo": [0.22981253266334534, 0.4881838262081146, 0.20017477869987488, 0.1588955968618393], "conf": 0.7027357220649719}, {"class_name": "B3", "bbox_yolo": [0.7238159775733948, 0.42508894205093384, 0.19350339472293854, 0.15694189071655273], "conf": 0.4235168397426605}, {"class_name": "B3", "bbox_yolo": [0.7241108417510986, 0.41994714736938477, 0.17358621954917908, 0.14665071666240692], "conf": 0.375038206577301}, {"class_name": "B3", "bbox_yolo": [0.502120852470398, 0.46274662017822266, 0.24733850359916687, 0.19884733855724335], "conf": 0.3718787729740143}], "count_per_class": {"B1": 0, "B2": 0, "B3": 4, "B4": 0}, "side_index": 0}