{"image": "DAMIMAS_A21B_0231_1.jpg", "detector": "y26n", "detections": [{"class_name": "B3", "bbox_yolo": [0.5955681204795837, 0.30738407373428345, 0.13943704962730408, 0.11267431080341339], "conf": 0.6219188570976257}, {"class_name": "B3", "bbox_yolo": [0.4651792645454407, 0.3479909598827362, 0.14630626142024994, 0.13179531693458557], "conf": 0.6126990914344788}, {"class_name": "B3", "bbox_yolo": [0.7185415029525757, 0.32917332649230957, 0.12275944650173187, 0.10715239495038986], "conf": 0.5859682559967041}, {"class_name": "B3", "bbox_yolo": [0.34381046891212463, 0.3106907308101654, 0.10132713615894318, 0.09519825130701065], "conf": 0.48257970809936523}], "count_per_class": {"B1": 0, "B2": 0, "B3": 4, "B4": 0}, "side_index": 0}