{"image": "DAMIMAS_A21B_0598_4.jpg", "detector": "y26n", "detections": [{"class_name": "B1", "bbox_yolo": [0.4887997508049011, 0.3851720988750458, 0.258475124835968, 0.2125188410282135], "conf": 0.619513988494873}, {"class_name": "B2", "bbox_yolo": [0.7154625654220581, 0.3457939326763153, 0.18348555266857147, 0.14540529251098633], "conf": 0.5390480160713196}, {"class_name": "B2", "bbox_yolo": [0.19645819067955017, 0.40856581926345825, 0.1643669158220291, 0.13689552247524261], "conf": 0.5119657516479492}, {"class_name": "B3", "bbox_yolo": [0.2733849883079529, 0.28543758392333984, 0.13011205196380615, 0.11481618881225586], "conf": 0.2876121401786804}], "count_per_class": {"B1": 1, "B2": 2, "B3": 1, "B4": 0}, "side_index": 3}