{"image": "DAMIMAS_A21B_0488_1.jpg", "detector": "y26n", "detections": [{"class_name": "B2", "bbox_yolo": [0.3861044645309448, 0.18005995452404022, 0.13252802193164825, 0.11572746187448502], "conf": 0.5232532024383545}, {"class_name": "B2", "bbox_yolo": [0.6918295621871948, 0.22892652451992035, 0.10302397608757019, 0.0932573601603508], "conf": 0.4483221769332886}], "count_per_class": {"B1": 0, "B2": 2, "B3": 0, "B4": 0}, "side_index": 0}