{"image": "DAMIMAS_A21B_0703_3.jpg", "detector": "y26n", "detections": [{"class_name": "B3", "bbox_yolo": [0.3510688245296478, 0.2706548869609833, 0.27486538887023926, 0.21154247224330902], "conf": 0.6899847388267517}, {"class_name": "B3", "bbox_yolo": [0.8361350893974304, 0.3123106062412262, 0.1931578367948532, 0.15339124202728271], "conf": 0.5957890748977661}, {"class_name": "B3", "bbox_yolo": [0.6499016880989075, 0.1832149475812912, 0.28752630949020386, 0.18683746457099915], "conf": 0.5893885493278503}, {"class_name": "B3", "bbox_yolo": [0.18104547262191772, 0.35622891783714294, 0.20065690577030182, 0.18368564546108246], "conf": 0.31073012948036194}], "count_per_class": {"B1": 0, "B2": 0, "B3": 4, "B4": 0}, "side_index": 2}