{"image": "DAMIMAS_A21B_0441_3.jpg", "detector": "y26n", "detections": [{"class_name": "B3", "bbox_yolo": [0.5002483129501343, 0.5214143991470337, 0.07835337519645691, 0.06906475871801376], "conf": 0.2692091763019562}], "count_per_class": {"B1": 0, "B2": 0, "B3": 1, "B4": 0}, "side_index": 2}