{"image": "DAMIMAS_A21B_0297_2.jpg", "detector": "y26n", "detections": [{"class_name": "B3", "bbox_yolo": [0.5776662230491638, 0.45805540680885315, 0.09676755964756012, 0.09599561989307404], "conf": 0.5243059396743774}, {"class_name": "B4", "bbox_yolo": [0.4184297025203705, 0.40851742029190063, 0.10039425641298294, 0.06219952180981636], "conf": 0.42719796299934387}, {"class_name": "B3", "bbox_yolo": [0.312121719121933, 0.4887283444404602, 0.0879012793302536, 0.09138035774230957], "conf": 0.36789458990097046}], "count_per_class": {"B1": 0, "B2": 0, "B3": 2, "B4": 1}, "side_index": 1}