{"image": "DAMIMAS_A21B_0772_3.jpg", "detector": "y26n", "detections": [{"class_name": "B2", "bbox_yolo": [0.24664175510406494, 0.2958436608314514, 0.19003808498382568, 0.14224377274513245], "conf": 0.45548513531684875}, {"class_name": "B3", "bbox_yolo": [0.6889947652816772, 0.30433961749076843, 0.1325387954711914, 0.10552890598773956], "conf": 0.40394914150238037}], "count_per_class": {"B1": 0, "B2": 1, "B3": 1, "B4": 0}, "side_index": 2}