{"image": "DAMIMAS_A21B_0774_1.jpg", "detector": "y26n", "detections": [{"class_name": "B3", "bbox_yolo": [0.33641117811203003, 0.3280891478061676, 0.14256837964057922, 0.08756263554096222], "conf": 0.6999620795249939}, {"class_name": "B2", "bbox_yolo": [0.5280510783195496, 0.3072833716869354, 0.16727308928966522, 0.10592546314001083], "conf": 0.3698773682117462}, {"class_name": "B1", "bbox_yolo": [0.5280510783195496, 0.3072833716869354, 0.16727308928966522, 0.10592546314001083], "conf": 0.3179784417152405}, {"class_name": "B4", "bbox_yolo": [0.3211881220340729, 0.25166764855384827, 0.08782749623060226, 0.06509625911712646], "conf": 0.291055828332901}], "count_per_class": {"B1": 1, "B2": 1, "B3": 1, "B4": 1}, "side_index": 0}