{"image": "DAMIMAS_A21B_0787_3.jpg", "detector": "y26n", "detections": [{"class_name": "B3", "bbox_yolo": [0.4986761808395386, 0.2364271730184555, 0.12494336068630219, 0.12005557119846344], "conf": 0.5172814726829529}, {"class_name": "B3", "bbox_yolo": [0.390611469745636, 0.2550886571407318, 0.08492495864629745, 0.08627098053693771], "conf": 0.2833739221096039}], "count_per_class": {"B1": 0, "B2": 0, "B3": 2, "B4": 0}, "side_index": 2}