{"image": "DAMIMAS_A21B_0407_2.jpg", "detector": "y26n", "detections": [{"class_name": "B1", "bbox_yolo": [0.41847193241119385, 0.452279657125473, 0.11616881936788559, 0.08728776127099991], "conf": 0.7692480087280273}, {"class_name": "B3", "bbox_yolo": [0.40996673703193665, 0.3783513903617859, 0.10053781419992447, 0.06407780945301056], "conf": 0.5501365661621094}, {"class_name": "B3", "bbox_yolo": [0.5354904532432556, 0.4054976999759674, 0.08414669334888458, 0.07969949394464493], "conf": 0.377475768327713}, {"class_name": "B3", "bbox_yolo": [0.6197473406791687, 0.42045971751213074, 0.08056850731372833, 0.07056019455194473], "conf": 0.2769624888896942}], "count_per_class": {"B1": 1, "B2": 0, "B3": 3, "B4": 0}, "side_index": 1}