{"image": "DAMIMAS_A21B_0496_4.jpg", "detector": "y26n", "detections": [{"class_name": "B1", "bbox_yolo": [0.40752121806144714, 0.4424498677253723, 0.13107669353485107, 0.1019555851817131], "conf": 0.7856908440589905}, {"class_name": "B3", "bbox_yolo": [0.5601263046264648, 0.4271596372127533, 0.12120044231414795, 0.10875780880451202], "conf": 0.4382224678993225}, {"class_name": "B2", "bbox_yolo": [0.5601263046264648, 0.4271596372127533, 0.12120044231414795, 0.10875780880451202], "conf": 0.3632005751132965}, {"class_name": "B3", "bbox_yolo": [0.46606501936912537, 0.380239337682724, 0.11152325570583344, 0.06833255290985107], "conf": 0.292270690202713}], "count_per_class": {"B1": 1, "B2": 1, "B3": 2, "B4": 0}, "side_index": 3}