{"image": "DAMIMAS_A21B_0414_2.jpg", "detector": "y26n", "detections": [{"class_name": "B3", "bbox_yolo": [0.5627092719078064, 0.36693862080574036, 0.13318558037281036, 0.11891894787549973], "conf": 0.43893560767173767}, {"class_name": "B3", "bbox_yolo": [0.3974977731704712, 0.35025838017463684, 0.1358853429555893, 0.10580497235059738], "conf": 0.34652552008628845}, {"class_name": "B3", "bbox_yolo": [0.6393939256668091, 0.33105745911598206, 0.06150735542178154, 0.05674552917480469], "conf": 0.3121958076953888}], "count_per_class": {"B1": 0, "B2": 0, "B3": 3, "B4": 0}, "side_index": 1}