{"image": "DAMIMAS_A21B_0465_4.jpg", "detector": "y26n", "detections": [{"class_name": "B1", "bbox_yolo": [0.5064684152603149, 0.4700523912906647, 0.07959944754838943, 0.06857633590698242], "conf": 0.6695984601974487}, {"class_name": "B3", "bbox_yolo": [0.5709854364395142, 0.4664967656135559, 0.052843160927295685, 0.04893975332379341], "conf": 0.2552007734775543}], "count_per_class": {"B1": 1, "B2": 0, "B3": 1, "B4": 0}, "side_index": 3}