{"image": "DAMIMAS_A21B_0139_2.jpg", "detector": "y26n", "detections": [{"class_name": "B3", "bbox_yolo": [0.3041078746318817, 0.4513806998729706, 0.12320230156183243, 0.10177335888147354], "conf": 0.6095920205116272}, {"class_name": "B4", "bbox_yolo": [0.3986887037754059, 0.37832877039909363, 0.11661520600318909, 0.08827810734510422], "conf": 0.4994845390319824}, {"class_name": "B3", "bbox_yolo": [0.5455151796340942, 0.42678961157798767, 0.1046481803059578, 0.0860457643866539], "conf": 0.394806444644928}, {"class_name": "B3", "bbox_yolo": [0.4439556300640106, 0.47399911284446716, 0.13989992439746857, 0.10845375061035156], "conf": 0.372620552778244}], "count_per_class": {"B1": 0, "B2": 0, "B3": 3, "B4": 1}, "side_index": 1}