{"image": "DAMIMAS_A21B_0158_4.jpg", "detector": "y26n", "detections": [{"class_name": "B3", "bbox_yolo": [0.5487788319587708, 0.4767930209636688, 0.10246347635984421, 0.08379750698804855], "conf": 0.6277778744697571}, {"class_name": "B3", "bbox_yolo": [0.33631598949432373, 0.4915875494480133, 0.11140954494476318, 0.09108328819274902], "conf": 0.607742965221405}, {"class_name": "B1", "bbox_yolo": [0.625079870223999, 0.4856209456920624, 0.08004195243120193, 0.08506011962890625], "conf": 0.41515862941741943}, {"class_name": "B3", "bbox_yolo": [0.4225802421569824, 0.44706031680107117, 0.11610295623540878, 0.09987562149763107], "conf": 0.3520278334617615}], "count_per_class": {"B1": 1, "B2": 0, "B3": 3, "B4": 0}, "side_index": 3}