{"image": "DAMIMAS_A21B_0472_4.jpg", "detector": "y26n", "detections": [{"class_name": "B3", "bbox_yolo": [0.60929936170578, 0.43675708770751953, 0.10324561595916748, 0.06171269342303276], "conf": 0.4310474693775177}, {"class_name": "B4", "bbox_yolo": [0.5188395380973816, 0.40832462906837463, 0.08972851932048798, 0.0729602575302124], "conf": 0.28207287192344666}, {"class_name": "B2", "bbox_yolo": [0.5812865495681763, 0.49362286925315857, 0.09907221049070358, 0.07423334568738937], "conf": 0.25491076707839966}], "count_per_class": {"B1": 0, "B2": 1, "B3": 1, "B4": 1}, "side_index": 3}