{"image": "DAMIMAS_A21B_0046_1.jpg", "detector": "y26n", "detections": [{"class_name": "B3", "bbox_yolo": [0.6549620628356934, 0.4989304542541504, 0.1433112472295761, 0.11031126976013184], "conf": 0.552366316318512}, {"class_name": "B4", "bbox_yolo": [0.3336673080921173, 0.4563966691493988, 0.13231150805950165, 0.09115638583898544], "conf": 0.49661311507225037}], "count_per_class": {"B1": 0, "B2": 0, "B3": 1, "B4": 1}, "side_index": 0}