{"image": "DAMIMAS_A21B_0042_3.jpg", "detector": "y26n", "detections": [{"class_name": "B1", "bbox_yolo": [0.3227721154689789, 0.5266124606132507, 0.08869759738445282, 0.09392352402210236], "conf": 0.7735148668289185}, {"class_name": "B1", "bbox_yolo": [0.6311066150665283, 0.5211653113365173, 0.11418502032756805, 0.10176248848438263], "conf": 0.6739922761917114}, {"class_name": "B3", "bbox_yolo": [0.3936838209629059, 0.5044920444488525, 0.09486199170351028, 0.08069916069507599], "conf": 0.6348145008087158}, {"class_name": "B3", "bbox_yolo": [0.5119885802268982, 0.5236724019050598, 0.12259235978126526, 0.07812481373548508], "conf": 0.3394812047481537}], "count_per_class": {"B1": 2, "B2": 0, "B3": 2, "B4": 0}, "side_index": 2}