{"image": "DAMIMAS_A21B_0549_2.jpg", "detector": "y26n", "detections": [{"class_name": "B3", "bbox_yolo": [0.5473455190658569, 0.4334270656108856, 0.11527729779481888, 0.1055736094713211], "conf": 0.6277869343757629}, {"class_name": "B3", "bbox_yolo": [0.40337151288986206, 0.4570618271827698, 0.1346515715122223, 0.097613625228405], "conf": 0.5369579195976257}], "count_per_class": {"B1": 0, "B2": 0, "B3": 2, "B4": 0}, "side_index": 1}