{"image": "DAMIMAS_A21B_0132_2.jpg", "detector": "y26n", "detections": [{"class_name": "B4", "bbox_yolo": [0.6098744869232178, 0.2957720458507538, 0.12497101724147797, 0.09998462349176407], "conf": 0.3373252749443054}, {"class_name": "B3", "bbox_yolo": [0.3519125282764435, 0.3400084674358368, 0.08928919583559036, 0.07740595191717148], "conf": 0.3328300714492798}, {"class_name": "B3", "bbox_yolo": [0.4679926931858063, 0.30343517661094666, 0.12436266243457794, 0.11348896473646164], "conf": 0.25960075855255127}], "count_per_class": {"B1": 0, "B2": 0, "B3": 2, "B4": 1}, "side_index": 1}