{"image": "DAMIMAS_A21B_0204_4.jpg", "detector": "y26n", "detections": [{"class_name": "B3", "bbox_yolo": [0.4768853783607483, 0.4914505183696747, 0.09683987498283386, 0.0721006914973259], "conf": 0.5663734078407288}, {"class_name": "B3", "bbox_yolo": [0.5900534391403198, 0.5128427743911743, 0.08902009576559067, 0.06732477992773056], "conf": 0.3566935658454895}, {"class_name": "B4", "bbox_yolo": [0.5566021203994751, 0.45713740587234497, 0.0840175673365593, 0.06242947652935982], "conf": 0.2624903619289398}], "count_per_class": {"B1": 0, "B2": 0, "B3": 2, "B4": 1}, "side_index": 3}