{"image": "DAMIMAS_A21B_0031_2.jpg", "detector": "y26n", "detections": [{"class_name": "B3", "bbox_yolo": [0.4368022680282593, 0.43919238448143005, 0.18418122828006744, 0.1201654002070427], "conf": 0.6142212748527527}, {"class_name": "B3", "bbox_yolo": [0.6179705858230591, 0.39714229106903076, 0.1528320461511612, 0.0920412540435791], "conf": 0.33827221393585205}, {"class_name": "B4", "bbox_yolo": [0.3619008958339691, 0.36831483244895935, 0.10078093409538269, 0.0673585906624794], "conf": 0.2729417383670807}], "count_per_class": {"B1": 0, "B2": 0, "B3": 2, "B4": 1}, "side_index": 1}