{"image": "DAMIMAS_A21B_0502_2.jpg", "detector": "y26n", "detections": [{"class_name": "B2", "bbox_yolo": [0.667314887046814, 0.44171133637428284, 0.08090871572494507, 0.06404562294483185], "conf": 0.3514794111251831}, {"class_name": "B2", "bbox_yolo": [0.669513463973999, 0.4399043023586273, 0.06957098841667175, 0.05606703832745552], "conf": 0.34552523493766785}, {"class_name": "B3", "bbox_yolo": [0.6390728950500488, 0.3656778633594513, 0.06344999372959137, 0.05050311237573624], "conf": 0.33252182602882385}, {"class_name": "B3", "bbox_yolo": [0.4538828134536743, 0.39545902609825134, 0.05970735847949982, 0.05242783948779106], "conf": 0.2571846544742584}], "count_per_class": {"B1": 0, "B2": 2, "B3": 2, "B4": 0}, "side_index": 1}