{"image": "DAMIMAS_A21B_0227_4.jpg", "detector": "y26n", "detections": [{"class_name": "B4", "bbox_yolo": [0.5801523923873901, 0.28170546889305115, 0.129815936088562, 0.08971736580133438], "conf": 0.6518977880477905}, {"class_name": "B3", "bbox_yolo": [0.6541147232055664, 0.41387635469436646, 0.11611608415842056, 0.08636178821325302], "conf": 0.381692111492157}, {"class_name": "B4", "bbox_yolo": [0.3786163032054901, 0.30727025866508484, 0.15172453224658966, 0.10136282444000244], "conf": 0.3158954679965973}], "count_per_class": {"B1": 0, "B2": 0, "B3": 1, "B4": 2}, "side_index": 3}