{"image": "DAMIMAS_A21B_0309_1.jpg", "detector": "y26n", "detections": [{"class_name": "B1", "bbox_yolo": [0.6057724952697754, 0.44299814105033875, 0.15152715146541595, 0.1137213259935379], "conf": 0.7693110108375549}, {"class_name": "B3", "bbox_yolo": [0.42518773674964905, 0.41790223121643066, 0.15733078122138977, 0.13238738477230072], "conf": 0.5161849856376648}, {"class_name": "B3", "bbox_yolo": [0.2812173366546631, 0.4033310115337372, 0.1140042394399643, 0.10282421112060547], "conf": 0.39050716161727905}, {"class_name": "B3", "bbox_yolo": [0.5246450901031494, 0.3484352231025696, 0.1135636419057846, 0.09774424880743027], "conf": 0.37076446413993835}], "count_per_class": {"B1": 1, "B2": 0, "B3": 3, "B4": 0}, "side_index": 0}