{"image": "DAMIMAS_A21B_0369_1.jpg", "detector": "y26n", "detections": [{"class_name": "B1", "bbox_yolo": [0.7189913988113403, 0.3837190270423889, 0.10681947320699692, 0.09425880759954453], "conf": 0.6456435322761536}, {"class_name": "B3", "bbox_yolo": [0.4381500482559204, 0.3315064609050751, 0.10071564465761185, 0.08624730259180069], "conf": 0.5532153248786926}], "count_per_class": {"B1": 1, "B2": 0, "B3": 1, "B4": 0}, "side_index": 0}