{"image": "DAMIMAS_A21B_0568_4.jpg", "detector": "y26n", "detections": [{"class_name": "B4", "bbox_yolo": [0.6324530243873596, 0.31182512640953064, 0.11980032175779343, 0.06337225437164307], "conf": 0.4972483217716217}, {"class_name": "B1", "bbox_yolo": [0.7351306080818176, 0.4218287467956543, 0.12264169752597809, 0.0914197489619255], "conf": 0.4374173581600189}, {"class_name": "B3", "bbox_yolo": [0.6254395246505737, 0.3835899531841278, 0.1731998473405838, 0.11373062431812286], "conf": 0.42113828659057617}, {"class_name": "B3", "bbox_yolo": [0.34017786383628845, 0.35661864280700684, 0.11922964453697205, 0.0856064110994339], "conf": 0.35188719630241394}], "count_per_class": {"B1": 1, "B2": 0, "B3": 2, "B4": 1}, "side_index": 3}