{"image": "DAMIMAS_A21B_0228_3.jpg", "detector": "y26n", "detections": [{"class_name": "B1", "bbox_yolo": [0.4561370015144348, 0.21911263465881348, 0.16417929530143738, 0.14625608921051025], "conf": 0.4355262219905853}, {"class_name": "B2", "bbox_yolo": [0.4561370015144348, 0.21911263465881348, 0.16417929530143738, 0.14625608921051025], "conf": 0.40217334032058716}, {"class_name": "B3", "bbox_yolo": [0.40879735350608826, 0.12798410654067993, 0.14144304394721985, 0.08543593436479568], "conf": 0.3439912497997284}], "count_per_class": {"B1": 1, "B2": 1, "B3": 1, "B4": 0}, "side_index": 2}