{"image": "DAMIMAS_A21B_0243_2.jpg", "detector": "y26n", "detections": [{"class_name": "B2", "bbox_yolo": [0.3972427546977997, 0.594671905040741, 0.08273986726999283, 0.07227607071399689], "conf": 0.49097803235054016}, {"class_name": "B2", "bbox_yolo": [0.6195482611656189, 0.6004619002342224, 0.05782979726791382, 0.05570492893457413], "conf": 0.31249991059303284}, {"class_name": "B3", "bbox_yolo": [0.4943133294582367, 0.5868470072746277, 0.08910993486642838, 0.06665506213903427], "conf": 0.2858770191669464}, {"class_name": "B3", "bbox_yolo": [0.5799893140792847, 0.5666339993476868, 0.0613505095243454, 0.05718698725104332], "conf": 0.28559908270835876}], "count_per_class": {"B1": 0, "B2": 2, "B3": 2, "B4": 0}, "side_index": 1}