{"image": "DAMIMAS_A21B_0242_2.jpg", "detector": "y26n", "detections": [{"class_name": "B2", "bbox_yolo": [0.6126813292503357, 0.3760513663291931, 0.13460038602352142, 0.10941195487976074], "conf": 0.40713852643966675}, {"class_name": "B3", "bbox_yolo": [0.44936591386795044, 0.3652786910533905, 0.14807835221290588, 0.13827168941497803], "conf": 0.320345938205719}, {"class_name": "B3", "bbox_yolo": [0.6798425316810608, 0.306366890668869, 0.0993015319108963, 0.06677379459142685], "conf": 0.273097425699234}], "count_per_class": {"B1": 0, "B2": 1, "B3": 2, "B4": 0}, "side_index": 1}