{"image": "DAMIMAS_A21B_0423_2.jpg", "detector": "y26n", "detections": [{"class_name": "B1", "bbox_yolo": [0.5368460416793823, 0.4667629301548004, 0.14695848524570465, 0.14545240998268127], "conf": 0.658402681350708}, {"class_name": "B2", "bbox_yolo": [0.7443050146102905, 0.4571268558502197, 0.1299566924571991, 0.09909343719482422], "conf": 0.41065192222595215}, {"class_name": "B2", "bbox_yolo": [0.34130698442459106, 0.44631558656692505, 0.14368592202663422, 0.11660762131214142], "conf": 0.40055641531944275}], "count_per_class": {"B1": 1, "B2": 2, "B3": 0, "B4": 0}, "side_index": 1}