{"image": "DAMIMAS_A21B_0314_4.jpg", "detector": "y26n", "detections": [{"class_name": "B3", "bbox_yolo": [0.6311238408088684, 0.39785391092300415, 0.14199931919574738, 0.10868664085865021], "conf": 0.6805567145347595}, {"class_name": "B4", "bbox_yolo": [0.36451753973960876, 0.3552696704864502, 0.11750854551792145, 0.09163551777601242], "conf": 0.4753633141517639}, {"class_name": "B3", "bbox_yolo": [0.46231260895729065, 0.42484578490257263, 0.13812386989593506, 0.12288375198841095], "conf": 0.3915121257305145}, {"class_name": "B2", "bbox_yolo": [0.31818658113479614, 0.4488137364387512, 0.13059821724891663, 0.10202407836914062], "conf": 0.2920609414577484}], "count_per_class": {"B1": 0, "B2": 1, "B3": 2, "B4": 1}, "side_index": 3}