{"image": "DAMIMAS_A21B_0612_3.jpg", "detector": "y26n", "detections": [{"class_name": "B3", "bbox_yolo": [0.6821883320808411, 0.4432011544704437, 0.19664637744426727, 0.15169928967952728], "conf": 0.7743471264839172}, {"class_name": "B3", "bbox_yolo": [0.27401041984558105, 0.41136226058006287, 0.16655175387859344, 0.12925226986408234], "conf": 0.5814046263694763}, {"class_name": "B2", "bbox_yolo": [0.3823576271533966, 0.4865954518318176, 0.11841745674610138, 0.1320633888244629], "conf": 0.5745261311531067}], "count_per_class": {"B1": 0, "B2": 1, "B3": 2, "B4": 0}, "side_index": 2}