{"image": "LONSUM_A21A_0083_2.jpg", "detector": "y26n", "detections": [{"class_name": "B3", "bbox_yolo": [0.6219585537910461, 0.11386759579181671, 0.05534420162439346, 0.0536072738468647], "conf": 0.3997890055179596}, {"class_name": "B3", "bbox_yolo": [0.5572923421859741, 0.033636439591646194, 0.09521796554327011, 0.0663657933473587], "conf": 0.27084553241729736}], "count_per_class": {"B1": 0, "B2": 0, "B3": 2, "B4": 0}, "side_index": 1}