{"image": "LONSUM_A21A_0059_2.jpg", "detector": "y26n", "detections": [{"class_name": "B3", "bbox_yolo": [0.5509080290794373, 0.4017609655857086, 0.16528967022895813, 0.11892199516296387], "conf": 0.5717703700065613}, {"class_name": "B3", "bbox_yolo": [0.6572989225387573, 0.3693169057369232, 0.10909691452980042, 0.08494975417852402], "conf": 0.33658140897750854}, {"class_name": "B3", "bbox_yolo": [0.39087751507759094, 0.431265264749527, 0.12550869584083557, 0.1023748442530632], "conf": 0.2640327215194702}], "count_per_class": {"B1": 0, "B2": 0, "B3": 3, "B4": 0}, "side_index": 1}