{"image": "LONSUM_A21A_0061_3.jpg", "detector": "y26n", "detections": [{"class_name": "B1", "bbox_yolo": [0.6684466600418091, 0.48338720202445984, 0.20141761004924774, 0.1500101536512375], "conf": 0.7953165769577026}, {"class_name": "B2", "bbox_yolo": [0.39544540643692017, 0.43865862488746643, 0.15197589993476868, 0.11656870692968369], "conf": 0.5535802245140076}], "count_per_class": {"B1": 1, "B2": 1, "B3": 0, "B4": 0}, "side_index": 2}