{"image": "LONSUM_A21A_0033_2.jpg", "detector": "y26n", "detections": [{"class_name": "B3", "bbox_yolo": [0.40400952100753784, 0.3989916145801544, 0.089957594871521, 0.0742490291595459], "conf": 0.3792542517185211}, {"class_name": "B4", "bbox_yolo": [0.46694549918174744, 0.340424120426178, 0.09726417064666748, 0.07517659664154053], "conf": 0.3147903084754944}, {"class_name": "B4", "bbox_yolo": [0.5793212056159973, 0.3321952521800995, 0.10527770221233368, 0.07937770336866379], "conf": 0.25461700558662415}], "count_per_class": {"B1": 0, "B2": 0, "B3": 1, "B4": 2}, "side_index": 1}