{"image": "LONSUM_A21A_0016_3.jpg", "detector": "y26n", "detections": [{"class_name": "B3", "bbox_yolo": [0.6259360313415527, 0.48093491792678833, 0.11319141834974289, 0.08918023109436035], "conf": 0.2837025821208954}], "count_per_class": {"B1": 0, "B2": 0, "B3": 1, "B4": 0}, "side_index": 2}