{"image": "LONSUM_A21A_0076_2.jpg", "detector": "y26n", "detections": [{"class_name": "B3", "bbox_yolo": [0.3425155282020569, 0.0737999677658081, 0.10151457041501999, 0.1002664789557457], "conf": 0.43390005826950073}, {"class_name": "B3", "bbox_yolo": [0.6147041916847229, 0.09623614698648453, 0.12598393857479095, 0.0977533832192421], "conf": 0.40761661529541016}, {"class_name": "B3", "bbox_yolo": [0.42804569005966187, 0.03932757303118706, 0.10994835197925568, 0.07757025212049484], "conf": 0.34059688448905945}, {"class_name": "B4", "bbox_yolo": [0.5382255911827087, 0.03293848782777786, 0.10542704910039902, 0.06587697565555573], "conf": 0.2538873851299286}], "count_per_class": {"B1": 0, "B2": 0, "B3": 3, "B4": 1}, "side_index": 1}