{"image": "LONSUM_A21A_0092_1.jpg", "detector": "y26n", "detections": [{"class_name": "B3", "bbox_yolo": [0.4718887507915497, 0.19178904592990875, 0.06414556503295898, 0.05645949766039848], "conf": 0.36954832077026367}, {"class_name": "B3", "bbox_yolo": [0.6048459410667419, 0.26447388529777527, 0.04968675225973129, 0.04782671853899956], "conf": 0.26118287444114685}], "count_per_class": {"B1": 0, "B2": 0, "B3": 2, "B4": 0}, "side_index": 0}