{"image": "LONSUM_A21A_0092_2.jpg", "detector": "y26n", "detections": [{"class_name": "B3", "bbox_yolo": [0.6110609769821167, 0.22424006462097168, 0.08065579831600189, 0.06857998669147491], "conf": 0.2834106385707855}], "count_per_class": {"B1": 0, "B2": 0, "B3": 1, "B4": 0}, "side_index": 1}