{"image": "LONSUM_A21A_0001_3.jpg", "detector": "y26n", "detections": [{"class_name": "B3", "bbox_yolo": [0.5205563306808472, 0.4407055974006653, 0.12988930940628052, 0.10832583904266357], "conf": 0.5302265286445618}, {"class_name": "B3", "bbox_yolo": [0.6373507380485535, 0.46186932921409607, 0.08787104487419128, 0.0764537826180458], "conf": 0.266645222902298}], "count_per_class": {"B1": 0, "B2": 0, "B3": 2, "B4": 0}, "side_index": 2}