{"image": "LONSUM_A21A_0019_4.jpg", "detector": "y26n", "detections": [{"class_name": "B3", "bbox_yolo": [0.36237815022468567, 0.384831964969635, 0.121873639523983, 0.10103664547204971], "conf": 0.5749461650848389}, {"class_name": "B3", "bbox_yolo": [0.6883928179740906, 0.41638776659965515, 0.10168718546628952, 0.09312739223241806], "conf": 0.5154373049736023}, {"class_name": "B3", "bbox_yolo": [0.59996497631073, 0.35120269656181335, 0.11419614404439926, 0.09384691715240479], "conf": 0.27874207496643066}], "count_per_class": {"B1": 0, "B2": 0, "B3": 3, "B4": 0}, "side_index": 3}