{"image": "LONSUM_A21A_0062_4.jpg", "detector": "y26n", "detections": [{"class_name": "B3", "bbox_yolo": [0.3319004476070404, 0.4853822886943817, 0.16286642849445343, 0.14050713181495667], "conf": 0.4262831211090088}, {"class_name": "B2", "bbox_yolo": [0.3319004476070404, 0.4853822886943817, 0.16286642849445343, 0.14050713181495667], "conf": 0.3602716326713562}, {"class_name": "B2", "bbox_yolo": [0.6104206442832947, 0.4423578381538391, 0.1342753767967224, 0.10698912292718887], "conf": 0.29763346910476685}, {"class_name": "B3", "bbox_yolo": [0.6104206442832947, 0.4423578381538391, 0.1342753767967224, 0.10698912292718887], "conf": 0.27390599250793457}], "count_per_class": {"B1": 0, "B2": 2, "B3": 2, "B4": 0}, "side_index": 3}