{"image": "LONSUM_A21A_0048_2.jpg", "detector": "y26n", "detections": [{"class_name": "B3", "bbox_yolo": [0.5037751793861389, 0.3962186872959137, 0.10291898250579834, 0.09000053256750107], "conf": 0.31977105140686035}, {"class_name": "B3", "bbox_yolo": [0.3727605938911438, 0.4219632148742676, 0.08548695594072342, 0.06809335201978683], "conf": 0.30237486958503723}, {"class_name": "B3", "bbox_yolo": [0.36956629157066345, 0.42082396149635315, 0.06817465275526047, 0.05934803560376167], "conf": 0.2808414697647095}], "count_per_class": {"B1": 0, "B2": 0, "B3": 3, "B4": 0}, "side_index": 1}