{"image": "LONSUM_A21A_0033_1.jpg", "detector": "y26n", "detections": [{"class_name": "B3", "bbox_yolo": [0.6172696948051453, 0.4006640613079071, 0.0993497297167778, 0.0803556963801384], "conf": 0.5435315370559692}, {"class_name": "B4", "bbox_yolo": [0.3871060311794281, 0.32659396529197693, 0.09714231640100479, 0.07000987976789474], "conf": 0.3082389235496521}, {"class_name": "B4", "bbox_yolo": [0.5702385306358337, 0.33005911111831665, 0.0852813795208931, 0.07050206512212753], "conf": 0.2512821555137634}], "count_per_class": {"B1": 0, "B2": 0, "B3": 1, "B4": 2}, "side_index": 0}