{"image": "LONSUM_A21A_0034_2.jpg", "detector": "y26n", "detections": [{"class_name": "B3", "bbox_yolo": [0.5786119699478149, 0.48860588669776917, 0.0834168791770935, 0.06278552860021591], "conf": 0.3369627296924591}], "count_per_class": {"B1": 0, "B2": 0, "B3": 1, "B4": 0}, "side_index": 1}