{"image": "LONSUM_A21A_0070_3.jpg", "detector": "y26n", "detections": [{"class_name": "B3", "bbox_yolo": [0.4978865683078766, 0.39264437556266785, 0.11185519397258759, 0.07915373146533966], "conf": 0.3662581741809845}, {"class_name": "B3", "bbox_yolo": [0.6192265152931213, 0.42897042632102966, 0.09481348097324371, 0.0791517049074173], "conf": 0.3057897686958313}, {"class_name": "B3", "bbox_yolo": [0.4019438624382019, 0.40367767214775085, 0.09178762882947922, 0.07119603455066681], "conf": 0.28090187907218933}, {"class_name": "B2", "bbox_yolo": [0.6192265152931213, 0.42897042632102966, 0.09481348097324371, 0.0791517049074173], "conf": 0.2566199004650116}], "count_per_class": {"B1": 0, "B2": 1, "B3": 3, "B4": 0}, "side_index": 2}