{"image": "LONSUM_A21A_0085_2.jpg", "detector": "y26n", "detections": [{"class_name": "B3", "bbox_yolo": [0.5487223863601685, 0.030377600342035294, 0.07484239339828491, 0.058476146310567856], "conf": 0.27352598309516907}, {"class_name": "B3", "bbox_yolo": [0.5459181070327759, 0.02722247503697872, 0.06283947825431824, 0.05098437890410423], "conf": 0.2602365016937256}], "count_per_class": {"B1": 0, "B2": 0, "B3": 2, "B4": 0}, "side_index": 1}