{"image": "LONSUM_A21A_0085_3.jpg", "detector": "y26n", "detections": [{"class_name": "B3", "bbox_yolo": [0.3610331118106842, 0.08858130872249603, 0.044902168214321136, 0.042323388159275055], "conf": 0.2822428345680237}], "count_per_class": {"B1": 0, "B2": 0, "B3": 1, "B4": 0}, "side_index": 2}