{"image": "LONSUM_A21A_0009_2.jpg", "detector": "y26n", "detections": [{"class_name": "B3", "bbox_yolo": [0.42227447032928467, 0.49064430594444275, 0.1217491552233696, 0.09763212502002716], "conf": 0.3361879289150238}], "count_per_class": {"B1": 0, "B2": 0, "B3": 1, "B4": 0}, "side_index": 1}