{"image": "LONSUM_A21A_0066_1.jpg", "detector": "y26n", "detections": [{"class_name": "B3", "bbox_yolo": [0.6929334998130798, 0.43999406695365906, 0.1377772092819214, 0.09945092350244522], "conf": 0.5591083765029907}, {"class_name": "B4", "bbox_yolo": [0.5865635871887207, 0.3358190357685089, 0.14498333632946014, 0.12105202674865723], "conf": 0.44446447491645813}, {"class_name": "B4", "bbox_yolo": [0.4428893029689789, 0.33694082498550415, 0.11037985980510712, 0.09150314331054688], "conf": 0.2716498374938965}], "count_per_class": {"B1": 0, "B2": 0, "B3": 1, "B4": 2}, "side_index": 0}