{"image": "LONSUM_A21A_0099_3.jpg", "detector": "y26n", "detections": [{"class_name": "B3", "bbox_yolo": [0.6315642595291138, 0.29890742897987366, 0.08561725914478302, 0.07306879013776779], "conf": 0.28633788228034973}], "count_per_class": {"B1": 0, "B2": 0, "B3": 1, "B4": 0}, "side_index": 2}