{"image": "LONSUM_A21A_0042_3.jpg", "detector": "y26n", "detections": [{"class_name": "B3", "bbox_yolo": [0.4464681148529053, 0.3294222056865692, 0.11210429668426514, 0.08316488564014435], "conf": 0.43582555651664734}], "count_per_class": {"B1": 0, "B2": 0, "B3": 1, "B4": 0}, "side_index": 2}