{"image": "LONSUM_A21A_0009_4.jpg", "detector": "y26n", "detections": [{"class_name": "B3", "bbox_yolo": [0.4185843765735626, 0.4188728928565979, 0.1339862197637558, 0.10130079090595245], "conf": 0.6536321640014648}, {"class_name": "B1", "bbox_yolo": [0.3387066721916199, 0.4834800660610199, 0.11814496666193008, 0.10451560467481613], "conf": 0.6212754845619202}, {"class_name": "B3", "bbox_yolo": [0.7184222936630249, 0.4489522874355316, 0.09578108042478561, 0.08911170810461044], "conf": 0.25875160098075867}], "count_per_class": {"B1": 1, "B2": 0, "B3": 2, "B4": 0}, "side_index": 3}