{"image": "LONSUM_A21A_0086_4.jpg", "detector": "y26n", "detections": [{"class_name": "B3", "bbox_yolo": [0.6022555232048035, 0.280320405960083, 0.10072079300880432, 0.07432921230792999], "conf": 0.38556286692619324}], "count_per_class": {"B1": 0, "B2": 0, "B3": 1, "B4": 0}, "side_index": 3}