{"image": "LONSUM_A21A_0005_3.jpg", "detector": "y26n", "detections": [{"class_name": "B3", "bbox_yolo": [0.35856714844703674, 0.4776744842529297, 0.07145494222640991, 0.05567817762494087], "conf": 0.4549833834171295}], "count_per_class": {"B1": 0, "B2": 0, "B3": 1, "B4": 0}, "side_index": 2}