{"image": "LONSUM_A21A_0005_4.jpg", "detector": "y26n", "detections": [{"class_name": "B3", "bbox_yolo": [0.418643981218338, 0.44703206419944763, 0.11474502086639404, 0.09633960574865341], "conf": 0.3181111216545105}], "count_per_class": {"B1": 0, "B2": 0, "B3": 1, "B4": 0}, "side_index": 3}