{"image": "LONSUM_A21A_0036_1.jpg", "detector": "y26n", "detections": [{"class_name": "B3", "bbox_yolo": [0.4462614357471466, 0.3071160614490509, 0.10874965041875839, 0.08156285434961319], "conf": 0.5962925553321838}, {"class_name": "B3", "bbox_yolo": [0.584290623664856, 0.29933905601501465, 0.14102020859718323, 0.09032218903303146], "conf": 0.4532812535762787}], "count_per_class": {"B1": 0, "B2": 0, "B3": 2, "B4": 0}, "side_index": 0}