{"image": "LONSUM_A21A_0009_1.jpg", "detector": "y26n", "detections": [{"class_name": "B4", "bbox_yolo": [0.42657142877578735, 0.42965832352638245, 0.10774895548820496, 0.09582038223743439], "conf": 0.6089401245117188}, {"class_name": "B3", "bbox_yolo": [0.32416898012161255, 0.481406033039093, 0.10645167529582977, 0.08462710678577423], "conf": 0.5404062867164612}, {"class_name": "B3", "bbox_yolo": [0.537891149520874, 0.4597345292568207, 0.10649491101503372, 0.080602265894413], "conf": 0.2819913625717163}], "count_per_class": {"B1": 0, "B2": 0, "B3": 2, "B4": 1}, "side_index": 0}