{"image": "LONSUM_A21A_0053_2.jpg", "detector": "y26n", "detections": [{"class_name": "B4", "bbox_yolo": [0.5030433535575867, 0.414442777633667, 0.10386550426483154, 0.07768604904413223], "conf": 0.37010833621025085}, {"class_name": "B3", "bbox_yolo": [0.4002595543861389, 0.450406938791275, 0.11068709939718246, 0.08643331378698349], "conf": 0.33527836203575134}], "count_per_class": {"B1": 0, "B2": 0, "B3": 1, "B4": 1}, "side_index": 1}