{"image": "LONSUM_A21A_0014_4.jpg", "detector": "y26n", "detections": [{"class_name": "B3", "bbox_yolo": [0.4242267906665802, 0.3771243095397949, 0.10626138746738434, 0.08576202392578125], "conf": 0.5576887726783752}], "count_per_class": {"B1": 0, "B2": 0, "B3": 1, "B4": 0}, "side_index": 3}