{"image": "LONSUM_A21A_0029_4.jpg", "detector": "y26n", "detections": [{"class_name": "B2", "bbox_yolo": [0.311779260635376, 0.46351128816604614, 0.10615980625152588, 0.0835687667131424], "conf": 0.37598341703414917}, {"class_name": "B3", "bbox_yolo": [0.4503133296966553, 0.4102625846862793, 0.13556788861751556, 0.09862501919269562], "conf": 0.33036696910858154}], "count_per_class": {"B1": 0, "B2": 1, "B3": 1, "B4": 0}, "side_index": 3}