{"image": "LONSUM_A21A_0034_1.jpg", "detector": "y26n", "detections": [{"class_name": "B3", "bbox_yolo": [0.44525760412216187, 0.3834403455257416, 0.0955326110124588, 0.07648163288831711], "conf": 0.4952038824558258}], "count_per_class": {"B1": 0, "B2": 0, "B3": 1, "B4": 0}, "side_index": 0}