{"image": "LONSUM_A21A_0090_1.jpg", "detector": "y26n", "detections": [{"class_name": "B3", "bbox_yolo": [0.4714975655078888, 0.23012562096118927, 0.09905558079481125, 0.07885856926441193], "conf": 0.3974847197532654}, {"class_name": "B3", "bbox_yolo": [0.636279821395874, 0.33192652463912964, 0.05926189571619034, 0.0505162738263607], "conf": 0.3036763668060303}, {"class_name": "B3", "bbox_yolo": [0.6359654068946838, 0.33386942744255066, 0.07590993493795395, 0.05838620662689209], "conf": 0.25486278533935547}], "count_per_class": {"B1": 0, "B2": 0, "B3": 3, "B4": 0}, "side_index": 0}