{"image": "LONSUM_A21A_0018_3.jpg", "detector": "y26n", "detections": [{"class_name": "B3", "bbox_yolo": [0.3423177897930145, 0.41193142533302307, 0.10596533119678497, 0.07933922111988068], "conf": 0.46237167716026306}, {"class_name": "B3", "bbox_yolo": [0.6471468806266785, 0.3994814157485962, 0.1016588881611824, 0.07433781772851944], "conf": 0.45755377411842346}], "count_per_class": {"B1": 0, "B2": 0, "B3": 2, "B4": 0}, "side_index": 2}