{"image": "LONSUM_A21A_0016_2.jpg", "detector": "y26n", "detections": [{"class_name": "B3", "bbox_yolo": [0.442782998085022, 0.4389277398586273, 0.1278190314769745, 0.10004525631666183], "conf": 0.5645301342010498}], "count_per_class": {"B1": 0, "B2": 0, "B3": 1, "B4": 0}, "side_index": 1}