{"image": "LONSUM_A21A_0002_3.jpg", "detector": "y26n", "detections": [{"class_name": "B3", "bbox_yolo": [0.5816932320594788, 0.4709457457065582, 0.13031981885433197, 0.10637769848108292], "conf": 0.29527920484542847}, {"class_name": "B4", "bbox_yolo": [0.4343118667602539, 0.3876621723175049, 0.11874701827764511, 0.08613159507513046], "conf": 0.26904764771461487}, {"class_name": "B3", "bbox_yolo": [0.35239627957344055, 0.4559497833251953, 0.1328161358833313, 0.10252509266138077], "conf": 0.25376400351524353}], "count_per_class": {"B1": 0, "B2": 0, "B3": 2, "B4": 1}, "side_index": 2}