{"image": "LONSUM_A21A_0062_2.jpg", "detector": "y26n", "detections": [{"class_name": "B3", "bbox_yolo": [0.43049290776252747, 0.26004526019096375, 0.1482791304588318, 0.11801173537969589], "conf": 0.29359471797943115}, {"class_name": "B2", "bbox_yolo": [0.599891185760498, 0.29991793632507324, 0.1747419387102127, 0.14873135089874268], "conf": 0.2700957655906677}], "count_per_class": {"B1": 0, "B2": 1, "B3": 1, "B4": 0}, "side_index": 1}