{"image": "LONSUM_A21A_0003_1.jpg", "detector": "y26n", "detections": [{"class_name": "B3", "bbox_yolo": [0.6400416493415833, 0.42837753891944885, 0.10494976490736008, 0.0914573222398758], "conf": 0.6565539836883545}, {"class_name": "B4", "bbox_yolo": [0.5481506586074829, 0.34325167536735535, 0.08567409962415695, 0.05990571901202202], "conf": 0.41506820917129517}], "count_per_class": {"B1": 0, "B2": 0, "B3": 1, "B4": 1}, "side_index": 0}