{"image": "LONSUM_A21A_0097_2.jpg", "detector": "y26n", "detections": [{"class_name": "B3", "bbox_yolo": [0.6425675749778748, 0.21623456478118896, 0.06190325692296028, 0.049172308295965195], "conf": 0.40200597047805786}], "count_per_class": {"B1": 0, "B2": 0, "B3": 1, "B4": 0}, "side_index": 1}