{"image": "LONSUM_A21A_0012_3.jpg", "detector": "y26n", "detections": [{"class_name": "B3", "bbox_yolo": [0.4139900505542755, 0.4565764367580414, 0.12879185378551483, 0.094944529235363], "conf": 0.6289125680923462}, {"class_name": "B3", "bbox_yolo": [0.6035118699073792, 0.43407365679740906, 0.09890397638082504, 0.07257809489965439], "conf": 0.33968332409858704}, {"class_name": "B1", "bbox_yolo": [0.6537340879440308, 0.4977492392063141, 0.09004847705364227, 0.08779992908239365], "conf": 0.27233853936195374}, {"class_name": "B4", "bbox_yolo": [0.6035118699073792, 0.43407365679740906, 0.09890397638082504, 0.07257809489965439], "conf": 0.2552012503147125}], "count_per_class": {"B1": 1, "B2": 0, "B3": 2, "B4": 1}, "side_index": 2}