{"image": "LONSUM_A21A_0045_4.jpg", "detector": "y26n", "detections": [{"class_name": "B3", "bbox_yolo": [0.29390501976013184, 0.47579479217529297, 0.1167505607008934, 0.09296345710754395], "conf": 0.4938909709453583}, {"class_name": "B2", "bbox_yolo": [0.6128565669059753, 0.487366646528244, 0.11063945293426514, 0.07274971157312393], "conf": 0.35707685351371765}], "count_per_class": {"B1": 0, "B2": 1, "B3": 1, "B4": 0}, "side_index": 3}