{"image": "LONSUM_A21A_0064_4.jpg", "detector": "y26n", "detections": [{"class_name": "B1", "bbox_yolo": [0.6266497373580933, 0.32734084129333496, 0.2253907322883606, 0.17421133816242218], "conf": 0.6660232543945312}], "count_per_class": {"B1": 1, "B2": 0, "B3": 0, "B4": 0}, "side_index": 3}