{"image": "LONSUM_A21A_0023_1.jpg", "detector": "y26n", "detections": [{"class_name": "B3", "bbox_yolo": [0.36306875944137573, 0.4312562048435211, 0.1052335798740387, 0.08010182529687881], "conf": 0.5691437125205994}, {"class_name": "B4", "bbox_yolo": [0.4418764114379883, 0.37809643149375916, 0.1024564802646637, 0.08335509151220322], "conf": 0.3311460316181183}, {"class_name": "B3", "bbox_yolo": [0.6099452376365662, 0.4541442096233368, 0.061599988490343094, 0.05732779577374458], "conf": 0.2753034830093384}], "count_per_class": {"B1": 0, "B2": 0, "B3": 2, "B4": 1}, "side_index": 0}