{"image": "LONSUM_A21A_0015_2.jpg", "detector": "y26n", "detections": [{"class_name": "B3", "bbox_yolo": [0.6114124655723572, 0.5259069800376892, 0.09013386070728302, 0.072714664041996], "conf": 0.2764652669429779}], "count_per_class": {"B1": 0, "B2": 0, "B3": 1, "B4": 0}, "side_index": 1}