{"image": "DAMIMAS_A21B_0697_1.jpg", "detector": "y26m", "detections": [{"class_name": "B3", "bbox_yolo": [0.36397549510002136, 0.2536252737045288, 0.187151700258255, 0.15459968149662018], "conf": 0.68153977394104}, {"class_name": "B1", "bbox_yolo": [0.5783754587173462, 0.30492669343948364, 0.18035101890563965, 0.1810947209596634], "conf": 0.6428527235984802}, {"class_name": "B3", "bbox_yolo": [0.6700717806816101, 0.17467056214809418, 0.11567879468202591, 0.0995698943734169], "conf": 0.5723562240600586}], "count_per_class": {"B1": 1, "B2": 0, "B3": 2, "B4": 0}, "side_index": 0}