{"image": "DAMIMAS_A21B_0685_3.jpg", "detector": "y26m", "detections": [{"class_name": "B3", "bbox_yolo": [0.46271437406539917, 0.34625884890556335, 0.20447827875614166, 0.18006277084350586], "conf": 0.7014339566230774}, {"class_name": "B1", "bbox_yolo": [0.7104740738868713, 0.3971045911312103, 0.22734783589839935, 0.2102811336517334], "conf": 0.6889289617538452}, {"class_name": "B3", "bbox_yolo": [0.23543088138103485, 0.308054655790329, 0.1518334299325943, 0.13745377957820892], "conf": 0.6378859281539917}, {"class_name": "B3", "bbox_yolo": [0.60069739818573, 0.26305991411209106, 0.1469380408525467, 0.10436143726110458], "conf": 0.35872164368629456}], "count_per_class": {"B1": 1, "B2": 0, "B3": 3, "B4": 0}, "side_index": 2}