{"image": "DAMIMAS_A21B_0035_2.jpg", "detector": "y26m", "detections": [{"class_name": "B3", "bbox_yolo": [0.3367757797241211, 0.464883416891098, 0.11974748969078064, 0.0901092067360878], "conf": 0.7172564268112183}, {"class_name": "B3", "bbox_yolo": [0.4890648126602173, 0.466489315032959, 0.10757891833782196, 0.09051647037267685], "conf": 0.3665997087955475}, {"class_name": "B4", "bbox_yolo": [0.5600403547286987, 0.4193434715270996, 0.08444961160421371, 0.055857349187135696], "conf": 0.26709526777267456}], "count_per_class": {"B1": 0, "B2": 0, "B3": 2, "B4": 1}, "side_index": 1}