{"image": "DAMIMAS_A21B_0037_4.jpg", "detector": "y26m", "detections": [{"class_name": "B3", "bbox_yolo": [0.5356096029281616, 0.5003058314323425, 0.10210438072681427, 0.08462915569543839], "conf": 0.5478142499923706}, {"class_name": "B3", "bbox_yolo": [0.3614702522754669, 0.5275289416313171, 0.10084791481494904, 0.08569931983947754], "conf": 0.5373098850250244}, {"class_name": "B3", "bbox_yolo": [0.42208126187324524, 0.4588019847869873, 0.10549195855855942, 0.08754139393568039], "conf": 0.3444097638130188}, {"class_name": "B2", "bbox_yolo": [0.628882646560669, 0.5291301608085632, 0.09863390028476715, 0.0986967608332634], "conf": 0.3332515358924866}], "count_per_class": {"B1": 0, "B2": 1, "B3": 3, "B4": 0}, "side_index": 3}