{"image": "DAMIMAS_A21B_0036_3.jpg", "detector": "y26m", "detections": [{"class_name": "B3", "bbox_yolo": [0.503358006477356, 0.4613663852214813, 0.1241445317864418, 0.09519477188587189], "conf": 0.5687833428382874}, {"class_name": "B3", "bbox_yolo": [0.37135469913482666, 0.44228067994117737, 0.10335522145032883, 0.08682145923376083], "conf": 0.5274257063865662}, {"class_name": "B3", "bbox_yolo": [0.6203562617301941, 0.46943265199661255, 0.10011832416057587, 0.08318305015563965], "conf": 0.4935087263584137}, {"class_name": "B3", "bbox_yolo": [0.3166428506374359, 0.48440098762512207, 0.09834509342908859, 0.08866892009973526], "conf": 0.3828669786453247}], "count_per_class": {"B1": 0, "B2": 0, "B3": 4, "B4": 0}, "side_index": 2}