{"image": "DAMIMAS_A21B_0278_2.jpg", "detector": "y26m", "detections": [{"class_name": "B1", "bbox_yolo": [0.5693473219871521, 0.46209070086479187, 0.1809920072555542, 0.1088847666978836], "conf": 0.7525482177734375}, {"class_name": "B3", "bbox_yolo": [0.447600781917572, 0.3955306112766266, 0.14384359121322632, 0.1111517921090126], "conf": 0.6607881784439087}, {"class_name": "B3", "bbox_yolo": [0.32696467638015747, 0.4629954397678375, 0.11315269768238068, 0.09528093785047531], "conf": 0.3980325758457184}, {"class_name": "B2", "bbox_yolo": [0.696543276309967, 0.4532245695590973, 0.10141322016716003, 0.09812827408313751], "conf": 0.3248532712459564}], "count_per_class": {"B1": 1, "B2": 1, "B3": 2, "B4": 0}, "side_index": 1}