{"image": "DAMIMAS_A21B_0342_2.jpg", "detector": "y26m", "detections": [{"class_name": "B1", "bbox_yolo": [0.4937538504600525, 0.41306325793266296, 0.10735267400741577, 0.08616805076599121], "conf": 0.7047343254089355}, {"class_name": "B3", "bbox_yolo": [0.543220043182373, 0.35599419474601746, 0.055999599397182465, 0.052155543118715286], "conf": 0.3502846360206604}], "count_per_class": {"B1": 1, "B2": 0, "B3": 1, "B4": 0}, "side_index": 1}