{"image": "DAMIMAS_A21B_0604_1.jpg", "detector": "y26m", "detections": [{"class_name": "B2", "bbox_yolo": [0.4414336383342743, 0.2847161889076233, 0.1899176985025406, 0.14461402595043182], "conf": 0.5417018532752991}, {"class_name": "B3", "bbox_yolo": [0.30473092198371887, 0.2461114376783371, 0.11121955513954163, 0.07899842411279678], "conf": 0.35197585821151733}], "count_per_class": {"B1": 0, "B2": 1, "B3": 1, "B4": 0}, "side_index": 0}