{"image": "DAMIMAS_A21B_0086_3.jpg", "detector": "y26m", "detections": [{"class_name": "B3", "bbox_yolo": [0.3133467435836792, 0.5300098061561584, 0.10614966601133347, 0.10520868748426437], "conf": 0.49871668219566345}, {"class_name": "B2", "bbox_yolo": [0.4457910656929016, 0.5539582967758179, 0.1392403095960617, 0.09953146427869797], "conf": 0.41022607684135437}, {"class_name": "B4", "bbox_yolo": [0.4176141917705536, 0.4530703127384186, 0.10602573305368423, 0.08488311618566513], "conf": 0.3305921256542206}, {"class_name": "B3", "bbox_yolo": [0.6282812356948853, 0.5226019620895386, 0.1099521666765213, 0.09636087715625763], "conf": 0.31549072265625}], "count_per_class": {"B1": 0, "B2": 1, "B3": 2, "B4": 1}, "side_index": 2}