{"image": "DAMIMAS_A21B_0401_2.jpg", "detector": "y26m", "detections": [{"class_name": "B3", "bbox_yolo": [0.42349231243133545, 0.40077391266822815, 0.10622956603765488, 0.09524955600500107], "conf": 0.6699020266532898}, {"class_name": "B3", "bbox_yolo": [0.3273600935935974, 0.4077300727367401, 0.07250834256410599, 0.06015799194574356], "conf": 0.3526383936405182}, {"class_name": "B3", "bbox_yolo": [0.5609229803085327, 0.40642663836479187, 0.10976941138505936, 0.09271102398633957], "conf": 0.30256855487823486}], "count_per_class": {"B1": 0, "B2": 0, "B3": 3, "B4": 0}, "side_index": 1}