{"image": "DAMIMAS_A21B_0625_4.jpg", "detector": "y26m", "detections": [{"class_name": "B3", "bbox_yolo": [0.37235209345817566, 0.5055972337722778, 0.2230035960674286, 0.16107654571533203], "conf": 0.6657108068466187}, {"class_name": "B2", "bbox_yolo": [0.1816977560520172, 0.5551308989524841, 0.2152230590581894, 0.19339565932750702], "conf": 0.6607298254966736}, {"class_name": "B4", "bbox_yolo": [0.3252045214176178, 0.3724164068698883, 0.16698075830936432, 0.10653934627771378], "conf": 0.40860602259635925}], "count_per_class": {"B1": 0, "B2": 1, "B3": 1, "B4": 1}, "side_index": 3}