{"image": "DAMIMAS_A21B_0359_1.jpg", "detector": "y26m", "detections": [{"class_name": "B1", "bbox_yolo": [0.6457323431968689, 0.3678331971168518, 0.11008301377296448, 0.08282031863927841], "conf": 0.7122243046760559}, {"class_name": "B2", "bbox_yolo": [0.5246213674545288, 0.3491014540195465, 0.10562538355588913, 0.08899400383234024], "conf": 0.46165817975997925}, {"class_name": "B3", "bbox_yolo": [0.4414825737476349, 0.3089386820793152, 0.07521022856235504, 0.06519031524658203], "conf": 0.35791680216789246}, {"class_name": "B3", "bbox_yolo": [0.6590440273284912, 0.3052375316619873, 0.07677815854549408, 0.049568939954042435], "conf": 0.33596086502075195}], "count_per_class": {"B1": 1, "B2": 1, "B3": 2, "B4": 0}, "side_index": 0}