{"image": "DAMIMAS_A21B_0466_4.jpg", "detector": "y26m", "detections": [{"class_name": "B3", "bbox_yolo": [0.5524795055389404, 0.3894222676753998, 0.07712069153785706, 0.0614762082695961], "conf": 0.2840855121612549}], "count_per_class": {"B1": 0, "B2": 0, "B3": 1, "B4": 0}, "side_index": 3}