{"image": "DAMIMAS_A21B_0012_1.jpg", "detector": "y26m", "detections": [{"class_name": "B3", "bbox_yolo": [0.5643966197967529, 0.6136918067932129, 0.09881086647510529, 0.07373590767383575], "conf": 0.388218492269516}, {"class_name": "B3", "bbox_yolo": [0.5651387572288513, 0.6097885966300964, 0.08563786000013351, 0.06498908996582031], "conf": 0.373288631439209}], "count_per_class": {"B1": 0, "B2": 0, "B3": 2, "B4": 0}, "side_index": 0}