{"image": "DAMIMAS_A21B_0222_4.jpg", "detector": "y26m", "detections": [{"class_name": "B3", "bbox_yolo": [0.706376314163208, 0.37959033250808716, 0.14752687513828278, 0.13940544426441193], "conf": 0.4169939160346985}, {"class_name": "B3", "bbox_yolo": [0.2714826166629791, 0.37408703565597534, 0.11196459829807281, 0.09330973774194717], "conf": 0.3384087085723877}], "count_per_class": {"B1": 0, "B2": 0, "B3": 2, "B4": 0}, "side_index": 3}