{"image": "DAMIMAS_A21B_0140_2.jpg", "detector": "y26m", "detections": [{"class_name": "B3", "bbox_yolo": [0.5230603814125061, 0.4774545133113861, 0.13362754881381989, 0.12396230548620224], "conf": 0.6771970391273499}, {"class_name": "B2", "bbox_yolo": [0.3681495189666748, 0.5402837991714478, 0.16270288825035095, 0.12036138027906418], "conf": 0.6170097589492798}, {"class_name": "B3", "bbox_yolo": [0.3560921847820282, 0.45170530676841736, 0.12710578739643097, 0.07906513661146164], "conf": 0.4575496017932892}, {"class_name": "B3", "bbox_yolo": [0.27368444204330444, 0.5051844716072083, 0.06590371578931808, 0.06479239463806152], "conf": 0.2644730806350708}], "count_per_class": {"B1": 0, "B2": 1, "B3": 3, "B4": 0}, "side_index": 1}