{"image": "DAMIMAS_A21B_0160_3.jpg", "detector": "y26m", "detections": [{"class_name": "B3", "bbox_yolo": [0.6253119707107544, 0.36327123641967773, 0.12212404608726501, 0.10909654945135117], "conf": 0.6367782950401306}, {"class_name": "B3", "bbox_yolo": [0.34355852007865906, 0.35036665201187134, 0.11112340539693832, 0.09782648086547852], "conf": 0.6239845752716064}, {"class_name": "B2", "bbox_yolo": [0.4755266308784485, 0.393830269575119, 0.15483984351158142, 0.1281643956899643], "conf": 0.6158198714256287}, {"class_name": "B3", "bbox_yolo": [0.26122093200683594, 0.366556853055954, 0.06465288996696472, 0.06233029440045357], "conf": 0.2721264362335205}], "count_per_class": {"B1": 0, "B2": 1, "B3": 3, "B4": 0}, "side_index": 2}