{"image": "DAMIMAS_A21B_0363_1.jpg", "detector": "y26m", "detections": [{"class_name": "B3", "bbox_yolo": [0.38376855850219727, 0.33617010712623596, 0.10110601037740707, 0.08674319088459015], "conf": 0.5719178915023804}, {"class_name": "B3", "bbox_yolo": [0.5419015884399414, 0.3642077147960663, 0.11284001916646957, 0.08224191516637802], "conf": 0.34527212381362915}, {"class_name": "B3", "bbox_yolo": [0.3175017237663269, 0.39548560976982117, 0.10073811560869217, 0.08211731910705566], "conf": 0.2998455762863159}], "count_per_class": {"B1": 0, "B2": 0, "B3": 3, "B4": 0}, "side_index": 0}