{"image": "DAMIMAS_A21B_0001_1.jpg", "detector": "y26m", "detections": [{"class_name": "B3", "bbox_yolo": [0.615032970905304, 0.4431169927120209, 0.10860755294561386, 0.08286638557910919], "conf": 0.5967742800712585}, {"class_name": "B3", "bbox_yolo": [0.4194437861442566, 0.43316078186035156, 0.09403480589389801, 0.0842021033167839], "conf": 0.47906991839408875}, {"class_name": "B2", "bbox_yolo": [0.362463116645813, 0.4552965760231018, 0.086335189640522, 0.08000173419713974], "conf": 0.4070945382118225}, {"class_name": "B2", "bbox_yolo": [0.3630755543708801, 0.4542980194091797, 0.07068666070699692, 0.07289176434278488], "conf": 0.3081117868423462}], "count_per_class": {"B1": 0, "B2": 2, "B3": 2, "B4": 0}, "side_index": 0}