{"image": "DAMIMAS_A21B_0411_2.jpg", "detector": "y26m", "detections": [{"class_name": "B1", "bbox_yolo": [0.33239176869392395, 0.3821231722831726, 0.14039768278598785, 0.1221163272857666], "conf": 0.7579450011253357}, {"class_name": "B3", "bbox_yolo": [0.6241748929023743, 0.32290324568748474, 0.10514463484287262, 0.0878002867102623], "conf": 0.6620412468910217}], "count_per_class": {"B1": 1, "B2": 0, "B3": 1, "B4": 0}, "side_index": 1}