{"image": "DAMIMAS_A21B_0434_4.jpg", "detector": "y26m", "detections": [{"class_name": "B3", "bbox_yolo": [0.44633427262306213, 0.4335530400276184, 0.057774484157562256, 0.051236342638731], "conf": 0.3368932604789734}, {"class_name": "B3", "bbox_yolo": [0.6024051904678345, 0.45865604281425476, 0.07397569715976715, 0.06595726311206818], "conf": 0.26610270142555237}], "count_per_class": {"B1": 0, "B2": 0, "B3": 2, "B4": 0}, "side_index": 3}