{"image": "DAMIMAS_A21B_0826_7.jpg", "detector": "y26m", "detections": [{"class_name": "B3", "bbox_yolo": [0.6495745182037354, 0.32703498005867004, 0.11248970776796341, 0.0883769541978836], "conf": 0.5467036366462708}, {"class_name": "B2", "bbox_yolo": [0.43058112263679504, 0.3410491645336151, 0.1438188999891281, 0.12462754547595978], "conf": 0.5139681696891785}], "count_per_class": {"B1": 0, "B2": 1, "B3": 1, "B4": 0}, "side_index": 6}