{"image": "DAMIMAS_A21B_0482_2.jpg", "detector": "y26m", "detections": [{"class_name": "B3", "bbox_yolo": [0.4195782244205475, 0.40650197863578796, 0.061201926320791245, 0.05668029934167862], "conf": 0.605459451675415}, {"class_name": "B3", "bbox_yolo": [0.5706042051315308, 0.4233158230781555, 0.06615404039621353, 0.0542205348610878], "conf": 0.4951624274253845}, {"class_name": "B3", "bbox_yolo": [0.5089488625526428, 0.3907020092010498, 0.05649630352854729, 0.05113270506262779], "conf": 0.2794308364391327}], "count_per_class": {"B1": 0, "B2": 0, "B3": 3, "B4": 0}, "side_index": 1}