{"image": "DAMIMAS_A21B_0189_2.jpg", "detector": "y26m", "detections": [{"class_name": "B1", "bbox_yolo": [0.503160834312439, 0.41574516892433167, 0.10944786667823792, 0.11787853389978409], "conf": 0.47155463695526123}, {"class_name": "B2", "bbox_yolo": [0.35046687722206116, 0.4236282408237457, 0.10818418115377426, 0.07523836940526962], "conf": 0.3199121057987213}, {"class_name": "B3", "bbox_yolo": [0.6416272521018982, 0.38554903864860535, 0.10193303972482681, 0.09186537563800812], "conf": 0.3126247823238373}, {"class_name": "B1", "bbox_yolo": [0.35046687722206116, 0.4236282408237457, 0.10818418115377426, 0.07523836940526962], "conf": 0.2622220814228058}], "count_per_class": {"B1": 2, "B2": 1, "B3": 1, "B4": 0}, "side_index": 1}