{"image": "DAMIMAS_A21B_0126_3.jpg", "detector": "y26m", "detections": [{"class_name": "B2", "bbox_yolo": [0.5313727259635925, 0.4876759946346283, 0.1413670927286148, 0.11671161651611328], "conf": 0.5573870539665222}, {"class_name": "B3", "bbox_yolo": [0.6645888090133667, 0.47920677065849304, 0.10881596058607101, 0.0973045825958252], "conf": 0.3685057759284973}, {"class_name": "B3", "bbox_yolo": [0.3096103072166443, 0.472116082906723, 0.1090804785490036, 0.08136043697595596], "conf": 0.3257584571838379}], "count_per_class": {"B1": 0, "B2": 1, "B3": 2, "B4": 0}, "side_index": 2}