{"image": "DAMIMAS_A21B_0123_3.jpg", "detector": "y26m", "detections": [{"class_name": "B2", "bbox_yolo": [0.3322708308696747, 0.4996866285800934, 0.12575487792491913, 0.0978391170501709], "conf": 0.5966834425926208}, {"class_name": "B2", "bbox_yolo": [0.6118184924125671, 0.5115353465080261, 0.10460904985666275, 0.0884593054652214], "conf": 0.2954663932323456}, {"class_name": "B4", "bbox_yolo": [0.330067902803421, 0.4314676821231842, 0.07248882204294205, 0.04262962564826012], "conf": 0.294208824634552}], "count_per_class": {"B1": 0, "B2": 2, "B3": 0, "B4": 1}, "side_index": 2}