{"image": "DAMIMAS_A21B_0660_2.jpg", "detector": "y26m", "detections": [{"class_name": "B3", "bbox_yolo": [0.6053068041801453, 0.18061645328998566, 0.1492902785539627, 0.13760532438755035], "conf": 0.683983564376831}, {"class_name": "B3", "bbox_yolo": [0.407806396484375, 0.21052809059619904, 0.1365462690591812, 0.12383396923542023], "conf": 0.5190443396568298}, {"class_name": "B3", "bbox_yolo": [0.30662253499031067, 0.15540018677711487, 0.12233604490756989, 0.11328011006116867], "conf": 0.33017534017562866}, {"class_name": "B2", "bbox_yolo": [0.6890101432800293, 0.25182244181632996, 0.0987965315580368, 0.10007040947675705], "conf": 0.2954657971858978}], "count_per_class": {"B1": 0, "B2": 1, "B3": 3, "B4": 0}, "side_index": 1}