{"image": "DAMIMAS_A21B_0040_4.jpg", "detector": "y26m", "detections": [{"class_name": "B3", "bbox_yolo": [0.49468910694122314, 0.5594487190246582, 0.12568239867687225, 0.09605365246534348], "conf": 0.6903591752052307}, {"class_name": "B1", "bbox_yolo": [0.6069287657737732, 0.6049845218658447, 0.11048883199691772, 0.09335412830114365], "conf": 0.5845953226089478}, {"class_name": "B3", "bbox_yolo": [0.3662593364715576, 0.588442862033844, 0.115277960896492, 0.08876333385705948], "conf": 0.436368465423584}], "count_per_class": {"B1": 1, "B2": 0, "B3": 2, "B4": 0}, "side_index": 3}