{"image": "DAMIMAS_A21B_0143_3.jpg", "detector": "y26m", "detections": [{"class_name": "B3", "bbox_yolo": [0.47827616333961487, 0.409810870885849, 0.11099701374769211, 0.09724161773920059], "conf": 0.4735969007015228}, {"class_name": "B3", "bbox_yolo": [0.5978179574012756, 0.4464850425720215, 0.1130828931927681, 0.10188555717468262], "conf": 0.4698570966720581}, {"class_name": "B3", "bbox_yolo": [0.3342750370502472, 0.3909249007701874, 0.12380377948284149, 0.09988131374120712], "conf": 0.3822411000728607}, {"class_name": "B4", "bbox_yolo": [0.3342750370502472, 0.3909249007701874, 0.12380377948284149, 0.09988131374120712], "conf": 0.26600202918052673}], "count_per_class": {"B1": 0, "B2": 0, "B3": 3, "B4": 1}, "side_index": 2}