{"image": "DAMIMAS_A21B_0329_2.jpg", "detector": "y26m", "detections": [{"class_name": "B1", "bbox_yolo": [0.4837866723537445, 0.4109492301940918, 0.14575688540935516, 0.11724906414747238], "conf": 0.8055721521377563}], "count_per_class": {"B1": 1, "B2": 0, "B3": 0, "B4": 0}, "side_index": 1}