{"image": "DAMIMAS_A21B_0735_2.jpg", "detector": "y26m", "detections": [{"class_name": "B3", "bbox_yolo": [0.4854598045349121, 0.19134804606437683, 0.1681019812822342, 0.21502888202667236], "conf": 0.428539901971817}, {"class_name": "B3", "bbox_yolo": [0.7530266642570496, 0.1400301307439804, 0.16702906787395477, 0.11890912055969238], "conf": 0.3676675260066986}, {"class_name": "B3", "bbox_yolo": [0.21200622618198395, 0.14467912912368774, 0.12530550360679626, 0.09130292385816574], "conf": 0.35987862944602966}, {"class_name": "B3", "bbox_yolo": [0.5208374857902527, 0.1929456889629364, 0.2212667614221573, 0.23043663799762726], "conf": 0.26030150055885315}], "count_per_class": {"B1": 0, "B2": 0, "B3": 4, "B4": 0}, "side_index": 1}