{"image": "DAMIMAS_A21B_0431_4.jpg", "detector": "y26m", "detections": [{"class_name": "B3", "bbox_yolo": [0.4817265570163727, 0.4475572109222412, 0.09989017248153687, 0.07831201702356339], "conf": 0.6834417581558228}, {"class_name": "B3", "bbox_yolo": [0.5933258533477783, 0.46835851669311523, 0.0913507491350174, 0.07575354725122452], "conf": 0.40753600001335144}, {"class_name": "B2", "bbox_yolo": [0.3958767056465149, 0.4902009963989258, 0.09526675939559937, 0.07488789409399033], "conf": 0.3787992596626282}], "count_per_class": {"B1": 0, "B2": 1, "B3": 2, "B4": 0}, "side_index": 3}