{"image": "DAMIMAS_A21B_0807_4.jpg", "detector": "y26m", "detections": [{"class_name": "B3", "bbox_yolo": [0.39465174078941345, 0.24868133664131165, 0.13837525248527527, 0.1147921085357666], "conf": 0.5941643118858337}, {"class_name": "B3", "bbox_yolo": [0.7251191735267639, 0.2734784781932831, 0.14660848677158356, 0.0970526933670044], "conf": 0.5303107500076294}, {"class_name": "B4", "bbox_yolo": [0.7468238472938538, 0.15847523510456085, 0.1211368590593338, 0.10341242700815201], "conf": 0.34276509284973145}, {"class_name": "B3", "bbox_yolo": [0.5763062238693237, 0.18201416730880737, 0.13859228789806366, 0.15129101276397705], "conf": 0.274737149477005}], "count_per_class": {"B1": 0, "B2": 0, "B3": 3, "B4": 1}, "side_index": 3}