{"image": "DAMIMAS_A21B_0372_2.jpg", "detector": "y26m", "detections": [{"class_name": "B3", "bbox_yolo": [0.45237937569618225, 0.4187668263912201, 0.10398537665605545, 0.08353497833013535], "conf": 0.6442867517471313}, {"class_name": "B3", "bbox_yolo": [0.5751446485519409, 0.4385077953338623, 0.10994463413953781, 0.08897731453180313], "conf": 0.40343716740608215}, {"class_name": "B2", "bbox_yolo": [0.5751446485519409, 0.4385077953338623, 0.10994463413953781, 0.08897731453180313], "conf": 0.3668602705001831}, {"class_name": "B3", "bbox_yolo": [0.6251034140586853, 0.37995314598083496, 0.06791865080595016, 0.03918972238898277], "conf": 0.3438720405101776}], "count_per_class": {"B1": 0, "B2": 1, "B3": 3, "B4": 0}, "side_index": 1}