{"image": "DAMIMAS_A21B_0638_2.jpg", "detector": "y26m", "detections": [{"class_name": "B1", "bbox_yolo": [0.3515283167362213, 0.4163462817668915, 0.21934790909290314, 0.17759981751441956], "conf": 0.7996926307678223}, {"class_name": "B2", "bbox_yolo": [0.6963765621185303, 0.37667593359947205, 0.14313820004463196, 0.11339540779590607], "conf": 0.4631884694099426}, {"class_name": "B3", "bbox_yolo": [0.5163016319274902, 0.3494420647621155, 0.1603555828332901, 0.13523471355438232], "conf": 0.41151151061058044}], "count_per_class": {"B1": 1, "B2": 1, "B3": 1, "B4": 0}, "side_index": 1}