{"image": "DAMIMAS_A21B_0642_3.jpg", "detector": "y26m", "detections": [{"class_name": "B3", "bbox_yolo": [0.7402520775794983, 0.4197302758693695, 0.29895612597465515, 0.2805541455745697], "conf": 0.6491130590438843}, {"class_name": "B3", "bbox_yolo": [0.2823813259601593, 0.3787396550178528, 0.2867642045021057, 0.22004245221614838], "conf": 0.6224686503410339}, {"class_name": "B2", "bbox_yolo": [0.18538182973861694, 0.5158538818359375, 0.18585962057113647, 0.1923028528690338], "conf": 0.49881240725517273}], "count_per_class": {"B1": 0, "B2": 1, "B3": 2, "B4": 0}, "side_index": 2}