{"image": "DAMIMAS_A21B_0030_4.jpg", "detector": "y26m", "detections": [{"class_name": "B2", "bbox_yolo": [0.6238885521888733, 0.4408700168132782, 0.14905962347984314, 0.12487959861755371], "conf": 0.5099260807037354}, {"class_name": "B3", "bbox_yolo": [0.48089003562927246, 0.39368104934692383, 0.1139577254652977, 0.10334701836109161], "conf": 0.34521037340164185}, {"class_name": "B3", "bbox_yolo": [0.3047310709953308, 0.42153364419937134, 0.11523706465959549, 0.09349425137042999], "conf": 0.32659968733787537}, {"class_name": "B3", "bbox_yolo": [0.6238885521888733, 0.4408700168132782, 0.14905962347984314, 0.12487959861755371], "conf": 0.25446817278862}], "count_per_class": {"B1": 0, "B2": 1, "B3": 3, "B4": 0}, "side_index": 3}