{"image": "DAMIMAS_A21B_0756_3.jpg", "detector": "y26m", "detections": [{"class_name": "B3", "bbox_yolo": [0.4529610872268677, 0.3663933277130127, 0.1625635176897049, 0.1167665496468544], "conf": 0.5747045874595642}, {"class_name": "B3", "bbox_yolo": [0.7043701410293579, 0.39793866872787476, 0.1652110517024994, 0.12447209656238556], "conf": 0.5458903312683105}, {"class_name": "B2", "bbox_yolo": [0.30672672390937805, 0.41105958819389343, 0.13087327778339386, 0.09695203602313995], "conf": 0.3629790246486664}, {"class_name": "B4", "bbox_yolo": [0.34667539596557617, 0.301286518573761, 0.11492519825696945, 0.08120036125183105], "conf": 0.2707292437553406}], "count_per_class": {"B1": 0, "B2": 1, "B3": 2, "B4": 1}, "side_index": 2}