{"image": "DAMIMAS_A21B_0100_4.jpg", "detector": "y26m", "detections": [{"class_name": "B3", "bbox_yolo": [0.5009551048278809, 0.45624762773513794, 0.12793731689453125, 0.10421653091907501], "conf": 0.7535935044288635}, {"class_name": "B3", "bbox_yolo": [0.6489539742469788, 0.4820779860019684, 0.12183482199907303, 0.090298131108284], "conf": 0.48731833696365356}, {"class_name": "B3", "bbox_yolo": [0.3691134452819824, 0.4941355884075165, 0.13285255432128906, 0.10874543339014053], "conf": 0.3955676555633545}, {"class_name": "B2", "bbox_yolo": [0.3691134452819824, 0.4941355884075165, 0.13285255432128906, 0.10874543339014053], "conf": 0.38195016980171204}], "count_per_class": {"B1": 0, "B2": 1, "B3": 3, "B4": 0}, "side_index": 3}