{"image": "DAMIMAS_A21B_0034_3.jpg", "detector": "y26m", "detections": [{"class_name": "B3", "bbox_yolo": [0.625800609588623, 0.4405747950077057, 0.11549937725067139, 0.09180688858032227], "conf": 0.6454933881759644}, {"class_name": "B2", "bbox_yolo": [0.48727643489837646, 0.4839232563972473, 0.1417463719844818, 0.0964856669306755], "conf": 0.6105948686599731}], "count_per_class": {"B1": 0, "B2": 1, "B3": 1, "B4": 0}, "side_index": 2}