{"image": "DAMIMAS_A21B_0013_4.jpg", "detector": "y26m", "detections": [{"class_name": "B3", "bbox_yolo": [0.5213278532028198, 0.5128964185714722, 0.0938924178481102, 0.07666712254285812], "conf": 0.4944882094860077}, {"class_name": "B4", "bbox_yolo": [0.4433618485927582, 0.4723777770996094, 0.08345140516757965, 0.05481410026550293], "conf": 0.2619810104370117}], "count_per_class": {"B1": 0, "B2": 0, "B3": 1, "B4": 1}, "side_index": 3}