{"image": "DAMIMAS_A21B_0653_2.jpg", "detector": "y26m", "detections": [{"class_name": "B1", "bbox_yolo": [0.3187400996685028, 0.3284599483013153, 0.1499813050031662, 0.13096950948238373], "conf": 0.7725824117660522}, {"class_name": "B3", "bbox_yolo": [0.35380470752716064, 0.2181340754032135, 0.15914218127727509, 0.10007285326719284], "conf": 0.401498407125473}, {"class_name": "B2", "bbox_yolo": [0.4767817556858063, 0.2838432490825653, 0.16742374002933502, 0.13278265297412872], "conf": 0.3248072564601898}, {"class_name": "B3", "bbox_yolo": [0.660226583480835, 0.258489191532135, 0.13557790219783783, 0.11479747295379639], "conf": 0.27742651104927063}], "count_per_class": {"B1": 1, "B2": 1, "B3": 2, "B4": 0}, "side_index": 1}