{"image": "DAMIMAS_A21B_0486_4.jpg", "detector": "y26m", "detections": [{"class_name": "B3", "bbox_yolo": [0.6393622756004333, 0.3568151891231537, 0.10938568413257599, 0.08770127594470978], "conf": 0.402713805437088}, {"class_name": "B3", "bbox_yolo": [0.45422691106796265, 0.3300405442714691, 0.08231262117624283, 0.05998809263110161], "conf": 0.3168078362941742}], "count_per_class": {"B1": 0, "B2": 0, "B3": 2, "B4": 0}, "side_index": 3}