{"image": "DAMIMAS_A21B_0239_3.jpg", "detector": "y26m", "detections": [{"class_name": "B3", "bbox_yolo": [0.6480575799942017, 0.4457719922065735, 0.17290091514587402, 0.13076737523078918], "conf": 0.6116886138916016}, {"class_name": "B3", "bbox_yolo": [0.3504745662212372, 0.39970850944519043, 0.10682373493909836, 0.08000548183917999], "conf": 0.3239261209964752}, {"class_name": "B3", "bbox_yolo": [0.3520832359790802, 0.3917723000049591, 0.09253108501434326, 0.0615815632045269], "conf": 0.27890536189079285}], "count_per_class": {"B1": 0, "B2": 0, "B3": 3, "B4": 0}, "side_index": 2}