{"image": "DAMIMAS_A21B_0220_4.jpg", "detector": "y26m", "detections": [{"class_name": "B2", "bbox_yolo": [0.4515450894832611, 0.5044150352478027, 0.15976613759994507, 0.1361255645751953], "conf": 0.6644238829612732}, {"class_name": "B3", "bbox_yolo": [0.6232708096504211, 0.4611988067626953, 0.1256561279296875, 0.10014553368091583], "conf": 0.6167761087417603}], "count_per_class": {"B1": 0, "B2": 1, "B3": 1, "B4": 0}, "side_index": 3}