{"image": "DAMIMAS_A21B_0294_1.jpg", "detector": "y26m", "detections": [{"class_name": "B3", "bbox_yolo": [0.5945333242416382, 0.4659036695957184, 0.10552959889173508, 0.07203926891088486], "conf": 0.3701978325843811}, {"class_name": "B3", "bbox_yolo": [0.36580124497413635, 0.5157570838928223, 0.08646218478679657, 0.061937619000673294], "conf": 0.288080096244812}, {"class_name": "B3", "bbox_yolo": [0.4780760407447815, 0.4810888469219208, 0.06648381799459457, 0.05929169803857803], "conf": 0.27012112736701965}, {"class_name": "B3", "bbox_yolo": [0.3429088890552521, 0.472288578748703, 0.072899729013443, 0.03590860590338707], "conf": 0.26015782356262207}], "count_per_class": {"B1": 0, "B2": 0, "B3": 4, "B4": 0}, "side_index": 0}