{"image": "DAMIMAS_A21B_0141_2.jpg", "detector": "y26m", "detections": [{"class_name": "B3", "bbox_yolo": [0.5716717839241028, 0.45075780153274536, 0.13061778247356415, 0.09970064461231232], "conf": 0.71193927526474}, {"class_name": "B3", "bbox_yolo": [0.42482149600982666, 0.4731763005256653, 0.11027174443006516, 0.07771831005811691], "conf": 0.6006519198417664}], "count_per_class": {"B1": 0, "B2": 0, "B3": 2, "B4": 0}, "side_index": 1}