{"image": "DAMIMAS_A21B_0802_4.jpg", "detector": "y26m", "detections": [{"class_name": "B3", "bbox_yolo": [0.6702538132667542, 0.3355681002140045, 0.22173431515693665, 0.18753544986248016], "conf": 0.6609933972358704}, {"class_name": "B3", "bbox_yolo": [0.19714942574501038, 0.2858369052410126, 0.1819789707660675, 0.1129297986626625], "conf": 0.4234064519405365}, {"class_name": "B3", "bbox_yolo": [0.8413459658622742, 0.27456337213516235, 0.12433421611785889, 0.10101359337568283], "conf": 0.3074912428855896}, {"class_name": "B3", "bbox_yolo": [0.36487969756126404, 0.4015393853187561, 0.2695043385028839, 0.17833054065704346], "conf": 0.26687538623809814}], "count_per_class": {"B1": 0, "B2": 0, "B3": 4, "B4": 0}, "side_index": 3}