{"image": "DAMIMAS_A21B_0357_1.jpg", "detector": "y26m", "detections": [{"class_name": "B3", "bbox_yolo": [0.42938289046287537, 0.4111490845680237, 0.1036105528473854, 0.07984476536512375], "conf": 0.4256710708141327}, {"class_name": "B3", "bbox_yolo": [0.6311072111129761, 0.386054128408432, 0.07671496272087097, 0.06415345519781113], "conf": 0.34106022119522095}], "count_per_class": {"B1": 0, "B2": 0, "B3": 2, "B4": 0}, "side_index": 0}