{"image": "DAMIMAS_A21B_0246_1.jpg", "detector": "y26m", "detections": [{"class_name": "B3", "bbox_yolo": [0.6731712818145752, 0.2544771730899811, 0.07355417311191559, 0.06782060116529465], "conf": 0.29026687145233154}, {"class_name": "B4", "bbox_yolo": [0.5926293730735779, 0.19627255201339722, 0.08068854361772537, 0.05443279817700386], "conf": 0.2742769420146942}], "count_per_class": {"B1": 0, "B2": 0, "B3": 1, "B4": 1}, "side_index": 0}