{"image": "DAMIMAS_A21B_0151_1.jpg", "detector": "y26m", "detections": [{"class_name": "B2", "bbox_yolo": [0.5803982019424438, 0.48319560289382935, 0.14973418414592743, 0.12617234885692596], "conf": 0.6714993715286255}, {"class_name": "B3", "bbox_yolo": [0.4530336856842041, 0.4453197419643402, 0.13345953822135925, 0.1178479716181755], "conf": 0.6366753578186035}, {"class_name": "B3", "bbox_yolo": [0.3131672143936157, 0.47060641646385193, 0.11573580652475357, 0.0911872386932373], "conf": 0.420229434967041}, {"class_name": "B4", "bbox_yolo": [0.5741729140281677, 0.3921489417552948, 0.11118314415216446, 0.07350976765155792], "conf": 0.264552503824234}], "count_per_class": {"B1": 0, "B2": 1, "B3": 2, "B4": 1}, "side_index": 0}