{"image": "DAMIMAS_A21B_0639_4.jpg", "detector": "y26m", "detections": [{"class_name": "B3", "bbox_yolo": [0.29160964488983154, 0.37056413292884827, 0.20511870086193085, 0.16757269203662872], "conf": 0.6983826756477356}, {"class_name": "B3", "bbox_yolo": [0.7594378590583801, 0.3187999427318573, 0.1862255185842514, 0.14690712094306946], "conf": 0.6957205533981323}, {"class_name": "B2", "bbox_yolo": [0.16654257476329803, 0.4576890468597412, 0.14088661968708038, 0.1337500661611557], "conf": 0.4091750383377075}, {"class_name": "B3", "bbox_yolo": [0.4831940829753876, 0.282022088766098, 0.14540717005729675, 0.14874397218227386], "conf": 0.25351595878601074}], "count_per_class": {"B1": 0, "B2": 1, "B3": 3, "B4": 0}, "side_index": 3}