{"image": "DAMIMAS_A21B_0072_1.jpg", "detector": "y26m", "detections": [{"class_name": "B3", "bbox_yolo": [0.4575272500514984, 0.47467342019081116, 0.11074031889438629, 0.09459657967090607], "conf": 0.6951889991760254}, {"class_name": "B3", "bbox_yolo": [0.5845338106155396, 0.5251904726028442, 0.12956149876117706, 0.09654364734888077], "conf": 0.5199533700942993}, {"class_name": "B3", "bbox_yolo": [0.3418470025062561, 0.5143278241157532, 0.11108361184597015, 0.07919874042272568], "conf": 0.4111470878124237}, {"class_name": "B4", "bbox_yolo": [0.5819328427314758, 0.44254952669143677, 0.10278870910406113, 0.0766029879450798], "conf": 0.31457197666168213}], "count_per_class": {"B1": 0, "B2": 0, "B3": 3, "B4": 1}, "side_index": 0}