{"image": "DAMIMAS_A21B_0415_3.jpg", "detector": "y26m", "detections": [{"class_name": "B3", "bbox_yolo": [0.6327975988388062, 0.28592562675476074, 0.1795119047164917, 0.10777554661035538], "conf": 0.6350034475326538}, {"class_name": "B2", "bbox_yolo": [0.5682279467582703, 0.41255518794059753, 0.19859512150287628, 0.15589764714241028], "conf": 0.6320709586143494}, {"class_name": "B3", "bbox_yolo": [0.38879188895225525, 0.35108035802841187, 0.14605313539505005, 0.13501420617103577], "conf": 0.45405593514442444}, {"class_name": "B3", "bbox_yolo": [0.298749178647995, 0.2711253762245178, 0.11919057369232178, 0.08047454804182053], "conf": 0.3359678089618683}], "count_per_class": {"B1": 0, "B2": 1, "B3": 3, "B4": 0}, "side_index": 2}