{"image": "DAMIMAS_A21B_0674_4.jpg", "detector": "y26m", "detections": [{"class_name": "B1", "bbox_yolo": [0.22384342551231384, 0.39885202050209045, 0.11914767324924469, 0.11737947911024094], "conf": 0.6694236993789673}, {"class_name": "B3", "bbox_yolo": [0.29333189129829407, 0.3338950574398041, 0.14458321034908295, 0.12147741764783859], "conf": 0.5047159194946289}, {"class_name": "B2", "bbox_yolo": [0.6424168944358826, 0.3700779974460602, 0.2058478742837906, 0.19891147315502167], "conf": 0.4936537742614746}, {"class_name": "B3", "bbox_yolo": [0.4531840980052948, 0.2979618012905121, 0.12631544470787048, 0.13135738670825958], "conf": 0.4930219054222107}], "count_per_class": {"B1": 1, "B2": 1, "B3": 2, "B4": 0}, "side_index": 3}