{"image": "DAMIMAS_A21B_0006_3.jpg", "detector": "y26m", "detections": [{"class_name": "B1", "bbox_yolo": [0.41975244879722595, 0.4507908523082733, 0.1425757110118866, 0.10577461868524551], "conf": 0.6331908106803894}, {"class_name": "B3", "bbox_yolo": [0.5557469129562378, 0.4007783532142639, 0.101828932762146, 0.1013018861413002], "conf": 0.5255237817764282}, {"class_name": "B3", "bbox_yolo": [0.6658780574798584, 0.42339593172073364, 0.10574430227279663, 0.08387112617492676], "conf": 0.38875943422317505}], "count_per_class": {"B1": 1, "B2": 0, "B3": 2, "B4": 0}, "side_index": 2}