{"image": "DAMIMAS_A21B_0529_1.jpg", "detector": "y26m", "detections": [{"class_name": "B3", "bbox_yolo": [0.38887274265289307, 0.37509140372276306, 0.160089373588562, 0.14669732749462128], "conf": 0.7121252417564392}, {"class_name": "B3", "bbox_yolo": [0.5211890339851379, 0.4519096314907074, 0.16440539062023163, 0.10959210246801376], "conf": 0.41542017459869385}, {"class_name": "B3", "bbox_yolo": [0.6333189606666565, 0.3523498475551605, 0.11790339648723602, 0.09452719986438751], "conf": 0.31461331248283386}, {"class_name": "B3", "bbox_yolo": [0.27471062541007996, 0.3635573983192444, 0.07428772002458572, 0.06482160091400146], "conf": 0.2519993484020233}], "count_per_class": {"B1": 0, "B2": 0, "B3": 4, "B4": 0}, "side_index": 0}