{"image": "DAMIMAS_A21B_0394_2.jpg", "detector": "y26m", "detections": [{"class_name": "B1", "bbox_yolo": [0.3159744441509247, 0.40445977449417114, 0.11456458270549774, 0.0965995341539383], "conf": 0.7916244864463806}, {"class_name": "B3", "bbox_yolo": [0.6259092688560486, 0.35533013939857483, 0.12954674661159515, 0.1010095626115799], "conf": 0.7235172390937805}, {"class_name": "B2", "bbox_yolo": [0.4471743404865265, 0.3815019130706787, 0.11825056374073029, 0.09950826317071915], "conf": 0.27806520462036133}], "count_per_class": {"B1": 1, "B2": 1, "B3": 1, "B4": 0}, "side_index": 1}