{"image": "DAMIMAS_A21B_0461_3.jpg", "detector": "y26m", "detections": [{"class_name": "B3", "bbox_yolo": [0.5519286394119263, 0.45845890045166016, 0.06788235157728195, 0.04449286684393883], "conf": 0.35643747448921204}, {"class_name": "B3", "bbox_yolo": [0.45539590716362, 0.47697505354881287, 0.06929048150777817, 0.0568544864654541], "conf": 0.3279068171977997}, {"class_name": "B3", "bbox_yolo": [0.413911908864975, 0.44459256529808044, 0.046844229102134705, 0.03021221235394478], "conf": 0.2692177891731262}, {"class_name": "B2", "bbox_yolo": [0.3905929625034332, 0.4841577708721161, 0.05071083828806877, 0.04902782663702965], "conf": 0.2532961070537567}], "count_per_class": {"B1": 0, "B2": 1, "B3": 3, "B4": 0}, "side_index": 2}