{"image": "DAMIMAS_A21B_0284_3.jpg", "detector": "y26m", "detections": [{"class_name": "B2", "bbox_yolo": [0.5202580094337463, 0.560461699962616, 0.16628259420394897, 0.12036390602588654], "conf": 0.41732633113861084}, {"class_name": "B3", "bbox_yolo": [0.6508303880691528, 0.4780157208442688, 0.11256765574216843, 0.081234410405159], "conf": 0.30359548330307007}, {"class_name": "B1", "bbox_yolo": [0.5202580094337463, 0.560461699962616, 0.16628259420394897, 0.12036390602588654], "conf": 0.2572399377822876}], "count_per_class": {"B1": 1, "B2": 1, "B3": 1, "B4": 0}, "side_index": 2}