{"image": "DAMIMAS_A21B_0846_3.jpg", "detector": "y26m", "detections": [{"class_name": "B3", "bbox_yolo": [0.7036678791046143, 0.27432385087013245, 0.16827602684497833, 0.14843876659870148], "conf": 0.6561741232872009}, {"class_name": "B3", "bbox_yolo": [0.36894604563713074, 0.24481551349163055, 0.13063929975032806, 0.10742121189832687], "conf": 0.621249258518219}, {"class_name": "B3", "bbox_yolo": [0.2684518098831177, 0.31114959716796875, 0.12595699727535248, 0.11111762374639511], "conf": 0.4414956867694855}, {"class_name": "B3", "bbox_yolo": [0.4715433120727539, 0.30780333280563354, 0.168277308344841, 0.14268679916858673], "conf": 0.3601546883583069}], "count_per_class": {"B1": 0, "B2": 0, "B3": 4, "B4": 0}, "side_index": 2}