{"image": "DAMIMAS_A21B_0017_2.jpg", "detector": "y26m", "detections": [{"class_name": "B3", "bbox_yolo": [0.32315465807914734, 0.41860467195510864, 0.16214428842067719, 0.11733751744031906], "conf": 0.6643877029418945}, {"class_name": "B4", "bbox_yolo": [0.6544421315193176, 0.36891981959342957, 0.11396713554859161, 0.08794782310724258], "conf": 0.2799622714519501}, {"class_name": "B4", "bbox_yolo": [0.33305683732032776, 0.33869773149490356, 0.10005547851324081, 0.05359442159533501], "conf": 0.2554161250591278}], "count_per_class": {"B1": 0, "B2": 0, "B3": 1, "B4": 2}, "side_index": 1}