{"image": "DAMIMAS_A21B_0564_4.jpg", "detector": "y26m", "detections": [{"class_name": "B3", "bbox_yolo": [0.646647036075592, 0.28948068618774414, 0.11594480276107788, 0.08222001045942307], "conf": 0.3344900608062744}], "count_per_class": {"B1": 0, "B2": 0, "B3": 1, "B4": 0}, "side_index": 3}