{"image": "DAMIMAS_A21B_0479_1.jpg", "detector": "y26m", "detections": [{"class_name": "B3", "bbox_yolo": [0.5838501453399658, 0.3435504138469696, 0.06952749937772751, 0.045096781104803085], "conf": 0.42702633142471313}, {"class_name": "B3", "bbox_yolo": [0.4744417369365692, 0.3678209185600281, 0.07027578353881836, 0.06484522670507431], "conf": 0.35422471165657043}, {"class_name": "B1", "bbox_yolo": [0.5639034509658813, 0.3943438231945038, 0.08262088149785995, 0.05563974380493164], "conf": 0.27674350142478943}], "count_per_class": {"B1": 1, "B2": 0, "B3": 2, "B4": 0}, "side_index": 0}