{"image": "DAMIMAS_A21B_0471_4.jpg", "detector": "y26m", "detections": [{"class_name": "B3", "bbox_yolo": [0.4280969798564911, 0.4057043492794037, 0.04058901593089104, 0.03429706022143364], "conf": 0.4228627681732178}, {"class_name": "B2", "bbox_yolo": [0.587465226650238, 0.4444550573825836, 0.07508163899183273, 0.061299946159124374], "conf": 0.38728517293930054}, {"class_name": "B3", "bbox_yolo": [0.498006135225296, 0.4237475097179413, 0.0714235007762909, 0.056240081787109375], "conf": 0.3756234645843506}, {"class_name": "B3", "bbox_yolo": [0.4815434515476227, 0.3805437982082367, 0.05358655005693436, 0.03909650072455406], "conf": 0.3470953106880188}], "count_per_class": {"B1": 0, "B2": 1, "B3": 3, "B4": 0}, "side_index": 3}