{"image": "DAMIMAS_A21B_0192_3.jpg", "detector": "y26m", "detections": [{"class_name": "B3", "bbox_yolo": [0.38675767183303833, 0.5016071200370789, 0.10138203948736191, 0.08321990817785263], "conf": 0.4331532120704651}, {"class_name": "B3", "bbox_yolo": [0.6148212552070618, 0.4672880172729492, 0.08431288599967957, 0.06725897639989853], "conf": 0.30362066626548767}, {"class_name": "B3", "bbox_yolo": [0.6148151755332947, 0.4732464849948883, 0.09802494198083878, 0.08168583363294601], "conf": 0.2687176764011383}], "count_per_class": {"B1": 0, "B2": 0, "B3": 3, "B4": 0}, "side_index": 2}