{"image": "DAMIMAS_A21B_0057_1.jpg", "detector": "y26m", "detections": [{"class_name": "B4", "bbox_yolo": [0.4440276622772217, 0.413921594619751, 0.1015656515955925, 0.08156175911426544], "conf": 0.4775787591934204}, {"class_name": "B3", "bbox_yolo": [0.5488178133964539, 0.4452442228794098, 0.07454364001750946, 0.05672473832964897], "conf": 0.4141322672367096}, {"class_name": "B3", "bbox_yolo": [0.48636117577552795, 0.49459895491600037, 0.10994625836610794, 0.08760223537683487], "conf": 0.28424039483070374}], "count_per_class": {"B1": 0, "B2": 0, "B3": 2, "B4": 1}, "side_index": 0}