{"image": "DAMIMAS_A21B_0276_3.jpg", "detector": "y26m", "detections": [{"class_name": "B1", "bbox_yolo": [0.32733404636383057, 0.5513149499893188, 0.09569133818149567, 0.09884362667798996], "conf": 0.781816303730011}, {"class_name": "B3", "bbox_yolo": [0.5367068648338318, 0.5327456593513489, 0.12385626137256622, 0.09993725270032883], "conf": 0.5773113965988159}, {"class_name": "B2", "bbox_yolo": [0.6534587144851685, 0.5540609359741211, 0.11104654520750046, 0.09537949413061142], "conf": 0.4063439965248108}], "count_per_class": {"B1": 1, "B2": 1, "B3": 1, "B4": 0}, "side_index": 2}