{"image": "DAMIMAS_A21B_0057_4.jpg", "detector": "y26m", "detections": [{"class_name": "B2", "bbox_yolo": [0.5614073276519775, 0.4667990803718567, 0.0983639732003212, 0.07892031967639923], "conf": 0.46125659346580505}, {"class_name": "B3", "bbox_yolo": [0.6005300283432007, 0.41289734840393066, 0.08745835721492767, 0.04437568411231041], "conf": 0.3254305422306061}], "count_per_class": {"B1": 0, "B2": 1, "B3": 1, "B4": 0}, "side_index": 3}