{"image": "DAMIMAS_A21B_0122_3.jpg", "detector": "y26m", "detections": [{"class_name": "B3", "bbox_yolo": [0.37828177213668823, 0.49159684777259827, 0.1266046017408371, 0.08884745091199875], "conf": 0.6239122152328491}], "count_per_class": {"B1": 0, "B2": 0, "B3": 1, "B4": 0}, "side_index": 2}