{"image": "DAMIMAS_A21B_0015_3.jpg", "detector": "y26m", "detections": [{"class_name": "B1", "bbox_yolo": [0.652928352355957, 0.5052950978279114, 0.09969444572925568, 0.08842678368091583], "conf": 0.7565379738807678}, {"class_name": "B3", "bbox_yolo": [0.4173596203327179, 0.47287869453430176, 0.10973469913005829, 0.10169010609388351], "conf": 0.7306569218635559}, {"class_name": "B2", "bbox_yolo": [0.3364526331424713, 0.5114859938621521, 0.1057373434305191, 0.09480681270360947], "conf": 0.635809600353241}, {"class_name": "B3", "bbox_yolo": [0.545617938041687, 0.4992317259311676, 0.10850140452384949, 0.07876815646886826], "conf": 0.4027791917324066}], "count_per_class": {"B1": 1, "B2": 1, "B3": 2, "B4": 0}, "side_index": 2}