{"image": "DAMIMAS_A21B_0757_3.jpg", "detector": "y26m", "detections": [{"class_name": "B3", "bbox_yolo": [0.6702156066894531, 0.40288057923316956, 0.07551536709070206, 0.05627908930182457], "conf": 0.4816635549068451}, {"class_name": "B3", "bbox_yolo": [0.4368712902069092, 0.4454580843448639, 0.1399962455034256, 0.11884534358978271], "conf": 0.3893298804759979}], "count_per_class": {"B1": 0, "B2": 0, "B3": 2, "B4": 0}, "side_index": 2}