{"image": "DAMIMAS_A21B_0139_1.jpg", "detector": "y26m", "detections": [{"class_name": "B3", "bbox_yolo": [0.4095126688480377, 0.430286705493927, 0.11083613336086273, 0.08920424431562424], "conf": 0.5553121566772461}, {"class_name": "B3", "bbox_yolo": [0.3282807171344757, 0.4732429087162018, 0.09573440998792648, 0.07872476428747177], "conf": 0.42863741517066956}], "count_per_class": {"B1": 0, "B2": 0, "B3": 2, "B4": 0}, "side_index": 0}