{"image": "DAMIMAS_A21B_0098_1.jpg", "detector": "y26m", "detections": [{"class_name": "B3", "bbox_yolo": [0.39152640104293823, 0.5621199607849121, 0.10591443628072739, 0.09479546546936035], "conf": 0.646653950214386}, {"class_name": "B2", "bbox_yolo": [0.5070335268974304, 0.5777925252914429, 0.10561759024858475, 0.09348469227552414], "conf": 0.6275917887687683}], "count_per_class": {"B1": 0, "B2": 1, "B3": 1, "B4": 0}, "side_index": 0}