{"image": "DAMIMAS_A21B_0058_2.jpg", "detector": "y26m", "detections": [{"class_name": "B2", "bbox_yolo": [0.3664797842502594, 0.5091391801834106, 0.11805407702922821, 0.08945808559656143], "conf": 0.5721943378448486}, {"class_name": "B3", "bbox_yolo": [0.5000817775726318, 0.46402207016944885, 0.08951356261968613, 0.05931811407208443], "conf": 0.32665663957595825}, {"class_name": "B3", "bbox_yolo": [0.499162495136261, 0.4701453149318695, 0.10116084665060043, 0.0724615603685379], "conf": 0.2996631860733032}, {"class_name": "B4", "bbox_yolo": [0.3490059971809387, 0.43937253952026367, 0.09457607567310333, 0.059386637061834335], "conf": 0.2517790198326111}], "count_per_class": {"B1": 0, "B2": 1, "B3": 2, "B4": 1}, "side_index": 1}