{"image": "DAMIMAS_A21B_0089_4.jpg", "detector": "y26m", "detections": [{"class_name": "B2", "bbox_yolo": [0.6585787534713745, 0.45470258593559265, 0.13257884979248047, 0.09871845692396164], "conf": 0.43741652369499207}, {"class_name": "B4", "bbox_yolo": [0.4098316431045532, 0.3380034565925598, 0.12686781585216522, 0.09089350700378418], "conf": 0.40279650688171387}, {"class_name": "B3", "bbox_yolo": [0.22330188751220703, 0.4726926386356354, 0.1014680564403534, 0.08016729354858398], "conf": 0.29616937041282654}, {"class_name": "B3", "bbox_yolo": [0.2845577597618103, 0.40599557757377625, 0.128812775015831, 0.09838517010211945], "conf": 0.28051328659057617}], "count_per_class": {"B1": 0, "B2": 1, "B3": 2, "B4": 1}, "side_index": 3}