{"image": "DAMIMAS_A21B_0036_2.jpg", "detector": "y26m", "detections": [{"class_name": "B3", "bbox_yolo": [0.39007043838500977, 0.5157668590545654, 0.10102059692144394, 0.07613249123096466], "conf": 0.5405096411705017}, {"class_name": "B4", "bbox_yolo": [0.47390374541282654, 0.4689347445964813, 0.07809687405824661, 0.0659368559718132], "conf": 0.33093345165252686}], "count_per_class": {"B1": 0, "B2": 0, "B3": 1, "B4": 1}, "side_index": 1}