{"image": "DAMIMAS_A21B_0255_1.jpg", "detector": "y26m", "detections": [{"class_name": "B3", "bbox_yolo": [0.46797317266464233, 0.3111647069454193, 0.16207315027713776, 0.1260223686695099], "conf": 0.6701467633247375}, {"class_name": "B2", "bbox_yolo": [0.3150213360786438, 0.3570057451725006, 0.14646781980991364, 0.11804485321044922], "conf": 0.5889475345611572}], "count_per_class": {"B1": 0, "B2": 1, "B3": 1, "B4": 0}, "side_index": 0}