{"image": "DAMIMAS_A21B_0385_4.jpg", "detector": "y26m", "detections": [{"class_name": "B4", "bbox_yolo": [0.6095179319381714, 0.3564179539680481, 0.08338439464569092, 0.05345265939831734], "conf": 0.5291246175765991}, {"class_name": "B1", "bbox_yolo": [0.36986857652664185, 0.5050058364868164, 0.07972241193056107, 0.06386442482471466], "conf": 0.46924781799316406}, {"class_name": "B3", "bbox_yolo": [0.5947319865226746, 0.4164370596408844, 0.11136043071746826, 0.07541365921497345], "conf": 0.37895768880844116}, {"class_name": "B1", "bbox_yolo": [0.37549495697021484, 0.5133824944496155, 0.09780534356832504, 0.08036728203296661], "conf": 0.30782952904701233}], "count_per_class": {"B1": 2, "B2": 0, "B3": 1, "B4": 1}, "side_index": 3}