{"image": "DAMIMAS_A21B_0091_3.jpg", "detector": "y26m", "detections": [{"class_name": "B3", "bbox_yolo": [0.36251986026763916, 0.5399458408355713, 0.11918643862009048, 0.08954381942749023], "conf": 0.697487473487854}, {"class_name": "B3", "bbox_yolo": [0.5124849677085876, 0.5592938661575317, 0.11002566665410995, 0.09245238453149796], "conf": 0.595348596572876}, {"class_name": "B2", "bbox_yolo": [0.6300712823867798, 0.5717810392379761, 0.10787951946258545, 0.09002714604139328], "conf": 0.3440045118331909}], "count_per_class": {"B1": 0, "B2": 1, "B3": 2, "B4": 0}, "side_index": 2}