{"image": "DAMIMAS_A21B_0484_1.jpg", "detector": "y26m", "detections": [{"class_name": "B3", "bbox_yolo": [0.6004367470741272, 0.15028159320354462, 0.23594599962234497, 0.19286608695983887], "conf": 0.6419178247451782}, {"class_name": "B3", "bbox_yolo": [0.3532131314277649, 0.21281282603740692, 0.21411728858947754, 0.1960747241973877], "conf": 0.3638436496257782}, {"class_name": "B4", "bbox_yolo": [0.4302828013896942, 0.05650368332862854, 0.15639778971672058, 0.1108539029955864], "conf": 0.3130090832710266}, {"class_name": "B2", "bbox_yolo": [0.3532131314277649, 0.21281282603740692, 0.21411728858947754, 0.1960747241973877], "conf": 0.295394629240036}], "count_per_class": {"B1": 0, "B2": 1, "B3": 2, "B4": 1}, "side_index": 0}