{"image": "DAMIMAS_A21B_0031_2.jpg", "detector": "y26m", "detections": [{"class_name": "B3", "bbox_yolo": [0.617946207523346, 0.4013749063014984, 0.14359742403030396, 0.09906911849975586], "conf": 0.7248193025588989}, {"class_name": "B3", "bbox_yolo": [0.43883731961250305, 0.43395566940307617, 0.1695079505443573, 0.11027484387159348], "conf": 0.5680713057518005}], "count_per_class": {"B1": 0, "B2": 0, "B3": 2, "B4": 0}, "side_index": 1}