{"image": "DAMIMAS_A21B_0678_3.jpg", "detector": "y26m", "detections": [{"class_name": "B2", "bbox_yolo": [0.7386705875396729, 0.3852315843105316, 0.1819281429052353, 0.15457437932491302], "conf": 0.5381405353546143}, {"class_name": "B3", "bbox_yolo": [0.4647628664970398, 0.28182852268218994, 0.13703645765781403, 0.10086264461278915], "conf": 0.5364332795143127}, {"class_name": "B3", "bbox_yolo": [0.5713546276092529, 0.3264032304286957, 0.15728189051151276, 0.12074477970600128], "conf": 0.5226306915283203}, {"class_name": "B3", "bbox_yolo": [0.3741275370121002, 0.3736214339733124, 0.15952196717262268, 0.11586036533117294], "conf": 0.4534849524497986}], "count_per_class": {"B1": 0, "B2": 1, "B3": 3, "B4": 0}, "side_index": 2}