{"image": "DAMIMAS_A21B_0222_1.jpg", "detector": "y26m", "detections": [{"class_name": "B3", "bbox_yolo": [0.648577094078064, 0.39623525738716125, 0.10467211902141571, 0.08295998722314835], "conf": 0.4484708607196808}, {"class_name": "B3", "bbox_yolo": [0.40956148505210876, 0.3555406928062439, 0.10097755491733551, 0.07916951179504395], "conf": 0.27229979634284973}], "count_per_class": {"B1": 0, "B2": 0, "B3": 2, "B4": 0}, "side_index": 0}