{"image": "DAMIMAS_A21B_0065_1.jpg", "detector": "y26m", "detections": [{"class_name": "B1", "bbox_yolo": [0.429808109998703, 0.5899436473846436, 0.15758712589740753, 0.1216345801949501], "conf": 0.7998522520065308}, {"class_name": "B3", "bbox_yolo": [0.658611536026001, 0.5282976627349854, 0.09261920303106308, 0.09575796127319336], "conf": 0.5797459483146667}, {"class_name": "B3", "bbox_yolo": [0.5263543725013733, 0.5200220942497253, 0.14741285145282745, 0.10742821544408798], "conf": 0.36691200733184814}, {"class_name": "B3", "bbox_yolo": [0.33259591460227966, 0.5075106620788574, 0.11597328633069992, 0.0908716693520546], "conf": 0.33343368768692017}], "count_per_class": {"B1": 1, "B2": 0, "B3": 3, "B4": 0}, "side_index": 0}