{"image": "DAMIMAS_A21B_0286_2.jpg", "detector": "y26m", "detections": [{"class_name": "B3", "bbox_yolo": [0.5419591069221497, 0.49709615111351013, 0.12664982676506042, 0.09820270538330078], "conf": 0.5047725439071655}, {"class_name": "B2", "bbox_yolo": [0.4009785056114197, 0.5399484038352966, 0.14656983315944672, 0.12859658896923065], "conf": 0.40054577589035034}, {"class_name": "B3", "bbox_yolo": [0.6739088892936707, 0.5113507509231567, 0.10859972983598709, 0.09256458282470703], "conf": 0.3240790069103241}], "count_per_class": {"B1": 0, "B2": 1, "B3": 2, "B4": 0}, "side_index": 1}