{"image": "DAMIMAS_A21B_0002_1.jpg", "detector": "y26m", "detections": [{"class_name": "B3", "bbox_yolo": [0.45036202669143677, 0.47254833579063416, 0.13715359568595886, 0.10585308074951172], "conf": 0.6596242785453796}, {"class_name": "B4", "bbox_yolo": [0.42062389850616455, 0.3968903720378876, 0.10565370321273804, 0.0663599744439125], "conf": 0.3250122666358948}, {"class_name": "B4", "bbox_yolo": [0.4220410883426666, 0.3934175670146942, 0.09810502082109451, 0.05372805520892143], "conf": 0.32249659299850464}], "count_per_class": {"B1": 0, "B2": 0, "B3": 1, "B4": 2}, "side_index": 0}