{"image": "DAMIMAS_A21B_0756_1.jpg", "detector": "y26m", "detections": [{"class_name": "B3", "bbox_yolo": [0.44024762511253357, 0.3984684646129608, 0.14890220761299133, 0.16599810123443604], "conf": 0.6407592296600342}, {"class_name": "B3", "bbox_yolo": [0.6880399584770203, 0.3860841989517212, 0.10604521632194519, 0.10086359828710556], "conf": 0.6394310593605042}, {"class_name": "B2", "bbox_yolo": [0.5626832842826843, 0.44225379824638367, 0.15117467939853668, 0.11411328613758087], "conf": 0.4991002678871155}, {"class_name": "B4", "bbox_yolo": [0.5852106809616089, 0.33638137578964233, 0.12156455218791962, 0.0953495055437088], "conf": 0.3697274625301361}], "count_per_class": {"B1": 0, "B2": 1, "B3": 2, "B4": 1}, "side_index": 0}