{"image": "DAMIMAS_A21B_0854_8.jpg", "detector": "y26m", "detections": [{"class_name": "B1", "bbox_yolo": [0.47307971119880676, 0.604122519493103, 0.1207340657711029, 0.10078916698694229], "conf": 0.832227349281311}, {"class_name": "B3", "bbox_yolo": [0.5748710036277771, 0.5563728213310242, 0.10789871960878372, 0.08382096141576767], "conf": 0.6464725136756897}, {"class_name": "B3", "bbox_yolo": [0.42983388900756836, 0.525606095790863, 0.11079270392656326, 0.07808060944080353], "conf": 0.6299446821212769}, {"class_name": "B2", "bbox_yolo": [0.33411937952041626, 0.5760613679885864, 0.10205132514238358, 0.0959654375910759], "conf": 0.3964814841747284}], "count_per_class": {"B1": 1, "B2": 1, "B3": 2, "B4": 0}, "side_index": 7}