{"image": "DAMIMAS_A21B_0405_3.jpg", "detector": "y26m", "detections": [{"class_name": "B2", "bbox_yolo": [0.6367176175117493, 0.3970392644405365, 0.11666584759950638, 0.1060299426317215], "conf": 0.5973021388053894}, {"class_name": "B3", "bbox_yolo": [0.5155826807022095, 0.3529667854309082, 0.10564308613538742, 0.09207504242658615], "conf": 0.5292808413505554}, {"class_name": "B3", "bbox_yolo": [0.38857975602149963, 0.38509196043014526, 0.11115831136703491, 0.08678841590881348], "conf": 0.28887149691581726}], "count_per_class": {"B1": 0, "B2": 1, "B3": 2, "B4": 0}, "side_index": 2}