{"image": "DAMIMAS_A21B_0756_4.jpg", "detector": "y26m", "detections": [{"class_name": "B3", "bbox_yolo": [0.6901388764381409, 0.4148962199687958, 0.13650411367416382, 0.0991976261138916], "conf": 0.5908526182174683}, {"class_name": "B2", "bbox_yolo": [0.34727251529693604, 0.4428565204143524, 0.11457253247499466, 0.10477671772241592], "conf": 0.46565359830856323}, {"class_name": "B2", "bbox_yolo": [0.5339275598526001, 0.44941240549087524, 0.18138931691646576, 0.13245649635791779], "conf": 0.33015191555023193}], "count_per_class": {"B1": 0, "B2": 2, "B3": 1, "B4": 0}, "side_index": 3}