{"image": "DAMIMAS_A21B_0665_2.jpg", "detector": "y26m", "detections": [{"class_name": "B1", "bbox_yolo": [0.5620762705802917, 0.40233612060546875, 0.14879021048545837, 0.11969246715307236], "conf": 0.7613782286643982}, {"class_name": "B2", "bbox_yolo": [0.331348180770874, 0.3756643831729889, 0.10250063240528107, 0.09449205547571182], "conf": 0.437247633934021}], "count_per_class": {"B1": 1, "B2": 1, "B3": 0, "B4": 0}, "side_index": 1}