{"image": "DAMIMAS_A21B_0092_3.jpg", "detector": "y26m", "detections": [{"class_name": "B3", "bbox_yolo": [0.32718631625175476, 0.5180005431175232, 0.13795535266399384, 0.10730486363172531], "conf": 0.6283000707626343}, {"class_name": "B3", "bbox_yolo": [0.5308917164802551, 0.46997037529945374, 0.119874007999897, 0.08793516457080841], "conf": 0.3607250154018402}, {"class_name": "B3", "bbox_yolo": [0.6494479179382324, 0.48866796493530273, 0.10468998551368713, 0.09453463554382324], "conf": 0.30889034271240234}], "count_per_class": {"B1": 0, "B2": 0, "B3": 3, "B4": 0}, "side_index": 2}