{"image": "DAMIMAS_A21B_0816_1.jpg", "detector": "y26m", "detections": [{"class_name": "B2", "bbox_yolo": [0.5051987767219543, 0.46213656663894653, 0.12486130744218826, 0.10450005531311035], "conf": 0.7116882801055908}, {"class_name": "B3", "bbox_yolo": [0.4683516025543213, 0.3774597644805908, 0.11571528762578964, 0.08243761211633682], "conf": 0.6635292768478394}, {"class_name": "B3", "bbox_yolo": [0.614503026008606, 0.4161160886287689, 0.10399056226015091, 0.08896744251251221], "conf": 0.6351574063301086}], "count_per_class": {"B1": 0, "B2": 1, "B3": 2, "B4": 0}, "side_index": 0}