{"image": "DAMIMAS_A21B_0541_2.jpg", "detector": "y26m", "detections": [{"class_name": "B1", "bbox_yolo": [0.6365844011306763, 0.49351978302001953, 0.1533343642950058, 0.13062702119350433], "conf": 0.7975041270256042}, {"class_name": "B3", "bbox_yolo": [0.45017772912979126, 0.4717597961425781, 0.13564422726631165, 0.11320557445287704], "conf": 0.4793526530265808}], "count_per_class": {"B1": 1, "B2": 0, "B3": 1, "B4": 0}, "side_index": 1}