{"image": "DAMIMAS_A21B_0297_1.jpg", "detector": "y26m", "detections": [{"class_name": "B3", "bbox_yolo": [0.4321804940700531, 0.3922395706176758, 0.13456672430038452, 0.11204633861780167], "conf": 0.7347861528396606}, {"class_name": "B3", "bbox_yolo": [0.6259487867355347, 0.4279560148715973, 0.1367640197277069, 0.12790818512439728], "conf": 0.6224158406257629}], "count_per_class": {"B1": 0, "B2": 0, "B3": 2, "B4": 0}, "side_index": 0}