{"image": "DAMIMAS_A21B_0240_2.jpg", "detector": "y26m", "detections": [{"class_name": "B3", "bbox_yolo": [0.5191808342933655, 0.2828274369239807, 0.1477399617433548, 0.13703730702400208], "conf": 0.6044106483459473}, {"class_name": "B3", "bbox_yolo": [0.3526480197906494, 0.26991721987724304, 0.1348334699869156, 0.12437524646520615], "conf": 0.5829817056655884}, {"class_name": "B3", "bbox_yolo": [0.6463410258293152, 0.2134607881307602, 0.13303133845329285, 0.10733797401189804], "conf": 0.3547847867012024}, {"class_name": "B4", "bbox_yolo": [0.6463410258293152, 0.2134607881307602, 0.13303133845329285, 0.10733797401189804], "conf": 0.2952779233455658}], "count_per_class": {"B1": 0, "B2": 0, "B3": 3, "B4": 1}, "side_index": 1}