{"image": "DAMIMAS_A21B_0581_2.jpg", "detector": "y26m", "detections": [{"class_name": "B1", "bbox_yolo": [0.6046484708786011, 0.4781814217567444, 0.2232227474451065, 0.1939990073442459], "conf": 0.7387973666191101}, {"class_name": "B2", "bbox_yolo": [0.24157604575157166, 0.45696449279785156, 0.16527779400348663, 0.16103826463222504], "conf": 0.6019049286842346}, {"class_name": "B3", "bbox_yolo": [0.6349384188652039, 0.3599983751773834, 0.1446402370929718, 0.0783362165093422], "conf": 0.44468674063682556}, {"class_name": "B3", "bbox_yolo": [0.32470259070396423, 0.34903427958488464, 0.1310659795999527, 0.10687871277332306], "conf": 0.39455488324165344}], "count_per_class": {"B1": 1, "B2": 1, "B3": 2, "B4": 0}, "side_index": 1}