{"image": "DAMIMAS_A21B_0672_2.jpg", "detector": "y26m", "detections": [{"class_name": "B3", "bbox_yolo": [0.4803834557533264, 0.3597189784049988, 0.15478593111038208, 0.15266557037830353], "conf": 0.5926156044006348}, {"class_name": "B3", "bbox_yolo": [0.29996249079704285, 0.4175644814968109, 0.17113864421844482, 0.14687232673168182], "conf": 0.5802191495895386}, {"class_name": "B2", "bbox_yolo": [0.755364716053009, 0.397288054227829, 0.15813472867012024, 0.1299278289079666], "conf": 0.3737216889858246}, {"class_name": "B3", "bbox_yolo": [0.2806128263473511, 0.305196613073349, 0.11465222388505936, 0.09340860694646835], "conf": 0.2680443227291107}], "count_per_class": {"B1": 0, "B2": 1, "B3": 3, "B4": 0}, "side_index": 1}