{"image": "DAMIMAS_A21B_0312_1.jpg", "detector": "y26m", "detections": [{"class_name": "B3", "bbox_yolo": [0.47013893723487854, 0.4185278117656708, 0.138209730386734, 0.10305962711572647], "conf": 0.5366146564483643}, {"class_name": "B3", "bbox_yolo": [0.34293022751808167, 0.43494415283203125, 0.10462478548288345, 0.08385290950536728], "conf": 0.470175176858902}, {"class_name": "B3", "bbox_yolo": [0.5986137986183167, 0.40735146403312683, 0.09792766720056534, 0.0864078551530838], "conf": 0.39470988512039185}, {"class_name": "B3", "bbox_yolo": [0.6699712872505188, 0.46651220321655273, 0.09888369590044022, 0.08250270038843155], "conf": 0.2929092347621918}], "count_per_class": {"B1": 0, "B2": 0, "B3": 4, "B4": 0}, "side_index": 0}