{"image": "DAMIMAS_A21B_0549_4.jpg", "detector": "y26m", "detections": [{"class_name": "B1", "bbox_yolo": [0.5284283757209778, 0.3938414752483368, 0.136452779173851, 0.12114603817462921], "conf": 0.7552987337112427}, {"class_name": "B3", "bbox_yolo": [0.322309672832489, 0.37102580070495605, 0.11192678660154343, 0.09704723209142685], "conf": 0.5731247067451477}], "count_per_class": {"B1": 1, "B2": 0, "B3": 1, "B4": 0}, "side_index": 3}