{"image": "DAMIMAS_A21B_0271_3.jpg", "detector": "y26m", "detections": [{"class_name": "B3", "bbox_yolo": [0.5532286763191223, 0.06341154873371124, 0.1434260457754135, 0.11876895278692245], "conf": 0.4044930636882782}, {"class_name": "B3", "bbox_yolo": [0.4339090585708618, 0.15037322044372559, 0.14418691396713257, 0.13709565997123718], "conf": 0.3753593862056732}], "count_per_class": {"B1": 0, "B2": 0, "B3": 2, "B4": 0}, "side_index": 2}