{"image": "DAMIMAS_A21B_0240_3.jpg", "detector": "y26m", "detections": [{"class_name": "B3", "bbox_yolo": [0.4959622323513031, 0.3038399815559387, 0.15282313525676727, 0.11623287200927734], "conf": 0.554673433303833}, {"class_name": "B4", "bbox_yolo": [0.46740639209747314, 0.2033437341451645, 0.12372240424156189, 0.08931410312652588], "conf": 0.2835692763328552}], "count_per_class": {"B1": 0, "B2": 0, "B3": 1, "B4": 1}, "side_index": 2}