{"image": "DAMIMAS_A21B_0817_2.jpg", "detector": "y26m", "detections": [{"class_name": "B3", "bbox_yolo": [0.6167581081390381, 0.43008849024772644, 0.13313592970371246, 0.11757361888885498], "conf": 0.6727720499038696}, {"class_name": "B1", "bbox_yolo": [0.30083855986595154, 0.4882192313671112, 0.12984928488731384, 0.1008453369140625], "conf": 0.5957991480827332}, {"class_name": "B1", "bbox_yolo": [0.6812396049499512, 0.48496752977371216, 0.09831371903419495, 0.09158749878406525], "conf": 0.4734204113483429}, {"class_name": "B2", "bbox_yolo": [0.4477454721927643, 0.4569694697856903, 0.1273370236158371, 0.11814315617084503], "conf": 0.3389092683792114}], "count_per_class": {"B1": 2, "B2": 1, "B3": 1, "B4": 0}, "side_index": 1}