{"image": "DAMIMAS_A21B_0353_4.jpg", "detector": "y26m", "detections": [{"class_name": "B3", "bbox_yolo": [0.5285555124282837, 0.4518089294433594, 0.11171169579029083, 0.0931493267416954], "conf": 0.4907618463039398}, {"class_name": "B4", "bbox_yolo": [0.5405751466751099, 0.38215193152427673, 0.0768965408205986, 0.052700042724609375], "conf": 0.45456841588020325}, {"class_name": "B3", "bbox_yolo": [0.35167860984802246, 0.43800783157348633, 0.09505809843540192, 0.0835510715842247], "conf": 0.4013826549053192}, {"class_name": "B2", "bbox_yolo": [0.5285555124282837, 0.4518089294433594, 0.11171169579029083, 0.0931493267416954], "conf": 0.3278646767139435}], "count_per_class": {"B1": 0, "B2": 1, "B3": 2, "B4": 1}, "side_index": 3}