{"image": "DAMIMAS_A21B_0479_3.jpg", "detector": "y26m", "detections": [{"class_name": "B2", "bbox_yolo": [0.5130460262298584, 0.47214338183403015, 0.11037175357341766, 0.07743153721094131], "conf": 0.3933207392692566}, {"class_name": "B3", "bbox_yolo": [0.5130460262298584, 0.47214338183403015, 0.11037175357341766, 0.07743153721094131], "conf": 0.38094985485076904}, {"class_name": "B3", "bbox_yolo": [0.41400668025016785, 0.4348873198032379, 0.05323442071676254, 0.06276550143957138], "conf": 0.3506244719028473}, {"class_name": "B3", "bbox_yolo": [0.3460271954536438, 0.4441477954387665, 0.08876944333314896, 0.07591696083545685], "conf": 0.27581238746643066}], "count_per_class": {"B1": 0, "B2": 1, "B3": 3, "B4": 0}, "side_index": 2}