{"image": "DAMIMAS_A21B_0130_4.jpg", "detector": "y26m", "detections": [{"class_name": "B3", "bbox_yolo": [0.5311403274536133, 0.41313624382019043, 0.0987764373421669, 0.08626680821180344], "conf": 0.494427889585495}, {"class_name": "B2", "bbox_yolo": [0.4194171726703644, 0.4332166314125061, 0.10475114732980728, 0.08785956352949142], "conf": 0.4476296305656433}, {"class_name": "B1", "bbox_yolo": [0.4194171726703644, 0.4332166314125061, 0.10475114732980728, 0.08785956352949142], "conf": 0.28580012917518616}], "count_per_class": {"B1": 1, "B2": 1, "B3": 1, "B4": 0}, "side_index": 3}