{"image": "DAMIMAS_A21B_0760_1.jpg", "detector": "y26m", "detections": [{"class_name": "B3", "bbox_yolo": [0.32847660779953003, 0.3554328382015228, 0.15932366251945496, 0.14067649841308594], "conf": 0.6839315295219421}, {"class_name": "B3", "bbox_yolo": [0.6672961711883545, 0.3505527973175049, 0.17321930825710297, 0.1169918105006218], "conf": 0.5496566295623779}, {"class_name": "B3", "bbox_yolo": [0.49392423033714294, 0.3106819689273834, 0.15999066829681396, 0.11246071010828018], "conf": 0.5099283456802368}, {"class_name": "B4", "bbox_yolo": [0.6735879778862, 0.2602401077747345, 0.1263638287782669, 0.07969412952661514], "conf": 0.47031036019325256}], "count_per_class": {"B1": 0, "B2": 0, "B3": 3, "B4": 1}, "side_index": 0}