{"image": "DAMIMAS_A21B_0016_3.jpg", "detector": "y26m", "detections": [{"class_name": "B3", "bbox_yolo": [0.5146997570991516, 0.5709016919136047, 0.09612894803285599, 0.07834019511938095], "conf": 0.42270800471305847}, {"class_name": "B3", "bbox_yolo": [0.5132837295532227, 0.5666557550430298, 0.08619560301303864, 0.0714377909898758], "conf": 0.3179750144481659}], "count_per_class": {"B1": 0, "B2": 0, "B3": 2, "B4": 0}, "side_index": 2}