{"image": "DAMIMAS_A21B_0389_4.jpg", "detector": "y26m", "detections": [{"class_name": "B3", "bbox_yolo": [0.4526973366737366, 0.3779877722263336, 0.10002470761537552, 0.0792703628540039], "conf": 0.3891753554344177}, {"class_name": "B3", "bbox_yolo": [0.3472408652305603, 0.3500353693962097, 0.06823508441448212, 0.05151691660284996], "conf": 0.3622518479824066}, {"class_name": "B3", "bbox_yolo": [0.3573457598686218, 0.4135758578777313, 0.0944938063621521, 0.07783980667591095], "conf": 0.29881757497787476}, {"class_name": "B2", "bbox_yolo": [0.3573457598686218, 0.4135758578777313, 0.0944938063621521, 0.07783980667591095], "conf": 0.2589203715324402}], "count_per_class": {"B1": 0, "B2": 1, "B3": 3, "B4": 0}, "side_index": 3}