{"image": "DAMIMAS_A21B_0443_3.jpg", "detector": "y26m", "detections": [{"class_name": "B1", "bbox_yolo": [0.5539499521255493, 0.4725008010864258, 0.07328221201896667, 0.058138657361269], "conf": 0.4812176525592804}, {"class_name": "B3", "bbox_yolo": [0.397037535905838, 0.44686460494995117, 0.04251502454280853, 0.04517846181988716], "conf": 0.3865227997303009}, {"class_name": "B4", "bbox_yolo": [0.44383108615875244, 0.4180813431739807, 0.059186048805713654, 0.03871719911694527], "conf": 0.36175617575645447}, {"class_name": "B3", "bbox_yolo": [0.4553252160549164, 0.46485471725463867, 0.07948151230812073, 0.06003260612487793], "conf": 0.32945725321769714}], "count_per_class": {"B1": 1, "B2": 0, "B3": 2, "B4": 1}, "side_index": 2}