{"image": "DAMIMAS_A21B_0601_3.jpg", "detector": "y26m", "detections": [{"class_name": "B3", "bbox_yolo": [0.7371478080749512, 0.40081214904785156, 0.27111148834228516, 0.16163599491119385], "conf": 0.6990999579429626}, {"class_name": "B3", "bbox_yolo": [0.27007952332496643, 0.34490489959716797, 0.1732497662305832, 0.13262557983398438], "conf": 0.473978728055954}], "count_per_class": {"B1": 0, "B2": 0, "B3": 2, "B4": 0}, "side_index": 2}