{"image": "DAMIMAS_A21B_0852_7.jpg", "detector": "y26m", "detections": [{"class_name": "B3", "bbox_yolo": [0.41851431131362915, 0.6561776995658875, 0.13985972106456757, 0.13312463462352753], "conf": 0.4743484854698181}, {"class_name": "B2", "bbox_yolo": [0.41851431131362915, 0.6561776995658875, 0.13985972106456757, 0.13312463462352753], "conf": 0.25994524359703064}], "count_per_class": {"B1": 0, "B2": 1, "B3": 1, "B4": 0}, "side_index": 6}