{"image": "DAMIMAS_A21B_0209_2.jpg", "detector": "y26m", "detections": [{"class_name": "B2", "bbox_yolo": [0.604896605014801, 0.34664493799209595, 0.14286068081855774, 0.11219749599695206], "conf": 0.6739324331283569}, {"class_name": "B3", "bbox_yolo": [0.380808025598526, 0.3225925862789154, 0.10558758676052094, 0.09063875675201416], "conf": 0.5911296010017395}, {"class_name": "B3", "bbox_yolo": [0.49226057529449463, 0.30248335003852844, 0.10782378911972046, 0.09622788429260254], "conf": 0.36401551961898804}, {"class_name": "B3", "bbox_yolo": [0.7012624740600586, 0.32469460368156433, 0.05581620708107948, 0.07102401554584503], "conf": 0.285307377576828}], "count_per_class": {"B1": 0, "B2": 1, "B3": 3, "B4": 0}, "side_index": 1}