{"image": "DAMIMAS_A21B_0629_2.jpg", "detector": "y26m", "detections": [{"class_name": "B3", "bbox_yolo": [0.5754650831222534, 0.4209044575691223, 0.19286631047725677, 0.165913924574852], "conf": 0.6976250410079956}, {"class_name": "B1", "bbox_yolo": [0.7389415502548218, 0.5003830194473267, 0.19726677238941193, 0.19325117766857147], "conf": 0.5839893221855164}, {"class_name": "B3", "bbox_yolo": [0.3136284351348877, 0.45989999175071716, 0.2303297221660614, 0.2182404100894928], "conf": 0.5275267362594604}, {"class_name": "B2", "bbox_yolo": [0.7389415502548218, 0.5003830194473267, 0.19726677238941193, 0.19325117766857147], "conf": 0.2920612394809723}], "count_per_class": {"B1": 1, "B2": 1, "B3": 2, "B4": 0}, "side_index": 1}