{"image": "DAMIMAS_A21B_0060_4.jpg", "detector": "y26m", "detections": [{"class_name": "B3", "bbox_yolo": [0.6537611484527588, 0.5484629273414612, 0.0985182523727417, 0.08422069996595383], "conf": 0.6800714731216431}, {"class_name": "B3", "bbox_yolo": [0.5558019280433655, 0.5195508003234863, 0.10163037478923798, 0.09203086048364639], "conf": 0.4847506880760193}, {"class_name": "B3", "bbox_yolo": [0.42944276332855225, 0.5427627563476562, 0.10500151664018631, 0.0792245864868164], "conf": 0.4554949402809143}, {"class_name": "B3", "bbox_yolo": [0.33593669533729553, 0.5575482845306396, 0.07548539340496063, 0.06328592449426651], "conf": 0.34320586919784546}], "count_per_class": {"B1": 0, "B2": 0, "B3": 4, "B4": 0}, "side_index": 3}