{"image": "DAMIMAS_A21B_0459_4.jpg", "detector": "y26m", "detections": [{"class_name": "B1", "bbox_yolo": [0.3682442605495453, 0.4915538728237152, 0.08309383690357208, 0.07912816852331161], "conf": 0.6908131837844849}, {"class_name": "B1", "bbox_yolo": [0.5449773669242859, 0.4709816873073578, 0.10845286399126053, 0.09064316749572754], "conf": 0.6301024556159973}, {"class_name": "B3", "bbox_yolo": [0.42750436067581177, 0.4536791741847992, 0.09710061550140381, 0.07972035557031631], "conf": 0.5783642530441284}, {"class_name": "B3", "bbox_yolo": [0.6181953549385071, 0.4274318218231201, 0.07565771788358688, 0.05850028991699219], "conf": 0.2678958773612976}], "count_per_class": {"B1": 2, "B2": 0, "B3": 2, "B4": 0}, "side_index": 3}