{"image": "DAMIMAS_A21B_0158_2.jpg", "detector": "y26m", "detections": [{"class_name": "B2", "bbox_yolo": [0.5707810521125793, 0.50401371717453, 0.1311277151107788, 0.09804540127515793], "conf": 0.6184224486351013}, {"class_name": "B3", "bbox_yolo": [0.28608617186546326, 0.4516088664531708, 0.11670246720314026, 0.10641475021839142], "conf": 0.6091375350952148}, {"class_name": "B3", "bbox_yolo": [0.646061360836029, 0.43185731768608093, 0.10007445514202118, 0.08074112236499786], "conf": 0.5135189890861511}, {"class_name": "B4", "bbox_yolo": [0.5301690101623535, 0.40485259890556335, 0.1258547604084015, 0.09866588562726974], "conf": 0.28761380910873413}], "count_per_class": {"B1": 0, "B2": 1, "B3": 2, "B4": 1}, "side_index": 1}