{"image": "DAMIMAS_A21B_0184_4.jpg", "detector": "y26m", "detections": [{"class_name": "B3", "bbox_yolo": [0.6405640244483948, 0.40121322870254517, 0.1440185010433197, 0.11017284542322159], "conf": 0.6351763010025024}, {"class_name": "B2", "bbox_yolo": [0.3595026135444641, 0.4378298223018646, 0.18552720546722412, 0.15655219554901123], "conf": 0.40917065739631653}, {"class_name": "B3", "bbox_yolo": [0.3595026135444641, 0.4378298223018646, 0.18552720546722412, 0.15655219554901123], "conf": 0.34121936559677124}], "count_per_class": {"B1": 0, "B2": 1, "B3": 2, "B4": 0}, "side_index": 3}