{"image": "DAMIMAS_A21B_0401_1.jpg", "detector": "y26m", "detections": [{"class_name": "B3", "bbox_yolo": [0.4184356927871704, 0.36785435676574707, 0.15519307553768158, 0.12003405392169952], "conf": 0.7330687046051025}, {"class_name": "B3", "bbox_yolo": [0.3021051585674286, 0.39610251784324646, 0.10291020572185516, 0.09903676807880402], "conf": 0.4705312252044678}], "count_per_class": {"B1": 0, "B2": 0, "B3": 2, "B4": 0}, "side_index": 0}