{"image": "DAMIMAS_A21B_0281_2.jpg", "detector": "y26m", "detections": [{"class_name": "B4", "bbox_yolo": [0.38859128952026367, 0.3673437237739563, 0.10592775791883469, 0.07157182693481445], "conf": 0.38956353068351746}, {"class_name": "B2", "bbox_yolo": [0.5587213039398193, 0.4772961735725403, 0.17454831302165985, 0.1370384693145752], "conf": 0.3613058924674988}, {"class_name": "B4", "bbox_yolo": [0.38650763034820557, 0.36476507782936096, 0.09566132724285126, 0.0633382573723793], "conf": 0.3301166892051697}], "count_per_class": {"B1": 0, "B2": 1, "B3": 0, "B4": 2}, "side_index": 1}