{"image": "DAMIMAS_A21B_0307_4.jpg", "detector": "y26m", "detections": [{"class_name": "B3", "bbox_yolo": [0.40733271837234497, 0.4204874038696289, 0.1521267592906952, 0.1226964220404625], "conf": 0.5542541742324829}, {"class_name": "B3", "bbox_yolo": [0.6531830430030823, 0.4076978266239166, 0.1359056532382965, 0.10066254436969757], "conf": 0.5367956161499023}, {"class_name": "B3", "bbox_yolo": [0.23590578138828278, 0.4199386537075043, 0.12945103645324707, 0.10974755138158798], "conf": 0.5025205612182617}, {"class_name": "B3", "bbox_yolo": [0.5511471033096313, 0.3638914227485657, 0.1428595930337906, 0.11434783786535263], "conf": 0.45895224809646606}], "count_per_class": {"B1": 0, "B2": 0, "B3": 4, "B4": 0}, "side_index": 3}