{"image": "DAMIMAS_A21B_0283_3.jpg", "detector": "y26m", "detections": [{"class_name": "B3", "bbox_yolo": [0.330340713262558, 0.4991520047187805, 0.1176496222615242, 0.09568624943494797], "conf": 0.35141387581825256}, {"class_name": "B1", "bbox_yolo": [0.708217978477478, 0.4834769368171692, 0.11087558418512344, 0.08989305794239044], "conf": 0.3185102045536041}, {"class_name": "B3", "bbox_yolo": [0.4442687928676605, 0.39459463953971863, 0.11246052384376526, 0.09308280795812607], "conf": 0.2847572863101959}], "count_per_class": {"B1": 1, "B2": 0, "B3": 2, "B4": 0}, "side_index": 2}