{"image": "DAMIMAS_A21B_0112_1.jpg", "detector": "y26m", "detections": [{"class_name": "B3", "bbox_yolo": [0.5070716142654419, 0.3944379985332489, 0.11825288832187653, 0.1152273640036583], "conf": 0.6583449840545654}, {"class_name": "B2", "bbox_yolo": [0.6345454454421997, 0.4240337312221527, 0.127963587641716, 0.1049770638346672], "conf": 0.5927058458328247}, {"class_name": "B3", "bbox_yolo": [0.29713860154151917, 0.4554555416107178, 0.13237963616847992, 0.11275100708007812], "conf": 0.4197945296764374}], "count_per_class": {"B1": 0, "B2": 1, "B3": 2, "B4": 0}, "side_index": 0}