{"image": "DAMIMAS_A21B_0778_1.jpg", "detector": "y26m", "detections": [{"class_name": "B3", "bbox_yolo": [0.38654187321662903, 0.30176588892936707, 0.11456026136875153, 0.11797461658716202], "conf": 0.3708493113517761}, {"class_name": "B4", "bbox_yolo": [0.3489353060722351, 0.21681557595729828, 0.09358768910169601, 0.06830675899982452], "conf": 0.2987864911556244}, {"class_name": "B4", "bbox_yolo": [0.3517706096172333, 0.22204934060573578, 0.11212031543254852, 0.08188233524560928], "conf": 0.29703962802886963}], "count_per_class": {"B1": 0, "B2": 0, "B3": 1, "B4": 2}, "side_index": 0}