{"image": "DAMIMAS_A21B_0272_4.jpg", "detector": "y26m", "detections": [{"class_name": "B3", "bbox_yolo": [0.40294504165649414, 0.4489060938358307, 0.15175798535346985, 0.14135673642158508], "conf": 0.5720030069351196}, {"class_name": "B3", "bbox_yolo": [0.6734400391578674, 0.41262903809547424, 0.12105255573987961, 0.10463452339172363], "conf": 0.5608240962028503}, {"class_name": "B3", "bbox_yolo": [0.5397427082061768, 0.408067524433136, 0.10847276449203491, 0.11010503768920898], "conf": 0.44983550906181335}], "count_per_class": {"B1": 0, "B2": 0, "B3": 3, "B4": 0}, "side_index": 3}