{"image": "DAMIMAS_A21B_0248_3.jpg", "detector": "y26m", "detections": [{"class_name": "B3", "bbox_yolo": [0.3166194260120392, 0.2732059955596924, 0.15437011420726776, 0.1274210661649704], "conf": 0.5286749005317688}], "count_per_class": {"B1": 0, "B2": 0, "B3": 1, "B4": 0}, "side_index": 2}