{"image": "DAMIMAS_A21B_0473_1.jpg", "detector": "y26m", "detections": [{"class_name": "B3", "bbox_yolo": [0.4243513345718384, 0.36029550433158875, 0.07557732611894608, 0.06405754387378693], "conf": 0.31644684076309204}, {"class_name": "B1", "bbox_yolo": [0.5949694514274597, 0.36250945925712585, 0.07018407434225082, 0.05810213088989258], "conf": 0.25185760855674744}], "count_per_class": {"B1": 1, "B2": 0, "B3": 1, "B4": 0}, "side_index": 0}