{"image": "DAMIMAS_A21B_0835_1.jpg", "detector": "y26m", "detections": [{"class_name": "B3", "bbox_yolo": [0.6125122308731079, 0.3168483376502991, 0.15795785188674927, 0.16127073764801025], "conf": 0.6883449554443359}, {"class_name": "B3", "bbox_yolo": [0.32245898246765137, 0.35270991921424866, 0.14226354658603668, 0.11653254181146622], "conf": 0.5390692353248596}, {"class_name": "B4", "bbox_yolo": [0.43812990188598633, 0.26296260952949524, 0.13174468278884888, 0.09255709499120712], "conf": 0.47770559787750244}], "count_per_class": {"B1": 0, "B2": 0, "B3": 2, "B4": 1}, "side_index": 0}