{"image": "DAMIMAS_A21B_0697_3.jpg", "detector": "y26m", "detections": [{"class_name": "B1", "bbox_yolo": [0.33883529901504517, 0.31713610887527466, 0.20288395881652832, 0.14992402493953705], "conf": 0.6324732899665833}, {"class_name": "B3", "bbox_yolo": [0.5015128254890442, 0.25826597213745117, 0.18891358375549316, 0.1525791585445404], "conf": 0.6279626488685608}, {"class_name": "B3", "bbox_yolo": [0.6660667061805725, 0.28950047492980957, 0.13369739055633545, 0.12105007469654083], "conf": 0.4910942018032074}, {"class_name": "B4", "bbox_yolo": [0.5940687656402588, 0.14224205911159515, 0.1158779188990593, 0.0892150029540062], "conf": 0.31493091583251953}], "count_per_class": {"B1": 1, "B2": 0, "B3": 2, "B4": 1}, "side_index": 2}