{"image": "DAMIMAS_A21B_0824_1.jpg", "detector": "y26m", "detections": [{"class_name": "B3", "bbox_yolo": [0.605497419834137, 0.2033606618642807, 0.1386239379644394, 0.11343270540237427], "conf": 0.5336413383483887}, {"class_name": "B3", "bbox_yolo": [0.488002747297287, 0.28407129645347595, 0.13824857771396637, 0.11676466464996338], "conf": 0.4624071717262268}, {"class_name": "B3", "bbox_yolo": [0.3320317268371582, 0.2708471417427063, 0.12252961099147797, 0.11247499287128448], "conf": 0.4423198401927948}], "count_per_class": {"B1": 0, "B2": 0, "B3": 3, "B4": 0}, "side_index": 0}