{"image": "DAMIMAS_A21B_0263_1.jpg", "detector": "y26m", "detections": [{"class_name": "B3", "bbox_yolo": [0.44331780076026917, 0.4387739300727844, 0.1098952665925026, 0.09604907035827637], "conf": 0.6907645463943481}, {"class_name": "B2", "bbox_yolo": [0.36117908358573914, 0.5023606419563293, 0.0990917906165123, 0.09852343052625656], "conf": 0.4977644979953766}, {"class_name": "B3", "bbox_yolo": [0.5717911720275879, 0.47151491045951843, 0.11331164836883545, 0.0802767276763916], "conf": 0.33166202902793884}, {"class_name": "B2", "bbox_yolo": [0.6714997887611389, 0.506955623626709, 0.11401895433664322, 0.09070887416601181], "conf": 0.29400578141212463}], "count_per_class": {"B1": 0, "B2": 2, "B3": 2, "B4": 0}, "side_index": 0}