{"image": "DAMIMAS_A21B_0308_4.jpg", "detector": "y26m", "detections": [{"class_name": "B3", "bbox_yolo": [0.3942526578903198, 0.4030067026615143, 0.16224217414855957, 0.12104950100183487], "conf": 0.5338253974914551}, {"class_name": "B3", "bbox_yolo": [0.7431315779685974, 0.4452892243862152, 0.1175958663225174, 0.11679597198963165], "conf": 0.3462902903556824}, {"class_name": "B3", "bbox_yolo": [0.6545153856277466, 0.3563314974308014, 0.11309338361024857, 0.12278880923986435], "conf": 0.265819787979126}], "count_per_class": {"B1": 0, "B2": 0, "B3": 3, "B4": 0}, "side_index": 3}