{"image": "DAMIMAS_A21B_0295_1.jpg", "detector": "y26m", "detections": [{"class_name": "B3", "bbox_yolo": [0.3440485894680023, 0.4249608516693115, 0.11487958580255508, 0.08696911484003067], "conf": 0.5707193613052368}, {"class_name": "B3", "bbox_yolo": [0.4999077618122101, 0.444693386554718, 0.12205750495195389, 0.11123690754175186], "conf": 0.4066654443740845}], "count_per_class": {"B1": 0, "B2": 0, "B3": 2, "B4": 0}, "side_index": 0}