{"image": "DAMIMAS_A21B_0413_1.jpg", "detector": "y26m", "detections": [{"class_name": "B3", "bbox_yolo": [0.6756731867790222, 0.2859913110733032, 0.12796936929225922, 0.09025607258081436], "conf": 0.6072391271591187}, {"class_name": "B3", "bbox_yolo": [0.4842451214790344, 0.32946500182151794, 0.12919554114341736, 0.12443437427282333], "conf": 0.44548219442367554}, {"class_name": "B2", "bbox_yolo": [0.6467392444610596, 0.3768969476222992, 0.14690527319908142, 0.12666212022304535], "conf": 0.3567817807197571}, {"class_name": "B1", "bbox_yolo": [0.6467392444610596, 0.3768969476222992, 0.14690527319908142, 0.12666212022304535], "conf": 0.3395249545574188}], "count_per_class": {"B1": 1, "B2": 1, "B3": 2, "B4": 0}, "side_index": 0}