{"image": "DAMIMAS_A21B_0040_2.jpg", "detector": "y26m", "detections": [{"class_name": "B3", "bbox_yolo": [0.5551332235336304, 0.5571096539497375, 0.10495408624410629, 0.08536586910486221], "conf": 0.7150430679321289}, {"class_name": "B1", "bbox_yolo": [0.6483651995658875, 0.5920193791389465, 0.11128509044647217, 0.09498286247253418], "conf": 0.6470971703529358}, {"class_name": "B2", "bbox_yolo": [0.44062381982803345, 0.5937758088111877, 0.10965843498706818, 0.07747182995080948], "conf": 0.5209117531776428}, {"class_name": "B3", "bbox_yolo": [0.3866290748119354, 0.5340510606765747, 0.07443936914205551, 0.04357562214136124], "conf": 0.2686619460582733}], "count_per_class": {"B1": 1, "B2": 1, "B3": 2, "B4": 0}, "side_index": 1}