{"image": "DAMIMAS_A21B_0587_1.jpg", "detector": "y26m", "detections": [{"class_name": "B2", "bbox_yolo": [0.4671894311904907, 0.4200240671634674, 0.20707249641418457, 0.16205072402954102], "conf": 0.39541274309158325}], "count_per_class": {"B1": 0, "B2": 1, "B3": 0, "B4": 0}, "side_index": 0}