{"image": "DAMIMAS_A21B_0335_4.jpg", "detector": "y26m", "detections": [{"class_name": "B3", "bbox_yolo": [0.6770552396774292, 0.41624146699905396, 0.10829372704029083, 0.0884784683585167], "conf": 0.4845055043697357}, {"class_name": "B3", "bbox_yolo": [0.29243364930152893, 0.41405072808265686, 0.11014492064714432, 0.08668506145477295], "conf": 0.3174684941768646}], "count_per_class": {"B1": 0, "B2": 0, "B3": 2, "B4": 0}, "side_index": 3}