{"image": "DAMIMAS_A21B_0054_3.jpg", "detector": "y26m", "detections": [{"class_name": "B3", "bbox_yolo": [0.35951972007751465, 0.35118409991264343, 0.13596265017986298, 0.10184893757104874], "conf": 0.704746663570404}, {"class_name": "B2", "bbox_yolo": [0.2974250018596649, 0.41212064027786255, 0.10022947192192078, 0.08136870712041855], "conf": 0.6061835289001465}, {"class_name": "B4", "bbox_yolo": [0.4842403531074524, 0.2821391522884369, 0.11138852685689926, 0.08946531265974045], "conf": 0.43227052688598633}, {"class_name": "B2", "bbox_yolo": [0.6653673052787781, 0.38103294372558594, 0.11894271522760391, 0.09500224888324738], "conf": 0.34896668791770935}], "count_per_class": {"B1": 0, "B2": 2, "B3": 1, "B4": 1}, "side_index": 2}