{"image": "DAMIMAS_A21B_0047_2.jpg", "detector": "y26m", "detections": [{"class_name": "B2", "bbox_yolo": [0.6252838373184204, 0.5511206984519958, 0.1303306668996811, 0.10648169368505478], "conf": 0.44241949915885925}, {"class_name": "B3", "bbox_yolo": [0.5515019297599792, 0.4722237288951874, 0.10977580398321152, 0.09116392582654953], "conf": 0.3315085768699646}, {"class_name": "B3", "bbox_yolo": [0.6252838373184204, 0.5511206984519958, 0.1303306668996811, 0.10648169368505478], "conf": 0.29841330647468567}], "count_per_class": {"B1": 0, "B2": 1, "B3": 2, "B4": 0}, "side_index": 1}