{"image": "DAMIMAS_A21B_0449_4.jpg", "detector": "y26m", "detections": [{"class_name": "B1", "bbox_yolo": [0.4684015214443207, 0.461992472410202, 0.07946103811264038, 0.059986162930727005], "conf": 0.40549126267433167}, {"class_name": "B1", "bbox_yolo": [0.4688166677951813, 0.4657425880432129, 0.08824237436056137, 0.06717991828918457], "conf": 0.2699477970600128}, {"class_name": "B3", "bbox_yolo": [0.6079910397529602, 0.46475812792778015, 0.07560628652572632, 0.06072258949279785], "conf": 0.2648380696773529}], "count_per_class": {"B1": 2, "B2": 0, "B3": 1, "B4": 0}, "side_index": 3}