{"image": "DAMIMAS_A21B_0377_3.jpg", "detector": "y26m", "detections": [{"class_name": "B3", "bbox_yolo": [0.49434971809387207, 0.4210316836833954, 0.10219695419073105, 0.09023948013782501], "conf": 0.41734743118286133}, {"class_name": "B3", "bbox_yolo": [0.3604538142681122, 0.39722973108291626, 0.10394665598869324, 0.07253160327672958], "conf": 0.38036462664604187}, {"class_name": "B3", "bbox_yolo": [0.644010603427887, 0.3883259892463684, 0.07300923764705658, 0.058738019317388535], "conf": 0.3776392936706543}, {"class_name": "B2", "bbox_yolo": [0.49434971809387207, 0.4210316836833954, 0.10219695419073105, 0.09023948013782501], "conf": 0.2626909017562866}], "count_per_class": {"B1": 0, "B2": 1, "B3": 3, "B4": 0}, "side_index": 2}