{"image": "DAMIMAS_A21B_0284_1.jpg", "detector": "y26m", "detections": [{"class_name": "B3", "bbox_yolo": [0.5150754451751709, 0.41593310236930847, 0.14366894960403442, 0.12276089191436768], "conf": 0.6688955426216125}, {"class_name": "B1", "bbox_yolo": [0.37283676862716675, 0.48522186279296875, 0.14727962017059326, 0.10884547233581543], "conf": 0.4682416021823883}, {"class_name": "B2", "bbox_yolo": [0.37283676862716675, 0.48522186279296875, 0.14727962017059326, 0.10884547233581543], "conf": 0.37372222542762756}, {"class_name": "B3", "bbox_yolo": [0.6890556216239929, 0.45651674270629883, 0.13165423274040222, 0.09315843880176544], "conf": 0.35863643884658813}], "count_per_class": {"B1": 1, "B2": 1, "B3": 2, "B4": 0}, "side_index": 0}