{"image": "DAMIMAS_A21B_0732_3.jpg", "detector": "y26m", "detections": [{"class_name": "B3", "bbox_yolo": [0.3486595153808594, 0.21155357360839844, 0.23973828554153442, 0.19741404056549072], "conf": 0.7013468742370605}, {"class_name": "B3", "bbox_yolo": [0.8127491474151611, 0.22310380637645721, 0.1775549054145813, 0.19167135655879974], "conf": 0.5207720994949341}, {"class_name": "B3", "bbox_yolo": [0.6313789486885071, 0.244378000497818, 0.2444104701280594, 0.19517460465431213], "conf": 0.5096031427383423}], "count_per_class": {"B1": 0, "B2": 0, "B3": 3, "B4": 0}, "side_index": 2}