{"image": "DAMIMAS_A21B_0514_2.jpg", "detector": "y26m", "detections": [{"class_name": "B3", "bbox_yolo": [0.45118576288223267, 0.388532817363739, 0.1230233907699585, 0.10809626430273056], "conf": 0.6455528140068054}, {"class_name": "B3", "bbox_yolo": [0.5905340909957886, 0.44327011704444885, 0.13542258739471436, 0.10340981930494308], "conf": 0.5566231608390808}, {"class_name": "B3", "bbox_yolo": [0.3185957074165344, 0.4225790500640869, 0.1255771964788437, 0.10792770236730576], "conf": 0.47410696744918823}, {"class_name": "B4", "bbox_yolo": [0.5986921787261963, 0.35921868681907654, 0.09272677451372147, 0.06298599392175674], "conf": 0.2988296449184418}], "count_per_class": {"B1": 0, "B2": 0, "B3": 3, "B4": 1}, "side_index": 1}