{"image": "DAMIMAS_A21B_0081_4.jpg", "detector": "y26m", "detections": [{"class_name": "B2", "bbox_yolo": [0.306718647480011, 0.5330996513366699, 0.12681657075881958, 0.10230069607496262], "conf": 0.5965761542320251}, {"class_name": "B2", "bbox_yolo": [0.6699819564819336, 0.5145142674446106, 0.1058606505393982, 0.09265246242284775], "conf": 0.28606531023979187}], "count_per_class": {"B1": 0, "B2": 2, "B3": 0, "B4": 0}, "side_index": 3}