{"image": "DAMIMAS_A21B_0283_2.jpg", "detector": "y26m", "detections": [{"class_name": "B3", "bbox_yolo": [0.4884324073791504, 0.35882988572120667, 0.11923380196094513, 0.07883232086896896], "conf": 0.5402683019638062}, {"class_name": "B2", "bbox_yolo": [0.5181134343147278, 0.4516148567199707, 0.1405358761548996, 0.12529659271240234], "conf": 0.4488573968410492}, {"class_name": "B3", "bbox_yolo": [0.34991952776908875, 0.4531427323818207, 0.12483854591846466, 0.095084048807621], "conf": 0.41225096583366394}, {"class_name": "B1", "bbox_yolo": [0.5181134343147278, 0.4516148567199707, 0.1405358761548996, 0.12529659271240234], "conf": 0.2565907835960388}], "count_per_class": {"B1": 1, "B2": 1, "B3": 2, "B4": 0}, "side_index": 1}