{"image": "DAMIMAS_A21B_0242_4.jpg", "detector": "y26m", "detections": [{"class_name": "B3", "bbox_yolo": [0.582188069820404, 0.2643069624900818, 0.21275626122951508, 0.15882553160190582], "conf": 0.57914137840271}, {"class_name": "B3", "bbox_yolo": [0.7579178214073181, 0.3025456666946411, 0.15204933285713196, 0.11498027294874191], "conf": 0.4112072288990021}, {"class_name": "B2", "bbox_yolo": [0.4205615818500519, 0.3269127905368805, 0.1610671430826187, 0.1217643991112709], "conf": 0.4104830324649811}], "count_per_class": {"B1": 0, "B2": 1, "B3": 2, "B4": 0}, "side_index": 3}