{"image": "DAMIMAS_A21B_0838_3.jpg", "detector": "y26m", "detections": [{"class_name": "B3", "bbox_yolo": [0.7074979543685913, 0.3221588134765625, 0.10745137929916382, 0.0834069773554802], "conf": 0.374083936214447}, {"class_name": "B3", "bbox_yolo": [0.6967222690582275, 0.40866604447364807, 0.12886784970760345, 0.09225843101739883], "conf": 0.301471084356308}, {"class_name": "B4", "bbox_yolo": [0.3715803921222687, 0.20389223098754883, 0.08767831325531006, 0.06892793625593185], "conf": 0.26930010318756104}], "count_per_class": {"B1": 0, "B2": 0, "B3": 2, "B4": 1}, "side_index": 2}