{"image": "DAMIMAS_A21B_0199_1.jpg", "detector": "y26m", "detections": [{"class_name": "B3", "bbox_yolo": [0.3836657404899597, 0.463097482919693, 0.10631831735372543, 0.08632679283618927], "conf": 0.5326715707778931}, {"class_name": "B3", "bbox_yolo": [0.48332956433296204, 0.5053300857543945, 0.13590960204601288, 0.12311968952417374], "conf": 0.45937639474868774}], "count_per_class": {"B1": 0, "B2": 0, "B3": 2, "B4": 0}, "side_index": 0}