{"image": "DAMIMAS_A21B_0577_2.jpg", "detector": "y26m", "detections": [{"class_name": "B1", "bbox_yolo": [0.5121911764144897, 0.4439426362514496, 0.1653486043214798, 0.13736040890216827], "conf": 0.7725844979286194}, {"class_name": "B3", "bbox_yolo": [0.6350553631782532, 0.3854159414768219, 0.11981239914894104, 0.10323383659124374], "conf": 0.503261387348175}, {"class_name": "B4", "bbox_yolo": [0.4756498634815216, 0.34320273995399475, 0.11025000363588333, 0.07558184117078781], "conf": 0.3042725622653961}, {"class_name": "B3", "bbox_yolo": [0.4756498634815216, 0.34320273995399475, 0.11025000363588333, 0.07558184117078781], "conf": 0.25027769804000854}], "count_per_class": {"B1": 1, "B2": 0, "B3": 2, "B4": 1}, "side_index": 1}