{"image": "DAMIMAS_A21B_0102_3.jpg", "detector": "y26m", "detections": [{"class_name": "B3", "bbox_yolo": [0.4773193895816803, 0.5114841461181641, 0.1146404966711998, 0.09607519954442978], "conf": 0.5572146773338318}, {"class_name": "B3", "bbox_yolo": [0.3365141749382019, 0.5026381611824036, 0.09716775268316269, 0.08499937504529953], "conf": 0.5225269794464111}, {"class_name": "B3", "bbox_yolo": [0.601728081703186, 0.47684040665626526, 0.09487057477235794, 0.07417001575231552], "conf": 0.4493624269962311}, {"class_name": "B2", "bbox_yolo": [0.4773193895816803, 0.5114841461181641, 0.1146404966711998, 0.09607519954442978], "conf": 0.2638114094734192}], "count_per_class": {"B1": 0, "B2": 1, "B3": 3, "B4": 0}, "side_index": 2}