{"image": "DAMIMAS_A21B_0460_3.jpg", "detector": "y26m", "detections": [{"class_name": "B2", "bbox_yolo": [0.3689420819282532, 0.442697674036026, 0.09719754010438919, 0.0855792984366417], "conf": 0.6159865260124207}, {"class_name": "B3", "bbox_yolo": [0.46941453218460083, 0.42100968956947327, 0.09442069381475449, 0.07146985828876495], "conf": 0.5710639357566833}, {"class_name": "B1", "bbox_yolo": [0.557422935962677, 0.45145365595817566, 0.10414734482765198, 0.07211561501026154], "conf": 0.33257389068603516}], "count_per_class": {"B1": 1, "B2": 1, "B3": 1, "B4": 0}, "side_index": 2}