{"image": "DAMIMAS_A21B_0225_4.jpg", "detector": "y26m", "detections": [{"class_name": "B3", "bbox_yolo": [0.6473175287246704, 0.46597978472709656, 0.11916015297174454, 0.12201227992773056], "conf": 0.5681379437446594}, {"class_name": "B2", "bbox_yolo": [0.2647746503353119, 0.4909924566745758, 0.13638614118099213, 0.11159248650074005], "conf": 0.5233136415481567}], "count_per_class": {"B1": 0, "B2": 1, "B3": 1, "B4": 0}, "side_index": 3}