{"image": "DAMIMAS_A21B_0495_1.jpg", "detector": "y26m", "detections": [{"class_name": "B3", "bbox_yolo": [0.5878809690475464, 0.24549975991249084, 0.15688353776931763, 0.11701667308807373], "conf": 0.7001776099205017}, {"class_name": "B2", "bbox_yolo": [0.7153369784355164, 0.29748913645744324, 0.1256895810365677, 0.1081044003367424], "conf": 0.4639279544353485}, {"class_name": "B2", "bbox_yolo": [0.4556465744972229, 0.29585185647010803, 0.15583732724189758, 0.09860747307538986], "conf": 0.41841214895248413}, {"class_name": "B3", "bbox_yolo": [0.7153369784355164, 0.29748913645744324, 0.1256895810365677, 0.1081044003367424], "conf": 0.2928050756454468}], "count_per_class": {"B1": 0, "B2": 2, "B3": 2, "B4": 0}, "side_index": 0}