{"image": "DAMIMAS_A21B_0414_3.jpg", "detector": "y26m", "detections": [{"class_name": "B3", "bbox_yolo": [0.40851253271102905, 0.3443375825881958, 0.13991862535476685, 0.10965337604284286], "conf": 0.5675439834594727}, {"class_name": "B3", "bbox_yolo": [0.6600038409233093, 0.3154025971889496, 0.12270921468734741, 0.09590645134449005], "conf": 0.2907120883464813}], "count_per_class": {"B1": 0, "B2": 0, "B3": 2, "B4": 0}, "side_index": 2}