{"image": "DAMIMAS_A21B_0077_4.jpg", "detector": "y26m", "detections": [{"class_name": "B2", "bbox_yolo": [0.6241907477378845, 0.3859424591064453, 0.10067762434482574, 0.09783373028039932], "conf": 0.6358956098556519}, {"class_name": "B1", "bbox_yolo": [0.42380645871162415, 0.40679556131362915, 0.12270092219114304, 0.1089741513133049], "conf": 0.6094289422035217}, {"class_name": "B3", "bbox_yolo": [0.5113990902900696, 0.36357566714286804, 0.12275858223438263, 0.08413048088550568], "conf": 0.45655718445777893}, {"class_name": "B3", "bbox_yolo": [0.3301861882209778, 0.39887869358062744, 0.08799000084400177, 0.08390622586011887], "conf": 0.25993606448173523}], "count_per_class": {"B1": 1, "B2": 1, "B3": 2, "B4": 0}, "side_index": 3}