{"image": "DAMIMAS_A21B_0513_3.jpg", "detector": "y26m", "detections": [{"class_name": "B3", "bbox_yolo": [0.6969872117042542, 0.46239954233169556, 0.122223861515522, 0.0940089225769043], "conf": 0.4898657500743866}, {"class_name": "B2", "bbox_yolo": [0.33755263686180115, 0.47548040747642517, 0.10958023369312286, 0.09674940258264542], "conf": 0.4496491551399231}, {"class_name": "B3", "bbox_yolo": [0.41863226890563965, 0.4146597981452942, 0.11433207988739014, 0.0875246524810791], "conf": 0.4440361261367798}, {"class_name": "B3", "bbox_yolo": [0.5595117807388306, 0.43908724188804626, 0.13475723564624786, 0.09667699784040451], "conf": 0.3525543510913849}], "count_per_class": {"B1": 0, "B2": 1, "B3": 3, "B4": 0}, "side_index": 2}