{"image": "DAMIMAS_A21B_0029_1.jpg", "detector": "y26m", "detections": [{"class_name": "B2", "bbox_yolo": [0.5194735527038574, 0.48411303758621216, 0.1386355757713318, 0.09831094741821289], "conf": 0.6177623271942139}, {"class_name": "B3", "bbox_yolo": [0.411203533411026, 0.4526394009590149, 0.10540088266134262, 0.0795583724975586], "conf": 0.49786654114723206}, {"class_name": "B3", "bbox_yolo": [0.5620328187942505, 0.41116055846214294, 0.11719529330730438, 0.07189197838306427], "conf": 0.4220312237739563}, {"class_name": "B3", "bbox_yolo": [0.6346909999847412, 0.4548683166503906, 0.08129597455263138, 0.06515584141016006], "conf": 0.2838858664035797}], "count_per_class": {"B1": 0, "B2": 1, "B3": 3, "B4": 0}, "side_index": 0}