{"image": "DAMIMAS_A21B_0091_4.jpg", "detector": "y26m", "detections": [{"class_name": "B3", "bbox_yolo": [0.34871846437454224, 0.525711715221405, 0.1296534538269043, 0.10636334866285324], "conf": 0.7249058485031128}, {"class_name": "B3", "bbox_yolo": [0.5773393511772156, 0.48752403259277344, 0.10744953900575638, 0.08302187919616699], "conf": 0.6607809066772461}, {"class_name": "B3", "bbox_yolo": [0.48831623792648315, 0.5347356200218201, 0.1020311713218689, 0.08946824073791504], "conf": 0.5495634078979492}, {"class_name": "B3", "bbox_yolo": [0.657349705696106, 0.5153761506080627, 0.07938722521066666, 0.06150951609015465], "conf": 0.335959255695343}], "count_per_class": {"B1": 0, "B2": 0, "B3": 4, "B4": 0}, "side_index": 3}