{"image": "DAMIMAS_A21B_0515_1.jpg", "detector": "y26m", "detections": [{"class_name": "B3", "bbox_yolo": [0.4580895006656647, 0.38771897554397583, 0.11204389482736588, 0.10334672778844833], "conf": 0.6546087265014648}, {"class_name": "B2", "bbox_yolo": [0.5839439630508423, 0.45408448576927185, 0.14943335950374603, 0.10655122250318527], "conf": 0.6191668510437012}, {"class_name": "B3", "bbox_yolo": [0.3346685469150543, 0.4190356731414795, 0.11550655961036682, 0.09834611415863037], "conf": 0.500147819519043}, {"class_name": "B3", "bbox_yolo": [0.5874778032302856, 0.36912569403648376, 0.10335750877857208, 0.0720115453004837], "conf": 0.46535569429397583}], "count_per_class": {"B1": 0, "B2": 1, "B3": 3, "B4": 0}, "side_index": 0}