{"image": "DAMIMAS_A21B_0101_4.jpg", "detector": "y26m", "detections": [{"class_name": "B3", "bbox_yolo": [0.4520709812641144, 0.49755755066871643, 0.13967368006706238, 0.11026950180530548], "conf": 0.6224485635757446}, {"class_name": "B1", "bbox_yolo": [0.5984739065170288, 0.5241708755493164, 0.13895867764949799, 0.11619925498962402], "conf": 0.5363472700119019}, {"class_name": "B2", "bbox_yolo": [0.5984739065170288, 0.5241708755493164, 0.13895867764949799, 0.11619925498962402], "conf": 0.31322988867759705}, {"class_name": "B3", "bbox_yolo": [0.6478697657585144, 0.45504435896873474, 0.08678824454545975, 0.054739903658628464], "conf": 0.29907989501953125}], "count_per_class": {"B1": 1, "B2": 1, "B3": 2, "B4": 0}, "side_index": 3}