{"image": "DAMIMAS_A21B_0696_2.jpg", "detector": "y26m", "detections": [{"class_name": "B3", "bbox_yolo": [0.28124332427978516, 0.2887311577796936, 0.21518881618976593, 0.17608363926410675], "conf": 0.6806172728538513}, {"class_name": "B3", "bbox_yolo": [0.6487513184547424, 0.21344318985939026, 0.1849234402179718, 0.150312140583992], "conf": 0.6539876461029053}, {"class_name": "B3", "bbox_yolo": [0.456790030002594, 0.18167270720005035, 0.158481165766716, 0.1505824774503708], "conf": 0.652533233165741}, {"class_name": "B4", "bbox_yolo": [0.2952011227607727, 0.1473342627286911, 0.11591670662164688, 0.0984407439827919], "conf": 0.4264731705188751}], "count_per_class": {"B1": 0, "B2": 0, "B3": 3, "B4": 1}, "side_index": 1}