{"image": "DAMIMAS_A21B_0638_1.jpg", "detector": "y26m", "detections": [{"class_name": "B1", "bbox_yolo": [0.499539852142334, 0.39810559153556824, 0.28070566058158875, 0.236672505736351], "conf": 0.7701109051704407}, {"class_name": "B2", "bbox_yolo": [0.22740104794502258, 0.37802430987358093, 0.2261732816696167, 0.19028496742248535], "conf": 0.5239914655685425}, {"class_name": "B3", "bbox_yolo": [0.6622703671455383, 0.3087943196296692, 0.15164382755756378, 0.15546095371246338], "conf": 0.47393885254859924}, {"class_name": "B2", "bbox_yolo": [0.7584789395332336, 0.3911902606487274, 0.14329682290554047, 0.13967418670654297], "conf": 0.3669254779815674}], "count_per_class": {"B1": 1, "B2": 2, "B3": 1, "B4": 0}, "side_index": 0}