{"image": "DAMIMAS_A21B_0725_1.jpg", "detector": "y26m", "detections": [{"class_name": "B2", "bbox_yolo": [0.7978235483169556, 0.3882364332675934, 0.16748517751693726, 0.1567043513059616], "conf": 0.5932726263999939}, {"class_name": "B3", "bbox_yolo": [0.40463098883628845, 0.3665775656700134, 0.20992600917816162, 0.20374207198619843], "conf": 0.5493095517158508}, {"class_name": "B3", "bbox_yolo": [0.648499071598053, 0.3324391543865204, 0.16778050363063812, 0.14582863450050354], "conf": 0.46361997723579407}], "count_per_class": {"B1": 0, "B2": 1, "B3": 2, "B4": 0}, "side_index": 0}