{"image": "DAMIMAS_A21B_0487_2.jpg", "detector": "y26m", "detections": [{"class_name": "B3", "bbox_yolo": [0.5229613780975342, 0.28868693113327026, 0.09532658755779266, 0.07364477962255478], "conf": 0.52693772315979}, {"class_name": "B3", "bbox_yolo": [0.4055118262767792, 0.30454009771347046, 0.07776124030351639, 0.06412654370069504], "conf": 0.2800219655036926}], "count_per_class": {"B1": 0, "B2": 0, "B3": 2, "B4": 0}, "side_index": 1}