{"image": "DAMIMAS_A21B_0691_3.jpg", "detector": "y26m", "detections": [{"class_name": "B3", "bbox_yolo": [0.748108446598053, 0.41847237944602966, 0.18298976123332977, 0.16611216962337494], "conf": 0.5659751892089844}, {"class_name": "B2", "bbox_yolo": [0.47212886810302734, 0.4667627513408661, 0.25738292932510376, 0.2219463586807251], "conf": 0.47886502742767334}, {"class_name": "B3", "bbox_yolo": [0.2893328368663788, 0.38861313462257385, 0.15711535513401031, 0.15801706910133362], "conf": 0.3959481716156006}, {"class_name": "B3", "bbox_yolo": [0.5671979784965515, 0.30520099401474, 0.23958906531333923, 0.15689940750598907], "conf": 0.3137114644050598}], "count_per_class": {"B1": 0, "B2": 1, "B3": 3, "B4": 0}, "side_index": 2}