{"image": "DAMIMAS_A21B_0523_3.jpg", "detector": "y26m", "detections": [{"class_name": "B2", "bbox_yolo": [0.6314734220504761, 0.40243372321128845, 0.12089984118938446, 0.10515415668487549], "conf": 0.5513272285461426}, {"class_name": "B1", "bbox_yolo": [0.3847006559371948, 0.4184845983982086, 0.142982617020607, 0.1215934306383133], "conf": 0.5343008637428284}], "count_per_class": {"B1": 1, "B2": 1, "B3": 0, "B4": 0}, "side_index": 2}