{"image": "DAMIMAS_A21B_0690_1.jpg", "detector": "y26m", "detections": [{"class_name": "B3", "bbox_yolo": [0.6225286722183228, 0.23255972564220428, 0.18739727139472961, 0.14588183164596558], "conf": 0.6221784353256226}, {"class_name": "B2", "bbox_yolo": [0.44461116194725037, 0.3257541358470917, 0.2839207351207733, 0.21660089492797852], "conf": 0.45093992352485657}, {"class_name": "B4", "bbox_yolo": [0.27710139751434326, 0.1654287576675415, 0.14355167746543884, 0.11631584167480469], "conf": 0.4185299277305603}, {"class_name": "B3", "bbox_yolo": [0.44461116194725037, 0.3257541358470917, 0.2839207351207733, 0.21660089492797852], "conf": 0.2584407329559326}], "count_per_class": {"B1": 0, "B2": 1, "B3": 2, "B4": 1}, "side_index": 0}