{"image": "DAMIMAS_A21B_0263_3.jpg", "detector": "y26m", "detections": [{"class_name": "B3", "bbox_yolo": [0.3357682228088379, 0.38571998476982117, 0.15530931949615479, 0.13249126076698303], "conf": 0.6445375084877014}, {"class_name": "B2", "bbox_yolo": [0.558960497379303, 0.44110068678855896, 0.2312566488981247, 0.16706664860248566], "conf": 0.41798460483551025}, {"class_name": "B3", "bbox_yolo": [0.6791898608207703, 0.34004074335098267, 0.13289235532283783, 0.0992153212428093], "conf": 0.39303141832351685}], "count_per_class": {"B1": 0, "B2": 1, "B3": 2, "B4": 0}, "side_index": 2}