{"image": "DAMIMAS_A21B_0736_4.jpg", "detector": "y26m", "detections": [{"class_name": "B3", "bbox_yolo": [0.37120553851127625, 0.2948930263519287, 0.23744021356105804, 0.18473008275032043], "conf": 0.682936429977417}, {"class_name": "B3", "bbox_yolo": [0.16894806921482086, 0.36851415038108826, 0.1381460577249527, 0.11735279858112335], "conf": 0.5571604371070862}, {"class_name": "B2", "bbox_yolo": [0.7892687916755676, 0.36475613713264465, 0.14282767474651337, 0.09256263077259064], "conf": 0.44334477186203003}, {"class_name": "B4", "bbox_yolo": [0.21403862535953522, 0.21256814897060394, 0.12755455076694489, 0.09738359600305557], "conf": 0.3595292270183563}], "count_per_class": {"B1": 0, "B2": 1, "B3": 2, "B4": 1}, "side_index": 3}