{"image": "DAMIMAS_A21B_0349_1.jpg", "detector": "y26m", "detections": [{"class_name": "B2", "bbox_yolo": [0.37745362520217896, 0.4317730963230133, 0.10749687254428864, 0.09274621307849884], "conf": 0.5422348976135254}, {"class_name": "B3", "bbox_yolo": [0.6050269603729248, 0.40215370059013367, 0.09681663662195206, 0.08018498867750168], "conf": 0.4379282295703888}, {"class_name": "B3", "bbox_yolo": [0.4859809875488281, 0.42240333557128906, 0.09928061813116074, 0.10202300548553467], "conf": 0.328652948141098}], "count_per_class": {"B1": 0, "B2": 1, "B3": 2, "B4": 0}, "side_index": 0}