{"image": "DAMIMAS_A21B_0542_4.jpg", "detector": "y26m", "detections": [{"class_name": "B1", "bbox_yolo": [0.41468000411987305, 0.5170324444770813, 0.14492163062095642, 0.1280972957611084], "conf": 0.769904375076294}, {"class_name": "B3", "bbox_yolo": [0.5356423854827881, 0.48970794677734375, 0.1258215308189392, 0.09892811626195908], "conf": 0.47884073853492737}, {"class_name": "B2", "bbox_yolo": [0.6684364676475525, 0.5050343871116638, 0.10799592733383179, 0.08167486637830734], "conf": 0.3000072240829468}, {"class_name": "B2", "bbox_yolo": [0.2994025647640228, 0.5095672607421875, 0.10006923973560333, 0.08337526768445969], "conf": 0.2633499205112457}], "count_per_class": {"B1": 1, "B2": 2, "B3": 1, "B4": 0}, "side_index": 3}