{"image": "DAMIMAS_A21B_0535_3.jpg", "detector": "y26m", "detections": [{"class_name": "B1", "bbox_yolo": [0.6547252535820007, 0.47919127345085144, 0.10784276574850082, 0.09319944679737091], "conf": 0.7597111463546753}, {"class_name": "B3", "bbox_yolo": [0.5874114632606506, 0.4300629794597626, 0.1208675429224968, 0.09395237267017365], "conf": 0.6309242248535156}, {"class_name": "B2", "bbox_yolo": [0.41088536381721497, 0.4470127522945404, 0.11226584762334824, 0.11396139115095139], "conf": 0.5947270393371582}], "count_per_class": {"B1": 1, "B2": 1, "B3": 1, "B4": 0}, "side_index": 2}