{"image": "DAMIMAS_A21B_0215_3.jpg", "detector": "y26m", "detections": [{"class_name": "B1", "bbox_yolo": [0.5221849679946899, 0.40488967299461365, 0.10085977613925934, 0.08102645725011826], "conf": 0.5498241782188416}, {"class_name": "B2", "bbox_yolo": [0.3848462700843811, 0.3913465440273285, 0.12178701162338257, 0.11395785957574844], "conf": 0.415594220161438}, {"class_name": "B3", "bbox_yolo": [0.3848462700843811, 0.3913465440273285, 0.12178701162338257, 0.11395785957574844], "conf": 0.33858832716941833}], "count_per_class": {"B1": 1, "B2": 1, "B3": 1, "B4": 0}, "side_index": 2}