{"image": "DAMIMAS_A21B_0205_1.jpg", "detector": "y26m", "detections": [{"class_name": "B3", "bbox_yolo": [0.458534836769104, 0.49699392914772034, 0.09731420129537582, 0.08857160061597824], "conf": 0.6535755395889282}, {"class_name": "B3", "bbox_yolo": [0.5721046924591064, 0.5242612957954407, 0.1110982671380043, 0.07695841789245605], "conf": 0.5045056343078613}], "count_per_class": {"B1": 0, "B2": 0, "B3": 2, "B4": 0}, "side_index": 0}