{"image": "DAMIMAS_A21B_0453_4.jpg", "detector": "y26m", "detections": [{"class_name": "B1", "bbox_yolo": [0.4165893793106079, 0.3300445079803467, 0.14105936884880066, 0.10687446594238281], "conf": 0.7826457619667053}, {"class_name": "B2", "bbox_yolo": [0.2624916732311249, 0.30373522639274597, 0.11815418303012848, 0.10437946766614914], "conf": 0.3756905794143677}, {"class_name": "B4", "bbox_yolo": [0.4705234169960022, 0.22265596687793732, 0.11746073514223099, 0.0909963995218277], "conf": 0.3439215421676636}, {"class_name": "B3", "bbox_yolo": [0.5908527970314026, 0.25698015093803406, 0.07884032279253006, 0.06812577694654465], "conf": 0.25106555223464966}], "count_per_class": {"B1": 1, "B2": 1, "B3": 1, "B4": 1}, "side_index": 3}