{"image": "DAMIMAS_A21B_0087_2.jpg", "detector": "y26m", "detections": [{"class_name": "B3", "bbox_yolo": [0.36353155970573425, 0.4551341235637665, 0.1190657988190651, 0.0922606959939003], "conf": 0.5568697452545166}, {"class_name": "B3", "bbox_yolo": [0.5118638277053833, 0.4845322072505951, 0.10803696513175964, 0.10307931900024414], "conf": 0.5445002913475037}, {"class_name": "B1", "bbox_yolo": [0.6442037224769592, 0.5355583429336548, 0.11526229232549667, 0.0829133540391922], "conf": 0.3861100971698761}, {"class_name": "B3", "bbox_yolo": [0.626782238483429, 0.4735240936279297, 0.10648022592067719, 0.09183736145496368], "conf": 0.33182844519615173}], "count_per_class": {"B1": 1, "B2": 0, "B3": 3, "B4": 0}, "side_index": 1}