{"image": "DAMIMAS_A21B_0479_4.jpg", "detector": "y26m", "detections": [{"class_name": "B1", "bbox_yolo": [0.2516447901725769, 0.45078039169311523, 0.0965086966753006, 0.08242397755384445], "conf": 0.6032934784889221}, {"class_name": "B3", "bbox_yolo": [0.44963663816452026, 0.4146116375923157, 0.10039787739515305, 0.07394774258136749], "conf": 0.5268427133560181}], "count_per_class": {"B1": 1, "B2": 0, "B3": 1, "B4": 0}, "side_index": 3}