{"image": "DAMIMAS_A21B_0278_3.jpg", "detector": "y26m", "detections": [{"class_name": "B1", "bbox_yolo": [0.43689876794815063, 0.40734776854515076, 0.1174977645277977, 0.11469414085149765], "conf": 0.6588459014892578}, {"class_name": "B3", "bbox_yolo": [0.46615853905677795, 0.31307366490364075, 0.12112103402614594, 0.08760781586170197], "conf": 0.2898162603378296}], "count_per_class": {"B1": 1, "B2": 0, "B3": 1, "B4": 0}, "side_index": 2}