{"image": "DAMIMAS_A21B_0133_4.jpg", "detector": "y26m", "detections": [{"class_name": "B3", "bbox_yolo": [0.33937719464302063, 0.34720948338508606, 0.15986748039722443, 0.11739592999219894], "conf": 0.7015136480331421}, {"class_name": "B4", "bbox_yolo": [0.33638796210289, 0.25783205032348633, 0.1336773931980133, 0.0757724791765213], "conf": 0.4915716350078583}, {"class_name": "B3", "bbox_yolo": [0.5165422558784485, 0.2725856900215149, 0.13125191628932953, 0.126283198595047], "conf": 0.4625176191329956}, {"class_name": "B3", "bbox_yolo": [0.6666952967643738, 0.3099185526371002, 0.12560826539993286, 0.11694207042455673], "conf": 0.43823832273483276}], "count_per_class": {"B1": 0, "B2": 0, "B3": 3, "B4": 1}, "side_index": 3}