{"image": "DAMIMAS_A21B_0251_3.jpg", "detector": "y26m", "detections": [{"class_name": "B2", "bbox_yolo": [0.6457653641700745, 0.38515087962150574, 0.16044051945209503, 0.13469186425209045], "conf": 0.6520330309867859}, {"class_name": "B3", "bbox_yolo": [0.48647692799568176, 0.32705554366111755, 0.11523231118917465, 0.11220617592334747], "conf": 0.5211384296417236}, {"class_name": "B3", "bbox_yolo": [0.6581436395645142, 0.28214606642723083, 0.1265423595905304, 0.09020449966192245], "conf": 0.5067489743232727}, {"class_name": "B3", "bbox_yolo": [0.33026552200317383, 0.32446151971817017, 0.1114427000284195, 0.08872737735509872], "conf": 0.3876166343688965}], "count_per_class": {"B1": 0, "B2": 1, "B3": 3, "B4": 0}, "side_index": 2}