{"image": "DAMIMAS_A21B_0765_2.jpg", "detector": "y26m", "detections": [{"class_name": "B1", "bbox_yolo": [0.6001209616661072, 0.484267920255661, 0.22735869884490967, 0.16645608842372894], "conf": 0.787419319152832}, {"class_name": "B3", "bbox_yolo": [0.7648475766181946, 0.4260653555393219, 0.1364627331495285, 0.12912873923778534], "conf": 0.5055055618286133}, {"class_name": "B3", "bbox_yolo": [0.3889976441860199, 0.461712121963501, 0.15257130563259125, 0.12288599461317062], "conf": 0.5040494799613953}, {"class_name": "B4", "bbox_yolo": [0.5912309288978577, 0.3730601370334625, 0.11277955770492554, 0.07564661651849747], "conf": 0.2583264410495758}], "count_per_class": {"B1": 1, "B2": 0, "B3": 2, "B4": 1}, "side_index": 1}