{"image": "DAMIMAS_A21B_0821_7.jpg", "detector": "y26m", "detections": [{"class_name": "B1", "bbox_yolo": [0.6994314193725586, 0.4026643931865692, 0.18706679344177246, 0.19299177825450897], "conf": 0.6690846085548401}, {"class_name": "B3", "bbox_yolo": [0.8884361982345581, 0.3662126958370209, 0.1460876613855362, 0.14362815022468567], "conf": 0.6330541372299194}, {"class_name": "B3", "bbox_yolo": [0.4741392433643341, 0.35945382714271545, 0.18672369420528412, 0.18373583257198334], "conf": 0.5935277342796326}, {"class_name": "B3", "bbox_yolo": [0.7172794938087463, 0.2634108066558838, 0.16303782165050507, 0.10681893676519394], "conf": 0.5246164798736572}], "count_per_class": {"B1": 1, "B2": 0, "B3": 3, "B4": 0}, "side_index": 6}