{"image": "DAMIMAS_A21B_0811_8.jpg", "detector": "y26m", "detections": [{"class_name": "B3", "bbox_yolo": [0.5782132744789124, 0.3529834449291229, 0.11712348461151123, 0.08916950225830078], "conf": 0.6845723986625671}, {"class_name": "B1", "bbox_yolo": [0.6191316246986389, 0.4319119453430176, 0.12484036386013031, 0.084965281188488], "conf": 0.6588528752326965}, {"class_name": "B3", "bbox_yolo": [0.33854809403419495, 0.38506028056144714, 0.10717688500881195, 0.09366147965192795], "conf": 0.33854466676712036}], "count_per_class": {"B1": 1, "B2": 0, "B3": 2, "B4": 0}, "side_index": 7}