{"image": "DAMIMAS_A21B_0022_2.jpg", "detector": "y26m", "detections": [{"class_name": "B3", "bbox_yolo": [0.4048750102519989, 0.4401215612888336, 0.1116843894124031, 0.07771801948547363], "conf": 0.41040846705436707}, {"class_name": "B3", "bbox_yolo": [0.2927307188510895, 0.4659283757209778, 0.07868741452693939, 0.054364826530218124], "conf": 0.29882746934890747}, {"class_name": "B3", "bbox_yolo": [0.5496472716331482, 0.4204741418361664, 0.09824222326278687, 0.08768448978662491], "conf": 0.2713766098022461}], "count_per_class": {"B1": 0, "B2": 0, "B3": 3, "B4": 0}, "side_index": 1}