{"image": "DAMIMAS_A21B_0340_4.jpg", "detector": "y26m", "detections": [{"class_name": "B1", "bbox_yolo": [0.5153982639312744, 0.3477238118648529, 0.0923914983868599, 0.07848884910345078], "conf": 0.5987111926078796}, {"class_name": "B3", "bbox_yolo": [0.6268337368965149, 0.34302350878715515, 0.07297198474407196, 0.05624733120203018], "conf": 0.43672123551368713}, {"class_name": "B3", "bbox_yolo": [0.4244995415210724, 0.3328264653682709, 0.07499933987855911, 0.058664869517087936], "conf": 0.39843684434890747}], "count_per_class": {"B1": 1, "B2": 0, "B3": 2, "B4": 0}, "side_index": 3}