{"image": "DAMIMAS_A21B_0775_1.jpg", "detector": "y26m", "detections": [{"class_name": "B3", "bbox_yolo": [0.2946005165576935, 0.33276817202568054, 0.15431709587574005, 0.13811162114143372], "conf": 0.5557178258895874}, {"class_name": "B3", "bbox_yolo": [0.42767712473869324, 0.237008735537529, 0.1577344387769699, 0.12854628264904022], "conf": 0.4750518500804901}, {"class_name": "B3", "bbox_yolo": [0.7472925186157227, 0.31931716203689575, 0.11432654410600662, 0.10778141021728516], "conf": 0.4514314830303192}, {"class_name": "B3", "bbox_yolo": [0.581556499004364, 0.3228285610675812, 0.20236042141914368, 0.15867352485656738], "conf": 0.27018478512763977}], "count_per_class": {"B1": 0, "B2": 0, "B3": 4, "B4": 0}, "side_index": 0}