{"image": "DAMIMAS_A21B_0511_1.jpg", "detector": "y26m", "detections": [{"class_name": "B1", "bbox_yolo": [0.516484797000885, 0.4232099652290344, 0.09925410151481628, 0.07391052693128586], "conf": 0.7351273894309998}, {"class_name": "B3", "bbox_yolo": [0.4760049283504486, 0.3692619204521179, 0.07312969118356705, 0.04926133155822754], "conf": 0.4282955229282379}, {"class_name": "B3", "bbox_yolo": [0.5894787311553955, 0.3944151699542999, 0.07077135145664215, 0.04640498384833336], "conf": 0.31286224722862244}, {"class_name": "B3", "bbox_yolo": [0.382970929145813, 0.36024782061576843, 0.06277599930763245, 0.04781677946448326], "conf": 0.27863961458206177}], "count_per_class": {"B1": 1, "B2": 0, "B3": 3, "B4": 0}, "side_index": 0}