{"image": "DAMIMAS_A21B_0771_2.jpg", "detector": "y26m", "detections": [{"class_name": "B3", "bbox_yolo": [0.662781834602356, 0.4061128795146942, 0.13410326838493347, 0.10129623860120773], "conf": 0.6011530160903931}, {"class_name": "B2", "bbox_yolo": [0.37872314453125, 0.4153222143650055, 0.14023101329803467, 0.09146120399236679], "conf": 0.4927973747253418}, {"class_name": "B3", "bbox_yolo": [0.37872314453125, 0.4153222143650055, 0.14023101329803467, 0.09146120399236679], "conf": 0.2577091455459595}], "count_per_class": {"B1": 0, "B2": 1, "B3": 2, "B4": 0}, "side_index": 1}