{"image": "DAMIMAS_A21B_0317_2.jpg", "detector": "y26m", "detections": [{"class_name": "B3", "bbox_yolo": [0.37214234471321106, 0.42197543382644653, 0.13127677142620087, 0.10949969291687012], "conf": 0.6645910143852234}, {"class_name": "B3", "bbox_yolo": [0.5873197317123413, 0.38324275612831116, 0.11291984468698502, 0.08586785942316055], "conf": 0.6052918434143066}, {"class_name": "B3", "bbox_yolo": [0.5493580102920532, 0.4760018289089203, 0.10437743365764618, 0.10742807388305664], "conf": 0.3709579110145569}], "count_per_class": {"B1": 0, "B2": 0, "B3": 3, "B4": 0}, "side_index": 1}