{"image": "DAMIMAS_A21B_0378_1.jpg", "detector": "y26m", "detections": [{"class_name": "B1", "bbox_yolo": [0.5074166655540466, 0.4358322322368622, 0.1214103102684021, 0.09171634167432785], "conf": 0.797681987285614}, {"class_name": "B2", "bbox_yolo": [0.37702131271362305, 0.4260157644748688, 0.10889826714992523, 0.09009762108325958], "conf": 0.4598277807235718}, {"class_name": "B3", "bbox_yolo": [0.6027628779411316, 0.4014902114868164, 0.07561556994915009, 0.07456596195697784], "conf": 0.2950969934463501}, {"class_name": "B4", "bbox_yolo": [0.36663568019866943, 0.35470911860466003, 0.09105498343706131, 0.05605940893292427], "conf": 0.26804405450820923}], "count_per_class": {"B1": 1, "B2": 1, "B3": 1, "B4": 1}, "side_index": 0}