{"image": "DAMIMAS_A21B_0116_3.jpg", "detector": "y26m", "detections": [{"class_name": "B3", "bbox_yolo": [0.389424204826355, 0.4219583570957184, 0.105465829372406, 0.08546032756567001], "conf": 0.6620880365371704}, {"class_name": "B3", "bbox_yolo": [0.29967358708381653, 0.4635913074016571, 0.10881685465574265, 0.08767261356115341], "conf": 0.5409746766090393}, {"class_name": "B2", "bbox_yolo": [0.48615992069244385, 0.4597395956516266, 0.12260911613702774, 0.10986008495092392], "conf": 0.5181098580360413}, {"class_name": "B3", "bbox_yolo": [0.6112721562385559, 0.447744756937027, 0.10392062366008759, 0.0928957462310791], "conf": 0.4693455994129181}], "count_per_class": {"B1": 0, "B2": 1, "B3": 3, "B4": 0}, "side_index": 2}