{"image": "DAMIMAS_A21B_0833_1.jpg", "detector": "y26m", "detections": [{"class_name": "B2", "bbox_yolo": [0.4737098217010498, 0.4921759068965912, 0.1285022795200348, 0.11010827869176865], "conf": 0.4982590675354004}, {"class_name": "B3", "bbox_yolo": [0.5802481770515442, 0.4255180060863495, 0.11128060519695282, 0.07280311733484268], "conf": 0.4539659917354584}, {"class_name": "B3", "bbox_yolo": [0.4343145489692688, 0.4113418757915497, 0.10959161818027496, 0.07982907444238663], "conf": 0.35226336121559143}], "count_per_class": {"B1": 0, "B2": 1, "B3": 2, "B4": 0}, "side_index": 0}