{"image": "DAMIMAS_A21B_0636_2.jpg", "detector": "y26m", "detections": [{"class_name": "B3", "bbox_yolo": [0.18985724449157715, 0.4985637664794922, 0.2847769558429718, 0.24669896066188812], "conf": 0.6784383654594421}, {"class_name": "B3", "bbox_yolo": [0.65762859582901, 0.4714135229587555, 0.27708473801612854, 0.23798862099647522], "conf": 0.6121262907981873}, {"class_name": "B3", "bbox_yolo": [0.16146934032440186, 0.32766664028167725, 0.1470826119184494, 0.1012580394744873], "conf": 0.3291071951389313}], "count_per_class": {"B1": 0, "B2": 0, "B3": 3, "B4": 0}, "side_index": 1}