{"image": "DAMIMAS_A21B_0064_4.jpg", "detector": "y26m", "detections": [{"class_name": "B3", "bbox_yolo": [0.3712958097457886, 0.4423057734966278, 0.14388316869735718, 0.10559635609388351], "conf": 0.6358336210250854}, {"class_name": "B2", "bbox_yolo": [0.6548569202423096, 0.45667657256126404, 0.1407676786184311, 0.12425172328948975], "conf": 0.5534614324569702}, {"class_name": "B4", "bbox_yolo": [0.26287779211997986, 0.37411412596702576, 0.12641403079032898, 0.0928882360458374], "conf": 0.32306018471717834}], "count_per_class": {"B1": 0, "B2": 1, "B3": 1, "B4": 1}, "side_index": 3}