{"image": "DAMIMAS_A21B_0447_1.jpg", "detector": "y26m", "detections": [{"class_name": "B3", "bbox_yolo": [0.6392733454704285, 0.41052088141441345, 0.06492672115564346, 0.06313998997211456], "conf": 0.3092764914035797}], "count_per_class": {"B1": 0, "B2": 0, "B3": 1, "B4": 0}, "side_index": 0}