{"image": "DAMIMAS_A21B_0359_2.jpg", "detector": "y26m", "detections": [{"class_name": "B3", "bbox_yolo": [0.3436715602874756, 0.3382363021373749, 0.0670834556221962, 0.054508280009031296], "conf": 0.2786858081817627}, {"class_name": "B1", "bbox_yolo": [0.4771105647087097, 0.4167921543121338, 0.07771556079387665, 0.06911163777112961], "conf": 0.2694421708583832}, {"class_name": "B3", "bbox_yolo": [0.5067088603973389, 0.35530000925064087, 0.08202654868364334, 0.05849127843976021], "conf": 0.26483064889907837}], "count_per_class": {"B1": 1, "B2": 0, "B3": 2, "B4": 0}, "side_index": 1}