{"image": "DAMIMAS_A21B_0073_1.jpg", "detector": "y26m", "detections": [{"class_name": "B4", "bbox_yolo": [0.5864330530166626, 0.365925669670105, 0.11378256976604462, 0.0880870372056961], "conf": 0.3208126723766327}], "count_per_class": {"B1": 0, "B2": 0, "B3": 0, "B4": 1}, "side_index": 0}