{"image": "DAMIMAS_A21B_0489_3.jpg", "detector": "y26m", "detections": [{"class_name": "B3", "bbox_yolo": [0.5066753625869751, 0.32750195264816284, 0.1053699254989624, 0.07847900688648224], "conf": 0.4502953886985779}, {"class_name": "B2", "bbox_yolo": [0.5066753625869751, 0.32750195264816284, 0.1053699254989624, 0.07847900688648224], "conf": 0.30638587474823}], "count_per_class": {"B1": 0, "B2": 1, "B3": 1, "B4": 0}, "side_index": 2}