{"image": "DAMIMAS_A21B_0061_4.jpg", "detector": "y26m", "detections": [{"class_name": "B3", "bbox_yolo": [0.3803679347038269, 0.4765883982181549, 0.11028306186199188, 0.0867839828133583], "conf": 0.6745786070823669}, {"class_name": "B3", "bbox_yolo": [0.3058447241783142, 0.5300809741020203, 0.1070033460855484, 0.08980493992567062], "conf": 0.5938080549240112}], "count_per_class": {"B1": 0, "B2": 0, "B3": 2, "B4": 0}, "side_index": 3}