{"image": "DAMIMAS_A21B_0223_4.jpg", "detector": "y26m", "detections": [{"class_name": "B3", "bbox_yolo": [0.46909886598587036, 0.46440601348876953, 0.11831395328044891, 0.08366093784570694], "conf": 0.39578408002853394}], "count_per_class": {"B1": 0, "B2": 0, "B3": 1, "B4": 0}, "side_index": 3}