{"image": "DAMIMAS_A21B_0127_4.jpg", "detector": "y26m", "detections": [{"class_name": "B3", "bbox_yolo": [0.345995157957077, 0.5313521027565002, 0.11732356250286102, 0.08714856952428818], "conf": 0.6419192552566528}, {"class_name": "B4", "bbox_yolo": [0.3345581591129303, 0.464588463306427, 0.09443003684282303, 0.05398068577051163], "conf": 0.3161066472530365}, {"class_name": "B3", "bbox_yolo": [0.46457767486572266, 0.4723981022834778, 0.1071331724524498, 0.07760391384363174], "conf": 0.25670650601387024}, {"class_name": "B4", "bbox_yolo": [0.46457767486572266, 0.4723981022834778, 0.1071331724524498, 0.07760391384363174], "conf": 0.25501349568367004}], "count_per_class": {"B1": 0, "B2": 0, "B3": 2, "B4": 2}, "side_index": 3}