{"image": "DAMIMAS_A21B_0774_1.jpg", "detector": "y26m", "detections": [{"class_name": "B2", "bbox_yolo": [0.5265883803367615, 0.30976182222366333, 0.16270078718662262, 0.10368078202009201], "conf": 0.4954972565174103}, {"class_name": "B3", "bbox_yolo": [0.3352052867412567, 0.33070260286331177, 0.14158159494400024, 0.0839100107550621], "conf": 0.31453150510787964}], "count_per_class": {"B1": 0, "B2": 1, "B3": 1, "B4": 0}, "side_index": 0}