{"image": "DAMIMAS_A21B_0605_3.jpg", "detector": "y26m", "detections": [{"class_name": "B3", "bbox_yolo": [0.2478688657283783, 0.2604980170726776, 0.2270810455083847, 0.1575707495212555], "conf": 0.6597993969917297}, {"class_name": "B2", "bbox_yolo": [0.2679361402988434, 0.4353815019130707, 0.300299733877182, 0.20873408019542694], "conf": 0.6500005722045898}, {"class_name": "B3", "bbox_yolo": [0.4997670650482178, 0.3383130729198456, 0.2749302387237549, 0.19175390899181366], "conf": 0.6455274224281311}, {"class_name": "B3", "bbox_yolo": [0.778721272945404, 0.35353660583496094, 0.22226519882678986, 0.19774170219898224], "conf": 0.5790059566497803}], "count_per_class": {"B1": 0, "B2": 1, "B3": 3, "B4": 0}, "side_index": 2}