{"image": "DAMIMAS_A21B_0592_3.jpg", "detector": "y26m", "detections": [{"class_name": "B3", "bbox_yolo": [0.36481210589408875, 0.4857598841190338, 0.21431964635849, 0.1856403350830078], "conf": 0.7086506485939026}, {"class_name": "B3", "bbox_yolo": [0.7144468426704407, 0.42716890573501587, 0.12675528228282928, 0.11495931446552277], "conf": 0.4969305992126465}, {"class_name": "B3", "bbox_yolo": [0.6016453504562378, 0.5355988144874573, 0.21700838208198547, 0.15281076729297638], "conf": 0.4182550311088562}, {"class_name": "B2", "bbox_yolo": [0.6016453504562378, 0.5355988144874573, 0.21700838208198547, 0.15281076729297638], "conf": 0.2680996060371399}], "count_per_class": {"B1": 0, "B2": 1, "B3": 3, "B4": 0}, "side_index": 2}