{"image": "DAMIMAS_A21B_0480_1.jpg", "detector": "y26m", "detections": [{"class_name": "B2", "bbox_yolo": [0.47888386249542236, 0.404556006193161, 0.10708853602409363, 0.08639416843652725], "conf": 0.37684571743011475}, {"class_name": "B1", "bbox_yolo": [0.47888386249542236, 0.404556006193161, 0.10708853602409363, 0.08639416843652725], "conf": 0.3618945777416229}, {"class_name": "B3", "bbox_yolo": [0.5643777251243591, 0.3643960952758789, 0.08502461761236191, 0.05854213237762451], "conf": 0.2715587913990021}, {"class_name": "B2", "bbox_yolo": [0.3608744442462921, 0.38495367765426636, 0.09634498506784439, 0.08278041332960129], "conf": 0.2607879340648651}], "count_per_class": {"B1": 1, "B2": 2, "B3": 1, "B4": 0}, "side_index": 0}