{"image": "DAMIMAS_A21B_0487_3.jpg", "detector": "y26m", "detections": [{"class_name": "B4", "bbox_yolo": [0.5235536694526672, 0.3138856589794159, 0.07691304385662079, 0.05781695991754532], "conf": 0.33890363574028015}, {"class_name": "B3", "bbox_yolo": [0.5931293368339539, 0.3662542998790741, 0.08238475024700165, 0.07052882015705109], "conf": 0.3302198350429535}, {"class_name": "B3", "bbox_yolo": [0.5927640199661255, 0.37033870816230774, 0.09130033105611801, 0.07963728904724121], "conf": 0.3152492046356201}], "count_per_class": {"B1": 0, "B2": 0, "B3": 2, "B4": 1}, "side_index": 2}