{"image": "DAMIMAS_A21B_0162_3.jpg", "detector": "y26m", "detections": [{"class_name": "B3", "bbox_yolo": [0.34507566690444946, 0.37183520197868347, 0.16785897314548492, 0.11330974102020264], "conf": 0.7223684787750244}, {"class_name": "B3", "bbox_yolo": [0.28087887167930603, 0.45813044905662537, 0.12542839348316193, 0.1034269854426384], "conf": 0.5616698861122131}, {"class_name": "B4", "bbox_yolo": [0.6405296921730042, 0.30858221650123596, 0.1209055632352829, 0.09570234268903732], "conf": 0.2745063304901123}, {"class_name": "B3", "bbox_yolo": [0.6405296921730042, 0.30858221650123596, 0.1209055632352829, 0.09570234268903732], "conf": 0.2546517550945282}], "count_per_class": {"B1": 0, "B2": 0, "B3": 3, "B4": 1}, "side_index": 2}