{"image": "DAMIMAS_A21B_0042_4.jpg", "detector": "y26m", "detections": [{"class_name": "B1", "bbox_yolo": [0.5342494249343872, 0.5816798806190491, 0.14496378600597382, 0.10071907192468643], "conf": 0.8253862857818604}, {"class_name": "B3", "bbox_yolo": [0.3933301568031311, 0.5511895418167114, 0.10153033584356308, 0.08292403072118759], "conf": 0.43391141295433044}], "count_per_class": {"B1": 1, "B2": 0, "B3": 1, "B4": 0}, "side_index": 3}