{"image": "DAMIMAS_A21B_0523_1.jpg", "detector": "y26m", "detections": [{"class_name": "B3", "bbox_yolo": [0.4018734097480774, 0.4321993887424469, 0.11467985063791275, 0.08969797939062119], "conf": 0.49403002858161926}, {"class_name": "B2", "bbox_yolo": [0.5326494574546814, 0.4388194978237152, 0.11670637875795364, 0.09575710445642471], "conf": 0.32862696051597595}, {"class_name": "B2", "bbox_yolo": [0.4018734097480774, 0.4321993887424469, 0.11467985063791275, 0.08969797939062119], "conf": 0.28745126724243164}], "count_per_class": {"B1": 0, "B2": 2, "B3": 1, "B4": 0}, "side_index": 0}