{"image": "DAMIMAS_A21B_0053_2.jpg", "detector": "y26m", "detections": [{"class_name": "B3", "bbox_yolo": [0.3688986599445343, 0.5227339267730713, 0.1270361691713333, 0.09904766082763672], "conf": 0.703361451625824}, {"class_name": "B3", "bbox_yolo": [0.5822669267654419, 0.4893896281719208, 0.11520151048898697, 0.08995671570301056], "conf": 0.5050099492073059}, {"class_name": "B3", "bbox_yolo": [0.4705023169517517, 0.4607895016670227, 0.0974392294883728, 0.0891806110739708], "conf": 0.293680876493454}], "count_per_class": {"B1": 0, "B2": 0, "B3": 3, "B4": 0}, "side_index": 1}