{"image": "DAMIMAS_A21B_0694_2.jpg", "detector": "y26m", "detections": [{"class_name": "B1", "bbox_yolo": [0.41933465003967285, 0.23946638405323029, 0.19472886621952057, 0.17219869792461395], "conf": 0.7167248129844666}, {"class_name": "B3", "bbox_yolo": [0.6185657382011414, 0.20880244672298431, 0.17759490013122559, 0.13944067060947418], "conf": 0.5366539359092712}, {"class_name": "B3", "bbox_yolo": [0.32013046741485596, 0.1836979240179062, 0.07575912773609161, 0.054177917540073395], "conf": 0.375964879989624}], "count_per_class": {"B1": 1, "B2": 0, "B3": 2, "B4": 0}, "side_index": 1}