{"image": "DAMIMAS_A21B_0764_2.jpg", "detector": "y26m", "detections": [{"class_name": "B3", "bbox_yolo": [0.38768595457077026, 0.49593135714530945, 0.15243804454803467, 0.11043262481689453], "conf": 0.47731849551200867}], "count_per_class": {"B1": 0, "B2": 0, "B3": 1, "B4": 0}, "side_index": 1}