{"image": "DAMIMAS_A21B_0629_3.jpg", "detector": "y26m", "detections": [{"class_name": "B3", "bbox_yolo": [0.6455523371696472, 0.3825038969516754, 0.1796044111251831, 0.16653890907764435], "conf": 0.6980798840522766}, {"class_name": "B3", "bbox_yolo": [0.42232438921928406, 0.42066532373428345, 0.23482473194599152, 0.18171778321266174], "conf": 0.5498847365379333}, {"class_name": "B3", "bbox_yolo": [0.7809909582138062, 0.4568345248699188, 0.17571526765823364, 0.18932609260082245], "conf": 0.5140278339385986}, {"class_name": "B2", "bbox_yolo": [0.21424558758735657, 0.4852175712585449, 0.1734277755022049, 0.18032394349575043], "conf": 0.5040573477745056}], "count_per_class": {"B1": 0, "B2": 1, "B3": 3, "B4": 0}, "side_index": 2}