{"image": "DAMIMAS_A21B_0196_4.jpg", "detector": "y26m", "detections": [{"class_name": "B3", "bbox_yolo": [0.36097338795661926, 0.42958441376686096, 0.07485498487949371, 0.06785660237073898], "conf": 0.33193302154541016}, {"class_name": "B3", "bbox_yolo": [0.39929836988449097, 0.36981382966041565, 0.059428662061691284, 0.042594101279973984], "conf": 0.25960636138916016}], "count_per_class": {"B1": 0, "B2": 0, "B3": 2, "B4": 0}, "side_index": 3}