{"image": "DAMIMAS_A21B_0539_4.jpg", "detector": "y26m", "detections": [{"class_name": "B1", "bbox_yolo": [0.3965283930301666, 0.4644542336463928, 0.12229446321725845, 0.0811498686671257], "conf": 0.7306243181228638}, {"class_name": "B4", "bbox_yolo": [0.40353822708129883, 0.35467588901519775, 0.07973070442676544, 0.05676403269171715], "conf": 0.4461438059806824}, {"class_name": "B3", "bbox_yolo": [0.47402289509773254, 0.4112153947353363, 0.1184999868273735, 0.07196865230798721], "conf": 0.428349107503891}, {"class_name": "B4", "bbox_yolo": [0.5915391445159912, 0.37899038195610046, 0.08478196710348129, 0.060129500925540924], "conf": 0.3118254840373993}], "count_per_class": {"B1": 1, "B2": 0, "B3": 1, "B4": 2}, "side_index": 3}