{"image": "DAMIMAS_A21B_0253_1.jpg", "detector": "y26m", "detections": [{"class_name": "B3", "bbox_yolo": [0.3101464807987213, 0.09547228366136551, 0.17504435777664185, 0.13421398401260376], "conf": 0.6495721936225891}], "count_per_class": {"B1": 0, "B2": 0, "B3": 1, "B4": 0}, "side_index": 0}