{"image": "DAMIMAS_A21B_0652_2.jpg", "detector": "y26m", "detections": [{"class_name": "B1", "bbox_yolo": [0.2981085479259491, 0.3467715084552765, 0.13033321499824524, 0.11460738629102707], "conf": 0.6784805059432983}, {"class_name": "B3", "bbox_yolo": [0.3830532133579254, 0.27770671248435974, 0.1713232398033142, 0.140706405043602], "conf": 0.6674314737319946}], "count_per_class": {"B1": 1, "B2": 0, "B3": 1, "B4": 0}, "side_index": 1}