{"image": "DAMIMAS_A21B_0272_2.jpg", "detector": "y26m", "detections": [{"class_name": "B1", "bbox_yolo": [0.7044942378997803, 0.45775657892227173, 0.19677722454071045, 0.16197291016578674], "conf": 0.7359725832939148}, {"class_name": "B3", "bbox_yolo": [0.47680968046188354, 0.44527068734169006, 0.19357573986053467, 0.1765526533126831], "conf": 0.5764570236206055}, {"class_name": "B4", "bbox_yolo": [0.4358571171760559, 0.32380250096321106, 0.11818593740463257, 0.07617507129907608], "conf": 0.37277472019195557}, {"class_name": "B2", "bbox_yolo": [0.32561302185058594, 0.4209839999675751, 0.11769581586122513, 0.12607036530971527], "conf": 0.2860894799232483}], "count_per_class": {"B1": 1, "B2": 1, "B3": 1, "B4": 1}, "side_index": 1}