{"image": "DAMIMAS_A21B_0123_2.jpg", "detector": "y26m", "detections": [{"class_name": "B3", "bbox_yolo": [0.36034095287323, 0.4519324004650116, 0.1120971068739891, 0.09132613986730576], "conf": 0.5874373912811279}, {"class_name": "B2", "bbox_yolo": [0.6656827926635742, 0.4320356845855713, 0.11739235371351242, 0.0840938612818718], "conf": 0.3756449222564697}], "count_per_class": {"B1": 0, "B2": 1, "B3": 1, "B4": 0}, "side_index": 1}