{"image": "DAMIMAS_A21B_0800_4.jpg", "detector": "y26m", "detections": [{"class_name": "B3", "bbox_yolo": [0.36756631731987, 0.3636552393436432, 0.12768514454364777, 0.11220653355121613], "conf": 0.5529788136482239}, {"class_name": "B3", "bbox_yolo": [0.7421983480453491, 0.3486659526824951, 0.10359815508127213, 0.08428476005792618], "conf": 0.2910960614681244}], "count_per_class": {"B1": 0, "B2": 0, "B3": 2, "B4": 0}, "side_index": 3}