{"image": "DAMIMAS_A21B_0613_4.jpg", "detector": "y26m", "detections": [{"class_name": "B3", "bbox_yolo": [0.21750637888908386, 0.4385463297367096, 0.16517853736877441, 0.131038099527359], "conf": 0.5835643410682678}, {"class_name": "B4", "bbox_yolo": [0.6307348012924194, 0.33283039927482605, 0.174685999751091, 0.13515053689479828], "conf": 0.35297223925590515}, {"class_name": "B3", "bbox_yolo": [0.6307348012924194, 0.33283039927482605, 0.174685999751091, 0.13515053689479828], "conf": 0.32384225726127625}], "count_per_class": {"B1": 0, "B2": 0, "B3": 2, "B4": 1}, "side_index": 3}