{"image": "DAMIMAS_A21B_0824_5.jpg", "detector": "y26m", "detections": [{"class_name": "B3", "bbox_yolo": [0.3901585042476654, 0.2871817946434021, 0.1557752639055252, 0.10860738903284073], "conf": 0.5134856104850769}, {"class_name": "B2", "bbox_yolo": [0.3021298050880432, 0.37024959921836853, 0.13002771139144897, 0.10841085761785507], "conf": 0.45400360226631165}, {"class_name": "B3", "bbox_yolo": [0.5631974935531616, 0.3328627049922943, 0.1555452048778534, 0.11987347900867462], "conf": 0.4273234009742737}, {"class_name": "B2", "bbox_yolo": [0.7067793607711792, 0.3537813127040863, 0.11060454696416855, 0.09560632705688477], "conf": 0.30426692962646484}], "count_per_class": {"B1": 0, "B2": 2, "B3": 2, "B4": 0}, "side_index": 4}