{"image": "DAMIMAS_A21B_0759_4.jpg", "detector": "y26m", "detections": [{"class_name": "B3", "bbox_yolo": [0.37165746092796326, 0.35705068707466125, 0.14081774652004242, 0.14523129165172577], "conf": 0.6514002084732056}, {"class_name": "B2", "bbox_yolo": [0.2714151442050934, 0.4431954324245453, 0.13358132541179657, 0.12102603912353516], "conf": 0.3473527431488037}, {"class_name": "B3", "bbox_yolo": [0.7215594053268433, 0.37529870867729187, 0.14157308638095856, 0.09475608170032501], "conf": 0.2611943483352661}], "count_per_class": {"B1": 0, "B2": 1, "B3": 2, "B4": 0}, "side_index": 3}