{"image": "DAMIMAS_A21B_0516_1.jpg", "detector": "y26m", "detections": [{"class_name": "B1", "bbox_yolo": [0.32967835664749146, 0.5076000094413757, 0.12511886656284332, 0.10871463268995285], "conf": 0.7051705718040466}, {"class_name": "B3", "bbox_yolo": [0.427815318107605, 0.45201778411865234, 0.13192342221736908, 0.10597348213195801], "conf": 0.6625097393989563}, {"class_name": "B2", "bbox_yolo": [0.5737415552139282, 0.48597660660743713, 0.12142779678106308, 0.09585390239953995], "conf": 0.3934512734413147}], "count_per_class": {"B1": 1, "B2": 1, "B3": 1, "B4": 0}, "side_index": 0}