{"image": "DAMIMAS_A21B_0667_1.jpg", "detector": "y26m", "detections": [{"class_name": "B1", "bbox_yolo": [0.7139142751693726, 0.3222694993019104, 0.14910005033016205, 0.11380293220281601], "conf": 0.7598334550857544}, {"class_name": "B3", "bbox_yolo": [0.421947181224823, 0.28799372911453247, 0.1186656728386879, 0.10282953083515167], "conf": 0.6707754135131836}, {"class_name": "B2", "bbox_yolo": [0.34728559851646423, 0.32773059606552124, 0.0958612784743309, 0.08624692261219025], "conf": 0.4036244750022888}], "count_per_class": {"B1": 1, "B2": 1, "B3": 1, "B4": 0}, "side_index": 0}