{"image": "DAMIMAS_A21B_0581_4.jpg", "detector": "y26m", "detections": [{"class_name": "B3", "bbox_yolo": [0.490510493516922, 0.36968132853507996, 0.15841427445411682, 0.09378223866224289], "conf": 0.5495185852050781}, {"class_name": "B3", "bbox_yolo": [0.6208926439285278, 0.45645007491111755, 0.1714257001876831, 0.14342771470546722], "conf": 0.5005497932434082}, {"class_name": "B1", "bbox_yolo": [0.39876869320869446, 0.49018794298171997, 0.21202091872692108, 0.1744464933872223], "conf": 0.45164722204208374}, {"class_name": "B2", "bbox_yolo": [0.39876869320869446, 0.49018794298171997, 0.21202091872692108, 0.1744464933872223], "conf": 0.38259685039520264}], "count_per_class": {"B1": 1, "B2": 1, "B3": 2, "B4": 0}, "side_index": 3}