{"image": "DAMIMAS_A21B_0175_3.jpg", "detector": "y26m", "detections": [{"class_name": "B3", "bbox_yolo": [0.3713299036026001, 0.4318788945674896, 0.12163258343935013, 0.08005600422620773], "conf": 0.6547009348869324}, {"class_name": "B1", "bbox_yolo": [0.39567965269088745, 0.5116891264915466, 0.12103284895420074, 0.08737015724182129], "conf": 0.6522611975669861}, {"class_name": "B3", "bbox_yolo": [0.5323722958564758, 0.4673215448856354, 0.1267726719379425, 0.08886289596557617], "conf": 0.6214945912361145}, {"class_name": "B3", "bbox_yolo": [0.6443883776664734, 0.47992759943008423, 0.09559167921543121, 0.09123516082763672], "conf": 0.2807159125804901}], "count_per_class": {"B1": 1, "B2": 0, "B3": 3, "B4": 0}, "side_index": 2}