{"image": "DAMIMAS_A21B_0118_1.jpg", "detector": "y26m", "detections": [{"class_name": "B3", "bbox_yolo": [0.5520307421684265, 0.48696985840797424, 0.10822372883558273, 0.09627490490674973], "conf": 0.7182729840278625}, {"class_name": "B1", "bbox_yolo": [0.40971553325653076, 0.524596631526947, 0.14950330555438995, 0.10844025760889053], "conf": 0.4405113458633423}, {"class_name": "B2", "bbox_yolo": [0.40971553325653076, 0.524596631526947, 0.14950330555438995, 0.10844025760889053], "conf": 0.34805500507354736}, {"class_name": "B3", "bbox_yolo": [0.36504456400871277, 0.4795076549053192, 0.0718291625380516, 0.05438656732439995], "conf": 0.2522786259651184}], "count_per_class": {"B1": 1, "B2": 1, "B3": 2, "B4": 0}, "side_index": 0}