{"image": "DAMIMAS_A21B_0013_2.jpg", "detector": "y26m", "detections": [{"class_name": "B3", "bbox_yolo": [0.6409055590629578, 0.47621193528175354, 0.09432812035083771, 0.07309603691101074], "conf": 0.31083226203918457}, {"class_name": "B3", "bbox_yolo": [0.36434507369995117, 0.4786480963230133, 0.07873684912919998, 0.06255163997411728], "conf": 0.3006784915924072}, {"class_name": "B3", "bbox_yolo": [0.4705028831958771, 0.4412574768066406, 0.08933661878108978, 0.056288670748472214], "conf": 0.2685616910457611}], "count_per_class": {"B1": 0, "B2": 0, "B3": 3, "B4": 0}, "side_index": 1}