{"image": "DAMIMAS_A21B_0137_3.jpg", "detector": "y26m", "detections": [{"class_name": "B3", "bbox_yolo": [0.3578135371208191, 0.4771285057067871, 0.12571313977241516, 0.10139527171850204], "conf": 0.6654599905014038}, {"class_name": "B4", "bbox_yolo": [0.35115936398506165, 0.4013119637966156, 0.08383481204509735, 0.05605025216937065], "conf": 0.49846455454826355}, {"class_name": "B3", "bbox_yolo": [0.5870717763900757, 0.4383815824985504, 0.10498657822608948, 0.09133245795965195], "conf": 0.36610478162765503}, {"class_name": "B4", "bbox_yolo": [0.4640621542930603, 0.40847131609916687, 0.10988376289606094, 0.08406586945056915], "conf": 0.27107149362564087}], "count_per_class": {"B1": 0, "B2": 0, "B3": 2, "B4": 2}, "side_index": 2}