{"image": "DAMIMAS_A21B_0132_3.jpg", "detector": "y26m", "detections": [{"class_name": "B1", "bbox_yolo": [0.357986718416214, 0.4621506333351135, 0.12232625484466553, 0.1138368621468544], "conf": 0.6307293176651001}, {"class_name": "B3", "bbox_yolo": [0.4859966039657593, 0.42936140298843384, 0.10265757888555527, 0.10626039654016495], "conf": 0.5655303597450256}, {"class_name": "B3", "bbox_yolo": [0.6052539944648743, 0.41470107436180115, 0.10047003626823425, 0.08462796360254288], "conf": 0.30366766452789307}], "count_per_class": {"B1": 1, "B2": 0, "B3": 2, "B4": 0}, "side_index": 2}