{"image": "DAMIMAS_A21B_0267_1.jpg", "detector": "y26m", "detections": [{"class_name": "B1", "bbox_yolo": [0.5311046242713928, 0.4922117292881012, 0.15434151887893677, 0.12298941612243652], "conf": 0.7605686783790588}, {"class_name": "B3", "bbox_yolo": [0.38950783014297485, 0.4606090486049652, 0.11045469343662262, 0.10345520824193954], "conf": 0.430307000875473}, {"class_name": "B3", "bbox_yolo": [0.6183944344520569, 0.4111342430114746, 0.08171527087688446, 0.06172947958111763], "conf": 0.3316149115562439}, {"class_name": "B3", "bbox_yolo": [0.6204763650894165, 0.41596466302871704, 0.0985104963183403, 0.07503249496221542], "conf": 0.26894712448120117}], "count_per_class": {"B1": 1, "B2": 0, "B3": 3, "B4": 0}, "side_index": 0}