{"image": "DAMIMAS_A21B_0847_4.jpg", "detector": "y26m", "detections": [{"class_name": "B1", "bbox_yolo": [0.5329158306121826, 0.5365011096000671, 0.12077824771404266, 0.08939557522535324], "conf": 0.6783819198608398}, {"class_name": "B3", "bbox_yolo": [0.39660242199897766, 0.5170791745185852, 0.11495877057313919, 0.0860602855682373], "conf": 0.6571578979492188}, {"class_name": "B3", "bbox_yolo": [0.5085598230361938, 0.4677477777004242, 0.07011706382036209, 0.05967068672180176], "conf": 0.26889678835868835}], "count_per_class": {"B1": 1, "B2": 0, "B3": 2, "B4": 0}, "side_index": 3}