{"image": "DAMIMAS_A21B_0036_1.jpg", "detector": "y26m", "detections": [{"class_name": "B2", "bbox_yolo": [0.4815787374973297, 0.5028420686721802, 0.10323178768157959, 0.09266199916601181], "conf": 0.6892927289009094}, {"class_name": "B3", "bbox_yolo": [0.3705061078071594, 0.4870566427707672, 0.10588642954826355, 0.08070345222949982], "conf": 0.5195881724357605}, {"class_name": "B4", "bbox_yolo": [0.4511573314666748, 0.4334871768951416, 0.0759359747171402, 0.048207856714725494], "conf": 0.32967543601989746}, {"class_name": "B3", "bbox_yolo": [0.6147305369377136, 0.4836466908454895, 0.083493173122406, 0.06556525081396103], "conf": 0.2883743345737457}], "count_per_class": {"B1": 0, "B2": 1, "B3": 2, "B4": 1}, "side_index": 0}