{"image": "DAMIMAS_A21B_0376_4.jpg", "detector": "y26m", "detections": [{"class_name": "B3", "bbox_yolo": [0.5921831727027893, 0.37330150604248047, 0.07794380933046341, 0.0629241019487381], "conf": 0.4269024729728699}, {"class_name": "B1", "bbox_yolo": [0.3765212595462799, 0.4263331890106201, 0.07016128301620483, 0.05919802188873291], "conf": 0.36327046155929565}, {"class_name": "B3", "bbox_yolo": [0.5900285243988037, 0.3768160343170166, 0.0866316556930542, 0.07374131679534912], "conf": 0.3335161507129669}, {"class_name": "B3", "bbox_yolo": [0.4706663489341736, 0.4001462161540985, 0.06932774186134338, 0.06940014660358429], "conf": 0.28512054681777954}], "count_per_class": {"B1": 1, "B2": 0, "B3": 3, "B4": 0}, "side_index": 3}