{"image": "DAMIMAS_A21B_0257_1.jpg", "detector": "y26m", "detections": [{"class_name": "B1", "bbox_yolo": [0.5876973867416382, 0.35553786158561707, 0.11640860885381699, 0.12464528530836105], "conf": 0.6615495085716248}, {"class_name": "B3", "bbox_yolo": [0.48590248823165894, 0.3001703917980194, 0.13782769441604614, 0.10095882415771484], "conf": 0.55586177110672}, {"class_name": "B3", "bbox_yolo": [0.34729209542274475, 0.3412735164165497, 0.10798013210296631, 0.08974657207727432], "conf": 0.38280051946640015}, {"class_name": "B2", "bbox_yolo": [0.34729209542274475, 0.3412735164165497, 0.10798013210296631, 0.08974657207727432], "conf": 0.27957072854042053}], "count_per_class": {"B1": 1, "B2": 1, "B3": 2, "B4": 0}, "side_index": 0}