{"image": "DAMIMAS_A21B_0033_1.jpg", "detector": "y26m", "detections": [{"class_name": "B3", "bbox_yolo": [0.42725321650505066, 0.4956052303314209, 0.05531330406665802, 0.04570827633142471], "conf": 0.28619009256362915}, {"class_name": "B3", "bbox_yolo": [0.3596402108669281, 0.48921796679496765, 0.06886148452758789, 0.06727447360754013], "conf": 0.2725507318973541}, {"class_name": "B4", "bbox_yolo": [0.6373670101165771, 0.4716150760650635, 0.08050937950611115, 0.053026773035526276], "conf": 0.25480565428733826}], "count_per_class": {"B1": 0, "B2": 0, "B3": 2, "B4": 1}, "side_index": 0}