{"image": "DAMIMAS_A21B_0125_4.jpg", "detector": "y26m", "detections": [{"class_name": "B2", "bbox_yolo": [0.4823231101036072, 0.4005230963230133, 0.1236334890127182, 0.11398222297430038], "conf": 0.6697500944137573}, {"class_name": "B3", "bbox_yolo": [0.6091587543487549, 0.41035348176956177, 0.11021595448255539, 0.0804896354675293], "conf": 0.5358483791351318}, {"class_name": "B3", "bbox_yolo": [0.317958801984787, 0.41993996500968933, 0.11180578172206879, 0.08405771106481552], "conf": 0.5133594870567322}], "count_per_class": {"B1": 0, "B2": 1, "B3": 2, "B4": 0}, "side_index": 3}