{"image": "DAMIMAS_A21B_0038_2.jpg", "detector": "y26m", "detections": [{"class_name": "B3", "bbox_yolo": [0.45885705947875977, 0.46905145049095154, 0.1166834905743599, 0.07949929684400558], "conf": 0.674042284488678}, {"class_name": "B3", "bbox_yolo": [0.33108848333358765, 0.48687267303466797, 0.10185547173023224, 0.09787970036268234], "conf": 0.4400482475757599}, {"class_name": "B4", "bbox_yolo": [0.588067889213562, 0.4349616467952728, 0.10782115161418915, 0.07787807285785675], "conf": 0.4128493368625641}, {"class_name": "B3", "bbox_yolo": [0.548474907875061, 0.5133205652236938, 0.1105852797627449, 0.0905819907784462], "conf": 0.3657081723213196}], "count_per_class": {"B1": 0, "B2": 0, "B3": 3, "B4": 1}, "side_index": 1}