{"image": "DAMIMAS_A21B_0444_4.jpg", "detector": "y26m", "detections": [{"class_name": "B1", "bbox_yolo": [0.5918225049972534, 0.45725327730178833, 0.09951808303594589, 0.07907891273498535], "conf": 0.6834902167320251}, {"class_name": "B3", "bbox_yolo": [0.3790990710258484, 0.43080639839172363, 0.06947435438632965, 0.06478643417358398], "conf": 0.25353923439979553}], "count_per_class": {"B1": 1, "B2": 0, "B3": 1, "B4": 0}, "side_index": 3}