{"image": "DAMIMAS_A21B_0843_2.jpg", "detector": "y26m", "detections": [{"class_name": "B3", "bbox_yolo": [0.5887752771377563, 0.4804510176181793, 0.06454525142908096, 0.04967513307929039], "conf": 0.3705803453922272}], "count_per_class": {"B1": 0, "B2": 0, "B3": 1, "B4": 0}, "side_index": 1}