{"image": "DAMIMAS_A21B_0233_1.jpg", "detector": "y26m", "detections": [{"class_name": "B3", "bbox_yolo": [0.32568493485450745, 0.42258626222610474, 0.09964291751384735, 0.07809340953826904], "conf": 0.2871386408805847}], "count_per_class": {"B1": 0, "B2": 0, "B3": 1, "B4": 0}, "side_index": 0}