{"image": "DAMIMAS_A21B_0628_1.jpg", "detector": "y26m", "detections": [{"class_name": "B3", "bbox_yolo": [0.5860320329666138, 0.42163166403770447, 0.16804683208465576, 0.1562288999557495], "conf": 0.6072663068771362}, {"class_name": "B3", "bbox_yolo": [0.7362309098243713, 0.49373316764831543, 0.16545721888542175, 0.16274213790893555], "conf": 0.5913897156715393}, {"class_name": "B3", "bbox_yolo": [0.3401031494140625, 0.47009286284446716, 0.20267604291439056, 0.15924802422523499], "conf": 0.45864030718803406}, {"class_name": "B3", "bbox_yolo": [0.18405714631080627, 0.49752113223075867, 0.1535118967294693, 0.172857865691185], "conf": 0.3423507511615753}], "count_per_class": {"B1": 0, "B2": 0, "B3": 4, "B4": 0}, "side_index": 0}