{"image": "DAMIMAS_A21B_0166_3.jpg", "detector": "y26m", "detections": [{"class_name": "B3", "bbox_yolo": [0.3337853252887726, 0.5109405517578125, 0.12503179907798767, 0.11264143139123917], "conf": 0.7477865219116211}, {"class_name": "B3", "bbox_yolo": [0.5749439597129822, 0.4809035360813141, 0.12601414322853088, 0.10222058743238449], "conf": 0.7132520079612732}, {"class_name": "B3", "bbox_yolo": [0.43651461601257324, 0.46085378527641296, 0.11285728216171265, 0.10092215985059738], "conf": 0.45908477902412415}, {"class_name": "B2", "bbox_yolo": [0.6854502558708191, 0.501838207244873, 0.09492849558591843, 0.09318576008081436], "conf": 0.45471757650375366}], "count_per_class": {"B1": 0, "B2": 1, "B3": 3, "B4": 0}, "side_index": 2}