{"image": "DAMIMAS_A21B_0661_2.jpg", "detector": "y26m", "detections": [{"class_name": "B3", "bbox_yolo": [0.2657044529914856, 0.4193909764289856, 0.13140268623828888, 0.12438750267028809], "conf": 0.5629231333732605}, {"class_name": "B3", "bbox_yolo": [0.3844113349914551, 0.3483889102935791, 0.1348891258239746, 0.09361398220062256], "conf": 0.4997599124908447}, {"class_name": "B3", "bbox_yolo": [0.6675110459327698, 0.35550960898399353, 0.13138198852539062, 0.09256517887115479], "conf": 0.4930571913719177}, {"class_name": "B4", "bbox_yolo": [0.5740582346916199, 0.2802325189113617, 0.12820778787136078, 0.09853508323431015], "conf": 0.4624589681625366}], "count_per_class": {"B1": 0, "B2": 0, "B3": 3, "B4": 1}, "side_index": 1}