{"image": "DAMIMAS_A21B_0386_2.jpg", "detector": "y26m", "detections": [{"class_name": "B1", "bbox_yolo": [0.5119662284851074, 0.4560820758342743, 0.11177006363868713, 0.09862852096557617], "conf": 0.5798447132110596}, {"class_name": "B3", "bbox_yolo": [0.6497215628623962, 0.45330849289894104, 0.10912247002124786, 0.08933105319738388], "conf": 0.5592707991600037}, {"class_name": "B3", "bbox_yolo": [0.3785744905471802, 0.4448676109313965, 0.10327574610710144, 0.08675108104944229], "conf": 0.3542220890522003}], "count_per_class": {"B1": 1, "B2": 0, "B3": 2, "B4": 0}, "side_index": 1}