{"image": "DAMIMAS_A21B_0554_1.jpg", "detector": "y26m", "detections": [{"class_name": "B2", "bbox_yolo": [0.5923686027526855, 0.3900797963142395, 0.14510168135166168, 0.09879036247730255], "conf": 0.6227722764015198}, {"class_name": "B3", "bbox_yolo": [0.4466762840747833, 0.34598881006240845, 0.11668037623167038, 0.11156423389911652], "conf": 0.5941861271858215}, {"class_name": "B3", "bbox_yolo": [0.32162413001060486, 0.3849616050720215, 0.1321730613708496, 0.10777073353528976], "conf": 0.3258308470249176}, {"class_name": "B2", "bbox_yolo": [0.32162413001060486, 0.3849616050720215, 0.1321730613708496, 0.10777073353528976], "conf": 0.27329349517822266}], "count_per_class": {"B1": 0, "B2": 2, "B3": 2, "B4": 0}, "side_index": 0}