{"image": "DAMIMAS_A21B_0545_2.jpg", "detector": "y26m", "detections": [{"class_name": "B1", "bbox_yolo": [0.2995224893093109, 0.4813244044780731, 0.1456097960472107, 0.11518611758947372], "conf": 0.7884262204170227}, {"class_name": "B3", "bbox_yolo": [0.629830539226532, 0.4233735203742981, 0.13785426318645477, 0.11488711833953857], "conf": 0.6007825136184692}, {"class_name": "B3", "bbox_yolo": [0.3639739453792572, 0.3857884109020233, 0.11444585025310516, 0.08931181579828262], "conf": 0.5988466739654541}, {"class_name": "B2", "bbox_yolo": [0.4513295590877533, 0.45592841506004333, 0.13352295756340027, 0.10567951202392578], "conf": 0.5155929923057556}], "count_per_class": {"B1": 1, "B2": 1, "B3": 2, "B4": 0}, "side_index": 1}