{"image": "DAMIMAS_A21B_0613_2.jpg", "detector": "y26m", "detections": [{"class_name": "B3", "bbox_yolo": [0.3871881067752838, 0.4496299922466278, 0.2565901279449463, 0.15281186997890472], "conf": 0.5226568579673767}, {"class_name": "B3", "bbox_yolo": [0.24207797646522522, 0.3616231381893158, 0.13149869441986084, 0.09655144065618515], "conf": 0.2966439127922058}], "count_per_class": {"B1": 0, "B2": 0, "B3": 2, "B4": 0}, "side_index": 1}