{"image": "DAMIMAS_A21B_0470_1.jpg", "detector": "y26m", "detections": [{"class_name": "B1", "bbox_yolo": [0.42036470770835876, 0.3859432637691498, 0.09798327088356018, 0.07084853947162628], "conf": 0.76878422498703}, {"class_name": "B3", "bbox_yolo": [0.6371367573738098, 0.3199384808540344, 0.05715790018439293, 0.03199021890759468], "conf": 0.3571871817111969}, {"class_name": "B3", "bbox_yolo": [0.5026580691337585, 0.3580537736415863, 0.0866774320602417, 0.07847314327955246], "conf": 0.3245185911655426}, {"class_name": "B3", "bbox_yolo": [0.4170491099357605, 0.3321487605571747, 0.06647882610559464, 0.04172365739941597], "conf": 0.2807219624519348}], "count_per_class": {"B1": 1, "B2": 0, "B3": 3, "B4": 0}, "side_index": 0}