{"image": "DAMIMAS_A21B_0081_3.jpg", "detector": "y26m", "detections": [{"class_name": "B3", "bbox_yolo": [0.5283945202827454, 0.4437321126461029, 0.13320033252239227, 0.096837118268013], "conf": 0.6357734799385071}, {"class_name": "B2", "bbox_yolo": [0.6454912424087524, 0.4762613773345947, 0.10483589768409729, 0.08636093139648438], "conf": 0.562262773513794}, {"class_name": "B3", "bbox_yolo": [0.30541059374809265, 0.4871895909309387, 0.11333145201206207, 0.1123816967010498], "conf": 0.4502386152744293}, {"class_name": "B1", "bbox_yolo": [0.43101027607917786, 0.4932924211025238, 0.1571953147649765, 0.11211051791906357], "conf": 0.3472038209438324}], "count_per_class": {"B1": 1, "B2": 1, "B3": 2, "B4": 0}, "side_index": 2}