{"image": "DAMIMAS_A21B_0077_2.jpg", "detector": "y26m", "detections": [{"class_name": "B1", "bbox_yolo": [0.6075032949447632, 0.5160374641418457, 0.11820990592241287, 0.10486545413732529], "conf": 0.6227138638496399}, {"class_name": "B3", "bbox_yolo": [0.4908396303653717, 0.49701473116874695, 0.09795933216810226, 0.10680709034204483], "conf": 0.43168899416923523}, {"class_name": "B2", "bbox_yolo": [0.6075032949447632, 0.5160374641418457, 0.11820990592241287, 0.10486545413732529], "conf": 0.29808902740478516}], "count_per_class": {"B1": 1, "B2": 1, "B3": 1, "B4": 0}, "side_index": 1}