{"image": "DAMIMAS_A21B_0665_4.jpg", "detector": "y26m", "detections": [{"class_name": "B1", "bbox_yolo": [0.4088168144226074, 0.3545391261577606, 0.141037255525589, 0.10308559238910675], "conf": 0.8195294141769409}, {"class_name": "B1", "bbox_yolo": [0.6415145993232727, 0.3581008017063141, 0.11043758690357208, 0.09721352905035019], "conf": 0.7663539052009583}, {"class_name": "B3", "bbox_yolo": [0.555840790271759, 0.31738612055778503, 0.11150847375392914, 0.08783548325300217], "conf": 0.4486827254295349}, {"class_name": "B2", "bbox_yolo": [0.555840790271759, 0.31738612055778503, 0.11150847375392914, 0.08783548325300217], "conf": 0.3362167477607727}], "count_per_class": {"B1": 2, "B2": 1, "B3": 1, "B4": 0}, "side_index": 3}