{"image": "DAMIMAS_A21B_0120_2.jpg", "detector": "y26m", "detections": [{"class_name": "B3", "bbox_yolo": [0.44982263445854187, 0.4378373622894287, 0.11243874579668045, 0.10788934677839279], "conf": 0.3345556855201721}], "count_per_class": {"B1": 0, "B2": 0, "B3": 1, "B4": 0}, "side_index": 1}