{"image": "DAMIMAS_A21B_0083_1.jpg", "detector": "y26m", "detections": [{"class_name": "B2", "bbox_yolo": [0.4913707971572876, 0.4479552209377289, 0.10880941152572632, 0.0821421667933464], "conf": 0.4639267325401306}, {"class_name": "B4", "bbox_yolo": [0.3734484016895294, 0.37170714139938354, 0.08587294071912766, 0.06556230038404465], "conf": 0.2824636399745941}], "count_per_class": {"B1": 0, "B2": 1, "B3": 0, "B4": 1}, "side_index": 0}