{"image": "DAMIMAS_A21B_0238_1.jpg", "detector": "y26m", "detections": [{"class_name": "B3", "bbox_yolo": [0.5961778163909912, 0.5005868673324585, 0.11465448141098022, 0.08810148388147354], "conf": 0.5881696343421936}, {"class_name": "B1", "bbox_yolo": [0.45694124698638916, 0.49994373321533203, 0.07364454865455627, 0.06861243396997452], "conf": 0.5120764374732971}, {"class_name": "B3", "bbox_yolo": [0.6752240657806396, 0.4535612165927887, 0.06648813933134079, 0.05363812670111656], "conf": 0.40099167823791504}, {"class_name": "B4", "bbox_yolo": [0.6100141406059265, 0.4190559983253479, 0.07815831899642944, 0.06266393512487411], "conf": 0.3503648042678833}], "count_per_class": {"B1": 1, "B2": 0, "B3": 2, "B4": 1}, "side_index": 0}