{"image": "DAMIMAS_A21B_0070_3.jpg", "detector": "y26m", "detections": [{"class_name": "B3", "bbox_yolo": [0.27658531069755554, 0.45128995180130005, 0.1557258814573288, 0.11223690956830978], "conf": 0.6492385864257812}, {"class_name": "B3", "bbox_yolo": [0.5912772417068481, 0.4191679060459137, 0.13653920590877533, 0.11792836338281631], "conf": 0.6461442112922668}, {"class_name": "B3", "bbox_yolo": [0.4677041172981262, 0.4636191427707672, 0.17112916707992554, 0.1542285531759262], "conf": 0.48832210898399353}], "count_per_class": {"B1": 0, "B2": 0, "B3": 3, "B4": 0}, "side_index": 2}