{"image": "DAMIMAS_A21B_0814_6.jpg", "detector": "y26m", "detections": [{"class_name": "B3", "bbox_yolo": [0.3247368037700653, 0.36828967928886414, 0.16662700474262238, 0.15214574337005615], "conf": 0.513478696346283}, {"class_name": "B3", "bbox_yolo": [0.6474394798278809, 0.3880935311317444, 0.2274048626422882, 0.20035985112190247], "conf": 0.26691168546676636}], "count_per_class": {"B1": 0, "B2": 0, "B3": 2, "B4": 0}, "side_index": 5}