{"image": "DAMIMAS_A21B_0029_4.jpg", "detector": "y26m", "detections": [{"class_name": "B3", "bbox_yolo": [0.5688544511795044, 0.4343622326850891, 0.11615849286317825, 0.08910234272480011], "conf": 0.6502829194068909}, {"class_name": "B2", "bbox_yolo": [0.31032049655914307, 0.5014055371284485, 0.11187466233968735, 0.10174322128295898], "conf": 0.4064862132072449}, {"class_name": "B3", "bbox_yolo": [0.6367658972740173, 0.4797314703464508, 0.10287424921989441, 0.08737339824438095], "conf": 0.35668373107910156}], "count_per_class": {"B1": 0, "B2": 1, "B3": 2, "B4": 0}, "side_index": 3}