{"image": "DAMIMAS_A21B_0537_3.jpg", "detector": "y26m", "detections": [{"class_name": "B3", "bbox_yolo": [0.35828542709350586, 0.4378242492675781, 0.11466993391513824, 0.09637456387281418], "conf": 0.6139401197433472}, {"class_name": "B1", "bbox_yolo": [0.2995739281177521, 0.48890161514282227, 0.09399061650037766, 0.0871085673570633], "conf": 0.5543470978736877}, {"class_name": "B2", "bbox_yolo": [0.5131886601448059, 0.46411439776420593, 0.115448959171772, 0.10515370219945908], "conf": 0.5005571842193604}], "count_per_class": {"B1": 1, "B2": 1, "B3": 1, "B4": 0}, "side_index": 2}