{"image": "DAMIMAS_A21B_0673_1.jpg", "detector": "y26m", "detections": [{"class_name": "B3", "bbox_yolo": [0.7703725695610046, 0.4297125041484833, 0.16993720829486847, 0.16377876698970795], "conf": 0.5616029500961304}, {"class_name": "B3", "bbox_yolo": [0.40044471621513367, 0.4332398474216461, 0.19894683361053467, 0.16070233285427094], "conf": 0.5193568468093872}, {"class_name": "B1", "bbox_yolo": [0.23516249656677246, 0.4448443055152893, 0.16095460951328278, 0.16533063352108002], "conf": 0.27699151635169983}, {"class_name": "B3", "bbox_yolo": [0.30857396125793457, 0.3186524510383606, 0.120826855301857, 0.0875663086771965], "conf": 0.2725082039833069}], "count_per_class": {"B1": 1, "B2": 0, "B3": 3, "B4": 0}, "side_index": 0}