{"image": "DAMIMAS_A21B_0112_4.jpg", "detector": "y26m", "detections": [{"class_name": "B2", "bbox_yolo": [0.41583120822906494, 0.4423333704471588, 0.1421794891357422, 0.11204836517572403], "conf": 0.3837573230266571}, {"class_name": "B3", "bbox_yolo": [0.30666041374206543, 0.455007940530777, 0.0981779620051384, 0.09053874015808105], "conf": 0.29860639572143555}], "count_per_class": {"B1": 0, "B2": 1, "B3": 1, "B4": 0}, "side_index": 3}