{"image": "DAMIMAS_A21B_0408_4.jpg", "detector": "y26m", "detections": [{"class_name": "B3", "bbox_yolo": [0.5424241423606873, 0.46619167923927307, 0.09952011704444885, 0.09455237537622452], "conf": 0.6086208820343018}, {"class_name": "B3", "bbox_yolo": [0.42751839756965637, 0.4963543117046356, 0.1006879210472107, 0.09481268376111984], "conf": 0.4861864149570465}, {"class_name": "B2", "bbox_yolo": [0.6507730484008789, 0.5033984780311584, 0.10894718766212463, 0.09418191760778427], "conf": 0.4150499105453491}, {"class_name": "B1", "bbox_yolo": [0.6507730484008789, 0.5033984780311584, 0.10894718766212463, 0.09418191760778427], "conf": 0.38138073682785034}], "count_per_class": {"B1": 1, "B2": 1, "B3": 2, "B4": 0}, "side_index": 3}