{"image": "DAMIMAS_A21B_0636_1.jpg", "detector": "y26m", "detections": [{"class_name": "B3", "bbox_yolo": [0.7601054310798645, 0.4250301420688629, 0.2244909405708313, 0.2051950991153717], "conf": 0.6983776688575745}, {"class_name": "B3", "bbox_yolo": [0.36527159810066223, 0.46523618698120117, 0.21933910250663757, 0.17620745301246643], "conf": 0.6775205731391907}, {"class_name": "B3", "bbox_yolo": [0.19335439801216125, 0.5148674249649048, 0.18242351710796356, 0.16000056266784668], "conf": 0.5194544196128845}], "count_per_class": {"B1": 0, "B2": 0, "B3": 3, "B4": 0}, "side_index": 0}