{"image": "DAMIMAS_A21B_0455_1.jpg", "detector": "y26m", "detections": [{"class_name": "B3", "bbox_yolo": [0.3942112922668457, 0.46185603737831116, 0.09335159510374069, 0.08172111958265305], "conf": 0.39755165576934814}, {"class_name": "B4", "bbox_yolo": [0.4872288107872009, 0.4206770062446594, 0.06826289743185043, 0.05931232124567032], "conf": 0.30267471075057983}, {"class_name": "B3", "bbox_yolo": [0.5807129144668579, 0.4441116452217102, 0.0817134901881218, 0.05582552030682564], "conf": 0.28274038434028625}, {"class_name": "B2", "bbox_yolo": [0.5044502019882202, 0.4816667139530182, 0.06813447177410126, 0.061446476727724075], "conf": 0.27405092120170593}], "count_per_class": {"B1": 0, "B2": 1, "B3": 2, "B4": 1}, "side_index": 0}