{"image": "DAMIMAS_A21B_0764_1.jpg", "detector": "y26m", "detections": [{"class_name": "B3", "bbox_yolo": [0.6011604070663452, 0.4364282786846161, 0.13273468613624573, 0.08874402195215225], "conf": 0.5573262572288513}, {"class_name": "B3", "bbox_yolo": [0.3439347743988037, 0.44180718064308167, 0.12276344746351242, 0.09063821285963058], "conf": 0.34764614701271057}], "count_per_class": {"B1": 0, "B2": 0, "B3": 2, "B4": 0}, "side_index": 0}