{"image": "DAMIMAS_A21B_0333_3.jpg", "detector": "y26m", "detections": [{"class_name": "B1", "bbox_yolo": [0.39954906702041626, 0.5069770216941833, 0.1306237280368805, 0.1056479960680008], "conf": 0.8207419514656067}, {"class_name": "B3", "bbox_yolo": [0.6244312524795532, 0.4835093021392822, 0.10483132302761078, 0.08761091530323029], "conf": 0.4644806981086731}], "count_per_class": {"B1": 1, "B2": 0, "B3": 1, "B4": 0}, "side_index": 2}