{"image": "DAMIMAS_A21B_0425_3.jpg", "detector": "y26m", "detections": [{"class_name": "B3", "bbox_yolo": [0.5083013772964478, 0.41361409425735474, 0.09642589092254639, 0.0838770866394043], "conf": 0.29266488552093506}], "count_per_class": {"B1": 0, "B2": 0, "B3": 1, "B4": 0}, "side_index": 2}