{"image": "DAMIMAS_A21B_0782_3.jpg", "detector": "y26m", "detections": [{"class_name": "B3", "bbox_yolo": [0.35163500905036926, 0.2131452113389969, 0.17943014204502106, 0.14683383703231812], "conf": 0.6054359674453735}, {"class_name": "B4", "bbox_yolo": [0.6111213564872742, 0.16779407858848572, 0.1192190870642662, 0.10146047919988632], "conf": 0.3836321532726288}], "count_per_class": {"B1": 0, "B2": 0, "B3": 1, "B4": 1}, "side_index": 2}