{"image": "DAMIMAS_A21B_0722_2.jpg", "detector": "y26m", "detections": [{"class_name": "B3", "bbox_yolo": [0.6134600639343262, 0.21980679035186768, 0.169181227684021, 0.15818850696086884], "conf": 0.4970899224281311}, {"class_name": "B3", "bbox_yolo": [0.20367050170898438, 0.29107850790023804, 0.19614224135875702, 0.15008540451526642], "conf": 0.35533469915390015}, {"class_name": "B3", "bbox_yolo": [0.3684869110584259, 0.174434095621109, 0.18856628239154816, 0.15082493424415588], "conf": 0.34093236923217773}, {"class_name": "B3", "bbox_yolo": [0.7977441549301147, 0.27331244945526123, 0.13408730924129486, 0.12403302639722824], "conf": 0.3385258615016937}], "count_per_class": {"B1": 0, "B2": 0, "B3": 4, "B4": 0}, "side_index": 1}