{"image": "DAMIMAS_A21B_0599_4.jpg", "detector": "y26m", "detections": [{"class_name": "B2", "bbox_yolo": [0.8067495226860046, 0.4845955967903137, 0.23716260492801666, 0.1679714173078537], "conf": 0.5450617671012878}, {"class_name": "B2", "bbox_yolo": [0.5173083543777466, 0.41517210006713867, 0.1879844069480896, 0.13501949608325958], "conf": 0.5361140370368958}, {"class_name": "B3", "bbox_yolo": [0.41231629252433777, 0.29597708582878113, 0.1984838843345642, 0.1324777901172638], "conf": 0.49641796946525574}, {"class_name": "B3", "bbox_yolo": [0.2421111762523651, 0.42989394068717957, 0.1986471563577652, 0.22376716136932373], "conf": 0.4714100658893585}], "count_per_class": {"B1": 0, "B2": 2, "B3": 2, "B4": 0}, "side_index": 3}