{"image": "DAMIMAS_A21B_0454_2.jpg", "detector": "y26m", "detections": [{"class_name": "B3", "bbox_yolo": [0.6464101672172546, 0.37998634576797485, 0.12070892006158829, 0.09067962318658829], "conf": 0.4549996256828308}, {"class_name": "B2", "bbox_yolo": [0.6464101672172546, 0.37998634576797485, 0.12070892006158829, 0.09067962318658829], "conf": 0.4105806350708008}, {"class_name": "B4", "bbox_yolo": [0.659973680973053, 0.3009504973888397, 0.08732014149427414, 0.06224691867828369], "conf": 0.3057275116443634}], "count_per_class": {"B1": 0, "B2": 1, "B3": 1, "B4": 1}, "side_index": 1}