{"image": "DAMIMAS_A21B_0130_3.jpg", "detector": "y26m", "detections": [{"class_name": "B2", "bbox_yolo": [0.5346009135246277, 0.48958054184913635, 0.11415504664182663, 0.10125570744276047], "conf": 0.6850839853286743}, {"class_name": "B3", "bbox_yolo": [0.44564828276634216, 0.46333032846450806, 0.09999670088291168, 0.08277101814746857], "conf": 0.6317660808563232}, {"class_name": "B3", "bbox_yolo": [0.35825374722480774, 0.5023666620254517, 0.09025193005800247, 0.08973880112171173], "conf": 0.30270078778266907}], "count_per_class": {"B1": 0, "B2": 1, "B3": 2, "B4": 0}, "side_index": 2}