{"image": "DAMIMAS_A21B_0713_2.jpg", "detector": "y26m", "detections": [{"class_name": "B3", "bbox_yolo": [0.2507750391960144, 0.2598619759082794, 0.18743272125720978, 0.19334034621715546], "conf": 0.6593962907791138}, {"class_name": "B2", "bbox_yolo": [0.6480794548988342, 0.3422805964946747, 0.25232213735580444, 0.2130136489868164], "conf": 0.6052788496017456}, {"class_name": "B3", "bbox_yolo": [0.42479825019836426, 0.2620593309402466, 0.14576613903045654, 0.17637532949447632], "conf": 0.4964683949947357}, {"class_name": "B4", "bbox_yolo": [0.6748891472816467, 0.18944360315799713, 0.1540563702583313, 0.09932520240545273], "conf": 0.3546670079231262}], "count_per_class": {"B1": 0, "B2": 1, "B3": 2, "B4": 1}, "side_index": 1}