{"image": "DAMIMAS_A21B_0028_1.jpg", "detector": "y26m", "detections": [{"class_name": "B3", "bbox_yolo": [0.49190381169319153, 0.3883278965950012, 0.09272238612174988, 0.0958976075053215], "conf": 0.32748985290527344}, {"class_name": "B4", "bbox_yolo": [0.3717026710510254, 0.3682766854763031, 0.0882536917924881, 0.06506095081567764], "conf": 0.2667037844657898}], "count_per_class": {"B1": 0, "B2": 0, "B3": 1, "B4": 1}, "side_index": 0}