{"image": "DAMIMAS_A21B_0691_1.jpg", "detector": "y26m", "detections": [{"class_name": "B3", "bbox_yolo": [0.5466114282608032, 0.28500285744667053, 0.1789899319410324, 0.1800309270620346], "conf": 0.6124822497367859}, {"class_name": "B3", "bbox_yolo": [0.32347849011421204, 0.3126792907714844, 0.21018150448799133, 0.1563936471939087], "conf": 0.5960217714309692}, {"class_name": "B3", "bbox_yolo": [0.7572815418243408, 0.33007240295410156, 0.145352303981781, 0.17338840663433075], "conf": 0.5049340128898621}], "count_per_class": {"B1": 0, "B2": 0, "B3": 3, "B4": 0}, "side_index": 0}