{"image": "DAMIMAS_A21B_0649_1.jpg", "detector": "y26m", "detections": [{"class_name": "B3", "bbox_yolo": [0.26408007740974426, 0.3679700493812561, 0.28754371404647827, 0.231049045920372], "conf": 0.7035232186317444}, {"class_name": "B3", "bbox_yolo": [0.523329496383667, 0.23834069073200226, 0.23535554111003876, 0.20792503654956818], "conf": 0.6322214603424072}, {"class_name": "B3", "bbox_yolo": [0.7877383232116699, 0.3496335446834564, 0.2242833524942398, 0.23872852325439453], "conf": 0.6280949115753174}], "count_per_class": {"B1": 0, "B2": 0, "B3": 3, "B4": 0}, "side_index": 0}