{"image": "DAMIMAS_A21B_0212_4.jpg", "detector": "y26m", "detections": [{"class_name": "B1", "bbox_yolo": [0.48849523067474365, 0.514982283115387, 0.17607946693897247, 0.1544446051120758], "conf": 0.815351665019989}, {"class_name": "B3", "bbox_yolo": [0.33061495423316956, 0.48112353682518005, 0.11972491443157196, 0.10602980107069016], "conf": 0.4087258577346802}, {"class_name": "B4", "bbox_yolo": [0.4574122428894043, 0.4072054922580719, 0.09597470611333847, 0.05988440662622452], "conf": 0.2770960032939911}], "count_per_class": {"B1": 1, "B2": 0, "B3": 1, "B4": 1}, "side_index": 3}