{"image": "DAMIMAS_A21B_0125_1.jpg", "detector": "y26m", "detections": [{"class_name": "B1", "bbox_yolo": [0.35275810956954956, 0.47750940918922424, 0.10391032695770264, 0.08287181705236435], "conf": 0.6844714879989624}, {"class_name": "B3", "bbox_yolo": [0.44448181986808777, 0.4367409646511078, 0.10278889536857605, 0.07871055603027344], "conf": 0.6161169409751892}, {"class_name": "B2", "bbox_yolo": [0.6302279233932495, 0.46479082107543945, 0.10208085924386978, 0.07982077449560165], "conf": 0.4894382953643799}, {"class_name": "B3", "bbox_yolo": [0.6302279233932495, 0.46479082107543945, 0.10208085924386978, 0.07982077449560165], "conf": 0.27240458130836487}], "count_per_class": {"B1": 1, "B2": 1, "B3": 2, "B4": 0}, "side_index": 0}