{"image": "DAMIMAS_A21B_0626_3.jpg", "detector": "y26m", "detections": [{"class_name": "B3", "bbox_yolo": [0.506866991519928, 0.35215434432029724, 0.12605664134025574, 0.09592576324939728], "conf": 0.5979058146476746}, {"class_name": "B1", "bbox_yolo": [0.5409122705459595, 0.4531765580177307, 0.1741732954978943, 0.10886993259191513], "conf": 0.5699032545089722}, {"class_name": "B3", "bbox_yolo": [0.34193575382232666, 0.41209670901298523, 0.17401807010173798, 0.13303065299987793], "conf": 0.5655718445777893}], "count_per_class": {"B1": 1, "B2": 0, "B3": 2, "B4": 0}, "side_index": 2}