{"image": "DAMIMAS_A21B_0049_3.jpg", "detector": "y26m", "detections": [{"class_name": "B3", "bbox_yolo": [0.37538841366767883, 0.47561150789260864, 0.1629018485546112, 0.1212749034166336], "conf": 0.6882398128509521}, {"class_name": "B3", "bbox_yolo": [0.645950973033905, 0.42949897050857544, 0.10326138138771057, 0.09373147785663605], "conf": 0.279053658246994}], "count_per_class": {"B1": 0, "B2": 0, "B3": 2, "B4": 0}, "side_index": 2}