{"image": "DAMIMAS_A21B_0003_1.jpg", "detector": "y26m", "detections": [{"class_name": "B3", "bbox_yolo": [0.41485902667045593, 0.4652526080608368, 0.15598905086517334, 0.11662545055150986], "conf": 0.7052831649780273}, {"class_name": "B2", "bbox_yolo": [0.5992147326469421, 0.48209628462791443, 0.13839799165725708, 0.10976725071668625], "conf": 0.6229655146598816}, {"class_name": "B1", "bbox_yolo": [0.3198925852775574, 0.5193690657615662, 0.1558534950017929, 0.11878218501806259], "conf": 0.6050356030464172}, {"class_name": "B3", "bbox_yolo": [0.6741244196891785, 0.4297949969768524, 0.08225715160369873, 0.061780788004398346], "conf": 0.26344096660614014}], "count_per_class": {"B1": 1, "B2": 1, "B3": 2, "B4": 0}, "side_index": 0}