{"image": "DAMIMAS_A21B_0501_1.jpg", "detector": "y26m", "detections": [{"class_name": "B3", "bbox_yolo": [0.41100484132766724, 0.43011876940727234, 0.10748335719108582, 0.08117959648370743], "conf": 0.5779137015342712}, {"class_name": "B3", "bbox_yolo": [0.6054431200027466, 0.39553433656692505, 0.07466112822294235, 0.05416128784418106], "conf": 0.32311108708381653}, {"class_name": "B2", "bbox_yolo": [0.3253946602344513, 0.46712467074394226, 0.10264451056718826, 0.07499676197767258], "conf": 0.2983661890029907}], "count_per_class": {"B1": 0, "B2": 1, "B3": 2, "B4": 0}, "side_index": 0}