{"image": "DAMIMAS_A21B_0538_1.jpg", "detector": "y26m", "detections": [{"class_name": "B2", "bbox_yolo": [0.6444876194000244, 0.5067353248596191, 0.10941073298454285, 0.08930535614490509], "conf": 0.607680082321167}, {"class_name": "B3", "bbox_yolo": [0.5310846567153931, 0.48293471336364746, 0.11508500576019287, 0.09878625720739365], "conf": 0.48882371187210083}, {"class_name": "B2", "bbox_yolo": [0.38716793060302734, 0.5054104924201965, 0.10515919327735901, 0.08811040222644806], "conf": 0.32004469633102417}, {"class_name": "B2", "bbox_yolo": [0.5310846567153931, 0.48293471336364746, 0.11508500576019287, 0.09878625720739365], "conf": 0.29501664638519287}], "count_per_class": {"B1": 0, "B2": 3, "B3": 1, "B4": 0}, "side_index": 0}