{"image": "DAMIMAS_A21B_0785_3.jpg", "detector": "y26m", "detections": [{"class_name": "B3", "bbox_yolo": [0.7388438582420349, 0.21565239131450653, 0.19374263286590576, 0.15099196135997772], "conf": 0.63062983751297}, {"class_name": "B3", "bbox_yolo": [0.4027789235115051, 0.16572198271751404, 0.13274352252483368, 0.11736605316400528], "conf": 0.4685615599155426}, {"class_name": "B2", "bbox_yolo": [0.29886704683303833, 0.2811063230037689, 0.1669701635837555, 0.1433238536119461], "conf": 0.34105390310287476}, {"class_name": "B3", "bbox_yolo": [0.29886704683303833, 0.2811063230037689, 0.1669701635837555, 0.1433238536119461], "conf": 0.27585524320602417}], "count_per_class": {"B1": 0, "B2": 1, "B3": 3, "B4": 0}, "side_index": 2}