{"image": "DAMIMAS_A21B_0502_1.jpg", "detector": "y26m", "detections": [{"class_name": "B3", "bbox_yolo": [0.4189840257167816, 0.4350908398628235, 0.10147234797477722, 0.09182514995336533], "conf": 0.4071871042251587}, {"class_name": "B2", "bbox_yolo": [0.5103983879089355, 0.4893978238105774, 0.09943282604217529, 0.07262702286243439], "conf": 0.27333584427833557}], "count_per_class": {"B1": 0, "B2": 1, "B3": 1, "B4": 0}, "side_index": 0}