{"image": "DAMIMAS_A21B_0054_4.jpg", "detector": "y26m", "detections": [{"class_name": "B2", "bbox_yolo": [0.49451151490211487, 0.5182410478591919, 0.11432505398988724, 0.08940263092517853], "conf": 0.5967543125152588}, {"class_name": "B3", "bbox_yolo": [0.6542225480079651, 0.5078650116920471, 0.10928618907928467, 0.09758100658655167], "conf": 0.4439567029476166}, {"class_name": "B4", "bbox_yolo": [0.3904857337474823, 0.429689884185791, 0.09401604533195496, 0.0834164172410965], "conf": 0.3804401457309723}, {"class_name": "B4", "bbox_yolo": [0.5166627764701843, 0.43566012382507324, 0.11253605782985687, 0.08534412831068039], "conf": 0.2529723644256592}], "count_per_class": {"B1": 0, "B2": 1, "B3": 1, "B4": 2}, "side_index": 3}