{"image": "DAMIMAS_A21B_0304_4.jpg", "detector": "y26m", "detections": [{"class_name": "B3", "bbox_yolo": [0.3730278015136719, 0.41569414734840393, 0.1589575558900833, 0.12067177146673203], "conf": 0.5407696962356567}, {"class_name": "B3", "bbox_yolo": [0.752048909664154, 0.4029218852519989, 0.12078807502985, 0.08875017613172531], "conf": 0.33424249291419983}, {"class_name": "B4", "bbox_yolo": [0.4006989896297455, 0.3264232277870178, 0.08593963086605072, 0.060721803456544876], "conf": 0.2826864421367645}], "count_per_class": {"B1": 0, "B2": 0, "B3": 2, "B4": 1}, "side_index": 3}