{"image": "DAMIMAS_A21B_0672_3.jpg", "detector": "y26m", "detections": [{"class_name": "B1", "bbox_yolo": [0.297480970621109, 0.4156310260295868, 0.22220148146152496, 0.17605260014533997], "conf": 0.8176246285438538}, {"class_name": "B3", "bbox_yolo": [0.4970230460166931, 0.3575311005115509, 0.17251193523406982, 0.16568437218666077], "conf": 0.6836814284324646}, {"class_name": "B4", "bbox_yolo": [0.4482553005218506, 0.22175796329975128, 0.1447393149137497, 0.11150264739990234], "conf": 0.5229728817939758}, {"class_name": "B3", "bbox_yolo": [0.7054202556610107, 0.3766957223415375, 0.1768828183412552, 0.1391899138689041], "conf": 0.27892637252807617}], "count_per_class": {"B1": 1, "B2": 0, "B3": 2, "B4": 1}, "side_index": 2}