{"image": "DAMIMAS_A21B_0562_4.jpg", "detector": "y26m", "detections": [{"class_name": "B2", "bbox_yolo": [0.3332764804363251, 0.36447110772132874, 0.12060731649398804, 0.09903266280889511], "conf": 0.3771374523639679}, {"class_name": "B1", "bbox_yolo": [0.3332764804363251, 0.36447110772132874, 0.12060731649398804, 0.09903266280889511], "conf": 0.297940194606781}, {"class_name": "B2", "bbox_yolo": [0.6896602511405945, 0.38121896982192993, 0.10594966262578964, 0.08506164699792862], "conf": 0.2897355258464813}], "count_per_class": {"B1": 1, "B2": 2, "B3": 0, "B4": 0}, "side_index": 3}