{"image": "DAMIMAS_A21B_0596_4.jpg", "detector": "y26m", "detections": [{"class_name": "B3", "bbox_yolo": [0.3128068745136261, 0.37527623772621155, 0.26655152440071106, 0.20833046734333038], "conf": 0.5727012157440186}, {"class_name": "B1", "bbox_yolo": [0.8153761625289917, 0.4424509108066559, 0.2838704586029053, 0.22875972092151642], "conf": 0.4253652095794678}, {"class_name": "B3", "bbox_yolo": [0.4167976975440979, 0.25162437558174133, 0.20983543992042542, 0.1218084841966629], "conf": 0.4219241738319397}, {"class_name": "B2", "bbox_yolo": [0.8153761625289917, 0.4424509108066559, 0.2838704586029053, 0.22875972092151642], "conf": 0.4209510385990143}], "count_per_class": {"B1": 1, "B2": 1, "B3": 2, "B4": 0}, "side_index": 3}