{"image": "DAMIMAS_A21B_0810_3.jpg", "detector": "y26m", "detections": [{"class_name": "B3", "bbox_yolo": [0.5672187805175781, 0.42337867617607117, 0.11281147599220276, 0.0786471888422966], "conf": 0.647271454334259}, {"class_name": "B2", "bbox_yolo": [0.6685985922813416, 0.47774145007133484, 0.11574631184339523, 0.086233951151371], "conf": 0.43742191791534424}, {"class_name": "B3", "bbox_yolo": [0.6685985922813416, 0.47774145007133484, 0.11574631184339523, 0.086233951151371], "conf": 0.41359707713127136}, {"class_name": "B3", "bbox_yolo": [0.4327954053878784, 0.4465601146221161, 0.11433000862598419, 0.0930115208029747], "conf": 0.3509361445903778}], "count_per_class": {"B1": 0, "B2": 1, "B3": 3, "B4": 0}, "side_index": 2}