{"image": "DAMIMAS_A21B_0852_2.jpg", "detector": "y26m", "detections": [{"class_name": "B3", "bbox_yolo": [0.4728832244873047, 0.6337457895278931, 0.1041971892118454, 0.0846080332994461], "conf": 0.3797106444835663}, {"class_name": "B2", "bbox_yolo": [0.4728832244873047, 0.6337457895278931, 0.1041971892118454, 0.0846080332994461], "conf": 0.33250531554222107}], "count_per_class": {"B1": 0, "B2": 1, "B3": 1, "B4": 0}, "side_index": 1}