{"image": "DAMIMAS_A21B_0669_3.jpg", "detector": "y26m", "detections": [{"class_name": "B3", "bbox_yolo": [0.7172468900680542, 0.3327081501483917, 0.1598035842180252, 0.13611702620983124], "conf": 0.7055560946464539}, {"class_name": "B3", "bbox_yolo": [0.35855042934417725, 0.3323105275630951, 0.15150490403175354, 0.137613445520401], "conf": 0.659380316734314}, {"class_name": "B3", "bbox_yolo": [0.2306889146566391, 0.3670526444911957, 0.1274813711643219, 0.1182880625128746], "conf": 0.48833200335502625}], "count_per_class": {"B1": 0, "B2": 0, "B3": 3, "B4": 0}, "side_index": 2}