{"image": "DAMIMAS_A21B_0064_2.jpg", "detector": "y26m", "detections": [{"class_name": "B3", "bbox_yolo": [0.6245903372764587, 0.5037442445755005, 0.13640907406806946, 0.0994151160120964], "conf": 0.6447046399116516}, {"class_name": "B3", "bbox_yolo": [0.39553624391555786, 0.4943055212497711, 0.1087111234664917, 0.08656959980726242], "conf": 0.3668365776538849}], "count_per_class": {"B1": 0, "B2": 0, "B3": 2, "B4": 0}, "side_index": 1}