{"image": "DAMIMAS_A21B_0129_4.jpg", "detector": "y26m", "detections": [{"class_name": "B3", "bbox_yolo": [0.3329799473285675, 0.4782631993293762, 0.12565937638282776, 0.10827870666980743], "conf": 0.6275584101676941}, {"class_name": "B3", "bbox_yolo": [0.48490679264068604, 0.4660826623439789, 0.14628878235816956, 0.10428624600172043], "conf": 0.35527491569519043}], "count_per_class": {"B1": 0, "B2": 0, "B3": 2, "B4": 0}, "side_index": 3}