{"image": "DAMIMAS_A21B_0578_3.jpg", "detector": "y26m", "detections": [{"class_name": "B1", "bbox_yolo": [0.39305078983306885, 0.39997395873069763, 0.1128760427236557, 0.09439444541931152], "conf": 0.5485552549362183}, {"class_name": "B2", "bbox_yolo": [0.2910182476043701, 0.40780845284461975, 0.10276266932487488, 0.09529659897089005], "conf": 0.2794431149959564}, {"class_name": "B2", "bbox_yolo": [0.6825046539306641, 0.38783785700798035, 0.1152319684624672, 0.09170174598693848], "conf": 0.26453515887260437}, {"class_name": "B3", "bbox_yolo": [0.6825046539306641, 0.38783785700798035, 0.1152319684624672, 0.09170174598693848], "conf": 0.26216942071914673}], "count_per_class": {"B1": 1, "B2": 2, "B3": 1, "B4": 0}, "side_index": 2}