{"image": "DAMIMAS_A21B_0767_2.jpg", "detector": "y26m", "detections": [{"class_name": "B1", "bbox_yolo": [0.3213982880115509, 0.482403039932251, 0.13422273099422455, 0.09035034477710724], "conf": 0.7516565322875977}, {"class_name": "B3", "bbox_yolo": [0.40261128544807434, 0.3975639045238495, 0.13351917266845703, 0.10916812717914581], "conf": 0.6025710105895996}, {"class_name": "B2", "bbox_yolo": [0.7190301418304443, 0.42356953024864197, 0.11754468828439713, 0.09084158390760422], "conf": 0.2513061761856079}], "count_per_class": {"B1": 1, "B2": 1, "B3": 1, "B4": 0}, "side_index": 1}