{"image": "DAMIMAS_A21B_0480_4.jpg", "detector": "y26m", "detections": [{"class_name": "B1", "bbox_yolo": [0.5117297768592834, 0.5006114840507507, 0.10966374725103378, 0.07366027683019638], "conf": 0.7545783519744873}, {"class_name": "B4", "bbox_yolo": [0.3771970272064209, 0.4272564947605133, 0.07423773407936096, 0.054174281656742096], "conf": 0.45706430077552795}, {"class_name": "B3", "bbox_yolo": [0.30002474784851074, 0.4654627740383148, 0.07520780712366104, 0.06772714108228683], "conf": 0.2937391400337219}, {"class_name": "B2", "bbox_yolo": [0.3799888789653778, 0.48219653964042664, 0.08074188977479935, 0.058600474148988724], "conf": 0.2850293815135956}], "count_per_class": {"B1": 1, "B2": 1, "B3": 1, "B4": 1}, "side_index": 3}