{"image": "DAMIMAS_A21B_0555_1.jpg", "detector": "y26m", "detections": [{"class_name": "B3", "bbox_yolo": [0.6216613054275513, 0.49140605330467224, 0.15487951040267944, 0.12320037186145782], "conf": 0.617058515548706}, {"class_name": "B3", "bbox_yolo": [0.3519265651702881, 0.467483252286911, 0.11538375914096832, 0.10147180408239365], "conf": 0.5017764568328857}, {"class_name": "B3", "bbox_yolo": [0.4817088842391968, 0.42964768409729004, 0.11991959065198898, 0.11252832412719727], "conf": 0.40495121479034424}], "count_per_class": {"B1": 0, "B2": 0, "B3": 3, "B4": 0}, "side_index": 0}