{"image": "DAMIMAS_A21B_0206_1.jpg", "detector": "y26m", "detections": [{"class_name": "B3", "bbox_yolo": [0.4957234561443329, 0.5220975279808044, 0.09099636226892471, 0.08540263026952744], "conf": 0.5237634778022766}, {"class_name": "B3", "bbox_yolo": [0.4320450723171234, 0.48315879702568054, 0.06659708172082901, 0.05356097221374512], "conf": 0.4908179044723511}, {"class_name": "B3", "bbox_yolo": [0.5974451899528503, 0.5128440856933594, 0.10098133981227875, 0.08840899914503098], "conf": 0.4311116337776184}, {"class_name": "B3", "bbox_yolo": [0.3811527490615845, 0.49428877234458923, 0.054068248718976974, 0.039491940289735794], "conf": 0.3479432463645935}], "count_per_class": {"B1": 0, "B2": 0, "B3": 4, "B4": 0}, "side_index": 0}