{"image": "DAMIMAS_A21B_0612_3.jpg", "detector": "y26m", "detections": [{"class_name": "B3", "bbox_yolo": [0.6819351315498352, 0.4416525363922119, 0.1979055553674698, 0.15467996895313263], "conf": 0.5794422626495361}, {"class_name": "B2", "bbox_yolo": [0.3904760777950287, 0.4975017011165619, 0.14872685074806213, 0.15744666755199432], "conf": 0.5282602310180664}, {"class_name": "B3", "bbox_yolo": [0.27674970030784607, 0.40984073281288147, 0.16412922739982605, 0.14056901633739471], "conf": 0.4834398627281189}], "count_per_class": {"B1": 0, "B2": 1, "B3": 2, "B4": 0}, "side_index": 2}