{"image": "DAMIMAS_A21B_0331_2.jpg", "detector": "y26m", "detections": [{"class_name": "B3", "bbox_yolo": [0.6643736362457275, 0.4421360194683075, 0.11135165393352509, 0.08259182423353195], "conf": 0.5336412191390991}], "count_per_class": {"B1": 0, "B2": 0, "B3": 1, "B4": 0}, "side_index": 1}