{"image": "DAMIMAS_A21B_0391_2.jpg", "detector": "y26m", "detections": [{"class_name": "B3", "bbox_yolo": [0.554889976978302, 0.43448135256767273, 0.10379810631275177, 0.0890960693359375], "conf": 0.6672988533973694}, {"class_name": "B2", "bbox_yolo": [0.42796334624290466, 0.4439524710178375, 0.11629439145326614, 0.09134149551391602], "conf": 0.4420543909072876}], "count_per_class": {"B1": 0, "B2": 1, "B3": 1, "B4": 0}, "side_index": 1}