{"image": "DAMIMAS_A21B_0105_4.jpg", "detector": "y26m", "detections": [{"class_name": "B1", "bbox_yolo": [0.4143059253692627, 0.5126566290855408, 0.16831240057945251, 0.1324649304151535], "conf": 0.7432297468185425}, {"class_name": "B3", "bbox_yolo": [0.31896063685417175, 0.4393676817417145, 0.10575488954782486, 0.08702006191015244], "conf": 0.45439469814300537}, {"class_name": "B3", "bbox_yolo": [0.6280335187911987, 0.4832523465156555, 0.1260986328125, 0.09939165413379669], "conf": 0.2607327997684479}, {"class_name": "B4", "bbox_yolo": [0.38575878739356995, 0.37251195311546326, 0.08247757703065872, 0.06360314041376114], "conf": 0.25479188561439514}], "count_per_class": {"B1": 1, "B2": 0, "B3": 2, "B4": 1}, "side_index": 3}