{"image": "DAMIMAS_A21B_0171_3.jpg", "detector": "y26m", "detections": [{"class_name": "B3", "bbox_yolo": [0.44537222385406494, 0.41088324785232544, 0.13062016665935516, 0.104527048766613], "conf": 0.405577152967453}, {"class_name": "B3", "bbox_yolo": [0.5957489609718323, 0.390346497297287, 0.11230005323886871, 0.09445138275623322], "conf": 0.29987549781799316}, {"class_name": "B3", "bbox_yolo": [0.6965876817703247, 0.4445130527019501, 0.11128585040569305, 0.0877208262681961], "conf": 0.2768332064151764}], "count_per_class": {"B1": 0, "B2": 0, "B3": 3, "B4": 0}, "side_index": 2}