{"image": "DAMIMAS_A21B_0616_2.jpg", "detector": "y26m", "detections": [{"class_name": "B2", "bbox_yolo": [0.3420396149158478, 0.4325129985809326, 0.21008791029453278, 0.15652091801166534], "conf": 0.6185968518257141}, {"class_name": "B4", "bbox_yolo": [0.3250637650489807, 0.29734310507774353, 0.15063615143299103, 0.11420729011297226], "conf": 0.4082704186439514}, {"class_name": "B4", "bbox_yolo": [0.7444873452186584, 0.32352542877197266, 0.1203305646777153, 0.07359867542982101], "conf": 0.36170750856399536}], "count_per_class": {"B1": 0, "B2": 1, "B3": 0, "B4": 2}, "side_index": 1}