{"image": "DAMIMAS_A21B_0297_2.jpg", "detector": "y26m", "detections": [{"class_name": "B3", "bbox_yolo": [0.573826014995575, 0.456919401884079, 0.10242411494255066, 0.09496956318616867], "conf": 0.412805438041687}, {"class_name": "B3", "bbox_yolo": [0.3905957043170929, 0.5020011067390442, 0.11834955960512161, 0.1177249476313591], "conf": 0.31351521611213684}], "count_per_class": {"B1": 0, "B2": 0, "B3": 2, "B4": 0}, "side_index": 1}