{"image": "DAMIMAS_A21B_0440_1.jpg", "detector": "y26m", "detections": [{"class_name": "B3", "bbox_yolo": [0.3801078498363495, 0.4852060377597809, 0.09962794184684753, 0.083126500248909], "conf": 0.29967230558395386}, {"class_name": "B3", "bbox_yolo": [0.5538007020950317, 0.443505197763443, 0.0738915503025055, 0.05051269754767418], "conf": 0.2889646589756012}, {"class_name": "B4", "bbox_yolo": [0.6089995503425598, 0.41876697540283203, 0.06631317734718323, 0.04987521097064018], "conf": 0.2503162920475006}], "count_per_class": {"B1": 0, "B2": 0, "B3": 2, "B4": 1}, "side_index": 0}