{"image": "DAMIMAS_A21B_0337_4.jpg", "detector": "y26m", "detections": [{"class_name": "B4", "bbox_yolo": [0.5743261575698853, 0.3692367970943451, 0.13628137111663818, 0.09238975495100021], "conf": 0.5183659195899963}, {"class_name": "B3", "bbox_yolo": [0.5191253423690796, 0.4691939949989319, 0.14639396965503693, 0.11640691757202148], "conf": 0.5100416541099548}, {"class_name": "B3", "bbox_yolo": [0.3852589428424835, 0.4194053113460541, 0.1557772010564804, 0.11970732361078262], "conf": 0.49611029028892517}, {"class_name": "B3", "bbox_yolo": [0.7178760766983032, 0.4582192599773407, 0.13131949305534363, 0.106545589864254], "conf": 0.4737928807735443}], "count_per_class": {"B1": 0, "B2": 0, "B3": 3, "B4": 1}, "side_index": 3}