{"image": "DAMIMAS_A21B_0583_1.jpg", "detector": "y26m", "detections": [{"class_name": "B1", "bbox_yolo": [0.3052959740161896, 0.49642425775527954, 0.19563071429729462, 0.1618281453847885], "conf": 0.7503902316093445}], "count_per_class": {"B1": 1, "B2": 0, "B3": 0, "B4": 0}, "side_index": 0}