{"image": "DAMIMAS_A21B_0839_3.jpg", "detector": "y26m", "detections": [{"class_name": "B3", "bbox_yolo": [0.2816843092441559, 0.4381706416606903, 0.12168978899717331, 0.1151525005698204], "conf": 0.5629331469535828}, {"class_name": "B3", "bbox_yolo": [0.676094651222229, 0.4409640431404114, 0.12492498755455017, 0.11952223628759384], "conf": 0.5287380218505859}, {"class_name": "B3", "bbox_yolo": [0.39422494173049927, 0.397095650434494, 0.1105760931968689, 0.12034769356250763], "conf": 0.4918895661830902}, {"class_name": "B4", "bbox_yolo": [0.5882501006126404, 0.3520462214946747, 0.11601674556732178, 0.08406775444746017], "conf": 0.34132954478263855}], "count_per_class": {"B1": 0, "B2": 0, "B3": 3, "B4": 1}, "side_index": 2}