{"image": "DAMIMAS_A21B_0023_1.jpg", "detector": "y26m", "detections": [{"class_name": "B1", "bbox_yolo": [0.48516416549682617, 0.5274354815483093, 0.12684877216815948, 0.10726761817932129], "conf": 0.6672860980033875}, {"class_name": "B3", "bbox_yolo": [0.3489615321159363, 0.5267748832702637, 0.11386452615261078, 0.09270448982715607], "conf": 0.5681700706481934}], "count_per_class": {"B1": 1, "B2": 0, "B3": 1, "B4": 0}, "side_index": 0}