{"image": "DAMIMAS_A21B_0293_3.jpg", "detector": "y26m", "detections": [{"class_name": "B3", "bbox_yolo": [0.4539828300476074, 0.47676321864128113, 0.10966966301202774, 0.08616361767053604], "conf": 0.6574600338935852}, {"class_name": "B3", "bbox_yolo": [0.6046367883682251, 0.44513827562332153, 0.11881008744239807, 0.07488355785608292], "conf": 0.48707306385040283}, {"class_name": "B2", "bbox_yolo": [0.5705402493476868, 0.5221771597862244, 0.133615180850029, 0.09690423309803009], "conf": 0.36179712414741516}, {"class_name": "B2", "bbox_yolo": [0.3387092053890228, 0.5273131132125854, 0.11249072104692459, 0.09975643455982208], "conf": 0.3394840955734253}], "count_per_class": {"B1": 0, "B2": 2, "B3": 2, "B4": 0}, "side_index": 2}