{"image": "DAMIMAS_A21B_0273_4.jpg", "detector": "y26m", "detections": [{"class_name": "B3", "bbox_yolo": [0.4871605634689331, 0.4686962068080902, 0.13070139288902283, 0.12056388705968857], "conf": 0.5025190114974976}, {"class_name": "B3", "bbox_yolo": [0.3666548728942871, 0.46113595366477966, 0.10293719172477722, 0.0850866362452507], "conf": 0.45061731338500977}, {"class_name": "B4", "bbox_yolo": [0.44958212971687317, 0.383448988199234, 0.08223708719015121, 0.055381204932928085], "conf": 0.34239575266838074}], "count_per_class": {"B1": 0, "B2": 0, "B3": 2, "B4": 1}, "side_index": 3}