{"image": "LONSUM_A21A_0007_2.jpg", "detector": "y26m", "detections": [{"class_name": "B3", "bbox_yolo": [0.65598464012146, 0.44479113817214966, 0.13897813856601715, 0.11927981674671173], "conf": 0.5381083488464355}, {"class_name": "B2", "bbox_yolo": [0.2809583246707916, 0.48079463839530945, 0.11482072621583939, 0.10062547028064728], "conf": 0.3549068570137024}, {"class_name": "B3", "bbox_yolo": [0.5125966668128967, 0.43088942766189575, 0.13777542114257812, 0.1264578402042389], "conf": 0.28853240609169006}], "count_per_class": {"B1": 0, "B2": 1, "B3": 2, "B4": 0}, "side_index": 1}