{"image": "LONSUM_A21A_0034_4.jpg", "detector": "y26m", "detections": [{"class_name": "B1", "bbox_yolo": [0.36509597301483154, 0.45251330733299255, 0.06527812033891678, 0.05957756191492081], "conf": 0.265202134847641}, {"class_name": "B3", "bbox_yolo": [0.5437312126159668, 0.35581037402153015, 0.07080355286598206, 0.058544136583805084], "conf": 0.2601063549518585}], "count_per_class": {"B1": 1, "B2": 0, "B3": 1, "B4": 0}, "side_index": 3}