{"image": "LONSUM_A21A_0077_3.jpg", "detector": "y26m", "detections": [{"class_name": "B3", "bbox_yolo": [0.38332927227020264, 0.10381533950567245, 0.07010816037654877, 0.06417132169008255], "conf": 0.34299325942993164}, {"class_name": "B3", "bbox_yolo": [0.5378836989402771, 0.06581031531095505, 0.058376409113407135, 0.05655302479863167], "conf": 0.2841440737247467}], "count_per_class": {"B1": 0, "B2": 0, "B3": 2, "B4": 0}, "side_index": 2}