{"image": "LONSUM_A21A_0034_3.jpg", "detector": "y26m", "detections": [{"class_name": "B3", "bbox_yolo": [0.4176904261112213, 0.40043163299560547, 0.08181954175233841, 0.057263780385255814], "conf": 0.25183236598968506}], "count_per_class": {"B1": 0, "B2": 0, "B3": 1, "B4": 0}, "side_index": 2}