{"image": "LONSUM_A21A_0032_4.jpg", "detector": "y26m", "detections": [{"class_name": "B3", "bbox_yolo": [0.5368561148643494, 0.3873346745967865, 0.0726422369480133, 0.05874943733215332], "conf": 0.29437530040740967}], "count_per_class": {"B1": 0, "B2": 0, "B3": 1, "B4": 0}, "side_index": 3}