{"image": "LONSUM_A21A_0006_3.jpg", "detector": "y26m", "detections": [{"class_name": "B2", "bbox_yolo": [0.5833218693733215, 0.4861806035041809, 0.12428408116102219, 0.10095548629760742], "conf": 0.4808049499988556}, {"class_name": "B3", "bbox_yolo": [0.3376246392726898, 0.4995496869087219, 0.11795651912689209, 0.07813101261854172], "conf": 0.28036829829216003}], "count_per_class": {"B1": 0, "B2": 1, "B3": 1, "B4": 0}, "side_index": 2}