{"image": "LONSUM_A21A_0038_1.jpg", "detector": "y26m", "detections": [{"class_name": "B3", "bbox_yolo": [0.5540550351142883, 0.37935590744018555, 0.10325451195240021, 0.07855584472417831], "conf": 0.3590534031391144}, {"class_name": "B3", "bbox_yolo": [0.5499040484428406, 0.3749343752861023, 0.09255565702915192, 0.0649479404091835], "conf": 0.2505490183830261}], "count_per_class": {"B1": 0, "B2": 0, "B3": 2, "B4": 0}, "side_index": 0}