{"image": "LONSUM_A21A_0054_3.jpg", "detector": "y26m", "detections": [{"class_name": "B3", "bbox_yolo": [0.38383981585502625, 0.45683231949806213, 0.09803009778261185, 0.07443227618932724], "conf": 0.3111405372619629}], "count_per_class": {"B1": 0, "B2": 0, "B3": 1, "B4": 0}, "side_index": 2}