{"image": "LONSUM_A21A_0036_2.jpg", "detector": "y26m", "detections": [{"class_name": "B3", "bbox_yolo": [0.40779829025268555, 0.4321955740451813, 0.09821167588233948, 0.08136153221130371], "conf": 0.29135867953300476}], "count_per_class": {"B1": 0, "B2": 0, "B3": 1, "B4": 0}, "side_index": 1}