{"image": "LONSUM_A21A_0012_1.jpg", "detector": "y26m", "detections": [{"class_name": "B3", "bbox_yolo": [0.38531699776649475, 0.3899747431278229, 0.1259186565876007, 0.09584739059209824], "conf": 0.4514895975589752}, {"class_name": "B3", "bbox_yolo": [0.6055691838264465, 0.37815913558006287, 0.10311788320541382, 0.08919518440961838], "conf": 0.3441818654537201}], "count_per_class": {"B1": 0, "B2": 0, "B3": 2, "B4": 0}, "side_index": 0}