{"image": "LONSUM_A21A_0060_3.jpg", "detector": "y26m", "detections": [{"class_name": "B3", "bbox_yolo": [0.7046527862548828, 0.4493285119533539, 0.14347687363624573, 0.11810865253210068], "conf": 0.29012051224708557}], "count_per_class": {"B1": 0, "B2": 0, "B3": 1, "B4": 0}, "side_index": 2}