{"image": "LONSUM_A21A_0084_3.jpg", "detector": "y26m", "detections": [{"class_name": "B3", "bbox_yolo": [0.46350646018981934, 0.08217674493789673, 0.058563362807035446, 0.058731671422719955], "conf": 0.3714676797389984}], "count_per_class": {"B1": 0, "B2": 0, "B3": 1, "B4": 0}, "side_index": 2}