{"image": "LONSUM_A21A_0072_2.jpg", "detector": "y26m", "detections": [{"class_name": "B3", "bbox_yolo": [0.4391641318798065, 0.2677939534187317, 0.0743754431605339, 0.06849046051502228], "conf": 0.3188513219356537}], "count_per_class": {"B1": 0, "B2": 0, "B3": 1, "B4": 0}, "side_index": 1}