{"image": "LONSUM_A21A_0099_3.jpg", "detector": "y26m", "detections": [{"class_name": "B3", "bbox_yolo": [0.6343697905540466, 0.2964019477367401, 0.06425292044878006, 0.056073810905218124], "conf": 0.3669983744621277}], "count_per_class": {"B1": 0, "B2": 0, "B3": 1, "B4": 0}, "side_index": 2}