{"image": "LONSUM_A21A_0098_1.jpg", "detector": "y26m", "detections": [{"class_name": "B3", "bbox_yolo": [0.3881430923938751, 0.22716732323169708, 0.0718245878815651, 0.05877120420336723], "conf": 0.268110454082489}], "count_per_class": {"B1": 0, "B2": 0, "B3": 1, "B4": 0}, "side_index": 0}