{"image": "LONSUM_A21A_0036_4.jpg", "detector": "y26m", "detections": [{"class_name": "B3", "bbox_yolo": [0.6257331967353821, 0.3748416006565094, 0.06477019190788269, 0.06641652435064316], "conf": 0.3134453296661377}, {"class_name": "B3", "bbox_yolo": [0.37568846344947815, 0.39022207260131836, 0.06394844502210617, 0.05174882337450981], "conf": 0.2730039954185486}], "count_per_class": {"B1": 0, "B2": 0, "B3": 2, "B4": 0}, "side_index": 3}