{"image": "LONSUM_A21A_0073_2.jpg", "detector": "y26m", "detections": [{"class_name": "B3", "bbox_yolo": [0.5886902809143066, 0.3156733512878418, 0.0610426627099514, 0.053872108459472656], "conf": 0.25402894616127014}], "count_per_class": {"B1": 0, "B2": 0, "B3": 1, "B4": 0}, "side_index": 1}