{"image": "LONSUM_A21A_0056_2.jpg", "detector": "y26m", "detections": [{"class_name": "B3", "bbox_yolo": [0.43880051374435425, 0.47608014941215515, 0.10265373438596725, 0.09401974827051163], "conf": 0.48146969079971313}, {"class_name": "B3", "bbox_yolo": [0.683067798614502, 0.5548161864280701, 0.08938153833150864, 0.06941232830286026], "conf": 0.3163338899612427}], "count_per_class": {"B1": 0, "B2": 0, "B3": 2, "B4": 0}, "side_index": 1}