{"image": "LONSUM_A21A_0054_2.jpg", "detector": "y26m", "detections": [{"class_name": "B3", "bbox_yolo": [0.5993050932884216, 0.38370558619499207, 0.1205408126115799, 0.10941298305988312], "conf": 0.5343230962753296}, {"class_name": "B3", "bbox_yolo": [0.47925618290901184, 0.35665178298950195, 0.12069251388311386, 0.09376771748065948], "conf": 0.3015517294406891}, {"class_name": "B3", "bbox_yolo": [0.3834003210067749, 0.37486717104911804, 0.11191394180059433, 0.07633049786090851], "conf": 0.2870759665966034}], "count_per_class": {"B1": 0, "B2": 0, "B3": 3, "B4": 0}, "side_index": 1}