{"image": "LONSUM_A21A_0006_2.jpg", "detector": "y26m", "detections": [{"class_name": "B3", "bbox_yolo": [0.47165319323539734, 0.4279077649116516, 0.12559761106967926, 0.10702352970838547], "conf": 0.5440160036087036}], "count_per_class": {"B1": 0, "B2": 0, "B3": 1, "B4": 0}, "side_index": 1}