{"image": "LONSUM_A21A_0008_1.jpg", "detector": "y26m", "detections": [{"class_name": "B3", "bbox_yolo": [0.2995890974998474, 0.4770083427429199, 0.1271589696407318, 0.10562863200902939], "conf": 0.33315056562423706}], "count_per_class": {"B1": 0, "B2": 0, "B3": 1, "B4": 0}, "side_index": 0}