{"image": "LONSUM_A21A_0013_3.jpg", "detector": "y26m", "detections": [{"class_name": "B4", "bbox_yolo": [0.35395166277885437, 0.443026065826416, 0.07105319201946259, 0.06044049188494682], "conf": 0.2621696889400482}], "count_per_class": {"B1": 0, "B2": 0, "B3": 0, "B4": 1}, "side_index": 2}