{"image": "LONSUM_A21A_0055_1.jpg", "detector": "y26m", "detections": [{"class_name": "B3", "bbox_yolo": [0.37692028284072876, 0.3609953224658966, 0.11590398848056793, 0.08829674869775772], "conf": 0.3854171335697174}], "count_per_class": {"B1": 0, "B2": 0, "B3": 1, "B4": 0}, "side_index": 0}