{"image": "LONSUM_A21A_0092_2.jpg", "detector": "y26m", "detections": [{"class_name": "B3", "bbox_yolo": [0.6187579035758972, 0.22477462887763977, 0.066648930311203, 0.06455444544553757], "conf": 0.37836846709251404}], "count_per_class": {"B1": 0, "B2": 0, "B3": 1, "B4": 0}, "side_index": 1}