{"image": "LONSUM_A21A_0021_3.jpg", "detector": "y26m", "detections": [{"class_name": "B3", "bbox_yolo": [0.49998944997787476, 0.4653714597225189, 0.1022426038980484, 0.08101797103881836], "conf": 0.5434970259666443}, {"class_name": "B3", "bbox_yolo": [0.6010473370552063, 0.5006586909294128, 0.10152512043714523, 0.08204012364149094], "conf": 0.2677343189716339}], "count_per_class": {"B1": 0, "B2": 0, "B3": 2, "B4": 0}, "side_index": 2}