{"image": "LONSUM_A21A_0018_4.jpg", "detector": "y26m", "detections": [{"class_name": "B3", "bbox_yolo": [0.35824039578437805, 0.474727064371109, 0.10090208798646927, 0.08517022430896759], "conf": 0.3830814063549042}, {"class_name": "B3", "bbox_yolo": [0.6668207049369812, 0.48738184571266174, 0.11232230812311172, 0.09251046180725098], "conf": 0.33192339539527893}], "count_per_class": {"B1": 0, "B2": 0, "B3": 2, "B4": 0}, "side_index": 3}