{"image": "LONSUM_A21A_0033_3.jpg", "detector": "y26m", "detections": [{"class_name": "B3", "bbox_yolo": [0.48628613352775574, 0.4389285743236542, 0.07141084969043732, 0.0671786293387413], "conf": 0.37143558263778687}, {"class_name": "B3", "bbox_yolo": [0.6109278202056885, 0.4570745527744293, 0.06626053154468536, 0.05021309852600098], "conf": 0.2757509648799896}, {"class_name": "B3", "bbox_yolo": [0.398619145154953, 0.4632580876350403, 0.07803840935230255, 0.06285200268030167], "conf": 0.26419055461883545}], "count_per_class": {"B1": 0, "B2": 0, "B3": 3, "B4": 0}, "side_index": 2}