{"image": "LONSUM_A21A_0083_4.jpg", "detector": "y26m", "detections": [{"class_name": "B3", "bbox_yolo": [0.5861087441444397, 0.15904422104358673, 0.057695772498846054, 0.04409560188651085], "conf": 0.3883185386657715}, {"class_name": "B3", "bbox_yolo": [0.42489224672317505, 0.16638115048408508, 0.06199563667178154, 0.050214387476444244], "conf": 0.2835969924926758}], "count_per_class": {"B1": 0, "B2": 0, "B3": 2, "B4": 0}, "side_index": 3}