{"image": "LONSUM_A21A_0088_2.jpg", "detector": "y26m", "detections": [{"class_name": "B3", "bbox_yolo": [0.5052312016487122, 0.19932754337787628, 0.06626752763986588, 0.04522833973169327], "conf": 0.4460228979587555}, {"class_name": "B3", "bbox_yolo": [0.42079877853393555, 0.3115207850933075, 0.06449174880981445, 0.062171388417482376], "conf": 0.33364197611808777}, {"class_name": "B3", "bbox_yolo": [0.44203895330429077, 0.22952306270599365, 0.056536994874477386, 0.061362363398075104], "conf": 0.31966859102249146}], "count_per_class": {"B1": 0, "B2": 0, "B3": 3, "B4": 0}, "side_index": 1}