{"image": "LONSUM_A21A_0018_2.jpg", "detector": "y26m", "detections": [{"class_name": "B3", "bbox_yolo": [0.5824179649353027, 0.48186904191970825, 0.15285906195640564, 0.10639806091785431], "conf": 0.33270853757858276}, {"class_name": "B2", "bbox_yolo": [0.5824179649353027, 0.48186904191970825, 0.15285906195640564, 0.10639806091785431], "conf": 0.2859141230583191}], "count_per_class": {"B1": 0, "B2": 1, "B3": 1, "B4": 0}, "side_index": 1}