{"image": "LONSUM_A21A_0086_3.jpg", "detector": "y26m", "detections": [{"class_name": "B3", "bbox_yolo": [0.6024789214134216, 0.2888096868991852, 0.08316746354103088, 0.05359971523284912], "conf": 0.3467343747615814}], "count_per_class": {"B1": 0, "B2": 0, "B3": 1, "B4": 0}, "side_index": 2}