{"image": "LONSUM_A21A_0034_1.jpg", "detector": "y26m", "detections": [{"class_name": "B3", "bbox_yolo": [0.44346877932548523, 0.3817382752895355, 0.09775912761688232, 0.0752168670296669], "conf": 0.35430094599723816}], "count_per_class": {"B1": 0, "B2": 0, "B3": 1, "B4": 0}, "side_index": 0}