{"image": "LONSUM_A21A_0037_2.jpg", "detector": "y26m", "detections": [{"class_name": "B3", "bbox_yolo": [0.6024755239486694, 0.4242095649242401, 0.07562370598316193, 0.06415186077356339], "conf": 0.31494954228401184}, {"class_name": "B3", "bbox_yolo": [0.4889979958534241, 0.4213053286075592, 0.07440796494483948, 0.05191917344927788], "conf": 0.31287333369255066}], "count_per_class": {"B1": 0, "B2": 0, "B3": 2, "B4": 0}, "side_index": 1}