{"image": "LONSUM_A21A_0079_4.jpg", "detector": "y26m", "detections": [{"class_name": "B3", "bbox_yolo": [0.4221358895301819, 0.14621488749980927, 0.05291910469532013, 0.04806622490286827], "conf": 0.43707603216171265}], "count_per_class": {"B1": 0, "B2": 0, "B3": 1, "B4": 0}, "side_index": 3}