{"image": "LONSUM_A21A_0001_4.jpg", "detector": "y26m", "detections": [{"class_name": "B3", "bbox_yolo": [0.4117835462093353, 0.37553921341896057, 0.11176198720932007, 0.10293798893690109], "conf": 0.4396667778491974}, {"class_name": "B3", "bbox_yolo": [0.5919272303581238, 0.3678310811519623, 0.12849706411361694, 0.08414290100336075], "conf": 0.27574819326400757}, {"class_name": "B2", "bbox_yolo": [0.2789020538330078, 0.46129345893859863, 0.11656180024147034, 0.1031673476099968], "conf": 0.2689724564552307}], "count_per_class": {"B1": 0, "B2": 1, "B3": 2, "B4": 0}, "side_index": 3}