{"image": "LONSUM_A21A_0058_2.jpg", "detector": "y26m", "detections": [{"class_name": "B3", "bbox_yolo": [0.42666253447532654, 0.4715479016304016, 0.12082545459270477, 0.08802790939807892], "conf": 0.3931868374347687}, {"class_name": "B2", "bbox_yolo": [0.5246138572692871, 0.5415686964988708, 0.13749907910823822, 0.11997013539075851], "conf": 0.37236031889915466}, {"class_name": "B3", "bbox_yolo": [0.5246138572692871, 0.5415686964988708, 0.13749907910823822, 0.11997013539075851], "conf": 0.3608127534389496}, {"class_name": "B3", "bbox_yolo": [0.6685441136360168, 0.5037954449653625, 0.07932358235120773, 0.07549214363098145], "conf": 0.25775110721588135}], "count_per_class": {"B1": 0, "B2": 1, "B3": 3, "B4": 0}, "side_index": 1}