{"image": "LONSUM_A21A_0021_1.jpg", "detector": "y26m", "detections": [{"class_name": "B3", "bbox_yolo": [0.6277030110359192, 0.4223700165748596, 0.06865838915109634, 0.059859465807676315], "conf": 0.35490474104881287}], "count_per_class": {"B1": 0, "B2": 0, "B3": 1, "B4": 0}, "side_index": 0}