{"image": "LONSUM_A21A_0029_1.jpg", "detector": "y26m", "detections": [{"class_name": "B3", "bbox_yolo": [0.4373607337474823, 0.44418880343437195, 0.07668838649988174, 0.0545896552503109], "conf": 0.43017539381980896}, {"class_name": "B3", "bbox_yolo": [0.576166033744812, 0.4679397642612457, 0.06920216977596283, 0.05928082391619682], "conf": 0.3491114675998688}, {"class_name": "B4", "bbox_yolo": [0.5127962231636047, 0.4172998070716858, 0.05635808780789375, 0.05233652517199516], "conf": 0.268533319234848}], "count_per_class": {"B1": 0, "B2": 0, "B3": 2, "B4": 1}, "side_index": 0}