{"image": "LONSUM_A21A_0081_2.jpg", "detector": "y26m", "detections": [{"class_name": "B3", "bbox_yolo": [0.41378501057624817, 0.16409072279930115, 0.06985512375831604, 0.05780337005853653], "conf": 0.305433452129364}, {"class_name": "B3", "bbox_yolo": [0.4136551022529602, 0.15874072909355164, 0.05804847553372383, 0.044408250600099564], "conf": 0.26984867453575134}], "count_per_class": {"B1": 0, "B2": 0, "B3": 2, "B4": 0}, "side_index": 1}