{"image": "LONSUM_A21A_0067_3.jpg", "detector": "y26m", "detections": [{"class_name": "B2", "bbox_yolo": [0.3728969991207123, 0.2833615243434906, 0.14351533353328705, 0.1200845018029213], "conf": 0.3711284101009369}, {"class_name": "B3", "bbox_yolo": [0.6750322580337524, 0.3014308512210846, 0.1041843444108963, 0.07786805927753448], "conf": 0.32308417558670044}, {"class_name": "B3", "bbox_yolo": [0.3728969991207123, 0.2833615243434906, 0.14351533353328705, 0.1200845018029213], "conf": 0.29631924629211426}, {"class_name": "B3", "bbox_yolo": [0.2559050917625427, 0.24992196261882782, 0.10865898430347443, 0.08785881847143173], "conf": 0.2876243591308594}], "count_per_class": {"B1": 0, "B2": 1, "B3": 3, "B4": 0}, "side_index": 2}