{"image": "LONSUM_A21A_0025_4.jpg", "detector": "y26m", "detections": [{"class_name": "B3", "bbox_yolo": [0.33370527625083923, 0.42620372772216797, 0.11489058285951614, 0.09224388748407364], "conf": 0.537650465965271}, {"class_name": "B3", "bbox_yolo": [0.5773367285728455, 0.3561859726905823, 0.07426745444536209, 0.06438801437616348], "conf": 0.25937551259994507}], "count_per_class": {"B1": 0, "B2": 0, "B3": 2, "B4": 0}, "side_index": 3}