{"image": "LONSUM_A21A_0035_4.jpg", "detector": "y26m", "detections": [{"class_name": "B3", "bbox_yolo": [0.41609838604927063, 0.4108717143535614, 0.11338157951831818, 0.10129254311323166], "conf": 0.335200697183609}], "count_per_class": {"B1": 0, "B2": 0, "B3": 1, "B4": 0}, "side_index": 3}