{"image": "LONSUM_A21A_0029_3.jpg", "detector": "y26m", "detections": [{"class_name": "B3", "bbox_yolo": [0.6008326411247253, 0.3567628562450409, 0.0712594985961914, 0.05216233804821968], "conf": 0.325906366109848}], "count_per_class": {"B1": 0, "B2": 0, "B3": 1, "B4": 0}, "side_index": 2}