{"image": "LONSUM_A21A_0065_3.jpg", "detector": "y26m", "detections": [{"class_name": "B3", "bbox_yolo": [0.6348543763160706, 0.3935851752758026, 0.1502196043729782, 0.12201447784900665], "conf": 0.6808214783668518}, {"class_name": "B3", "bbox_yolo": [0.44250309467315674, 0.41268691420555115, 0.21022218465805054, 0.1820574253797531], "conf": 0.5638333559036255}, {"class_name": "B2", "bbox_yolo": [0.28572770953178406, 0.5011455416679382, 0.11014177650213242, 0.10576754063367844], "conf": 0.36535850167274475}], "count_per_class": {"B1": 0, "B2": 1, "B3": 2, "B4": 0}, "side_index": 2}