{"image": "LONSUM_A21A_0066_2.jpg", "detector": "y26m", "detections": [{"class_name": "B3", "bbox_yolo": [0.6704497337341309, 0.39987143874168396, 0.11002083122730255, 0.07538137584924698], "conf": 0.3829025626182556}], "count_per_class": {"B1": 0, "B2": 0, "B3": 1, "B4": 0}, "side_index": 1}