{"image": "LONSUM_A21A_0034_2.jpg", "detector": "y26m", "detections": [{"class_name": "B3", "bbox_yolo": [0.42866772413253784, 0.4710637032985687, 0.07837146520614624, 0.06266527622938156], "conf": 0.4029577970504761}, {"class_name": "B3", "bbox_yolo": [0.5792253613471985, 0.4808296263217926, 0.07079429924488068, 0.05033126100897789], "conf": 0.3461516797542572}, {"class_name": "B3", "bbox_yolo": [0.3505045175552368, 0.4898788630962372, 0.06128225475549698, 0.056400347501039505], "conf": 0.297140508890152}], "count_per_class": {"B1": 0, "B2": 0, "B3": 3, "B4": 0}, "side_index": 1}