{"image": "LONSUM_A21A_0013_4.jpg", "detector": "y26m", "detections": [{"class_name": "B3", "bbox_yolo": [0.5028499960899353, 0.3551599085330963, 0.08039945363998413, 0.06051595136523247], "conf": 0.3366357386112213}], "count_per_class": {"B1": 0, "B2": 0, "B3": 1, "B4": 0}, "side_index": 3}