{"image": "LONSUM_A21A_0086_2.jpg", "detector": "y26m", "detections": [{"class_name": "B3", "bbox_yolo": [0.3733164668083191, 0.3882717788219452, 0.07225348800420761, 0.059499409049749374], "conf": 0.2520284652709961}, {"class_name": "B3", "bbox_yolo": [0.5936371684074402, 0.2915995717048645, 0.09453392773866653, 0.061486076563596725], "conf": 0.25033390522003174}], "count_per_class": {"B1": 0, "B2": 0, "B3": 2, "B4": 0}, "side_index": 1}