{"image": "LONSUM_A21A_0027_4.jpg", "detector": "y26m", "detections": [{"class_name": "B3", "bbox_yolo": [0.49879685044288635, 0.4208996891975403, 0.12351945787668228, 0.11965904384851456], "conf": 0.518818199634552}, {"class_name": "B3", "bbox_yolo": [0.3734695017337799, 0.47136756777763367, 0.13365186750888824, 0.11086326092481613], "conf": 0.3523702025413513}, {"class_name": "B2", "bbox_yolo": [0.3734695017337799, 0.47136756777763367, 0.13365186750888824, 0.11086326092481613], "conf": 0.35187971591949463}, {"class_name": "B3", "bbox_yolo": [0.6499453783035278, 0.47511178255081177, 0.1410818099975586, 0.08542752265930176], "conf": 0.3249219059944153}], "count_per_class": {"B1": 0, "B2": 1, "B3": 3, "B4": 0}, "side_index": 3}