{"image": "LONSUM_A21A_0050_4.jpg", "detector": "y26m", "detections": [{"class_name": "B3", "bbox_yolo": [0.4261617958545685, 0.3996802568435669, 0.0797279104590416, 0.06575808674097061], "conf": 0.35057324171066284}, {"class_name": "B3", "bbox_yolo": [0.6322668790817261, 0.4816765785217285, 0.07786370068788528, 0.05564394220709801], "conf": 0.32078710198402405}], "count_per_class": {"B1": 0, "B2": 0, "B3": 2, "B4": 0}, "side_index": 3}