{"image": "LONSUM_A21A_0096_4.jpg", "detector": "y26m", "detections": [{"class_name": "B3", "bbox_yolo": [0.5926552414894104, 0.2168913632631302, 0.06830120086669922, 0.05594801902770996], "conf": 0.38929253816604614}, {"class_name": "B3", "bbox_yolo": [0.40658190846443176, 0.19635818898677826, 0.061962224543094635, 0.04480490833520889], "conf": 0.2999195456504822}], "count_per_class": {"B1": 0, "B2": 0, "B3": 2, "B4": 0}, "side_index": 3}