{"image": "LONSUM_A21A_0031_4.jpg", "detector": "y26m", "detections": [{"class_name": "B3", "bbox_yolo": [0.44862890243530273, 0.3461662530899048, 0.1580500304698944, 0.11532559245824814], "conf": 0.6236631870269775}, {"class_name": "B3", "bbox_yolo": [0.3165584206581116, 0.4039152264595032, 0.11479564011096954, 0.07592564076185226], "conf": 0.4176884591579437}], "count_per_class": {"B1": 0, "B2": 0, "B3": 2, "B4": 0}, "side_index": 3}