{"image": "LONSUM_A21A_0069_4.jpg", "detector": "y26m", "detections": [{"class_name": "B3", "bbox_yolo": [0.41090625524520874, 0.24827738106250763, 0.09668233245611191, 0.07373819500207901], "conf": 0.31025224924087524}, {"class_name": "B3", "bbox_yolo": [0.6176196336746216, 0.26658493280410767, 0.08489132672548294, 0.06316118687391281], "conf": 0.26753997802734375}, {"class_name": "B3", "bbox_yolo": [0.4114495813846588, 0.24280929565429688, 0.08613675832748413, 0.06529300659894943], "conf": 0.2589274048805237}], "count_per_class": {"B1": 0, "B2": 0, "B3": 3, "B4": 0}, "side_index": 3}