{"image": "LONSUM_A21A_0016_2.jpg", "detector": "y26m", "detections": [{"class_name": "B3", "bbox_yolo": [0.4377441108226776, 0.44295939803123474, 0.1368822455406189, 0.11353950947523117], "conf": 0.5704570412635803}], "count_per_class": {"B1": 0, "B2": 0, "B3": 1, "B4": 0}, "side_index": 1}