{
  "test": {
    "MAE_B1": 0.5263157894736842,
    "bias_B1": -0.06315789473684211,
    "acc_pm1_B1": 0.9263157894736842,
    "MAE_B2": 1.2842105263157895,
    "bias_B2": -0.5684210526315789,
    "acc_pm1_B2": 0.6526315789473685,
    "MAE_B3": 2.231578947368421,
    "bias_B3": -2.042105263157895,
    "acc_pm1_B3": 0.4105263157894737,
    "MAE_B4": 1.231578947368421,
    "bias_B4": -0.8526315789473684,
    "acc_pm1_B4": 0.6947368421052632,
    "macro_class_mae": 1.318421052631579,
    "macro_acc_pm1": 0.6710526315789473,
    "total_count_mae": 3.6736842105263157,
    "total_pm1_acc": 0.25263157894736843,
    "exact_profile_acc": 0.0,
    "split": "test"
  },
  "val": {
    "MAE_B1": 0.5157894736842106,
    "bias_B1": 0.010526315789473684,
    "acc_pm1_B1": 0.9157894736842105,
    "MAE_B2": 0.9894736842105263,
    "bias_B2": -0.10526315789473684,
    "acc_pm1_B2": 0.8,
    "MAE_B3": 2.663157894736842,
    "bias_B3": -2.431578947368421,
    "acc_pm1_B3": 0.3263157894736842,
    "MAE_B4": 1.568421052631579,
    "bias_B4": -1.2947368421052632,
    "acc_pm1_B4": 0.5473684210526316,
    "macro_class_mae": 1.4342105263157894,
    "macro_acc_pm1": 0.6473684210526316,
    "total_count_mae": 3.863157894736842,
    "total_pm1_acc": 0.17894736842105263,
    "exact_profile_acc": 0.010526315789473684,
    "split": "val"
  }
}