feature,importance
naive_sum_B3,0.1423517300859501
mean_per_side_B4,0.13602805107007082
mean_per_side_B3,0.1337819724232961
max_per_side_B3,0.09112107443715982
mean_per_side_B1,0.09049211955918739
naive_sum_B2,0.07475662862988366
mean_per_side_B2,0.07346407443961338
naive_sum_B1,0.06783973007472482
naive_sum_B4,0.0627981614254994
max_per_side_B4,0.04653340092155921
max_per_side_B2,0.043220307425987814
max_per_side_B1,0.034027740973089596
n_sides,0.0035850085339779237
