{
  "test": {
    "n_trees": 95,
    "MAE_B1": 0.49473684210526314,
    "bias_B1": 0.15789473684210525,
    "acc_pm1_B1": 0.9157894736842105,
    "MAE_B2": 1.263157894736842,
    "bias_B2": -0.29473684210526313,
    "acc_pm1_B2": 0.6947368421052632,
    "MAE_B3": 2.0526315789473686,
    "bias_B3": -0.010526315789473684,
    "acc_pm1_B3": 0.4842105263157895,
    "MAE_B4": 1.368421052631579,
    "bias_B4": -0.8631578947368421,
    "acc_pm1_B4": 0.6736842105263158,
    "macro_class_mae": 1.2947368421052632,
    "macro_acc_pm1": 0.6921052631578948,
    "total_count_mae": 3.0736842105263156,
    "total_pm1_acc": 0.3894736842105263,
    "exact_profile_acc": 0.010526315789473684,
    "split": "test"
  },
  "val": {
    "n_trees": 95,
    "MAE_B1": 0.49473684210526314,
    "bias_B1": 0.2631578947368421,
    "acc_pm1_B1": 0.9263157894736842,
    "MAE_B2": 1.1578947368421053,
    "bias_B2": 0.23157894736842105,
    "acc_pm1_B2": 0.6842105263157895,
    "MAE_B3": 2.3263157894736843,
    "bias_B3": 0.010526315789473684,
    "acc_pm1_B3": 0.43157894736842106,
    "MAE_B4": 1.5789473684210527,
    "bias_B4": -1.2210526315789474,
    "acc_pm1_B4": 0.5473684210526316,
    "macro_class_mae": 1.3894736842105262,
    "macro_acc_pm1": 0.6473684210526316,
    "total_count_mae": 3.0105263157894737,
    "total_pm1_acc": 0.3894736842105263,
    "exact_profile_acc": 0.021052631578947368,
    "split": "val"
  }
}