feature,importance
mean_per_side_B3,0.28093726389102075
naive_sum_B4,0.16016151710206367
mean_per_side_B2,0.12690087622615556
naive_sum_B3,0.10648434193497489
mean_per_side_B4,0.07496592743919989
naive_sum_B2,0.0627773801219103
mean_per_side_B1,0.04751136280775462
max_per_side_B3,0.044758290512907
naive_sum_B1,0.034481553227883106
max_per_side_B2,0.026492621887930636
max_per_side_B4,0.018458890278523953
max_per_side_B1,0.015209330140711179
n_sides,0.0008606444289644563
