{
  "test": {
    "n_trees": 141,
    "MAE_B1": 0.14893617021276595,
    "bias_B1": -0.06382978723404255,
    "acc_pm1_B1": 0.9858156028368794,
    "MAE_B2": 0.24822695035460993,
    "bias_B2": -0.0070921985815602835,
    "acc_pm1_B2": 0.9858156028368794,
    "MAE_B3": 0.6950354609929078,
    "bias_B3": 0.014184397163120567,
    "acc_pm1_B3": 0.9078014184397163,
    "MAE_B4": 0.36879432624113473,
    "bias_B4": -0.07092198581560284,
    "acc_pm1_B4": 0.9574468085106383,
    "macro_class_mae": 0.36524822695035464,
    "macro_acc_pm1": 0.9592198581560284,
    "total_count_mae": 1.148936170212766,
    "total_pm1_acc": 0.6950354609929078,
    "exact_profile_acc": 0.2198581560283688,
    "n_estimators": 200,
    "max_depth": 10,
    "split": "test"
  },
  "val": {
    "n_trees": 96,
    "MAE_B1": 0.1875,
    "bias_B1": -0.10416666666666667,
    "acc_pm1_B1": 0.9791666666666666,
    "MAE_B2": 0.28125,
    "bias_B2": -0.07291666666666667,
    "acc_pm1_B2": 0.9791666666666666,
    "MAE_B3": 0.5833333333333334,
    "bias_B3": -0.041666666666666664,
    "acc_pm1_B3": 0.8958333333333334,
    "MAE_B4": 0.2604166666666667,
    "bias_B4": 0.052083333333333336,
    "acc_pm1_B4": 0.9895833333333334,
    "macro_class_mae": 0.32812500000000006,
    "macro_acc_pm1": 0.9609375,
    "total_count_mae": 1.0,
    "total_pm1_acc": 0.7708333333333334,
    "exact_profile_acc": 0.25,
    "split": "val"
  }
}