{
  "test": {
    "MAE_B1": 0.6105263157894737,
    "bias_B1": 0.18947368421052632,
    "acc_pm1_B1": 0.8842105263157894,
    "MAE_B2": 1.431578947368421,
    "bias_B2": -0.5473684210526316,
    "acc_pm1_B2": 0.631578947368421,
    "MAE_B3": 2.0105263157894737,
    "bias_B3": 0.2,
    "acc_pm1_B3": 0.5052631578947369,
    "MAE_B4": 1.3578947368421053,
    "bias_B4": -0.6631578947368421,
    "acc_pm1_B4": 0.6421052631578947,
    "macro_class_mae": 1.3526315789473684,
    "macro_acc_pm1": 0.6657894736842105,
    "total_count_mae": 3.0736842105263156,
    "total_pm1_acc": 0.4105263157894737,
    "exact_profile_acc": 0.021052631578947368,
    "split": "test"
  },
  "val": {
    "MAE_B1": 0.6,
    "bias_B1": 0.3263157894736842,
    "acc_pm1_B1": 0.8947368421052632,
    "MAE_B2": 0.9894736842105263,
    "bias_B2": -0.06315789473684211,
    "acc_pm1_B2": 0.6842105263157895,
    "MAE_B3": 2.221052631578947,
    "bias_B3": 0.031578947368421054,
    "acc_pm1_B3": 0.4631578947368421,
    "MAE_B4": 1.3894736842105264,
    "bias_B4": -0.9473684210526315,
    "acc_pm1_B4": 0.6,
    "macro_class_mae": 1.3,
    "macro_acc_pm1": 0.6605263157894737,
    "total_count_mae": 2.8421052631578947,
    "total_pm1_acc": 0.43157894736842106,
    "exact_profile_acc": 0.021052631578947368,
    "split": "val"
  }
}