feature,importance
naive_sum_B3,0.16826285520931772
mean_per_side_B3,0.13500810925480874
mean_per_side_B2,0.0973152848501349
mean_per_side_B4,0.08998938865802326
mean_per_side_B1,0.08485423027416367
naive_sum_B2,0.08377775670626535
naive_sum_B4,0.0800923702587853
max_per_side_B3,0.07918612018797747
naive_sum_B1,0.06162019367313596
max_per_side_B2,0.042862382906366035
max_per_side_B4,0.038518679985799824
max_per_side_B1,0.036186755783888115
n_sides,0.0023258722513338553
