{
  "test": {
    "MAE_B1": 0.42105263157894735,
    "bias_B1": -0.10526315789473684,
    "acc_pm1_B1": 0.9368421052631579,
    "MAE_B2": 1.368421052631579,
    "bias_B2": -0.06315789473684211,
    "acc_pm1_B2": 0.6210526315789474,
    "MAE_B3": 1.736842105263158,
    "bias_B3": 0.22105263157894736,
    "acc_pm1_B3": 0.47368421052631576,
    "MAE_B4": 1.4947368421052631,
    "bias_B4": 0.16842105263157894,
    "acc_pm1_B4": 0.5368421052631579,
    "macro_class_mae": 1.2552631578947369,
    "macro_acc_pm1": 0.6421052631578947,
    "total_count_mae": 2.3684210526315788,
    "total_pm1_acc": 0.3684210526315789,
    "exact_profile_acc": 0.0,
    "split": "test",
    "feature_importance": {
      "naive_sum_B1": 0.07635211877185775,
      "naive_sum_B2": 0.06794301910886938,
      "naive_sum_B3": 0.15636524345122227,
      "naive_sum_B4": 0.08194884037619254,
      "max_per_side_B1": 0.03367003143487785,
      "max_per_side_B2": 0.02744801628387023,
      "max_per_side_B3": 0.11142503641708919,
      "max_per_side_B4": 0.040906356988967135,
      "mean_per_side_B1": 0.08066171983934972,
      "mean_per_side_B2": 0.062604654596468,
      "mean_per_side_B3": 0.14471588876005134,
      "mean_per_side_B4": 0.11303383540491346,
      "n_sides": 0.0029252385662709435
    }
  },
  "val": {
    "MAE_B1": 0.42105263157894735,
    "bias_B1": -0.021052631578947368,
    "acc_pm1_B1": 0.9473684210526315,
    "MAE_B2": 1.063157894736842,
    "bias_B2": 0.2,
    "acc_pm1_B2": 0.7473684210526316,
    "MAE_B3": 1.6736842105263159,
    "bias_B3": 0.05263157894736842,
    "acc_pm1_B3": 0.5263157894736842,
    "MAE_B4": 1.3578947368421053,
    "bias_B4": -0.010526315789473684,
    "acc_pm1_B4": 0.6526315789473685,
    "macro_class_mae": 1.1289473684210527,
    "macro_acc_pm1": 0.7184210526315788,
    "total_count_mae": 2.1578947368421053,
    "total_pm1_acc": 0.42105263157894735,
    "exact_profile_acc": 0.0,
    "split": "val"
  }
}