{
  "test": {
    "MAE_B1": 0.6210526315789474,
    "bias_B1": 0.2,
    "acc_pm1_B1": 0.8736842105263158,
    "MAE_B2": 1.3789473684210527,
    "bias_B2": -0.49473684210526314,
    "acc_pm1_B2": 0.6526315789473685,
    "MAE_B3": 1.9894736842105263,
    "bias_B3": 0.24210526315789474,
    "acc_pm1_B3": 0.5157894736842106,
    "MAE_B4": 1.3578947368421053,
    "bias_B4": -0.6631578947368421,
    "acc_pm1_B4": 0.6421052631578947,
    "macro_class_mae": 1.3368421052631578,
    "macro_acc_pm1": 0.6710526315789473,
    "total_count_mae": 3.0105263157894737,
    "total_pm1_acc": 0.4421052631578947,
    "exact_profile_acc": 0.021052631578947368,
    "n_trees": 95,
    "split": "test"
  },
  "val": {
    "MAE_B1": 0.5684210526315789,
    "bias_B1": 0.3368421052631579,
    "acc_pm1_B1": 0.9052631578947369,
    "MAE_B2": 0.9894736842105263,
    "bias_B2": -0.06315789473684211,
    "acc_pm1_B2": 0.6842105263157895,
    "MAE_B3": 2.2736842105263158,
    "bias_B3": 0.08421052631578947,
    "acc_pm1_B3": 0.45263157894736844,
    "MAE_B4": 1.3894736842105264,
    "bias_B4": -0.9473684210526315,
    "acc_pm1_B4": 0.6,
    "macro_class_mae": 1.305263157894737,
    "macro_acc_pm1": 0.6605263157894737,
    "total_count_mae": 2.8842105263157896,
    "total_pm1_acc": 0.43157894736842106,
    "exact_profile_acc": 0.021052631578947368,
    "n_trees": 95,
    "split": "val"
  }
}