{
  "test": {
    "MAE_B1": 0.45263157894736844,
    "bias_B1": -0.05263157894736842,
    "acc_pm1_B1": 0.9157894736842105,
    "MAE_B2": 1.231578947368421,
    "bias_B2": -0.1368421052631579,
    "acc_pm1_B2": 0.6526315789473685,
    "MAE_B3": 1.6736842105263159,
    "bias_B3": 0.2,
    "acc_pm1_B3": 0.5684210526315789,
    "MAE_B4": 1.3263157894736841,
    "bias_B4": 0.29473684210526313,
    "acc_pm1_B4": 0.6421052631578947,
    "macro_class_mae": 1.1710526315789473,
    "macro_acc_pm1": 0.6947368421052631,
    "total_count_mae": 2.1578947368421053,
    "total_pm1_acc": 0.3684210526315789,
    "exact_profile_acc": 0.021052631578947368,
    "split": "test"
  },
  "val": {
    "MAE_B1": 0.43157894736842106,
    "bias_B1": 0.010526315789473684,
    "acc_pm1_B1": 0.9473684210526315,
    "MAE_B2": 1.1157894736842104,
    "bias_B2": 0.3368421052631579,
    "acc_pm1_B2": 0.7894736842105263,
    "MAE_B3": 1.7578947368421052,
    "bias_B3": -0.15789473684210525,
    "acc_pm1_B3": 0.5052631578947369,
    "MAE_B4": 1.368421052631579,
    "bias_B4": -0.12631578947368421,
    "acc_pm1_B4": 0.6736842105263158,
    "macro_class_mae": 1.1684210526315788,
    "macro_acc_pm1": 0.7289473684210527,
    "total_count_mae": 2.042105263157895,
    "total_pm1_acc": 0.4105263157894737,
    "exact_profile_acc": 0.0,
    "split": "val"
  }
}