feature,importance
naive_sum_B3,0.1541119110521742
mean_per_side_B3,0.12482081680650406
mean_per_side_B1,0.09590687247098555
mean_per_side_B4,0.09098093842566092
max_per_side_B3,0.0898437503503613
mean_per_side_B2,0.08849592160436708
naive_sum_B2,0.07735437270265196
naive_sum_B4,0.07340486218491121
naive_sum_B1,0.06754894375460369
max_per_side_B4,0.054743975070159864
max_per_side_B2,0.04209944775487274
max_per_side_B1,0.03839236322383485
n_sides,0.0022958245989125018
