feature,importance
mean_per_side_B3,0.1874673032311495
naive_sum_B3,0.1578997385190725
mean_per_side_B2,0.08793062372362348
mean_per_side_B4,0.08724403186768684
naive_sum_B4,0.08608016020448168
mean_per_side_B1,0.08010670837319218
naive_sum_B2,0.06954749835875502
naive_sum_B1,0.06594279539824267
max_per_side_B3,0.06106444975867147
max_per_side_B4,0.043015585943497636
max_per_side_B2,0.0417186970506595
max_per_side_B1,0.03050150427708273
n_sides,0.0014809032938849628
