{
  "test": {
    "MAE_B1": 0.5157894736842106,
    "bias_B1": 0.11578947368421053,
    "acc_pm1_B1": 0.9473684210526315,
    "MAE_B2": 1.305263157894737,
    "bias_B2": -0.631578947368421,
    "acc_pm1_B2": 0.6210526315789474,
    "MAE_B3": 2.2736842105263158,
    "bias_B3": -2.042105263157895,
    "acc_pm1_B3": 0.45263157894736844,
    "MAE_B4": 1.4,
    "bias_B4": -1.063157894736842,
    "acc_pm1_B4": 0.6631578947368421,
    "macro_class_mae": 1.3736842105263158,
    "macro_acc_pm1": 0.6710526315789473,
    "total_count_mae": 3.8105263157894735,
    "total_pm1_acc": 0.25263157894736843,
    "exact_profile_acc": 0.0,
    "split": "test"
  },
  "val": {
    "MAE_B1": 0.4105263157894737,
    "bias_B1": 0.1368421052631579,
    "acc_pm1_B1": 0.9263157894736842,
    "MAE_B2": 1.0526315789473684,
    "bias_B2": -0.10526315789473684,
    "acc_pm1_B2": 0.7368421052631579,
    "MAE_B3": 2.4842105263157896,
    "bias_B3": -2.3157894736842106,
    "acc_pm1_B3": 0.3157894736842105,
    "MAE_B4": 1.4736842105263157,
    "bias_B4": -1.2421052631578948,
    "acc_pm1_B4": 0.5789473684210527,
    "macro_class_mae": 1.355263157894737,
    "macro_acc_pm1": 0.6394736842105263,
    "total_count_mae": 3.5473684210526315,
    "total_pm1_acc": 0.2,
    "exact_profile_acc": 0.010526315789473684,
    "split": "val"
  }
}