{"image": "DAMIMAS_A21B_0020_3.jpg", "detector": "y26m", "detections": [{"class_name": "B3", "bbox_yolo": [0.5809800624847412, 0.4336179196834564, 0.11093232780694962, 0.08981657028198242], "conf": 0.6170316338539124}, {"class_name": "B2", "bbox_yolo": [0.45506659150123596, 0.46217259764671326, 0.10349859297275543, 0.0988697037100792], "conf": 0.2976705729961395}], "count_per_class": {"B1": 0, "B2": 1, "B3": 1, "B4": 0}, "side_index": 2}