{"image": "DAMIMAS_A21B_0766_3.jpg", "detector": "y26m", "detections": [{"class_name": "B3", "bbox_yolo": [0.7539710402488708, 0.3316670358181, 0.12865379452705383, 0.11169586330652237], "conf": 0.6700905561447144}, {"class_name": "B2", "bbox_yolo": [0.29119229316711426, 0.3903002440929413, 0.14018982648849487, 0.11924958229064941], "conf": 0.47554919123649597}, {"class_name": "B4", "bbox_yolo": [0.4886837303638458, 0.21002335846424103, 0.10206276923418045, 0.08745987713336945], "conf": 0.37431707978248596}], "count_per_class": {"B1": 0, "B2": 1, "B3": 1, "B4": 1}, "side_index": 2}