{"image": "DAMIMAS_A21B_0039_3.jpg", "detector": "y26m", "detections": [{"class_name": "B1", "bbox_yolo": [0.3665172755718231, 0.5248746275901794, 0.15314233303070068, 0.13134928047657013], "conf": 0.7446804642677307}, {"class_name": "B3", "bbox_yolo": [0.49940377473831177, 0.47728273272514343, 0.11302557587623596, 0.09458418190479279], "conf": 0.6311129331588745}, {"class_name": "B3", "bbox_yolo": [0.6352161765098572, 0.48885899782180786, 0.12752941250801086, 0.11592507362365723], "conf": 0.3318274915218353}, {"class_name": "B2", "bbox_yolo": [0.6352161765098572, 0.48885899782180786, 0.12752941250801086, 0.11592507362365723], "conf": 0.2632615864276886}], "count_per_class": {"B1": 1, "B2": 1, "B3": 2, "B4": 0}, "side_index": 2}