{"image": "DAMIMAS_A21B_0443_1.jpg", "detector": "y26m", "detections": [{"class_name": "B3", "bbox_yolo": [0.47686967253685, 0.5033549666404724, 0.06756048649549484, 0.05599579960107803], "conf": 0.5948059558868408}, {"class_name": "B2", "bbox_yolo": [0.41797804832458496, 0.5246024131774902, 0.06915388256311417, 0.060742806643247604], "conf": 0.26778197288513184}, {"class_name": "B1", "bbox_yolo": [0.41797804832458496, 0.5246024131774902, 0.06915388256311417, 0.060742806643247604], "conf": 0.2677731215953827}], "count_per_class": {"B1": 1, "B2": 1, "B3": 1, "B4": 0}, "side_index": 0}