{"image": "DAMIMAS_A21B_0298_3.jpg", "detector": "y26m", "detections": [{"class_name": "B3", "bbox_yolo": [0.6412894129753113, 0.4932565689086914, 0.1291569471359253, 0.10822983086109161], "conf": 0.6344144940376282}, {"class_name": "B3", "bbox_yolo": [0.48384833335876465, 0.41092100739479065, 0.12898419797420502, 0.09395172446966171], "conf": 0.5762122273445129}, {"class_name": "B2", "bbox_yolo": [0.4349146783351898, 0.5209210515022278, 0.14937658607959747, 0.13644185662269592], "conf": 0.4471210539340973}, {"class_name": "B3", "bbox_yolo": [0.4349146783351898, 0.5209210515022278, 0.14937658607959747, 0.13644185662269592], "conf": 0.27993854880332947}], "count_per_class": {"B1": 0, "B2": 1, "B3": 3, "B4": 0}, "side_index": 2}