{"image": "DAMIMAS_A21B_0847_5.jpg", "detector": "y26m", "detections": [{"class_name": "B3", "bbox_yolo": [0.400723934173584, 0.33573874831199646, 0.12433647364377975, 0.09589109569787979], "conf": 0.6780961155891418}, {"class_name": "B2", "bbox_yolo": [0.32863402366638184, 0.41350671648979187, 0.11995891481637955, 0.10934014618396759], "conf": 0.5828814506530762}, {"class_name": "B1", "bbox_yolo": [0.7324797511100769, 0.4183763563632965, 0.16109588742256165, 0.12272143363952637], "conf": 0.5683572292327881}, {"class_name": "B3", "bbox_yolo": [0.5552509427070618, 0.3877076804637909, 0.15764883160591125, 0.11921024322509766], "conf": 0.4000187814235687}], "count_per_class": {"B1": 1, "B2": 1, "B3": 2, "B4": 0}, "side_index": 4}