{"image": "DAMIMAS_A21B_0676_3.jpg", "detector": "y26m", "detections": [{"class_name": "B1", "bbox_yolo": [0.5704465508460999, 0.49332451820373535, 0.2606229782104492, 0.2056349813938141], "conf": 0.7875300049781799}, {"class_name": "B3", "bbox_yolo": [0.4663303792476654, 0.32522091269493103, 0.1885969191789627, 0.14025847613811493], "conf": 0.6174392700195312}, {"class_name": "B3", "bbox_yolo": [0.2430877983570099, 0.43416628241539, 0.2204558551311493, 0.16443414986133575], "conf": 0.3838841915130615}, {"class_name": "B3", "bbox_yolo": [0.7474210262298584, 0.3603772819042206, 0.1575770080089569, 0.16181214153766632], "conf": 0.37931662797927856}], "count_per_class": {"B1": 1, "B2": 0, "B3": 3, "B4": 0}, "side_index": 2}