{"image": "DAMIMAS_A21B_0442_3.jpg", "detector": "y26m", "detections": [{"class_name": "B3", "bbox_yolo": [0.4930996894836426, 0.4168051779270172, 0.07273442298173904, 0.061299849301576614], "conf": 0.31700149178504944}, {"class_name": "B3", "bbox_yolo": [0.44571346044540405, 0.39158862829208374, 0.04774074628949165, 0.040982961654663086], "conf": 0.30334168672561646}, {"class_name": "B1", "bbox_yolo": [0.5801346302032471, 0.42660021781921387, 0.07147999107837677, 0.05196056514978409], "conf": 0.2962080240249634}], "count_per_class": {"B1": 1, "B2": 0, "B3": 2, "B4": 0}, "side_index": 2}