{"image": "DAMIMAS_A21B_0383_2.jpg", "detector": "y26m", "detections": [{"class_name": "B3", "bbox_yolo": [0.6249929070472717, 0.44303956627845764, 0.06619714200496674, 0.051218222826719284], "conf": 0.3641052544116974}, {"class_name": "B3", "bbox_yolo": [0.4690287411212921, 0.4466784596443176, 0.06535005569458008, 0.05748424679040909], "conf": 0.32200828194618225}, {"class_name": "B2", "bbox_yolo": [0.6350516080856323, 0.506166934967041, 0.10313200205564499, 0.07688570022583008], "conf": 0.27558547258377075}, {"class_name": "B2", "bbox_yolo": [0.3474486768245697, 0.5183972716331482, 0.09472965449094772, 0.0741426944732666], "conf": 0.264281690120697}], "count_per_class": {"B1": 0, "B2": 2, "B3": 2, "B4": 0}, "side_index": 1}