{"image": "DAMIMAS_A21B_0465_1.jpg", "detector": "y26m", "detections": [{"class_name": "B1", "bbox_yolo": [0.4266500771045685, 0.4098370671272278, 0.10443764179944992, 0.08872780948877335], "conf": 0.8525817394256592}, {"class_name": "B1", "bbox_yolo": [0.6360569596290588, 0.4122764766216278, 0.04660371318459511, 0.06286203861236572], "conf": 0.4144398272037506}, {"class_name": "B3", "bbox_yolo": [0.5985282063484192, 0.3836045265197754, 0.05699291452765465, 0.05154111608862877], "conf": 0.36580780148506165}, {"class_name": "B3", "bbox_yolo": [0.5226998329162598, 0.39403751492500305, 0.07000312954187393, 0.0667947307229042], "conf": 0.3587864935398102}], "count_per_class": {"B1": 2, "B2": 0, "B3": 2, "B4": 0}, "side_index": 0}