{"image": "DAMIMAS_A21B_0525_4.jpg", "detector": "y26m", "detections": [{"class_name": "B2", "bbox_yolo": [0.3334258496761322, 0.5358557105064392, 0.1254950612783432, 0.10696201771497726], "conf": 0.6342271566390991}, {"class_name": "B3", "bbox_yolo": [0.6749661564826965, 0.5353404879570007, 0.14491450786590576, 0.10684843361377716], "conf": 0.5091232657432556}, {"class_name": "B2", "bbox_yolo": [0.6749661564826965, 0.5353404879570007, 0.14491450786590576, 0.10684843361377716], "conf": 0.2545172870159149}], "count_per_class": {"B1": 0, "B2": 2, "B3": 1, "B4": 0}, "side_index": 3}