{"image": "DAMIMAS_A21B_0095_2.jpg", "detector": "y26m", "detections": [{"class_name": "B2", "bbox_yolo": [0.5517270565032959, 0.5264795422554016, 0.1290096938610077, 0.11138272285461426], "conf": 0.6939719915390015}, {"class_name": "B3", "bbox_yolo": [0.4427100419998169, 0.4924275577068329, 0.11047058552503586, 0.0966312438249588], "conf": 0.4210239052772522}], "count_per_class": {"B1": 0, "B2": 1, "B3": 1, "B4": 0}, "side_index": 1}