{"image": "DAMIMAS_A21B_0451_4.jpg", "detector": "y26m", "detections": [{"class_name": "B1", "bbox_yolo": [0.5747600197792053, 0.43338266015052795, 0.10355641692876816, 0.07819356769323349], "conf": 0.7014575004577637}, {"class_name": "B3", "bbox_yolo": [0.5782406330108643, 0.37279534339904785, 0.06673704832792282, 0.04855528101325035], "conf": 0.34789586067199707}, {"class_name": "B3", "bbox_yolo": [0.4747283458709717, 0.39085325598716736, 0.08278001844882965, 0.05374443531036377], "conf": 0.25270846486091614}], "count_per_class": {"B1": 1, "B2": 0, "B3": 2, "B4": 0}, "side_index": 3}