{"image": "DAMIMAS_A21B_0543_1.jpg", "detector": "y26m", "detections": [{"class_name": "B2", "bbox_yolo": [0.5279907584190369, 0.42620736360549927, 0.11455333232879639, 0.08518841117620468], "conf": 0.3838895857334137}], "count_per_class": {"B1": 0, "B2": 1, "B3": 0, "B4": 0}, "side_index": 0}