{"image": "DAMIMAS_A21B_0156_4.jpg", "detector": "y26m", "detections": [{"class_name": "B3", "bbox_yolo": [0.4477871060371399, 0.37691208720207214, 0.1126006469130516, 0.09923942387104034], "conf": 0.5294327139854431}, {"class_name": "B3", "bbox_yolo": [0.27870020270347595, 0.41288504004478455, 0.13374167680740356, 0.09887345135211945], "conf": 0.4891013205051422}, {"class_name": "B3", "bbox_yolo": [0.6946731209754944, 0.4491546154022217, 0.1264878660440445, 0.10031869262456894], "conf": 0.3540687561035156}, {"class_name": "B2", "bbox_yolo": [0.6946731209754944, 0.4491546154022217, 0.1264878660440445, 0.10031869262456894], "conf": 0.2810584008693695}], "count_per_class": {"B1": 0, "B2": 1, "B3": 3, "B4": 0}, "side_index": 3}