{"image": "DAMIMAS_A21B_0109_4.jpg", "detector": "y26m", "detections": [{"class_name": "B1", "bbox_yolo": [0.650371789932251, 0.47989341616630554, 0.14156559109687805, 0.09809765964746475], "conf": 0.7670415639877319}, {"class_name": "B3", "bbox_yolo": [0.37034571170806885, 0.4319293200969696, 0.13071376085281372, 0.10790195316076279], "conf": 0.7283801436424255}, {"class_name": "B2", "bbox_yolo": [0.27063828706741333, 0.49208518862724304, 0.13108079135417938, 0.1089271530508995], "conf": 0.6681051254272461}, {"class_name": "B3", "bbox_yolo": [0.5318447351455688, 0.4690016210079193, 0.1133783683180809, 0.10866556316614151], "conf": 0.3492397665977478}], "count_per_class": {"B1": 1, "B2": 1, "B3": 2, "B4": 0}, "side_index": 3}