{"image": "DAMIMAS_A21B_0645_1.jpg", "detector": "y26m", "detections": [{"class_name": "B3", "bbox_yolo": [0.8245988488197327, 0.28952765464782715, 0.15697944164276123, 0.12960894405841827], "conf": 0.6381734013557434}, {"class_name": "B3", "bbox_yolo": [0.42740926146507263, 0.1622971147298813, 0.27705588936805725, 0.24770307540893555], "conf": 0.37931764125823975}, {"class_name": "B4", "bbox_yolo": [0.42740926146507263, 0.1622971147298813, 0.27705588936805725, 0.24770307540893555], "conf": 0.33412840962409973}], "count_per_class": {"B1": 0, "B2": 0, "B3": 2, "B4": 1}, "side_index": 0}