{"image": "DAMIMAS_A21B_0420_2.jpg", "detector": "y26m", "detections": [{"class_name": "B3", "bbox_yolo": [0.34591206908226013, 0.4376656711101532, 0.1744198203086853, 0.13180403411388397], "conf": 0.46439898014068604}], "count_per_class": {"B1": 0, "B2": 0, "B3": 1, "B4": 0}, "side_index": 1}