{"image": "DAMIMAS_A21B_0130_2.jpg", "detector": "y26m", "detections": [{"class_name": "B3", "bbox_yolo": [0.6552165746688843, 0.44603830575942993, 0.10062599927186966, 0.09211700409650803], "conf": 0.6247639656066895}, {"class_name": "B3", "bbox_yolo": [0.5664335489273071, 0.39761319756507874, 0.1117047369480133, 0.09476759284734726], "conf": 0.4999045431613922}, {"class_name": "B3", "bbox_yolo": [0.33997175097465515, 0.4589254558086395, 0.11086906492710114, 0.10536551475524902], "conf": 0.33497026562690735}, {"class_name": "B4", "bbox_yolo": [0.5664335489273071, 0.39761319756507874, 0.1117047369480133, 0.09476759284734726], "conf": 0.2573505640029907}], "count_per_class": {"B1": 0, "B2": 0, "B3": 3, "B4": 1}, "side_index": 1}