{"image": "DAMIMAS_A21B_0333_4.jpg", "detector": "y26m", "detections": [{"class_name": "B1", "bbox_yolo": [0.5730770230293274, 0.518593430519104, 0.1156734824180603, 0.103052519261837], "conf": 0.7752881050109863}, {"class_name": "B3", "bbox_yolo": [0.4435560405254364, 0.5031299591064453, 0.10519107431173325, 0.08039946854114532], "conf": 0.5631069540977478}], "count_per_class": {"B1": 1, "B2": 0, "B3": 1, "B4": 0}, "side_index": 3}