{"image": "DAMIMAS_A21B_0004_1.jpg", "detector": "y26m", "detections": [{"class_name": "B3", "bbox_yolo": [0.3318660259246826, 0.46267881989479065, 0.1301916539669037, 0.1079251766204834], "conf": 0.4946228563785553}, {"class_name": "B3", "bbox_yolo": [0.4424344599246979, 0.4161864221096039, 0.10839039832353592, 0.08529265224933624], "conf": 0.2774386703968048}], "count_per_class": {"B1": 0, "B2": 0, "B3": 2, "B4": 0}, "side_index": 0}