{"image": "DAMIMAS_A21B_0267_3.jpg", "detector": "y26m", "detections": [{"class_name": "B3", "bbox_yolo": [0.40195900201797485, 0.34723225235939026, 0.1138869971036911, 0.09698162227869034], "conf": 0.6426401138305664}, {"class_name": "B3", "bbox_yolo": [0.3169010281562805, 0.4243907928466797, 0.10261040180921555, 0.08030402660369873], "conf": 0.45822712779045105}, {"class_name": "B3", "bbox_yolo": [0.5632187128067017, 0.3616804778575897, 0.10677948594093323, 0.10350599139928818], "conf": 0.30425935983657837}], "count_per_class": {"B1": 0, "B2": 0, "B3": 3, "B4": 0}, "side_index": 2}