{"image": "DAMIMAS_A21B_0256_2.jpg", "detector": "y26m", "detections": [{"class_name": "B3", "bbox_yolo": [0.6727213263511658, 0.42208296060562134, 0.13866107165813446, 0.10292711108922958], "conf": 0.6051525473594666}], "count_per_class": {"B1": 0, "B2": 0, "B3": 1, "B4": 0}, "side_index": 1}