{"image": "DAMIMAS_A21B_0841_6.jpg", "detector": "y26m", "detections": [{"class_name": "B3", "bbox_yolo": [0.4367125332355499, 0.35228776931762695, 0.1264316290616989, 0.10734956711530685], "conf": 0.48651090264320374}, {"class_name": "B3", "bbox_yolo": [0.6558082699775696, 0.3249606788158417, 0.09832287579774857, 0.09009581059217453], "conf": 0.4462101459503174}, {"class_name": "B3", "bbox_yolo": [0.3278510570526123, 0.33415547013282776, 0.06754106283187866, 0.0595778226852417], "conf": 0.2765251696109772}], "count_per_class": {"B1": 0, "B2": 0, "B3": 3, "B4": 0}, "side_index": 5}