{"image": "DAMIMAS_A21B_0019_1.jpg", "detector": "y26m", "detections": [{"class_name": "B1", "bbox_yolo": [0.4324796199798584, 0.5635724067687988, 0.12033294886350632, 0.086339570581913], "conf": 0.7003827095031738}, {"class_name": "B3", "bbox_yolo": [0.5692625045776367, 0.543587863445282, 0.11101329326629639, 0.08378767967224121], "conf": 0.5763267278671265}, {"class_name": "B3", "bbox_yolo": [0.36484673619270325, 0.514462947845459, 0.07780679315328598, 0.06034383922815323], "conf": 0.44230806827545166}, {"class_name": "B4", "bbox_yolo": [0.5780998468399048, 0.47419625520706177, 0.08311411738395691, 0.05360221862792969], "conf": 0.3976829946041107}], "count_per_class": {"B1": 1, "B2": 0, "B3": 2, "B4": 1}, "side_index": 0}