{"image": "DAMIMAS_A21B_0431_1.jpg", "detector": "y26m", "detections": [{"class_name": "B2", "bbox_yolo": [0.3790639340877533, 0.4448464512825012, 0.062194351106882095, 0.06224408373236656], "conf": 0.3590143620967865}, {"class_name": "B3", "bbox_yolo": [0.49524062871932983, 0.4411735534667969, 0.07211802899837494, 0.06066861376166344], "conf": 0.32181426882743835}, {"class_name": "B3", "bbox_yolo": [0.418016254901886, 0.4116353988647461, 0.05293843150138855, 0.040818262845277786], "conf": 0.27659863233566284}, {"class_name": "B3", "bbox_yolo": [0.41908034682273865, 0.4149510860443115, 0.062003012746572495, 0.04917299747467041], "conf": 0.2564975619316101}], "count_per_class": {"B1": 0, "B2": 1, "B3": 3, "B4": 0}, "side_index": 0}