{"image": "DAMIMAS_A21B_0128_4.jpg", "detector": "y26m", "detections": [{"class_name": "B3", "bbox_yolo": [0.5363022089004517, 0.3810623288154602, 0.16846759617328644, 0.14594152569770813], "conf": 0.6436907052993774}, {"class_name": "B2", "bbox_yolo": [0.35443562269210815, 0.4428184926509857, 0.18295936286449432, 0.14993324875831604], "conf": 0.5674496293067932}, {"class_name": "B3", "bbox_yolo": [0.29717934131622314, 0.3685550391674042, 0.11032074689865112, 0.07639195770025253], "conf": 0.42928624153137207}, {"class_name": "B4", "bbox_yolo": [0.42028379440307617, 0.32976484298706055, 0.12021434307098389, 0.08716924488544464], "conf": 0.39468491077423096}], "count_per_class": {"B1": 0, "B2": 1, "B3": 2, "B4": 1}, "side_index": 3}