{"image": "DAMIMAS_A21B_0744_3.jpg", "detector": "y26m", "detections": [{"class_name": "B2", "bbox_yolo": [0.5802077651023865, 0.44361552596092224, 0.17645801603794098, 0.12440609931945801], "conf": 0.6721231937408447}, {"class_name": "B3", "bbox_yolo": [0.3975796401500702, 0.41423463821411133, 0.1486569195985794, 0.13339629769325256], "conf": 0.6398271322250366}, {"class_name": "B3", "bbox_yolo": [0.6780434250831604, 0.36539098620414734, 0.114296093583107, 0.0859566479921341], "conf": 0.331551194190979}], "count_per_class": {"B1": 0, "B2": 1, "B3": 2, "B4": 0}, "side_index": 2}