{"image": "DAMIMAS_A21B_0516_3.jpg", "detector": "y26m", "detections": [{"class_name": "B2", "bbox_yolo": [0.4212387800216675, 0.412203848361969, 0.10828470438718796, 0.09630425274372101], "conf": 0.6735893487930298}, {"class_name": "B3", "bbox_yolo": [0.5973448753356934, 0.37927743792533875, 0.07814057916402817, 0.06353511661291122], "conf": 0.3173365890979767}, {"class_name": "B3", "bbox_yolo": [0.3490717113018036, 0.372753381729126, 0.06735385954380035, 0.06579215824604034], "conf": 0.2861517071723938}], "count_per_class": {"B1": 0, "B2": 1, "B3": 2, "B4": 0}, "side_index": 2}