{"image": "DAMIMAS_A21B_0037_1.jpg", "detector": "y26m", "detections": [{"class_name": "B3", "bbox_yolo": [0.462505042552948, 0.5085010528564453, 0.10121412575244904, 0.08196435123682022], "conf": 0.5755869746208191}, {"class_name": "B2", "bbox_yolo": [0.5683373808860779, 0.5248671770095825, 0.09121761471033096, 0.0767403170466423], "conf": 0.3920489251613617}, {"class_name": "B4", "bbox_yolo": [0.5260130763053894, 0.4517853856086731, 0.08671112358570099, 0.0592011921107769], "conf": 0.2916591465473175}], "count_per_class": {"B1": 0, "B2": 1, "B3": 1, "B4": 1}, "side_index": 0}