{"image": "DAMIMAS_A21B_0062_4.jpg", "detector": "y26m", "detections": [{"class_name": "B2", "bbox_yolo": [0.47680798172950745, 0.2951768934726715, 0.17755630612373352, 0.13616597652435303], "conf": 0.591575562953949}, {"class_name": "B3", "bbox_yolo": [0.7161191701889038, 0.26581159234046936, 0.12431730329990387, 0.11179628223180771], "conf": 0.5446178913116455}, {"class_name": "B3", "bbox_yolo": [0.5821061134338379, 0.21368007361888885, 0.13531561195850372, 0.09028062969446182], "conf": 0.41208207607269287}, {"class_name": "B3", "bbox_yolo": [0.3415747880935669, 0.30661651492118835, 0.11610908806324005, 0.1056099683046341], "conf": 0.32479262351989746}], "count_per_class": {"B1": 0, "B2": 1, "B3": 3, "B4": 0}, "side_index": 3}