{"image": "DAMIMAS_A21B_0007_1.jpg", "detector": "y26m", "detections": [{"class_name": "B3", "bbox_yolo": [0.3739125728607178, 0.46183761954307556, 0.12333562225103378, 0.11053667217493057], "conf": 0.6661534309387207}, {"class_name": "B2", "bbox_yolo": [0.6673683524131775, 0.49041375517845154, 0.12977060675621033, 0.09645714610815048], "conf": 0.5265573263168335}, {"class_name": "B3", "bbox_yolo": [0.6235787272453308, 0.41309720277786255, 0.11772830039262772, 0.08338532596826553], "conf": 0.4441124498844147}, {"class_name": "B4", "bbox_yolo": [0.4801887571811676, 0.39006534218788147, 0.10957890003919601, 0.08364980667829514], "conf": 0.3340691328048706}], "count_per_class": {"B1": 0, "B2": 1, "B3": 2, "B4": 1}, "side_index": 0}