{"image": "DAMIMAS_A21B_0527_1.jpg", "detector": "y26m", "detections": [{"class_name": "B3", "bbox_yolo": [0.45662856101989746, 0.4876438081264496, 0.1210547536611557, 0.09771352261304855], "conf": 0.7152336835861206}, {"class_name": "B2", "bbox_yolo": [0.33946356177330017, 0.5268237590789795, 0.12989991903305054, 0.11293669044971466], "conf": 0.6955053210258484}, {"class_name": "B3", "bbox_yolo": [0.67739337682724, 0.44469329714775085, 0.10442333668470383, 0.07875614613294601], "conf": 0.367480605840683}], "count_per_class": {"B1": 0, "B2": 1, "B3": 2, "B4": 0}, "side_index": 0}