{"image": "DAMIMAS_A21B_0385_1.jpg", "detector": "y26m", "detections": [{"class_name": "B4", "bbox_yolo": [0.37112370133399963, 0.25652751326560974, 0.10803811252117157, 0.0921928882598877], "conf": 0.368424654006958}, {"class_name": "B2", "bbox_yolo": [0.37834545969963074, 0.3427679240703583, 0.11420892924070358, 0.0887610912322998], "conf": 0.3374081552028656}, {"class_name": "B3", "bbox_yolo": [0.3028406798839569, 0.3030511438846588, 0.06951303780078888, 0.07681141048669815], "conf": 0.30335578322410583}, {"class_name": "B1", "bbox_yolo": [0.6813995838165283, 0.36689814925193787, 0.1058894544839859, 0.08377087116241455], "conf": 0.29390275478363037}], "count_per_class": {"B1": 1, "B2": 1, "B3": 1, "B4": 1}, "side_index": 0}