{"image": "DAMIMAS_A21B_0243_3.jpg", "detector": "y26m", "detections": [{"class_name": "B2", "bbox_yolo": [0.5521494150161743, 0.38747677206993103, 0.09413983672857285, 0.08092115074396133], "conf": 0.5413866639137268}, {"class_name": "B3", "bbox_yolo": [0.42465654015541077, 0.36871105432510376, 0.07768765091896057, 0.06224553659558296], "conf": 0.33003032207489014}, {"class_name": "B3", "bbox_yolo": [0.6596757769584656, 0.3681440055370331, 0.0730690062046051, 0.06980889290571213], "conf": 0.29101961851119995}], "count_per_class": {"B1": 0, "B2": 1, "B3": 2, "B4": 0}, "side_index": 2}