{"image": "DAMIMAS_A21B_0431_2.jpg", "detector": "y26m", "detections": [{"class_name": "B3", "bbox_yolo": [0.41866305470466614, 0.4768984019756317, 0.09541559964418411, 0.0794353038072586], "conf": 0.4874837100505829}, {"class_name": "B3", "bbox_yolo": [0.6548932790756226, 0.4798707067966461, 0.07049554586410522, 0.05557112768292427], "conf": 0.38471120595932007}, {"class_name": "B3", "bbox_yolo": [0.5959593653678894, 0.4504653513431549, 0.06775977462530136, 0.053496647626161575], "conf": 0.3518737256526947}, {"class_name": "B2", "bbox_yolo": [0.3627042770385742, 0.5151848793029785, 0.08306141197681427, 0.07311268150806427], "conf": 0.28726309537887573}], "count_per_class": {"B1": 0, "B2": 1, "B3": 3, "B4": 0}, "side_index": 1}