{"image": "DAMIMAS_A21B_0213_4.jpg", "detector": "y26m", "detections": [{"class_name": "B3", "bbox_yolo": [0.6168878078460693, 0.4430220127105713, 0.07264067977666855, 0.06375350803136826], "conf": 0.3517981767654419}], "count_per_class": {"B1": 0, "B2": 0, "B3": 1, "B4": 0}, "side_index": 3}