{"image": "DAMIMAS_A21B_0467_3.jpg", "detector": "y26m", "detections": [{"class_name": "B3", "bbox_yolo": [0.5919386148452759, 0.3946119248867035, 0.06100565940141678, 0.049205876886844635], "conf": 0.3451071083545685}], "count_per_class": {"B1": 0, "B2": 0, "B3": 1, "B4": 0}, "side_index": 2}