{"image": "DAMIMAS_A21B_0401_3.jpg", "detector": "y26m", "detections": [{"class_name": "B3", "bbox_yolo": [0.4508644938468933, 0.45662689208984375, 0.1398695707321167, 0.10247116535902023], "conf": 0.531358540058136}, {"class_name": "B3", "bbox_yolo": [0.6798850297927856, 0.41612958908081055, 0.10970631241798401, 0.09126939624547958], "conf": 0.34321367740631104}, {"class_name": "B4", "bbox_yolo": [0.40719205141067505, 0.36519238352775574, 0.11600733548402786, 0.08140385150909424], "conf": 0.27536362409591675}], "count_per_class": {"B1": 0, "B2": 0, "B3": 2, "B4": 1}, "side_index": 2}