{"image": "DAMIMAS_A21B_0476_1.jpg", "detector": "y26m", "detections": [{"class_name": "B3", "bbox_yolo": [0.45793160796165466, 0.39319783449172974, 0.1067734807729721, 0.09450791031122208], "conf": 0.6279283761978149}, {"class_name": "B3", "bbox_yolo": [0.6985729336738586, 0.4085262417793274, 0.08894851058721542, 0.07965445518493652], "conf": 0.2589433193206787}], "count_per_class": {"B1": 0, "B2": 0, "B3": 2, "B4": 0}, "side_index": 0}