{"image": "DAMIMAS_A21B_0348_1.jpg", "detector": "y26m", "detections": [{"class_name": "B1", "bbox_yolo": [0.37087714672088623, 0.4273715615272522, 0.12907537817955017, 0.09764516353607178], "conf": 0.7763687372207642}, {"class_name": "B3", "bbox_yolo": [0.4775495231151581, 0.3822677433490753, 0.09828478842973709, 0.08356728404760361], "conf": 0.5852867960929871}, {"class_name": "B4", "bbox_yolo": [0.37590551376342773, 0.3593998849391937, 0.06800292432308197, 0.04516599327325821], "conf": 0.3274287283420563}, {"class_name": "B1", "bbox_yolo": [0.6425440907478333, 0.4240807592868805, 0.07290522754192352, 0.056841183453798294], "conf": 0.2933724522590637}], "count_per_class": {"B1": 2, "B2": 0, "B3": 1, "B4": 1}, "side_index": 0}