{"image": "DAMIMAS_A21B_0345_1.jpg", "detector": "y26m", "detections": [{"class_name": "B1", "bbox_yolo": [0.5618297457695007, 0.3662970960140228, 0.1292393058538437, 0.10361824184656143], "conf": 0.6528621912002563}, {"class_name": "B4", "bbox_yolo": [0.5730540156364441, 0.2949623763561249, 0.07890670001506805, 0.048049475997686386], "conf": 0.4319833517074585}], "count_per_class": {"B1": 1, "B2": 0, "B3": 0, "B4": 1}, "side_index": 0}