{"image": "DAMIMAS_A21B_0713_3.jpg", "detector": "y26m", "detections": [{"class_name": "B3", "bbox_yolo": [0.7115760445594788, 0.24848365783691406, 0.2614053189754486, 0.23411107063293457], "conf": 0.6957003474235535}, {"class_name": "B1", "bbox_yolo": [0.3964182734489441, 0.2988308072090149, 0.26516589522361755, 0.24575074017047882], "conf": 0.517907440662384}, {"class_name": "B2", "bbox_yolo": [0.3964182734489441, 0.2988308072090149, 0.26516589522361755, 0.24575074017047882], "conf": 0.29598885774612427}], "count_per_class": {"B1": 1, "B2": 1, "B3": 1, "B4": 0}, "side_index": 2}