{"image": "DAMIMAS_A21B_0832_3.jpg", "detector": "y26m", "detections": [{"class_name": "B3", "bbox_yolo": [0.6638892292976379, 0.3628881871700287, 0.12533411383628845, 0.09440471976995468], "conf": 0.6923382878303528}, {"class_name": "B3", "bbox_yolo": [0.3683113157749176, 0.3885204792022705, 0.14232966303825378, 0.12464819103479385], "conf": 0.5957372784614563}], "count_per_class": {"B1": 0, "B2": 0, "B3": 2, "B4": 0}, "side_index": 2}