{"image": "DAMIMAS_A21B_0231_2.jpg", "detector": "y26m", "detections": [{"class_name": "B3", "bbox_yolo": [0.30489662289619446, 0.3432283401489258, 0.116999551653862, 0.10234232246875763], "conf": 0.7022355794906616}, {"class_name": "B3", "bbox_yolo": [0.5637677907943726, 0.32332515716552734, 0.13226500153541565, 0.1187543198466301], "conf": 0.5957468748092651}, {"class_name": "B3", "bbox_yolo": [0.4071255326271057, 0.2918362617492676, 0.12491792440414429, 0.1073615774512291], "conf": 0.4419475793838501}, {"class_name": "B4", "bbox_yolo": [0.4071255326271057, 0.2918362617492676, 0.12491792440414429, 0.1073615774512291], "conf": 0.2901739478111267}], "count_per_class": {"B1": 0, "B2": 0, "B3": 3, "B4": 1}, "side_index": 1}