{"image": "DAMIMAS_A21B_0009_2.jpg", "detector": "y26m", "detections": [{"class_name": "B3", "bbox_yolo": [0.6012604832649231, 0.44578176736831665, 0.08092257380485535, 0.06892567127943039], "conf": 0.2651047706604004}], "count_per_class": {"B1": 0, "B2": 0, "B3": 1, "B4": 0}, "side_index": 1}