{"image": "DAMIMAS_A21B_0394_3.jpg", "detector": "y26m", "detections": [{"class_name": "B1", "bbox_yolo": [0.3571092188358307, 0.4163180887699127, 0.09328743815422058, 0.07843895256519318], "conf": 0.3863959312438965}, {"class_name": "B1", "bbox_yolo": [0.5661590695381165, 0.41153764724731445, 0.13603465259075165, 0.09434821456670761], "conf": 0.3331964612007141}, {"class_name": "B3", "bbox_yolo": [0.5914151668548584, 0.34112414717674255, 0.08212795853614807, 0.052397798746824265], "conf": 0.28806814551353455}], "count_per_class": {"B1": 2, "B2": 0, "B3": 1, "B4": 0}, "side_index": 2}