{"image": "DAMIMAS_A21B_0267_4.jpg", "detector": "y26m", "detections": [{"class_name": "B1", "bbox_yolo": [0.3429078459739685, 0.4803856909275055, 0.12652648985385895, 0.13329902291297913], "conf": 0.7690356969833374}, {"class_name": "B3", "bbox_yolo": [0.43830040097236633, 0.396677166223526, 0.13172252476215363, 0.10609181225299835], "conf": 0.5925503373146057}, {"class_name": "B3", "bbox_yolo": [0.6959946155548096, 0.36268797516822815, 0.08359623700380325, 0.06514034420251846], "conf": 0.28924620151519775}, {"class_name": "B3", "bbox_yolo": [0.6937021613121033, 0.3687961995601654, 0.09780553728342056, 0.08005516976118088], "conf": 0.2679877281188965}], "count_per_class": {"B1": 1, "B2": 0, "B3": 3, "B4": 0}, "side_index": 3}