{"image": "DAMIMAS_A21B_0383_1.jpg", "detector": "y26m", "detections": [{"class_name": "B1", "bbox_yolo": [0.607422947883606, 0.4810885488986969, 0.10872860252857208, 0.09134149551391602], "conf": 0.7923101782798767}, {"class_name": "B3", "bbox_yolo": [0.35979321599006653, 0.4316368103027344, 0.061736810952425, 0.0462859645485878], "conf": 0.5129241943359375}, {"class_name": "B3", "bbox_yolo": [0.6205509305000305, 0.41267824172973633, 0.08020871877670288, 0.05197031423449516], "conf": 0.34166038036346436}, {"class_name": "B3", "bbox_yolo": [0.5011084079742432, 0.4445268213748932, 0.07124103605747223, 0.06320305168628693], "conf": 0.2561999559402466}], "count_per_class": {"B1": 1, "B2": 0, "B3": 3, "B4": 0}, "side_index": 0}