{"image": "DAMIMAS_A21B_0821_1.jpg", "detector": "y26m", "detections": [{"class_name": "B1", "bbox_yolo": [0.32712817192077637, 0.4691537022590637, 0.092221200466156, 0.09261470288038254], "conf": 0.7178260087966919}, {"class_name": "B3", "bbox_yolo": [0.5491436123847961, 0.42124709486961365, 0.09998264908790588, 0.08383827656507492], "conf": 0.5488446354866028}], "count_per_class": {"B1": 1, "B2": 0, "B3": 1, "B4": 0}, "side_index": 0}