{"image": "DAMIMAS_A21B_0254_3.jpg", "detector": "y26m", "detections": [{"class_name": "B3", "bbox_yolo": [0.7258597612380981, 0.15853123366832733, 0.17662157118320465, 0.1352078914642334], "conf": 0.43662649393081665}, {"class_name": "B3", "bbox_yolo": [0.512164831161499, 0.12329050153493881, 0.1994873732328415, 0.1651628315448761], "conf": 0.3766013979911804}], "count_per_class": {"B1": 0, "B2": 0, "B3": 2, "B4": 0}, "side_index": 2}