{"image": "DAMIMAS_A21B_0083_3.jpg", "detector": "y26m", "detections": [{"class_name": "B3", "bbox_yolo": [0.3310243785381317, 0.5358683466911316, 0.1530122458934784, 0.11285882443189621], "conf": 0.6668972969055176}, {"class_name": "B3", "bbox_yolo": [0.6048458218574524, 0.4651809334754944, 0.15401224792003632, 0.10573139041662216], "conf": 0.5573513507843018}, {"class_name": "B3", "bbox_yolo": [0.7338491082191467, 0.5151891708374023, 0.12397677451372147, 0.11129941791296005], "conf": 0.5198661684989929}], "count_per_class": {"B1": 0, "B2": 0, "B3": 3, "B4": 0}, "side_index": 2}