{"image": "DAMIMAS_A21B_0841_3.jpg", "detector": "y26m", "detections": [{"class_name": "B3", "bbox_yolo": [0.6567826867103577, 0.455051988363266, 0.11570467054843903, 0.09811382740736008], "conf": 0.4712294638156891}, {"class_name": "B3", "bbox_yolo": [0.3519355356693268, 0.4497876763343811, 0.12082482129335403, 0.09084472805261612], "conf": 0.41063186526298523}, {"class_name": "B1", "bbox_yolo": [0.5247230529785156, 0.4623693525791168, 0.0939650908112526, 0.08916240185499191], "conf": 0.34594377875328064}], "count_per_class": {"B1": 1, "B2": 0, "B3": 2, "B4": 0}, "side_index": 2}