{"image": "DAMIMAS_A21B_0849_2.jpg", "detector": "y26m", "detections": [{"class_name": "B2", "bbox_yolo": [0.2508614957332611, 0.2666926085948944, 0.13601791858673096, 0.1117672249674797], "conf": 0.5269807577133179}, {"class_name": "B3", "bbox_yolo": [0.35201016068458557, 0.16873042285442352, 0.15458782017230988, 0.12391050904989243], "conf": 0.3867162764072418}], "count_per_class": {"B1": 0, "B2": 1, "B3": 1, "B4": 0}, "side_index": 1}