{"image": "DAMIMAS_A21B_0638_3.jpg", "detector": "y26m", "detections": [{"class_name": "B1", "bbox_yolo": [0.6939077377319336, 0.44852447509765625, 0.16647396981716156, 0.17241835594177246], "conf": 0.7508454918861389}, {"class_name": "B3", "bbox_yolo": [0.30029532313346863, 0.39727434515953064, 0.1507948338985443, 0.14426934719085693], "conf": 0.6014760732650757}, {"class_name": "B1", "bbox_yolo": [0.22471682727336884, 0.45355454087257385, 0.1145450621843338, 0.11339111626148224], "conf": 0.4062458872795105}, {"class_name": "B2", "bbox_yolo": [0.22471682727336884, 0.45355454087257385, 0.1145450621843338, 0.11339111626148224], "conf": 0.3689822852611542}], "count_per_class": {"B1": 2, "B2": 1, "B3": 1, "B4": 0}, "side_index": 2}