{"image": "DAMIMAS_A21B_0302_4.jpg", "detector": "y26m", "detections": [{"class_name": "B1", "bbox_yolo": [0.663814902305603, 0.5183188915252686, 0.143956258893013, 0.11982832103967667], "conf": 0.7014514803886414}, {"class_name": "B3", "bbox_yolo": [0.5402274131774902, 0.44784656167030334, 0.13054202497005463, 0.11435623466968536], "conf": 0.5913160443305969}, {"class_name": "B3", "bbox_yolo": [0.38158831000328064, 0.4844484329223633, 0.15427246689796448, 0.13388633728027344], "conf": 0.5297739505767822}], "count_per_class": {"B1": 1, "B2": 0, "B3": 2, "B4": 0}, "side_index": 3}