{"image": "DAMIMAS_A21B_0324_4.jpg", "detector": "y26m", "detections": [{"class_name": "B3", "bbox_yolo": [0.37879449129104614, 0.46981310844421387, 0.1563444882631302, 0.11847782135009766], "conf": 0.6443204879760742}, {"class_name": "B3", "bbox_yolo": [0.6769793629646301, 0.4663310945034027, 0.12774601578712463, 0.09187278896570206], "conf": 0.4905270040035248}, {"class_name": "B3", "bbox_yolo": [0.539612352848053, 0.4208298623561859, 0.15851867198944092, 0.10797059535980225], "conf": 0.361551433801651}], "count_per_class": {"B1": 0, "B2": 0, "B3": 3, "B4": 0}, "side_index": 3}