{"image": "DAMIMAS_A21B_0014_2.jpg", "detector": "y26m", "detections": [{"class_name": "B3", "bbox_yolo": [0.4058929681777954, 0.5084939002990723, 0.09786873310804367, 0.07881779968738556], "conf": 0.5151660442352295}, {"class_name": "B3", "bbox_yolo": [0.5189688801765442, 0.5346099138259888, 0.11158377677202225, 0.08142223209142685], "conf": 0.4868604838848114}, {"class_name": "B2", "bbox_yolo": [0.6232784390449524, 0.5429708361625671, 0.09464550763368607, 0.08240270614624023], "conf": 0.4635221064090729}, {"class_name": "B3", "bbox_yolo": [0.3538869321346283, 0.5492057204246521, 0.06892497092485428, 0.06444964557886124], "conf": 0.2741861343383789}], "count_per_class": {"B1": 0, "B2": 1, "B3": 3, "B4": 0}, "side_index": 1}