{"image": "DAMIMAS_A21B_0185_1.jpg", "detector": "y26m", "detections": [{"class_name": "B3", "bbox_yolo": [0.477434903383255, 0.39320388436317444, 0.11789850145578384, 0.10286805778741837], "conf": 0.6927330493927002}, {"class_name": "B3", "bbox_yolo": [0.36977720260620117, 0.4570535719394684, 0.13049949705600739, 0.09667105972766876], "conf": 0.6496993899345398}, {"class_name": "B3", "bbox_yolo": [0.6057513356208801, 0.41029247641563416, 0.1111181303858757, 0.09185554832220078], "conf": 0.48425599932670593}, {"class_name": "B4", "bbox_yolo": [0.3601340055465698, 0.36958757042884827, 0.09929412603378296, 0.07640545815229416], "conf": 0.3784137964248657}], "count_per_class": {"B1": 0, "B2": 0, "B3": 3, "B4": 1}, "side_index": 0}