{"image": "DAMIMAS_A21B_0473_4.jpg", "detector": "y26m", "detections": [{"class_name": "B1", "bbox_yolo": [0.5055375099182129, 0.45637449622154236, 0.14085258543491364, 0.13052009046077728], "conf": 0.7638094425201416}, {"class_name": "B3", "bbox_yolo": [0.383759468793869, 0.42912450432777405, 0.0994025245308876, 0.08743884414434433], "conf": 0.3851264417171478}, {"class_name": "B2", "bbox_yolo": [0.7052860856056213, 0.4331040382385254, 0.10047627240419388, 0.0808638334274292], "conf": 0.3326307535171509}, {"class_name": "B3", "bbox_yolo": [0.6153526902198792, 0.41821470856666565, 0.1013268232345581, 0.09776797145605087], "conf": 0.3319743573665619}], "count_per_class": {"B1": 1, "B2": 1, "B3": 2, "B4": 0}, "side_index": 3}