{"image": "DAMIMAS_A21B_0768_1.jpg", "detector": "y26m", "detections": [{"class_name": "B1", "bbox_yolo": [0.31562304496765137, 0.34084343910217285, 0.19254282116889954, 0.17338858544826508], "conf": 0.7854726910591125}, {"class_name": "B3", "bbox_yolo": [0.4890953302383423, 0.24871163070201874, 0.19209188222885132, 0.1719849556684494], "conf": 0.7123010158538818}, {"class_name": "B2", "bbox_yolo": [0.7158605456352234, 0.271603524684906, 0.22607117891311646, 0.20349279046058655], "conf": 0.5722028613090515}], "count_per_class": {"B1": 1, "B2": 1, "B3": 1, "B4": 0}, "side_index": 0}