{"image": "DAMIMAS_A21B_0407_4.jpg", "detector": "y26m", "detections": [{"class_name": "B1", "bbox_yolo": [0.49973440170288086, 0.43204784393310547, 0.13012483716011047, 0.09734225273132324], "conf": 0.5766549706459045}, {"class_name": "B3", "bbox_yolo": [0.651789665222168, 0.40870824456214905, 0.07128448784351349, 0.05415334925055504], "conf": 0.28345462679862976}, {"class_name": "B3", "bbox_yolo": [0.474677175283432, 0.35309964418411255, 0.07528861612081528, 0.05627033859491348], "conf": 0.26974740624427795}, {"class_name": "B3", "bbox_yolo": [0.3695293962955475, 0.4071367383003235, 0.10437972098588943, 0.07990355789661407], "conf": 0.2615232467651367}], "count_per_class": {"B1": 1, "B2": 0, "B3": 3, "B4": 0}, "side_index": 3}