{"image": "DAMIMAS_A21B_0088_3.jpg", "detector": "y26m", "detections": [{"class_name": "B3", "bbox_yolo": [0.47731733322143555, 0.41761842370033264, 0.14611540734767914, 0.11181097477674484], "conf": 0.6406143307685852}, {"class_name": "B2", "bbox_yolo": [0.3368927538394928, 0.4585425853729248, 0.13927677273750305, 0.11019869148731232], "conf": 0.4351208209991455}, {"class_name": "B1", "bbox_yolo": [0.3368927538394928, 0.4585425853729248, 0.13927677273750305, 0.11019869148731232], "conf": 0.3632217347621918}], "count_per_class": {"B1": 1, "B2": 1, "B3": 1, "B4": 0}, "side_index": 2}