{"image": "DAMIMAS_A21B_0022_4.jpg", "detector": "y26m", "detections": [{"class_name": "B3", "bbox_yolo": [0.3622387945652008, 0.5053995847702026, 0.12665756046772003, 0.08988618850708008], "conf": 0.7359609007835388}, {"class_name": "B3", "bbox_yolo": [0.28040754795074463, 0.47601595520973206, 0.06439603865146637, 0.05945615842938423], "conf": 0.30547645688056946}], "count_per_class": {"B1": 0, "B2": 0, "B3": 2, "B4": 0}, "side_index": 3}