{"image": "DAMIMAS_A21B_0025_2.jpg", "detector": "y26m", "detections": [{"class_name": "B1", "bbox_yolo": [0.450772762298584, 0.5945935249328613, 0.13012439012527466, 0.10190897434949875], "conf": 0.8004637360572815}, {"class_name": "B3", "bbox_yolo": [0.6214019060134888, 0.5671882033348083, 0.09003213793039322, 0.08101296424865723], "conf": 0.5474923253059387}], "count_per_class": {"B1": 1, "B2": 0, "B3": 1, "B4": 0}, "side_index": 1}