{"image": "DAMIMAS_A21B_0372_4.jpg", "detector": "y26m", "detections": [{"class_name": "B1", "bbox_yolo": [0.48171770572662354, 0.3615124523639679, 0.11872737109661102, 0.09293913841247559], "conf": 0.8186002969741821}, {"class_name": "B3", "bbox_yolo": [0.6221110820770264, 0.34577199816703796, 0.10290845483541489, 0.09999072551727295], "conf": 0.4492212235927582}, {"class_name": "B3", "bbox_yolo": [0.44214820861816406, 0.2793433666229248, 0.09458733350038528, 0.07631375640630722], "conf": 0.3568381369113922}], "count_per_class": {"B1": 1, "B2": 0, "B3": 2, "B4": 0}, "side_index": 3}