{"image": "DAMIMAS_A21B_0274_4.jpg", "detector": "y26m", "detections": [{"class_name": "B3", "bbox_yolo": [0.5103111267089844, 0.3920159339904785, 0.1559431105852127, 0.1342795342206955], "conf": 0.5146811604499817}, {"class_name": "B3", "bbox_yolo": [0.31674647331237793, 0.3760409355163574, 0.13232076168060303, 0.11171293258666992], "conf": 0.39463192224502563}, {"class_name": "B3", "bbox_yolo": [0.7516931891441345, 0.3888311982154846, 0.12213491648435593, 0.09893140941858292], "conf": 0.26702451705932617}], "count_per_class": {"B1": 0, "B2": 0, "B3": 3, "B4": 0}, "side_index": 3}