{"image": "DAMIMAS_A21B_0474_3.jpg", "detector": "y26m", "detections": [{"class_name": "B1", "bbox_yolo": [0.3863493800163269, 0.4568997323513031, 0.06433878093957901, 0.05220856890082359], "conf": 0.42232730984687805}, {"class_name": "B3", "bbox_yolo": [0.45661425590515137, 0.4335816502571106, 0.060944464057683945, 0.04831710085272789], "conf": 0.4113200604915619}], "count_per_class": {"B1": 1, "B2": 0, "B3": 1, "B4": 0}, "side_index": 2}