{"image": "DAMIMAS_A21B_0823_1.jpg", "detector": "y26m", "detections": [{"class_name": "B3", "bbox_yolo": [0.5334405303001404, 0.39954864978790283, 0.1308489888906479, 0.10051055252552032], "conf": 0.7087225317955017}, {"class_name": "B2", "bbox_yolo": [0.47954481840133667, 0.4859790802001953, 0.11056550592184067, 0.08400382846593857], "conf": 0.4863370954990387}, {"class_name": "B2", "bbox_yolo": [0.3233657479286194, 0.47614964842796326, 0.10349954664707184, 0.08224272727966309], "conf": 0.3724105954170227}], "count_per_class": {"B1": 0, "B2": 2, "B3": 1, "B4": 0}, "side_index": 0}