{"image": "DAMIMAS_A21B_0608_3.jpg", "detector": "y26m", "detections": [{"class_name": "B3", "bbox_yolo": [0.39504048228263855, 0.20011559128761292, 0.15979847311973572, 0.12546800076961517], "conf": 0.6591783165931702}, {"class_name": "B3", "bbox_yolo": [0.603961706161499, 0.25500378012657166, 0.16932609677314758, 0.18081346154212952], "conf": 0.5829043984413147}, {"class_name": "B2", "bbox_yolo": [0.7187369465827942, 0.3486814498901367, 0.14201539754867554, 0.13024874031543732], "conf": 0.4675671458244324}], "count_per_class": {"B1": 0, "B2": 1, "B3": 2, "B4": 0}, "side_index": 2}