{"image": "DAMIMAS_A21B_0809_1.jpg", "detector": "y26m", "detections": [{"class_name": "B3", "bbox_yolo": [0.34988856315612793, 0.26398828625679016, 0.2663080096244812, 0.22542190551757812], "conf": 0.6993564963340759}, {"class_name": "B3", "bbox_yolo": [0.5679198503494263, 0.1371934562921524, 0.23735205829143524, 0.1473027467727661], "conf": 0.59745192527771}, {"class_name": "B1", "bbox_yolo": [0.6715894341468811, 0.3096514046192169, 0.2882772386074066, 0.2290154993534088], "conf": 0.590569019317627}, {"class_name": "B3", "bbox_yolo": [0.8357458114624023, 0.22806242108345032, 0.1331818401813507, 0.11138807982206345], "conf": 0.3581903874874115}], "count_per_class": {"B1": 1, "B2": 0, "B3": 3, "B4": 0}, "side_index": 0}