{"image": "DAMIMAS_A21B_0813_6.jpg", "detector": "y26m", "detections": [{"class_name": "B1", "bbox_yolo": [0.5059860944747925, 0.4485119879245758, 0.1564747542142868, 0.10348527878522873], "conf": 0.41327857971191406}, {"class_name": "B3", "bbox_yolo": [0.2163260579109192, 0.4389592707157135, 0.10792427510023117, 0.08634290844202042], "conf": 0.2901704013347626}, {"class_name": "B3", "bbox_yolo": [0.5831636786460876, 0.36246180534362793, 0.11606064438819885, 0.08576223999261856], "conf": 0.26854240894317627}], "count_per_class": {"B1": 1, "B2": 0, "B3": 2, "B4": 0}, "side_index": 5}