{"image": "DAMIMAS_A21B_0293_2.jpg", "detector": "y26m", "detections": [{"class_name": "B3", "bbox_yolo": [0.7725808620452881, 0.34525832533836365, 0.14916668832302094, 0.1376999169588089], "conf": 0.2719852030277252}, {"class_name": "B2", "bbox_yolo": [0.30758413672447205, 0.3565695881843567, 0.13491983711719513, 0.10085554420948029], "conf": 0.2608132064342499}], "count_per_class": {"B1": 0, "B2": 1, "B3": 1, "B4": 0}, "side_index": 1}