{"image": "DAMIMAS_A21B_0474_1.jpg", "detector": "y26m", "detections": [{"class_name": "B1", "bbox_yolo": [0.4997028112411499, 0.47889596223831177, 0.09064153581857681, 0.06891804188489914], "conf": 0.4664769768714905}, {"class_name": "B1", "bbox_yolo": [0.5011172890663147, 0.47572144865989685, 0.0819597914814949, 0.06113805994391441], "conf": 0.4001091718673706}], "count_per_class": {"B1": 2, "B2": 0, "B3": 0, "B4": 0}, "side_index": 0}