{"image": "DAMIMAS_A21B_0472_4.jpg", "detector": "y26m", "detections": [{"class_name": "B3", "bbox_yolo": [0.38623297214508057, 0.46537333726882935, 0.07778231799602509, 0.06885285675525665], "conf": 0.28459182381629944}], "count_per_class": {"B1": 0, "B2": 0, "B3": 1, "B4": 0}, "side_index": 3}