{"image": "DAMIMAS_A21B_0349_2.jpg", "detector": "y26m", "detections": [{"class_name": "B2", "bbox_yolo": [0.5737226605415344, 0.32499954104423523, 0.12397322058677673, 0.1023261547088623], "conf": 0.4287845492362976}, {"class_name": "B3", "bbox_yolo": [0.38345953822135925, 0.30765458941459656, 0.07604745775461197, 0.05598173290491104], "conf": 0.35489165782928467}, {"class_name": "B1", "bbox_yolo": [0.5737226605415344, 0.32499954104423523, 0.12397322058677673, 0.1023261547088623], "conf": 0.25161251425743103}], "count_per_class": {"B1": 1, "B2": 1, "B3": 1, "B4": 0}, "side_index": 1}