{"image": "DAMIMAS_A21B_0351_2.jpg", "detector": "y26m", "detections": [{"class_name": "B2", "bbox_yolo": [0.3956138491630554, 0.4887121319770813, 0.0924234464764595, 0.08187127113342285], "conf": 0.5774347186088562}, {"class_name": "B3", "bbox_yolo": [0.4829379618167877, 0.4502083361148834, 0.09183111786842346, 0.07443027943372726], "conf": 0.5586743354797363}, {"class_name": "B3", "bbox_yolo": [0.5836085081100464, 0.4770449697971344, 0.09624208509922028, 0.07899641990661621], "conf": 0.30277225375175476}], "count_per_class": {"B1": 0, "B2": 1, "B3": 2, "B4": 0}, "side_index": 1}