{"image": "DAMIMAS_A21B_0509_3.jpg", "detector": "y26m", "detections": [{"class_name": "B1", "bbox_yolo": [0.6359872221946716, 0.3990227282047272, 0.10469786822795868, 0.09020717442035675], "conf": 0.6911416053771973}], "count_per_class": {"B1": 1, "B2": 0, "B3": 0, "B4": 0}, "side_index": 2}