{"image": "DAMIMAS_A21B_0627_1.jpg", "detector": "y26m", "detections": [{"class_name": "B3", "bbox_yolo": [0.21811145544052124, 0.42144259810447693, 0.1586538404226303, 0.14371056854724884], "conf": 0.6169406771659851}, {"class_name": "B3", "bbox_yolo": [0.38871946930885315, 0.3959951102733612, 0.17246749997138977, 0.16774404048919678], "conf": 0.4802314341068268}, {"class_name": "B3", "bbox_yolo": [0.6338914632797241, 0.4163658320903778, 0.1276654601097107, 0.1431313306093216], "conf": 0.3539830446243286}, {"class_name": "B3", "bbox_yolo": [0.7502539753913879, 0.43972453474998474, 0.12833908200263977, 0.15919175744056702], "conf": 0.3379625380039215}], "count_per_class": {"B1": 0, "B2": 0, "B3": 4, "B4": 0}, "side_index": 0}