{"image": "DAMIMAS_A21B_0370_3.jpg", "detector": "y26m", "detections": [{"class_name": "B2", "bbox_yolo": [0.5952509641647339, 0.41986608505249023, 0.14562533795833588, 0.11380427330732346], "conf": 0.46018049120903015}, {"class_name": "B3", "bbox_yolo": [0.37075236439704895, 0.39490818977355957, 0.10494311898946762, 0.08576343208551407], "conf": 0.3443399667739868}, {"class_name": "B3", "bbox_yolo": [0.7428262233734131, 0.3809637427330017, 0.0803210586309433, 0.06906705349683762], "conf": 0.2872183918952942}, {"class_name": "B3", "bbox_yolo": [0.5952509641647339, 0.41986608505249023, 0.14562533795833588, 0.11380427330732346], "conf": 0.26235100626945496}], "count_per_class": {"B1": 0, "B2": 1, "B3": 3, "B4": 0}, "side_index": 2}