{"image": "DAMIMAS_A21B_0181_1.jpg", "detector": "y26m", "detections": [{"class_name": "B3", "bbox_yolo": [0.42450618743896484, 0.3687230348587036, 0.15983468294143677, 0.12749218940734863], "conf": 0.6500101685523987}, {"class_name": "B4", "bbox_yolo": [0.5402965545654297, 0.2968076169490814, 0.12869270145893097, 0.100956492125988], "conf": 0.5683696269989014}, {"class_name": "B3", "bbox_yolo": [0.28918078541755676, 0.3651931881904602, 0.11203979700803757, 0.09611423313617706], "conf": 0.420572429895401}, {"class_name": "B3", "bbox_yolo": [0.596213698387146, 0.4068693220615387, 0.16525225341320038, 0.12904362380504608], "conf": 0.2761097252368927}], "count_per_class": {"B1": 0, "B2": 0, "B3": 3, "B4": 1}, "side_index": 0}