{"image": "DAMIMAS_A21B_0236_1.jpg", "detector": "y26m", "detections": [{"class_name": "B3", "bbox_yolo": [0.31341323256492615, 0.3245328664779663, 0.12996189296245575, 0.0762941837310791], "conf": 0.598734438419342}, {"class_name": "B3", "bbox_yolo": [0.6885019540786743, 0.35433050990104675, 0.14073233306407928, 0.10011649131774902], "conf": 0.5565667748451233}, {"class_name": "B2", "bbox_yolo": [0.3884451687335968, 0.3946966826915741, 0.127438485622406, 0.11462133377790451], "conf": 0.4277906119823456}], "count_per_class": {"B1": 0, "B2": 1, "B3": 2, "B4": 0}, "side_index": 0}