{"image": "DAMIMAS_A21B_0017_1.jpg", "detector": "y26m", "detections": [{"class_name": "B3", "bbox_yolo": [0.3416861295700073, 0.38708510994911194, 0.15892788767814636, 0.11600062996149063], "conf": 0.7355440855026245}, {"class_name": "B4", "bbox_yolo": [0.3466469645500183, 0.3128274977207184, 0.09273507446050644, 0.04772231727838516], "conf": 0.351049542427063}], "count_per_class": {"B1": 0, "B2": 0, "B3": 1, "B4": 1}, "side_index": 0}