{"image": "DAMIMAS_A21B_0188_2.jpg", "detector": "y26m", "detections": [{"class_name": "B3", "bbox_yolo": [0.6513497829437256, 0.543641984462738, 0.09984150528907776, 0.09174113720655441], "conf": 0.5009995698928833}, {"class_name": "B3", "bbox_yolo": [0.5432920455932617, 0.507798433303833, 0.10944567620754242, 0.08945989608764648], "conf": 0.4511052072048187}], "count_per_class": {"B1": 0, "B2": 0, "B3": 2, "B4": 0}, "side_index": 1}