{"image": "DAMIMAS_A21B_0144_1.jpg", "detector": "y26m", "detections": [{"class_name": "B3", "bbox_yolo": [0.29654747247695923, 0.4849577844142914, 0.1266530156135559, 0.09451456367969513], "conf": 0.7202166318893433}, {"class_name": "B3", "bbox_yolo": [0.5289075970649719, 0.46022483706474304, 0.11371174454689026, 0.09076251834630966], "conf": 0.6212074756622314}, {"class_name": "B2", "bbox_yolo": [0.635530412197113, 0.4873449504375458, 0.11409594863653183, 0.10863357037305832], "conf": 0.5853678584098816}, {"class_name": "B3", "bbox_yolo": [0.393026202917099, 0.4315073490142822, 0.12121779471635818, 0.09293089061975479], "conf": 0.5380545258522034}], "count_per_class": {"B1": 0, "B2": 1, "B3": 3, "B4": 0}, "side_index": 0}