{"image": "DAMIMAS_A21B_0202_1.jpg", "detector": "y26m", "detections": [{"class_name": "B2", "bbox_yolo": [0.5529235005378723, 0.4666324257850647, 0.10031058639287949, 0.07341661304235458], "conf": 0.48775842785835266}, {"class_name": "B3", "bbox_yolo": [0.3854764997959137, 0.44197559356689453, 0.06670039892196655, 0.05120978504419327], "conf": 0.4622584581375122}], "count_per_class": {"B1": 0, "B2": 1, "B3": 1, "B4": 0}, "side_index": 0}