{"image": "DAMIMAS_A21B_0289_4.jpg", "detector": "y26m", "detections": [{"class_name": "B1", "bbox_yolo": [0.5322122573852539, 0.45362588763237, 0.11705020815134048, 0.10367532074451447], "conf": 0.6560609340667725}, {"class_name": "B3", "bbox_yolo": [0.4032222032546997, 0.4377230703830719, 0.11520170420408249, 0.09405150264501572], "conf": 0.6297720670700073}], "count_per_class": {"B1": 1, "B2": 0, "B3": 1, "B4": 0}, "side_index": 3}