{"image": "DAMIMAS_A21B_0242_1.jpg", "detector": "y26m", "detections": [{"class_name": "B2", "bbox_yolo": [0.41414886713027954, 0.4375467300415039, 0.09076032787561417, 0.07483210414648056], "conf": 0.40404212474823}, {"class_name": "B3", "bbox_yolo": [0.4820297360420227, 0.40574541687965393, 0.09299243986606598, 0.07793183624744415], "conf": 0.35151225328445435}, {"class_name": "B3", "bbox_yolo": [0.4825306832790375, 0.4031693637371063, 0.08325675874948502, 0.06647048145532608], "conf": 0.2873208820819855}, {"class_name": "B3", "bbox_yolo": [0.5828000903129578, 0.43070363998413086, 0.10063378512859344, 0.077427938580513], "conf": 0.2519935667514801}], "count_per_class": {"B1": 0, "B2": 1, "B3": 3, "B4": 0}, "side_index": 0}