{"image": "DAMIMAS_A21B_0325_4.jpg", "detector": "y26m", "detections": [{"class_name": "B3", "bbox_yolo": [0.4406774640083313, 0.3891429901123047, 0.13664942979812622, 0.07547233253717422], "conf": 0.5208951234817505}, {"class_name": "B2", "bbox_yolo": [0.34747400879859924, 0.47464925050735474, 0.13184471428394318, 0.10301079601049423], "conf": 0.4744277894496918}, {"class_name": "B2", "bbox_yolo": [0.4768250286579132, 0.4601059854030609, 0.1179799810051918, 0.0927058681845665], "conf": 0.41685518622398376}, {"class_name": "B3", "bbox_yolo": [0.7588576674461365, 0.44104814529418945, 0.11218523234128952, 0.0887845978140831], "conf": 0.2976766526699066}], "count_per_class": {"B1": 0, "B2": 2, "B3": 2, "B4": 0}, "side_index": 3}