{"image": "DAMIMAS_A21B_0404_4.jpg", "detector": "y26m", "detections": [{"class_name": "B1", "bbox_yolo": [0.3537251353263855, 0.44416162371635437, 0.13578271865844727, 0.10589239746332169], "conf": 0.8152327537536621}, {"class_name": "B1", "bbox_yolo": [0.7497091293334961, 0.4436039924621582, 0.11761939525604248, 0.11779385060071945], "conf": 0.7004528045654297}, {"class_name": "B3", "bbox_yolo": [0.6672877073287964, 0.39224526286125183, 0.13511258363723755, 0.10029890388250351], "conf": 0.6583952903747559}], "count_per_class": {"B1": 2, "B2": 0, "B3": 1, "B4": 0}, "side_index": 3}