{"image": "DAMIMAS_A21B_0824_4.jpg", "detector": "y26m", "detections": [{"class_name": "B3", "bbox_yolo": [0.5331288576126099, 0.23730169236660004, 0.19242697954177856, 0.10789467394351959], "conf": 0.6138483285903931}, {"class_name": "B3", "bbox_yolo": [0.389636754989624, 0.3156857192516327, 0.19149349629878998, 0.14486627280712128], "conf": 0.5180681943893433}, {"class_name": "B3", "bbox_yolo": [0.25908738374710083, 0.275966078042984, 0.10655605792999268, 0.09744852036237717], "conf": 0.32484689354896545}], "count_per_class": {"B1": 0, "B2": 0, "B3": 3, "B4": 0}, "side_index": 3}