{"image": "DAMIMAS_A21B_0598_3.jpg", "detector": "y26m", "detections": [{"class_name": "B3", "bbox_yolo": [0.32465291023254395, 0.41533002257347107, 0.20638547837734222, 0.2049202024936676], "conf": 0.7052471041679382}, {"class_name": "B2", "bbox_yolo": [0.7678167223930359, 0.4079974293708801, 0.2191624492406845, 0.15702655911445618], "conf": 0.5809652805328369}, {"class_name": "B3", "bbox_yolo": [0.558330774307251, 0.3255210518836975, 0.21033594012260437, 0.24407176673412323], "conf": 0.546727180480957}, {"class_name": "B3", "bbox_yolo": [0.26290765404701233, 0.2833992540836334, 0.1418575644493103, 0.08905508369207382], "conf": 0.30088457465171814}], "count_per_class": {"B1": 0, "B2": 1, "B3": 3, "B4": 0}, "side_index": 2}