{"image": "DAMIMAS_A21B_0314_4.jpg", "detector": "y26m", "detections": [{"class_name": "B3", "bbox_yolo": [0.6295471787452698, 0.39691612124443054, 0.13997136056423187, 0.11343250423669815], "conf": 0.7226040959358215}, {"class_name": "B3", "bbox_yolo": [0.4577018916606903, 0.41984519362449646, 0.12386017292737961, 0.10973372310400009], "conf": 0.5521047711372375}, {"class_name": "B2", "bbox_yolo": [0.31281930208206177, 0.4436212182044983, 0.1252070516347885, 0.10320835560560226], "conf": 0.4448222815990448}], "count_per_class": {"B1": 0, "B2": 1, "B3": 2, "B4": 0}, "side_index": 3}