{"image": "DAMIMAS_A21B_0046_4.jpg", "detector": "y26m", "detections": [{"class_name": "B3", "bbox_yolo": [0.6041725873947144, 0.4267592430114746, 0.13047562539577484, 0.09242289513349533], "conf": 0.4663175046443939}, {"class_name": "B3", "bbox_yolo": [0.3951028883457184, 0.4950302243232727, 0.12610700726509094, 0.12768864631652832], "conf": 0.4601435363292694}, {"class_name": "B3", "bbox_yolo": [0.5730777978897095, 0.5187230110168457, 0.1257050335407257, 0.10568752139806747], "conf": 0.4296486973762512}, {"class_name": "B4", "bbox_yolo": [0.6041725873947144, 0.4267592430114746, 0.13047562539577484, 0.09242289513349533], "conf": 0.38180261850357056}], "count_per_class": {"B1": 0, "B2": 0, "B3": 3, "B4": 1}, "side_index": 3}