{"image": "DAMIMAS_A21B_0815_1.jpg", "detector": "y26m", "detections": [{"class_name": "B3", "bbox_yolo": [0.5917370915412903, 0.4318671226501465, 0.12240426242351532, 0.10031896084547043], "conf": 0.6640947461128235}, {"class_name": "B2", "bbox_yolo": [0.4321146011352539, 0.4722093641757965, 0.13861027359962463, 0.11863827705383301], "conf": 0.5905202627182007}, {"class_name": "B3", "bbox_yolo": [0.368470162153244, 0.392515629529953, 0.1032005026936531, 0.06994745880365372], "conf": 0.4382030963897705}, {"class_name": "B3", "bbox_yolo": [0.3656284511089325, 0.38837307691574097, 0.09012041240930557, 0.05797705799341202], "conf": 0.41635602712631226}], "count_per_class": {"B1": 0, "B2": 1, "B3": 3, "B4": 0}, "side_index": 0}