{"image": "DAMIMAS_A21B_0111_2.jpg", "detector": "y26m", "detections": [{"class_name": "B3", "bbox_yolo": [0.38255196809768677, 0.3128664791584015, 0.11131232976913452, 0.08564253151416779], "conf": 0.6748799681663513}, {"class_name": "B3", "bbox_yolo": [0.33514198660850525, 0.3953154981136322, 0.11351071298122406, 0.10244081169366837], "conf": 0.5227004289627075}, {"class_name": "B3", "bbox_yolo": [0.6195282340049744, 0.34670957922935486, 0.10102017968893051, 0.08219790458679199], "conf": 0.43078774213790894}, {"class_name": "B3", "bbox_yolo": [0.49735021591186523, 0.32377368211746216, 0.10780204832553864, 0.07877635955810547], "conf": 0.34126824140548706}], "count_per_class": {"B1": 0, "B2": 0, "B3": 4, "B4": 0}, "side_index": 1}