{"image": "DAMIMAS_A21B_0834_2.jpg", "detector": "y26m", "detections": [{"class_name": "B3", "bbox_yolo": [0.399202436208725, 0.2692749500274658, 0.12336922436952591, 0.0910022035241127], "conf": 0.539439857006073}, {"class_name": "B2", "bbox_yolo": [0.7216031551361084, 0.33904632925987244, 0.12724126875400543, 0.09772343933582306], "conf": 0.3807999789714813}, {"class_name": "B3", "bbox_yolo": [0.7435474395751953, 0.2738122045993805, 0.08342272788286209, 0.054666806012392044], "conf": 0.3304423987865448}], "count_per_class": {"B1": 0, "B2": 1, "B3": 2, "B4": 0}, "side_index": 1}