{"image": "DAMIMAS_A21B_0355_4.jpg", "detector": "y26m", "detections": [{"class_name": "B1", "bbox_yolo": [0.6541422605514526, 0.42298537492752075, 0.06803087145090103, 0.06033320352435112], "conf": 0.43535733222961426}, {"class_name": "B3", "bbox_yolo": [0.5941224098205566, 0.37807607650756836, 0.09787954390048981, 0.08232107013463974], "conf": 0.35221731662750244}, {"class_name": "B3", "bbox_yolo": [0.4004207253456116, 0.3460884988307953, 0.07593069225549698, 0.0604870580136776], "conf": 0.34805500507354736}], "count_per_class": {"B1": 1, "B2": 0, "B3": 2, "B4": 0}, "side_index": 3}