{"image": "DAMIMAS_A21B_0601_2.jpg", "detector": "y26m", "detections": [{"class_name": "B3", "bbox_yolo": [0.7042133808135986, 0.4547090530395508, 0.23523694276809692, 0.14286856353282928], "conf": 0.6034684181213379}, {"class_name": "B3", "bbox_yolo": [0.5103853940963745, 0.3798759877681732, 0.20011842250823975, 0.13387957215309143], "conf": 0.5982605814933777}, {"class_name": "B3", "bbox_yolo": [0.2694762349128723, 0.42096272110939026, 0.17884452641010284, 0.1271263211965561], "conf": 0.5721860527992249}, {"class_name": "B3", "bbox_yolo": [0.2734464704990387, 0.44305363297462463, 0.20338068902492523, 0.1780995875597], "conf": 0.3385796844959259}], "count_per_class": {"B1": 0, "B2": 0, "B3": 4, "B4": 0}, "side_index": 1}