{"image": "DAMIMAS_A21B_0086_4.jpg", "detector": "y26m", "detections": [{"class_name": "B3", "bbox_yolo": [0.40970903635025024, 0.549233615398407, 0.1078273206949234, 0.08691253513097763], "conf": 0.6312863826751709}, {"class_name": "B2", "bbox_yolo": [0.6665316820144653, 0.5925037264823914, 0.10879676043987274, 0.08322854340076447], "conf": 0.33882641792297363}, {"class_name": "B3", "bbox_yolo": [0.5479996800422668, 0.5763739943504333, 0.10073776543140411, 0.08596163243055344], "conf": 0.3340630829334259}], "count_per_class": {"B1": 0, "B2": 1, "B3": 2, "B4": 0}, "side_index": 3}