{"image": "DAMIMAS_A21B_0520_1.jpg", "detector": "y26m", "detections": [{"class_name": "B3", "bbox_yolo": [0.3265089988708496, 0.41547688841819763, 0.11296463757753372, 0.10767865180969238], "conf": 0.49406832456588745}, {"class_name": "B3", "bbox_yolo": [0.48962152004241943, 0.41137048602104187, 0.13127738237380981, 0.12958721816539764], "conf": 0.47201594710350037}, {"class_name": "B2", "bbox_yolo": [0.6544411778450012, 0.44104138016700745, 0.13919246196746826, 0.10636639595031738], "conf": 0.3264056146144867}], "count_per_class": {"B1": 0, "B2": 1, "B3": 2, "B4": 0}, "side_index": 0}