{"image": "DAMIMAS_A21B_0628_3.jpg", "detector": "y26m", "detections": [{"class_name": "B2", "bbox_yolo": [0.19612286984920502, 0.43087655305862427, 0.1956559270620346, 0.1713520735502243], "conf": 0.6161280870437622}, {"class_name": "B3", "bbox_yolo": [0.418277770280838, 0.4120226502418518, 0.19575218856334686, 0.18937216699123383], "conf": 0.5544947385787964}, {"class_name": "B3", "bbox_yolo": [0.6541879177093506, 0.3571324646472931, 0.15703323483467102, 0.14499011635780334], "conf": 0.47075265645980835}], "count_per_class": {"B1": 0, "B2": 1, "B3": 2, "B4": 0}, "side_index": 2}