{"image": "DAMIMAS_A21B_0081_2.jpg", "detector": "y26m", "detections": [{"class_name": "B3", "bbox_yolo": [0.3548019528388977, 0.5087221264839172, 0.09213495999574661, 0.0774923786520958], "conf": 0.34690672159194946}, {"class_name": "B3", "bbox_yolo": [0.6642577052116394, 0.49483710527420044, 0.09829127788543701, 0.08617935329675674], "conf": 0.3286554515361786}], "count_per_class": {"B1": 0, "B2": 0, "B3": 2, "B4": 0}, "side_index": 1}