{"image": "DAMIMAS_A21B_0537_4.jpg", "detector": "y26m", "detections": [{"class_name": "B1", "bbox_yolo": [0.4582843482494354, 0.47943219542503357, 0.16473379731178284, 0.13119712471961975], "conf": 0.7930492758750916}, {"class_name": "B3", "bbox_yolo": [0.3006148934364319, 0.4437757134437561, 0.12277581542730331, 0.10994336754083633], "conf": 0.37027373909950256}], "count_per_class": {"B1": 1, "B2": 0, "B3": 1, "B4": 0}, "side_index": 3}