{"image": "DAMIMAS_A21B_0096_4.jpg", "detector": "y26m", "detections": [{"class_name": "B3", "bbox_yolo": [0.42734795808792114, 0.5497228503227234, 0.10055367648601532, 0.08290276676416397], "conf": 0.5935731530189514}, {"class_name": "B2", "bbox_yolo": [0.35885685682296753, 0.5996645092964172, 0.09892842173576355, 0.08321332931518555], "conf": 0.5877791047096252}, {"class_name": "B3", "bbox_yolo": [0.3193413317203522, 0.5586239099502563, 0.0718243345618248, 0.050913285464048386], "conf": 0.40893515944480896}], "count_per_class": {"B1": 0, "B2": 1, "B3": 2, "B4": 0}, "side_index": 3}