{"image": "DAMIMAS_A21B_0540_1.jpg", "detector": "y26m", "detections": [{"class_name": "B1", "bbox_yolo": [0.6577363610267639, 0.4584777057170868, 0.1139446347951889, 0.1033870205283165], "conf": 0.7996104955673218}, {"class_name": "B1", "bbox_yolo": [0.319772869348526, 0.47624167799949646, 0.1163400411605835, 0.11050410568714142], "conf": 0.7749093770980835}, {"class_name": "B3", "bbox_yolo": [0.4050762355327606, 0.4352676570415497, 0.11301896721124649, 0.09115605801343918], "conf": 0.5565366744995117}], "count_per_class": {"B1": 2, "B2": 0, "B3": 1, "B4": 0}, "side_index": 0}