{"image": "DAMIMAS_A21B_0781_2.jpg", "detector": "y26m", "detections": [{"class_name": "B3", "bbox_yolo": [0.6327660083770752, 0.27610117197036743, 0.1357400268316269, 0.10983770340681076], "conf": 0.6972724795341492}, {"class_name": "B3", "bbox_yolo": [0.34482085704803467, 0.25686487555503845, 0.10149698704481125, 0.09868130832910538], "conf": 0.45292121171951294}, {"class_name": "B3", "bbox_yolo": [0.30352509021759033, 0.34748727083206177, 0.11192288994789124, 0.08085574954748154], "conf": 0.4226028025150299}, {"class_name": "B2", "bbox_yolo": [0.30352509021759033, 0.34748727083206177, 0.11192288994789124, 0.08085574954748154], "conf": 0.2951504588127136}], "count_per_class": {"B1": 0, "B2": 1, "B3": 3, "B4": 0}, "side_index": 1}