{"image": "DAMIMAS_A21B_0848_3.jpg", "detector": "y26m", "detections": [{"class_name": "B3", "bbox_yolo": [0.5191395282745361, 0.5521718859672546, 0.08283393085002899, 0.054928969591856], "conf": 0.4492534101009369}, {"class_name": "B3", "bbox_yolo": [0.6240285038948059, 0.5647514462471008, 0.0826442763209343, 0.054415084421634674], "conf": 0.31654152274131775}], "count_per_class": {"B1": 0, "B2": 0, "B3": 2, "B4": 0}, "side_index": 2}