{"image": "DAMIMAS_A21B_0176_3.jpg", "detector": "y26m", "detections": [{"class_name": "B1", "bbox_yolo": [0.2994198203086853, 0.4337198734283447, 0.14884980022907257, 0.13733740150928497], "conf": 0.6242464780807495}, {"class_name": "B3", "bbox_yolo": [0.5995548367500305, 0.3595753312110901, 0.1157771497964859, 0.10094385594129562], "conf": 0.453996479511261}, {"class_name": "B3", "bbox_yolo": [0.44131147861480713, 0.3775898814201355, 0.11331075429916382, 0.10429024696350098], "conf": 0.37530872225761414}], "count_per_class": {"B1": 1, "B2": 0, "B3": 2, "B4": 0}, "side_index": 2}