{"image": "DAMIMAS_A21B_0204_1.jpg", "detector": "y26m", "detections": [{"class_name": "B1", "bbox_yolo": [0.5650602579116821, 0.4483167827129364, 0.11170772463083267, 0.08018650859594345], "conf": 0.7309936881065369}, {"class_name": "B3", "bbox_yolo": [0.4536333382129669, 0.4329681396484375, 0.0986466109752655, 0.08502636104822159], "conf": 0.33310702443122864}, {"class_name": "B2", "bbox_yolo": [0.3365146815776825, 0.43752312660217285, 0.10183032602071762, 0.09122464805841446], "conf": 0.2779439389705658}], "count_per_class": {"B1": 1, "B2": 1, "B3": 1, "B4": 0}, "side_index": 0}