{"image": "DAMIMAS_A21B_0845_7.jpg", "detector": "y26m", "detections": [{"class_name": "B3", "bbox_yolo": [0.43919965624809265, 0.28354620933532715, 0.16934458911418915, 0.13189652562141418], "conf": 0.42801517248153687}, {"class_name": "B2", "bbox_yolo": [0.43919965624809265, 0.28354620933532715, 0.16934458911418915, 0.13189652562141418], "conf": 0.3412246108055115}, {"class_name": "B4", "bbox_yolo": [0.4223215878009796, 0.186690554022789, 0.0945076048374176, 0.06301840394735336], "conf": 0.335389643907547}, {"class_name": "B4", "bbox_yolo": [0.4208858609199524, 0.18945975601673126, 0.11199694126844406, 0.07731212675571442], "conf": 0.25418826937675476}], "count_per_class": {"B1": 0, "B2": 1, "B3": 1, "B4": 2}, "side_index": 6}