{"image": "DAMIMAS_A21B_0136_1.jpg", "detector": "y26m", "detections": [{"class_name": "B3", "bbox_yolo": [0.4289325177669525, 0.49771663546562195, 0.11277393251657486, 0.0885808989405632], "conf": 0.5984729528427124}, {"class_name": "B4", "bbox_yolo": [0.45793020725250244, 0.4237332344055176, 0.10232535004615784, 0.07329469174146652], "conf": 0.27164021134376526}], "count_per_class": {"B1": 0, "B2": 0, "B3": 1, "B4": 1}, "side_index": 0}