{"image": "DAMIMAS_A21B_0214_2.jpg", "detector": "y26m", "detections": [{"class_name": "B1", "bbox_yolo": [0.5962499380111694, 0.5038073062896729, 0.17839279770851135, 0.11135216057300568], "conf": 0.6855849623680115}, {"class_name": "B2", "bbox_yolo": [0.39096611738204956, 0.4694056212902069, 0.14673355221748352, 0.10347690433263779], "conf": 0.3761484622955322}, {"class_name": "B3", "bbox_yolo": [0.39096611738204956, 0.4694056212902069, 0.14673355221748352, 0.10347690433263779], "conf": 0.33095288276672363}], "count_per_class": {"B1": 1, "B2": 1, "B3": 1, "B4": 0}, "side_index": 1}