{"image": "DAMIMAS_A21B_0563_3.jpg", "detector": "y26m", "detections": [{"class_name": "B3", "bbox_yolo": [0.3483940362930298, 0.2965061366558075, 0.10991287976503372, 0.09399157017469406], "conf": 0.5543262958526611}, {"class_name": "B2", "bbox_yolo": [0.6497411727905273, 0.31545430421829224, 0.09807714074850082, 0.08732817322015762], "conf": 0.45981156826019287}, {"class_name": "B3", "bbox_yolo": [0.4422759413719177, 0.2507892847061157, 0.10118300467729568, 0.08978547900915146], "conf": 0.2916509807109833}], "count_per_class": {"B1": 0, "B2": 1, "B3": 2, "B4": 0}, "side_index": 2}