{"image": "DAMIMAS_A21B_0370_4.jpg", "detector": "y26m", "detections": [{"class_name": "B1", "bbox_yolo": [0.3886788785457611, 0.4642461836338043, 0.13355793058872223, 0.10932345688343048], "conf": 0.8097050786018372}, {"class_name": "B3", "bbox_yolo": [0.523175060749054, 0.4275744557380676, 0.1122891828417778, 0.09541087597608566], "conf": 0.5574630498886108}, {"class_name": "B3", "bbox_yolo": [0.6376269459724426, 0.4055786728858948, 0.09355615824460983, 0.0903589278459549], "conf": 0.2841048240661621}], "count_per_class": {"B1": 1, "B2": 0, "B3": 2, "B4": 0}, "side_index": 3}