{"image": "DAMIMAS_A21B_0316_2.jpg", "detector": "y26m", "detections": [{"class_name": "B1", "bbox_yolo": [0.5491891503334045, 0.4529566764831543, 0.11798302829265594, 0.10037674754858017], "conf": 0.5823565125465393}, {"class_name": "B3", "bbox_yolo": [0.3330293297767639, 0.4463612735271454, 0.14282366633415222, 0.12210207432508469], "conf": 0.5337594747543335}, {"class_name": "B4", "bbox_yolo": [0.603024423122406, 0.3401883542537689, 0.12926344573497772, 0.10710924118757248], "conf": 0.4222685992717743}, {"class_name": "B3", "bbox_yolo": [0.47524163126945496, 0.366695374250412, 0.1241702139377594, 0.08469939231872559], "conf": 0.36653372645378113}], "count_per_class": {"B1": 1, "B2": 0, "B3": 2, "B4": 1}, "side_index": 1}