{"image": "DAMIMAS_A21B_0659_2.jpg", "detector": "y26m", "detections": [{"class_name": "B3", "bbox_yolo": [0.5706465840339661, 0.20113496482372284, 0.12950153648853302, 0.11754720658063889], "conf": 0.6886487007141113}, {"class_name": "B3", "bbox_yolo": [0.3149802088737488, 0.24285487830638885, 0.12432152777910233, 0.10185511410236359], "conf": 0.5929005146026611}, {"class_name": "B2", "bbox_yolo": [0.4576207995414734, 0.24977579712867737, 0.13771776854991913, 0.11294706165790558], "conf": 0.3273574113845825}, {"class_name": "B3", "bbox_yolo": [0.4576207995414734, 0.24977579712867737, 0.13771776854991913, 0.11294706165790558], "conf": 0.31509050726890564}], "count_per_class": {"B1": 0, "B2": 1, "B3": 3, "B4": 0}, "side_index": 1}