{"image": "DAMIMAS_A21B_0156_2.jpg", "detector": "y26m", "detections": [{"class_name": "B3", "bbox_yolo": [0.49927088618278503, 0.5132341384887695, 0.12933635711669922, 0.09418626129627228], "conf": 0.641347348690033}, {"class_name": "B2", "bbox_yolo": [0.36597317457199097, 0.553546130657196, 0.12593206763267517, 0.09275627136230469], "conf": 0.47868457436561584}, {"class_name": "B4", "bbox_yolo": [0.38063839077949524, 0.47396230697631836, 0.11271334439516068, 0.07310905307531357], "conf": 0.31524941325187683}], "count_per_class": {"B1": 0, "B2": 1, "B3": 1, "B4": 1}, "side_index": 1}