{"image": "DAMIMAS_A21B_0241_3.jpg", "detector": "y26m", "detections": [{"class_name": "B3", "bbox_yolo": [0.5155466794967651, 0.42848020792007446, 0.11772668361663818, 0.10149853676557541], "conf": 0.5205451250076294}], "count_per_class": {"B1": 0, "B2": 0, "B3": 1, "B4": 0}, "side_index": 2}