{"image": "DAMIMAS_A21B_0101_2.jpg", "detector": "y26m", "detections": [{"class_name": "B2", "bbox_yolo": [0.3433253765106201, 0.4985280930995941, 0.11986269056797028, 0.11858091503381729], "conf": 0.707761287689209}, {"class_name": "B3", "bbox_yolo": [0.5820887088775635, 0.47500109672546387, 0.11242056638002396, 0.09937524795532227], "conf": 0.6897931098937988}, {"class_name": "B3", "bbox_yolo": [0.44781413674354553, 0.4538750648498535, 0.1030343770980835, 0.08745580166578293], "conf": 0.4659750163555145}, {"class_name": "B2", "bbox_yolo": [0.6724377274513245, 0.4984917640686035, 0.09857871383428574, 0.10188546031713486], "conf": 0.31961923837661743}], "count_per_class": {"B1": 0, "B2": 2, "B3": 2, "B4": 0}, "side_index": 1}