{"image": "DAMIMAS_A21B_0159_4.jpg", "detector": "y26m", "detections": [{"class_name": "B3", "bbox_yolo": [0.43603503704071045, 0.40314409136772156, 0.12203865498304367, 0.09691262245178223], "conf": 0.6286203265190125}, {"class_name": "B4", "bbox_yolo": [0.409991592168808, 0.32194462418556213, 0.1124344915151596, 0.07422389835119247], "conf": 0.3860371708869934}, {"class_name": "B4", "bbox_yolo": [0.4088023006916046, 0.3175124228000641, 0.0960145965218544, 0.06346142292022705], "conf": 0.29229575395584106}, {"class_name": "B3", "bbox_yolo": [0.3066118657588959, 0.39301735162734985, 0.07077401876449585, 0.05497780069708824], "conf": 0.28186625242233276}], "count_per_class": {"B1": 0, "B2": 0, "B3": 2, "B4": 2}, "side_index": 3}