{"image": "DAMIMAS_A21B_0786_2.jpg", "detector": "y26m", "detections": [{"class_name": "B1", "bbox_yolo": [0.6366820335388184, 0.2371235191822052, 0.114078588783741, 0.0900522843003273], "conf": 0.7391800284385681}, {"class_name": "B3", "bbox_yolo": [0.5256050229072571, 0.19089584052562714, 0.10919927805662155, 0.09071033447980881], "conf": 0.3886946141719818}], "count_per_class": {"B1": 1, "B2": 0, "B3": 1, "B4": 0}, "side_index": 1}