{"image": "DAMIMAS_A21B_0475_1.jpg", "detector": "y26m", "detections": [{"class_name": "B4", "bbox_yolo": [0.6151829361915588, 0.34180840849876404, 0.06979376822710037, 0.06361410766839981], "conf": 0.2919636368751526}, {"class_name": "B3", "bbox_yolo": [0.6993657946586609, 0.3892844617366791, 0.08201135694980621, 0.06791388988494873], "conf": 0.28915053606033325}, {"class_name": "B3", "bbox_yolo": [0.6997663378715515, 0.39557939767837524, 0.09507020562887192, 0.07963905483484268], "conf": 0.25550028681755066}], "count_per_class": {"B1": 0, "B2": 0, "B3": 2, "B4": 1}, "side_index": 0}