{"image": "DAMIMAS_A21B_0807_1.jpg", "detector": "y26m", "detections": [{"class_name": "B4", "bbox_yolo": [0.6940720081329346, 0.25990530848503113, 0.1389457732439041, 0.08820533752441406], "conf": 0.43538030982017517}, {"class_name": "B4", "bbox_yolo": [0.35071486234664917, 0.22582487761974335, 0.1230248212814331, 0.1031009703874588], "conf": 0.3641250431537628}], "count_per_class": {"B1": 0, "B2": 0, "B3": 0, "B4": 2}, "side_index": 0}