{"image": "DAMIMAS_A21B_0311_3.jpg", "detector": "y26m", "detections": [{"class_name": "B3", "bbox_yolo": [0.5732842087745667, 0.4855067729949951, 0.11645934730768204, 0.1011684462428093], "conf": 0.6430742144584656}], "count_per_class": {"B1": 0, "B2": 0, "B3": 1, "B4": 0}, "side_index": 2}