{"image": "DAMIMAS_A21B_0845_3.jpg", "detector": "y26m", "detections": [{"class_name": "B3", "bbox_yolo": [0.43320995569229126, 0.22549192607402802, 0.1336469054222107, 0.10791678726673126], "conf": 0.6741465926170349}, {"class_name": "B3", "bbox_yolo": [0.6055687665939331, 0.267377108335495, 0.15309639275074005, 0.1368657499551773], "conf": 0.5568578243255615}, {"class_name": "B2", "bbox_yolo": [0.33099448680877686, 0.29136672616004944, 0.13754568994045258, 0.13291044533252716], "conf": 0.5317085385322571}, {"class_name": "B1", "bbox_yolo": [0.33099448680877686, 0.29136672616004944, 0.13754568994045258, 0.13291044533252716], "conf": 0.30392223596572876}], "count_per_class": {"B1": 1, "B2": 1, "B3": 2, "B4": 0}, "side_index": 2}