{"image": "DAMIMAS_A21B_0409_2.jpg", "detector": "y26m", "detections": [{"class_name": "B1", "bbox_yolo": [0.6556190848350525, 0.4890348017215729, 0.11461417376995087, 0.1088908240199089], "conf": 0.8012583255767822}, {"class_name": "B1", "bbox_yolo": [0.3293250799179077, 0.49831706285476685, 0.08449535816907883, 0.08423256874084473], "conf": 0.566467821598053}, {"class_name": "B3", "bbox_yolo": [0.3875349164009094, 0.45208072662353516, 0.0959010198712349, 0.07967181503772736], "conf": 0.37078332901000977}, {"class_name": "B3", "bbox_yolo": [0.3861234784126282, 0.4482233226299286, 0.08508314192295074, 0.06681356579065323], "conf": 0.2830452024936676}], "count_per_class": {"B1": 2, "B2": 0, "B3": 2, "B4": 0}, "side_index": 1}