{"image": "DAMIMAS_A21B_0617_2.jpg", "detector": "y26m", "detections": [{"class_name": "B1", "bbox_yolo": [0.49299854040145874, 0.42466336488723755, 0.2743759751319885, 0.21472787857055664], "conf": 0.7392963767051697}, {"class_name": "B3", "bbox_yolo": [0.3437338173389435, 0.3342176079750061, 0.14651934802532196, 0.11006443947553635], "conf": 0.5628809332847595}, {"class_name": "B3", "bbox_yolo": [0.718429684638977, 0.38162919878959656, 0.195337176322937, 0.1680593490600586], "conf": 0.5095169544219971}, {"class_name": "B2", "bbox_yolo": [0.22652490437030792, 0.40142640471458435, 0.14527104794979095, 0.13163356482982635], "conf": 0.49730339646339417}], "count_per_class": {"B1": 1, "B2": 1, "B3": 2, "B4": 0}, "side_index": 1}