{"image": "DAMIMAS_A21B_0219_1.jpg", "detector": "y26m", "detections": [{"class_name": "B1", "bbox_yolo": [0.42740046977996826, 0.36932775378227234, 0.13924449682235718, 0.08900795131921768], "conf": 0.6353482604026794}, {"class_name": "B3", "bbox_yolo": [0.4153800308704376, 0.29176419973373413, 0.11649208515882492, 0.07448744773864746], "conf": 0.5725265145301819}, {"class_name": "B3", "bbox_yolo": [0.6589265465736389, 0.3412019908428192, 0.11213360726833344, 0.07878556102514267], "conf": 0.3693471848964691}, {"class_name": "B3", "bbox_yolo": [0.6096295118331909, 0.28497037291526794, 0.11133474111557007, 0.08575894683599472], "conf": 0.28339725732803345}], "count_per_class": {"B1": 1, "B2": 0, "B3": 3, "B4": 0}, "side_index": 0}