{"image": "DAMIMAS_A21B_0025_3.jpg", "detector": "y26m", "detections": [{"class_name": "B1", "bbox_yolo": [0.6857225298881531, 0.48027554154396057, 0.15209051966667175, 0.14325399696826935], "conf": 0.7210530042648315}, {"class_name": "B2", "bbox_yolo": [0.3308813273906708, 0.47490641474723816, 0.12571923434734344, 0.1184302344918251], "conf": 0.36902523040771484}], "count_per_class": {"B1": 1, "B2": 1, "B3": 0, "B4": 0}, "side_index": 2}