{"image": "DAMIMAS_A21B_0026_4.jpg", "detector": "y26m", "detections": [{"class_name": "B3", "bbox_yolo": [0.3747531473636627, 0.5100377798080444, 0.11529265344142914, 0.09337788075208664], "conf": 0.7254183888435364}, {"class_name": "B3", "bbox_yolo": [0.511267900466919, 0.503190815448761, 0.11171312630176544, 0.09629950672388077], "conf": 0.4340590238571167}, {"class_name": "B3", "bbox_yolo": [0.6304211616516113, 0.5353689193725586, 0.12364337593317032, 0.12049632519483566], "conf": 0.4142844080924988}, {"class_name": "B2", "bbox_yolo": [0.3096725046634674, 0.5525981783866882, 0.09652204811573029, 0.07823677361011505], "conf": 0.27200716733932495}], "count_per_class": {"B1": 0, "B2": 1, "B3": 3, "B4": 0}, "side_index": 3}