{"image": "DAMIMAS_A21B_0446_2.jpg", "detector": "y26m", "detections": [{"class_name": "B1", "bbox_yolo": [0.4913041591644287, 0.37113484740257263, 0.12300097942352295, 0.08897271007299423], "conf": 0.7380703091621399}, {"class_name": "B3", "bbox_yolo": [0.6271437406539917, 0.35622864961624146, 0.11376693099737167, 0.0895836129784584], "conf": 0.521037757396698}, {"class_name": "B2", "bbox_yolo": [0.6271437406539917, 0.35622864961624146, 0.11376693099737167, 0.0895836129784584], "conf": 0.2948795258998871}], "count_per_class": {"B1": 1, "B2": 1, "B3": 1, "B4": 0}, "side_index": 1}