{"image": "DAMIMAS_A21B_0240_4.jpg", "detector": "y26m", "detections": [{"class_name": "B3", "bbox_yolo": [0.4024062752723694, 0.2656453549861908, 0.12689514458179474, 0.10160062462091446], "conf": 0.6151414513587952}, {"class_name": "B3", "bbox_yolo": [0.42186692357063293, 0.36863118410110474, 0.13223788142204285, 0.10288851708173752], "conf": 0.3669721484184265}, {"class_name": "B2", "bbox_yolo": [0.42186692357063293, 0.36863118410110474, 0.13223788142204285, 0.10288851708173752], "conf": 0.36226561665534973}], "count_per_class": {"B1": 0, "B2": 1, "B3": 2, "B4": 0}, "side_index": 3}