{"image": "DAMIMAS_A21B_0604_4.jpg", "detector": "y26m", "detections": [{"class_name": "B2", "bbox_yolo": [0.6779018640518188, 0.31607943773269653, 0.2012290358543396, 0.2139299213886261], "conf": 0.6213540434837341}, {"class_name": "B3", "bbox_yolo": [0.4529125392436981, 0.27342987060546875, 0.1808532476425171, 0.1800108700990677], "conf": 0.5463069081306458}, {"class_name": "B2", "bbox_yolo": [0.26022782921791077, 0.3947988450527191, 0.11960010975599289, 0.11646337807178497], "conf": 0.4078821539878845}], "count_per_class": {"B1": 0, "B2": 2, "B3": 1, "B4": 0}, "side_index": 3}