{"image": "DAMIMAS_A21B_0425_1.jpg", "detector": "y26m", "detections": [{"class_name": "B3", "bbox_yolo": [0.3753724992275238, 0.35905370116233826, 0.11344534903764725, 0.09274585545063019], "conf": 0.33158424496650696}, {"class_name": "B3", "bbox_yolo": [0.6571236252784729, 0.3747278153896332, 0.11991304159164429, 0.11106669902801514], "conf": 0.32213976979255676}], "count_per_class": {"B1": 0, "B2": 0, "B3": 2, "B4": 0}, "side_index": 0}