{"image": "DAMIMAS_A21B_0731_2.jpg", "detector": "y26m", "detections": [{"class_name": "B3", "bbox_yolo": [0.351347953081131, 0.2782002389431, 0.22773003578186035, 0.1625586599111557], "conf": 0.6619173288345337}, {"class_name": "B3", "bbox_yolo": [0.5352257490158081, 0.1888810694217682, 0.18622708320617676, 0.111963652074337], "conf": 0.32288220524787903}], "count_per_class": {"B1": 0, "B2": 0, "B3": 2, "B4": 0}, "side_index": 1}