{"image": "DAMIMAS_A21B_0827_2.jpg", "detector": "y26m", "detections": [{"class_name": "B3", "bbox_yolo": [0.44192907214164734, 0.378013551235199, 0.10377932339906693, 0.0800711140036583], "conf": 0.5940675735473633}, {"class_name": "B3", "bbox_yolo": [0.5735909938812256, 0.40994954109191895, 0.11982657760381699, 0.09014826267957687], "conf": 0.504578709602356}, {"class_name": "B2", "bbox_yolo": [0.35465356707572937, 0.4344103932380676, 0.10041052848100662, 0.08451437950134277], "conf": 0.36853206157684326}], "count_per_class": {"B1": 0, "B2": 1, "B3": 2, "B4": 0}, "side_index": 1}