{"image": "DAMIMAS_A21B_0179_1.jpg", "detector": "y26m", "detections": [{"class_name": "B3", "bbox_yolo": [0.30070117115974426, 0.45751142501831055, 0.12827177345752716, 0.10965647548437119], "conf": 0.7238079309463501}, {"class_name": "B2", "bbox_yolo": [0.6127551198005676, 0.46440553665161133, 0.1101495772600174, 0.10940494388341904], "conf": 0.6304646134376526}, {"class_name": "B3", "bbox_yolo": [0.4001719355583191, 0.3873949944972992, 0.11429758369922638, 0.09922923892736435], "conf": 0.5990299582481384}, {"class_name": "B3", "bbox_yolo": [0.5203433036804199, 0.42154836654663086, 0.10356573015451431, 0.08467507362365723], "conf": 0.5560815334320068}], "count_per_class": {"B1": 0, "B2": 1, "B3": 3, "B4": 0}, "side_index": 0}