{"image": "DAMIMAS_A21B_0644_4.jpg", "detector": "y26m", "detections": [{"class_name": "B3", "bbox_yolo": [0.6041710376739502, 0.28363922238349915, 0.18793612718582153, 0.16931115090847015], "conf": 0.5849279761314392}, {"class_name": "B2", "bbox_yolo": [0.4342667758464813, 0.37541037797927856, 0.22597117722034454, 0.12062139809131622], "conf": 0.5226391553878784}, {"class_name": "B3", "bbox_yolo": [0.850282609462738, 0.37836095690727234, 0.1411544233560562, 0.14743781089782715], "conf": 0.4391845762729645}], "count_per_class": {"B1": 0, "B2": 1, "B3": 2, "B4": 0}, "side_index": 3}