{"image": "DAMIMAS_A21B_0202_3.jpg", "detector": "y26m", "detections": [{"class_name": "B1", "bbox_yolo": [0.622286319732666, 0.4819326400756836, 0.06780103594064713, 0.05539817735552788], "conf": 0.4376150667667389}, {"class_name": "B3", "bbox_yolo": [0.4280399680137634, 0.4676060676574707, 0.07715289294719696, 0.057335712015628815], "conf": 0.36371883749961853}], "count_per_class": {"B1": 1, "B2": 0, "B3": 1, "B4": 0}, "side_index": 2}