{"image": "DAMIMAS_A21B_0547_2.jpg", "detector": "y26m", "detections": [{"class_name": "B3", "bbox_yolo": [0.6299228072166443, 0.3989943861961365, 0.13956274092197418, 0.1069226786494255], "conf": 0.6915963888168335}, {"class_name": "B2", "bbox_yolo": [0.33486106991767883, 0.4527352750301361, 0.1329222172498703, 0.10653629153966904], "conf": 0.5441181659698486}, {"class_name": "B2", "bbox_yolo": [0.7024433612823486, 0.46047839522361755, 0.11239821463823318, 0.09787803143262863], "conf": 0.5199700593948364}, {"class_name": "B2", "bbox_yolo": [0.46470651030540466, 0.4345226287841797, 0.12308353185653687, 0.10008032619953156], "conf": 0.3533996641635895}], "count_per_class": {"B1": 0, "B2": 3, "B3": 1, "B4": 0}, "side_index": 1}