{"image": "DAMIMAS_A21B_0132_2.jpg", "detector": "y26m", "detections": [{"class_name": "B2", "bbox_yolo": [0.4599597156047821, 0.31041213870048523, 0.12218672782182693, 0.12814712524414062], "conf": 0.5594603419303894}, {"class_name": "B3", "bbox_yolo": [0.6055963039398193, 0.2967023551464081, 0.11958065629005432, 0.1030886173248291], "conf": 0.44203612208366394}, {"class_name": "B3", "bbox_yolo": [0.3551035523414612, 0.3458705544471741, 0.09455789625644684, 0.0847514197230339], "conf": 0.4025194048881531}], "count_per_class": {"B1": 0, "B2": 1, "B3": 2, "B4": 0}, "side_index": 1}