{"image": "DAMIMAS_A21B_0379_3.jpg", "detector": "y26m", "detections": [{"class_name": "B3", "bbox_yolo": [0.47674670815467834, 0.3775528371334076, 0.09631218016147614, 0.0780145451426506], "conf": 0.2985179126262665}], "count_per_class": {"B1": 0, "B2": 0, "B3": 1, "B4": 0}, "side_index": 2}