{"image": "DAMIMAS_A21B_0008_4.jpg", "detector": "y26m", "detections": [{"class_name": "B3", "bbox_yolo": [0.3873193860054016, 0.5292248129844666, 0.10994543135166168, 0.08748765289783478], "conf": 0.6421402096748352}, {"class_name": "B1", "bbox_yolo": [0.5290338397026062, 0.5512846112251282, 0.11351153999567032, 0.09355492889881134], "conf": 0.5396512746810913}], "count_per_class": {"B1": 1, "B2": 0, "B3": 1, "B4": 0}, "side_index": 3}