{"image": "DAMIMAS_A21B_0472_2.jpg", "detector": "y26m", "detections": [{"class_name": "B4", "bbox_yolo": [0.5839131474494934, 0.36982494592666626, 0.06755015254020691, 0.0495058074593544], "conf": 0.29800981283187866}], "count_per_class": {"B1": 0, "B2": 0, "B3": 0, "B4": 1}, "side_index": 1}