{"image": "DAMIMAS_A21B_0105_2.jpg", "detector": "y26m", "detections": [{"class_name": "B3", "bbox_yolo": [0.6102498769760132, 0.4483906924724579, 0.11165855079889297, 0.08745341747999191], "conf": 0.40391695499420166}, {"class_name": "B2", "bbox_yolo": [0.6861250996589661, 0.4978535771369934, 0.09685160964727402, 0.08913717418909073], "conf": 0.36672481894493103}, {"class_name": "B2", "bbox_yolo": [0.3074105679988861, 0.49872705340385437, 0.11813415586948395, 0.09745349735021591], "conf": 0.3127308487892151}], "count_per_class": {"B1": 0, "B2": 2, "B3": 1, "B4": 0}, "side_index": 1}