{"image": "DAMIMAS_A21B_0120_4.jpg", "detector": "y26m", "detections": [{"class_name": "B1", "bbox_yolo": [0.35274648666381836, 0.5127294063568115, 0.11770156770944595, 0.09098958969116211], "conf": 0.5300426483154297}], "count_per_class": {"B1": 1, "B2": 0, "B3": 0, "B4": 0}, "side_index": 3}