{"image": "DAMIMAS_A21B_0566_3.jpg", "detector": "y26m", "detections": [{"class_name": "B2", "bbox_yolo": [0.663869321346283, 0.3546818196773529, 0.15637576580047607, 0.11308615654706955], "conf": 0.5990049839019775}, {"class_name": "B3", "bbox_yolo": [0.6098697781562805, 0.26349076628685, 0.14070987701416016, 0.10660703480243683], "conf": 0.5913344025611877}, {"class_name": "B2", "bbox_yolo": [0.2918606102466583, 0.34821251034736633, 0.15361548960208893, 0.13872762024402618], "conf": 0.3570292592048645}], "count_per_class": {"B1": 0, "B2": 2, "B3": 1, "B4": 0}, "side_index": 2}