{"image": "DAMIMAS_A21B_0240_1.jpg", "detector": "y26m", "detections": [{"class_name": "B3", "bbox_yolo": [0.418445885181427, 0.4043355882167816, 0.10743167251348495, 0.08994116634130478], "conf": 0.6121262907981873}, {"class_name": "B3", "bbox_yolo": [0.64592444896698, 0.40763041377067566, 0.10967611521482468, 0.08248164504766464], "conf": 0.31262531876564026}], "count_per_class": {"B1": 0, "B2": 0, "B3": 2, "B4": 0}, "side_index": 0}