{"image": "DAMIMAS_A21B_0765_4.jpg", "detector": "y26m", "detections": [{"class_name": "B3", "bbox_yolo": [0.5473729968070984, 0.39740443229675293, 0.1283181607723236, 0.11169850826263428], "conf": 0.6958065032958984}, {"class_name": "B3", "bbox_yolo": [0.40109774470329285, 0.4014195501804352, 0.11436024308204651, 0.09370303153991699], "conf": 0.5773364305496216}], "count_per_class": {"B1": 0, "B2": 0, "B3": 2, "B4": 0}, "side_index": 3}