{"image": "DAMIMAS_A21B_0699_1.jpg", "detector": "y26m", "detections": [{"class_name": "B3", "bbox_yolo": [0.6765610575675964, 0.23989330232143402, 0.1842573881149292, 0.14240072667598724], "conf": 0.6819758415222168}, {"class_name": "B4", "bbox_yolo": [0.5262688398361206, 0.17180907726287842, 0.17603901028633118, 0.1226809024810791], "conf": 0.5289868116378784}, {"class_name": "B3", "bbox_yolo": [0.42325741052627563, 0.3040432929992676, 0.2161485105752945, 0.17276303470134735], "conf": 0.38137489557266235}, {"class_name": "B2", "bbox_yolo": [0.42325741052627563, 0.3040432929992676, 0.2161485105752945, 0.17276303470134735], "conf": 0.3063254654407501}], "count_per_class": {"B1": 0, "B2": 1, "B3": 2, "B4": 1}, "side_index": 0}