{"image": "DAMIMAS_A21B_0172_4.jpg", "detector": "y26m", "detections": [{"class_name": "B2", "bbox_yolo": [0.33195066452026367, 0.4859685003757477, 0.12012631446123123, 0.09217500686645508], "conf": 0.5950338244438171}, {"class_name": "B4", "bbox_yolo": [0.32282522320747375, 0.41758832335472107, 0.07426504045724869, 0.053145479410886765], "conf": 0.298673540353775}, {"class_name": "B3", "bbox_yolo": [0.5500821471214294, 0.463323175907135, 0.08968061208724976, 0.05519905313849449], "conf": 0.29534202814102173}, {"class_name": "B3", "bbox_yolo": [0.5484278202056885, 0.4725516438484192, 0.10435321182012558, 0.07387013733386993], "conf": 0.2872203290462494}], "count_per_class": {"B1": 0, "B2": 1, "B3": 2, "B4": 1}, "side_index": 3}