{"image": "DAMIMAS_A21B_0477_2.jpg", "detector": "y26m", "detections": [{"class_name": "B3", "bbox_yolo": [0.3699760437011719, 0.3865446448326111, 0.12078235298395157, 0.08289027214050293], "conf": 0.4904875159263611}, {"class_name": "B3", "bbox_yolo": [0.611782968044281, 0.37874412536621094, 0.11641661822795868, 0.08816013485193253], "conf": 0.31603294610977173}], "count_per_class": {"B1": 0, "B2": 0, "B3": 2, "B4": 0}, "side_index": 1}