{"image": "DAMIMAS_A21B_0839_8.jpg", "detector": "y26m", "detections": [{"class_name": "B1", "bbox_yolo": [0.6069279909133911, 0.46821990609169006, 0.16981545090675354, 0.12625837326049805], "conf": 0.8022233247756958}, {"class_name": "B2", "bbox_yolo": [0.3447265625, 0.4460016191005707, 0.1233302503824234, 0.107662633061409], "conf": 0.6756613254547119}], "count_per_class": {"B1": 1, "B2": 1, "B3": 0, "B4": 0}, "side_index": 7}