{"image": "DAMIMAS_A21B_0601_4.jpg", "detector": "y26m", "detections": [{"class_name": "B3", "bbox_yolo": [0.4785909354686737, 0.3641389012336731, 0.19031529128551483, 0.15441007912158966], "conf": 0.7035534381866455}, {"class_name": "B3", "bbox_yolo": [0.24076372385025024, 0.3941176235675812, 0.14134690165519714, 0.1631803959608078], "conf": 0.4287714958190918}], "count_per_class": {"B1": 0, "B2": 0, "B3": 2, "B4": 0}, "side_index": 3}