{"image": "DAMIMAS_A21B_0203_4.jpg", "detector": "y26m", "detections": [{"class_name": "B3", "bbox_yolo": [0.6254660487174988, 0.47739458084106445, 0.06876761466264725, 0.05814628675580025], "conf": 0.4056464433670044}, {"class_name": "B3", "bbox_yolo": [0.39189612865448, 0.475346177816391, 0.07339265197515488, 0.057401325553655624], "conf": 0.26224303245544434}], "count_per_class": {"B1": 0, "B2": 0, "B3": 2, "B4": 0}, "side_index": 3}