{"image": "DAMIMAS_A21B_0769_2.jpg", "detector": "y26m", "detections": [{"class_name": "B3", "bbox_yolo": [0.81108158826828, 0.4621069133281708, 0.22802786529064178, 0.20980897545814514], "conf": 0.48825502395629883}, {"class_name": "B3", "bbox_yolo": [0.6467939615249634, 0.3331432342529297, 0.13296572864055634, 0.1349499672651291], "conf": 0.4246612787246704}, {"class_name": "B4", "bbox_yolo": [0.7922620177268982, 0.30154290795326233, 0.11923587322235107, 0.09677686542272568], "conf": 0.2961292862892151}], "count_per_class": {"B1": 0, "B2": 0, "B3": 2, "B4": 1}, "side_index": 1}