{"image": "DAMIMAS_A21B_0053_3.jpg", "detector": "y26m", "detections": [{"class_name": "B2", "bbox_yolo": [0.37842682003974915, 0.5041078329086304, 0.12320929020643234, 0.0922752395272255], "conf": 0.5820125341415405}, {"class_name": "B4", "bbox_yolo": [0.3702298402786255, 0.426795095205307, 0.11065464466810226, 0.07377798855304718], "conf": 0.5251318216323853}], "count_per_class": {"B1": 0, "B2": 1, "B3": 0, "B4": 1}, "side_index": 2}