{"image": "DAMIMAS_A21B_0791_3.jpg", "detector": "y26m", "detections": [{"class_name": "B3", "bbox_yolo": [0.43106797337532043, 0.49723201990127563, 0.20371508598327637, 0.1409081518650055], "conf": 0.6507788896560669}, {"class_name": "B3", "bbox_yolo": [0.761317253112793, 0.38530564308166504, 0.11780288070440292, 0.09751923382282257], "conf": 0.30847659707069397}], "count_per_class": {"B1": 0, "B2": 0, "B3": 2, "B4": 0}, "side_index": 2}