{"image": "DAMIMAS_A21B_0448_1.jpg", "detector": "y26m", "detections": [{"class_name": "B2", "bbox_yolo": [0.47939279675483704, 0.41839346289634705, 0.10774879902601242, 0.08848464488983154], "conf": 0.5716450810432434}, {"class_name": "B4", "bbox_yolo": [0.5128114819526672, 0.3421995937824249, 0.08001979440450668, 0.05982861667871475], "conf": 0.29284635186195374}], "count_per_class": {"B1": 0, "B2": 1, "B3": 0, "B4": 1}, "side_index": 0}