{"image": "DAMIMAS_A21B_0666_2.jpg", "detector": "y26m", "detections": [{"class_name": "B3", "bbox_yolo": [0.6464414000511169, 0.3285153806209564, 0.12453238666057587, 0.09382393211126328], "conf": 0.27824312448501587}], "count_per_class": {"B1": 0, "B2": 0, "B3": 1, "B4": 0}, "side_index": 1}