{"image": "DAMIMAS_A21B_0242_2.jpg", "detector": "y26m", "detections": [{"class_name": "B2", "bbox_yolo": [0.6110357046127319, 0.3730599582195282, 0.11685524880886078, 0.09622900933027267], "conf": 0.5448433756828308}, {"class_name": "B3", "bbox_yolo": [0.4557858109474182, 0.3709108829498291, 0.13844776153564453, 0.14414365589618683], "conf": 0.4665382206439972}], "count_per_class": {"B1": 0, "B2": 1, "B3": 1, "B4": 0}, "side_index": 1}