{"image": "DAMIMAS_A21B_0651_4.jpg", "detector": "y26m", "detections": [{"class_name": "B3", "bbox_yolo": [0.2920597493648529, 0.19610397517681122, 0.14646568894386292, 0.11115334182977676], "conf": 0.6074119210243225}, {"class_name": "B3", "bbox_yolo": [0.6506115198135376, 0.22605036199092865, 0.10594050586223602, 0.09648450464010239], "conf": 0.33688241243362427}, {"class_name": "B4", "bbox_yolo": [0.284076064825058, 0.11184810847043991, 0.11799205839633942, 0.0738174244761467], "conf": 0.32944005727767944}, {"class_name": "B1", "bbox_yolo": [0.4613907039165497, 0.19395044445991516, 0.10474466532468796, 0.08921785652637482], "conf": 0.2715315520763397}], "count_per_class": {"B1": 1, "B2": 0, "B3": 2, "B4": 1}, "side_index": 3}