{"image": "DAMIMAS_A21B_0816_8.jpg", "detector": "y26m", "detections": [{"class_name": "B3", "bbox_yolo": [0.3783021569252014, 0.34643957018852234, 0.11452484875917435, 0.10470330715179443], "conf": 0.6017678380012512}, {"class_name": "B3", "bbox_yolo": [0.6448474526405334, 0.32650110125541687, 0.11508255451917648, 0.09374091774225235], "conf": 0.5023914575576782}, {"class_name": "B2", "bbox_yolo": [0.3199569880962372, 0.41150733828544617, 0.10260166227817535, 0.09799456596374512], "conf": 0.4908924698829651}, {"class_name": "B3", "bbox_yolo": [0.7135099172592163, 0.37916454672813416, 0.12832127511501312, 0.08604772388935089], "conf": 0.28171685338020325}], "count_per_class": {"B1": 0, "B2": 1, "B3": 3, "B4": 0}, "side_index": 7}