{"image": "DAMIMAS_A21B_0328_2.jpg", "detector": "y26m", "detections": [{"class_name": "B3", "bbox_yolo": [0.6581052541732788, 0.4621054232120514, 0.15765324234962463, 0.12577669322490692], "conf": 0.6606059074401855}, {"class_name": "B3", "bbox_yolo": [0.37473103404045105, 0.414194256067276, 0.14037644863128662, 0.12505502998828888], "conf": 0.45847466588020325}, {"class_name": "B2", "bbox_yolo": [0.23162594437599182, 0.4699028432369232, 0.12692555785179138, 0.11847124248743057], "conf": 0.3096190392971039}, {"class_name": "B3", "bbox_yolo": [0.23162594437599182, 0.4699028432369232, 0.12692555785179138, 0.11847124248743057], "conf": 0.2909526228904724}], "count_per_class": {"B1": 0, "B2": 1, "B3": 3, "B4": 0}, "side_index": 1}