{"image": "DAMIMAS_A21B_0146_1.jpg", "detector": "y26m", "detections": [{"class_name": "B2", "bbox_yolo": [0.30532482266426086, 0.4978402256965637, 0.1794998198747635, 0.14052334427833557], "conf": 0.6572370529174805}, {"class_name": "B3", "bbox_yolo": [0.42664384841918945, 0.42198601365089417, 0.15299083292484283, 0.12178301811218262], "conf": 0.6453695893287659}, {"class_name": "B2", "bbox_yolo": [0.5990307331085205, 0.45701608061790466, 0.15702229738235474, 0.1254875659942627], "conf": 0.5810152292251587}, {"class_name": "B3", "bbox_yolo": [0.28459563851356506, 0.40298375487327576, 0.11580824106931686, 0.0738150104880333], "conf": 0.5440303683280945}], "count_per_class": {"B1": 0, "B2": 2, "B3": 2, "B4": 0}, "side_index": 0}