{"image": "DAMIMAS_A21B_0420_4.jpg", "detector": "y26m", "detections": [{"class_name": "B2", "bbox_yolo": [0.6344784498214722, 0.43870797753334045, 0.14731140434741974, 0.11996068805456161], "conf": 0.3232870399951935}, {"class_name": "B3", "bbox_yolo": [0.4562692940235138, 0.4137118458747864, 0.16186749935150146, 0.12461276352405548], "conf": 0.3036755323410034}, {"class_name": "B2", "bbox_yolo": [0.4562692940235138, 0.4137118458747864, 0.16186749935150146, 0.12461276352405548], "conf": 0.2604692876338959}], "count_per_class": {"B1": 0, "B2": 2, "B3": 1, "B4": 0}, "side_index": 3}