{"image": "DAMIMAS_A21B_0528_4.jpg", "detector": "y26m", "detections": [{"class_name": "B2", "bbox_yolo": [0.3589126169681549, 0.4661005139350891, 0.13731718063354492, 0.11237068474292755], "conf": 0.48771974444389343}], "count_per_class": {"B1": 0, "B2": 1, "B3": 0, "B4": 0}, "side_index": 3}