{"image": "DAMIMAS_A21B_0108_1.jpg", "detector": "y26m", "detections": [{"class_name": "B2", "bbox_yolo": [0.37950095534324646, 0.5770534873008728, 0.09966520220041275, 0.08148413151502609], "conf": 0.4686494767665863}, {"class_name": "B3", "bbox_yolo": [0.46383732557296753, 0.5468355417251587, 0.09665849059820175, 0.07198462635278702], "conf": 0.3200500011444092}, {"class_name": "B3", "bbox_yolo": [0.5766730308532715, 0.550340473651886, 0.07658488303422928, 0.05714864656329155], "conf": 0.2652674615383148}], "count_per_class": {"B1": 0, "B2": 1, "B3": 2, "B4": 0}, "side_index": 0}