{"image": "DAMIMAS_A21B_0262_2.jpg", "detector": "y26m", "detections": [{"class_name": "B3", "bbox_yolo": [0.39380502700805664, 0.4185852110385895, 0.13660012185573578, 0.0997294932603836], "conf": 0.6284321546554565}, {"class_name": "B1", "bbox_yolo": [0.3402628004550934, 0.5318846106529236, 0.16221973299980164, 0.14543576538562775], "conf": 0.591795802116394}, {"class_name": "B3", "bbox_yolo": [0.6962787508964539, 0.46576568484306335, 0.13715451955795288, 0.10936170071363449], "conf": 0.5515481233596802}], "count_per_class": {"B1": 1, "B2": 0, "B3": 2, "B4": 0}, "side_index": 1}