{"image": "DAMIMAS_A21B_0042_1.jpg", "detector": "y26m", "detections": [{"class_name": "B2", "bbox_yolo": [0.3550465703010559, 0.599506139755249, 0.09630680829286575, 0.08951549977064133], "conf": 0.6706187129020691}, {"class_name": "B3", "bbox_yolo": [0.4424525201320648, 0.5739339590072632, 0.10155541449785233, 0.07473726570606232], "conf": 0.644530713558197}, {"class_name": "B1", "bbox_yolo": [0.6300464868545532, 0.5886213779449463, 0.09629250317811966, 0.09087830036878586], "conf": 0.5524048805236816}], "count_per_class": {"B1": 1, "B2": 1, "B3": 1, "B4": 0}, "side_index": 0}