{"image": "DAMIMAS_A21B_0772_4.jpg", "detector": "y26m", "detections": [{"class_name": "B3", "bbox_yolo": [0.29084867238998413, 0.338968962430954, 0.13933829963207245, 0.10112207382917404], "conf": 0.5551426410675049}, {"class_name": "B1", "bbox_yolo": [0.5205841064453125, 0.354277104139328, 0.1332908421754837, 0.13320589065551758], "conf": 0.4713403880596161}, {"class_name": "B2", "bbox_yolo": [0.5587712526321411, 0.3546160161495209, 0.21242855489253998, 0.14706793427467346], "conf": 0.3488990068435669}], "count_per_class": {"B1": 1, "B2": 1, "B3": 1, "B4": 0}, "side_index": 3}