{"image": "DAMIMAS_A21B_0521_1.jpg", "detector": "y26m", "detections": [{"class_name": "B3", "bbox_yolo": [0.4122379720211029, 0.3897922933101654, 0.1476573348045349, 0.11404309421777725], "conf": 0.4181343615055084}, {"class_name": "B3", "bbox_yolo": [0.6348485350608826, 0.35299569368362427, 0.11047866195440292, 0.08674867451190948], "conf": 0.3315497934818268}, {"class_name": "B2", "bbox_yolo": [0.4122379720211029, 0.3897922933101654, 0.1476573348045349, 0.11404309421777725], "conf": 0.26519352197647095}], "count_per_class": {"B1": 0, "B2": 1, "B3": 2, "B4": 0}, "side_index": 0}