{"image": "DAMIMAS_A21B_0324_1.jpg", "detector": "y26m", "detections": [{"class_name": "B3", "bbox_yolo": [0.4107774496078491, 0.4628390371799469, 0.14563758671283722, 0.13051162660121918], "conf": 0.6426625847816467}, {"class_name": "B3", "bbox_yolo": [0.7246708273887634, 0.4227348268032074, 0.11822758615016937, 0.10919461399316788], "conf": 0.5322113037109375}, {"class_name": "B3", "bbox_yolo": [0.5554196238517761, 0.4387713372707367, 0.11713121086359024, 0.09537608921527863], "conf": 0.3730310797691345}, {"class_name": "B3", "bbox_yolo": [0.2978360652923584, 0.4159448742866516, 0.10898072272539139, 0.0843416228890419], "conf": 0.25827327370643616}], "count_per_class": {"B1": 0, "B2": 0, "B3": 4, "B4": 0}, "side_index": 0}