{"image": "DAMIMAS_A21B_0167_3.jpg", "detector": "y26m", "detections": [{"class_name": "B3", "bbox_yolo": [0.4378725290298462, 0.40445995330810547, 0.16563871502876282, 0.14439360797405243], "conf": 0.6653728485107422}, {"class_name": "B2", "bbox_yolo": [0.6223605275154114, 0.4289785921573639, 0.15307560563087463, 0.10915086418390274], "conf": 0.4810044467449188}, {"class_name": "B3", "bbox_yolo": [0.30828988552093506, 0.3641943633556366, 0.10881038010120392, 0.11180925369262695], "conf": 0.38930222392082214}, {"class_name": "B4", "bbox_yolo": [0.5830591320991516, 0.3325192928314209, 0.1379680633544922, 0.10010697692632675], "conf": 0.32891517877578735}], "count_per_class": {"B1": 0, "B2": 1, "B3": 2, "B4": 1}, "side_index": 2}