{"image": "DAMIMAS_A21B_0464_4.jpg", "detector": "y26m", "detections": [{"class_name": "B3", "bbox_yolo": [0.4407360851764679, 0.4234708845615387, 0.05436906963586807, 0.05201292037963867], "conf": 0.5262983441352844}, {"class_name": "B1", "bbox_yolo": [0.48995068669319153, 0.45157891511917114, 0.08710142970085144, 0.07435231655836105], "conf": 0.43796682357788086}, {"class_name": "B3", "bbox_yolo": [0.5865622162818909, 0.43094396591186523, 0.06961771845817566, 0.05876507982611656], "conf": 0.3808785676956177}, {"class_name": "B2", "bbox_yolo": [0.39420777559280396, 0.4305066168308258, 0.053160130977630615, 0.048255063593387604], "conf": 0.26709720492362976}], "count_per_class": {"B1": 1, "B2": 1, "B3": 2, "B4": 0}, "side_index": 3}