{"image": "DAMIMAS_A21B_0056_2.jpg", "detector": "y26m", "detections": [{"class_name": "B3", "bbox_yolo": [0.4732924997806549, 0.47440844774246216, 0.11506681889295578, 0.0911589190363884], "conf": 0.6713693737983704}, {"class_name": "B3", "bbox_yolo": [0.3600230813026428, 0.46115216612815857, 0.10123574733734131, 0.08749490231275558], "conf": 0.4718776047229767}, {"class_name": "B2", "bbox_yolo": [0.6048022508621216, 0.4930278956890106, 0.10700423270463943, 0.07687778770923615], "conf": 0.36962834000587463}, {"class_name": "B4", "bbox_yolo": [0.5630956888198853, 0.42679205536842346, 0.08702663332223892, 0.05871577188372612], "conf": 0.2601625323295593}], "count_per_class": {"B1": 0, "B2": 1, "B3": 2, "B4": 1}, "side_index": 1}