{"image": "DAMIMAS_A21B_0367_4.jpg", "detector": "y26m", "detections": [{"class_name": "B3", "bbox_yolo": [0.6248737573623657, 0.42968735098838806, 0.10498377680778503, 0.09489524364471436], "conf": 0.5819953083992004}, {"class_name": "B3", "bbox_yolo": [0.4129410982131958, 0.41777291893959045, 0.09800809621810913, 0.0732741579413414], "conf": 0.34471622109413147}], "count_per_class": {"B1": 0, "B2": 0, "B3": 2, "B4": 0}, "side_index": 3}