{"image": "DAMIMAS_A21B_0074_3.jpg", "detector": "y26m", "detections": [{"class_name": "B4", "bbox_yolo": [0.41928744316101074, 0.2545738220214844, 0.11108602583408356, 0.09642403572797775], "conf": 0.3809524476528168}], "count_per_class": {"B1": 0, "B2": 0, "B3": 0, "B4": 1}, "side_index": 2}