{"image": "DAMIMAS_A21B_0248_4.jpg", "detector": "y26m", "detections": [{"class_name": "B3", "bbox_yolo": [0.6980350613594055, 0.3164771497249603, 0.1532532423734665, 0.1227932944893837], "conf": 0.4727585017681122}, {"class_name": "B4", "bbox_yolo": [0.33623939752578735, 0.2227465957403183, 0.14075174927711487, 0.10565637797117233], "conf": 0.37548506259918213}, {"class_name": "B3", "bbox_yolo": [0.5158016681671143, 0.25077536702156067, 0.1363590657711029, 0.10656782239675522], "conf": 0.36098727583885193}], "count_per_class": {"B1": 0, "B2": 0, "B3": 2, "B4": 1}, "side_index": 3}