{"image": "DAMIMAS_A21B_0318_4.jpg", "detector": "y26m", "detections": [{"class_name": "B3", "bbox_yolo": [0.30433234572410583, 0.4275166988372803, 0.17438006401062012, 0.14025774598121643], "conf": 0.6949599981307983}, {"class_name": "B3", "bbox_yolo": [0.4873005151748657, 0.43396592140197754, 0.1792319118976593, 0.12436437606811523], "conf": 0.5081958770751953}, {"class_name": "B3", "bbox_yolo": [0.7379247546195984, 0.4462064206600189, 0.11791179329156876, 0.09172020107507706], "conf": 0.3412329852581024}], "count_per_class": {"B1": 0, "B2": 0, "B3": 3, "B4": 0}, "side_index": 3}