{"image": "DAMIMAS_A21B_0608_2.jpg", "detector": "y26m", "detections": [{"class_name": "B2", "bbox_yolo": [0.5102124214172363, 0.31093284487724304, 0.23304660618305206, 0.18007181584835052], "conf": 0.6130179166793823}, {"class_name": "B3", "bbox_yolo": [0.7895200252532959, 0.29876792430877686, 0.1602385938167572, 0.15356850624084473], "conf": 0.5872317552566528}, {"class_name": "B3", "bbox_yolo": [0.29322171211242676, 0.265474796295166, 0.18389549851417542, 0.1618223488330841], "conf": 0.5233196020126343}], "count_per_class": {"B1": 0, "B2": 1, "B3": 2, "B4": 0}, "side_index": 1}