{"image": "DAMIMAS_A21B_0020_2.jpg", "detector": "y26m", "detections": [{"class_name": "B3", "bbox_yolo": [0.3687297999858856, 0.45015525817871094, 0.09454778581857681, 0.09183917194604874], "conf": 0.4799298942089081}, {"class_name": "B2", "bbox_yolo": [0.5634262561798096, 0.47404566407203674, 0.12240588665008545, 0.10644278675317764], "conf": 0.44911646842956543}, {"class_name": "B3", "bbox_yolo": [0.4695202112197876, 0.43912920355796814, 0.1013767272233963, 0.0817071720957756], "conf": 0.3730733394622803}], "count_per_class": {"B1": 0, "B2": 1, "B3": 2, "B4": 0}, "side_index": 1}