{"image": "DAMIMAS_A21B_0442_4.jpg", "detector": "y26m", "detections": [{"class_name": "B3", "bbox_yolo": [0.4724598228931427, 0.45981618762016296, 0.09189072251319885, 0.08141513168811798], "conf": 0.6235411167144775}, {"class_name": "B1", "bbox_yolo": [0.39462950825691223, 0.4868049621582031, 0.08394025266170502, 0.07187008857727051], "conf": 0.2708525061607361}], "count_per_class": {"B1": 1, "B2": 0, "B3": 1, "B4": 0}, "side_index": 3}