{"image": "DAMIMAS_A21B_0069_2.jpg", "detector": "y26m", "detections": [{"class_name": "B1", "bbox_yolo": [0.6527364253997803, 0.4699714779853821, 0.10441608726978302, 0.10434450954198837], "conf": 0.7080249190330505}, {"class_name": "B2", "bbox_yolo": [0.31392723321914673, 0.48155727982521057, 0.10434621572494507, 0.09382491558790207], "conf": 0.6359156966209412}, {"class_name": "B3", "bbox_yolo": [0.5360285043716431, 0.4409995973110199, 0.1192542165517807, 0.09873654693365097], "conf": 0.47383201122283936}, {"class_name": "B3", "bbox_yolo": [0.391469269990921, 0.4313105642795563, 0.11057819426059723, 0.09386694431304932], "conf": 0.37470200657844543}], "count_per_class": {"B1": 1, "B2": 1, "B3": 2, "B4": 0}, "side_index": 1}