{"image": "DAMIMAS_A21B_0264_2.jpg", "detector": "y26m", "detections": [{"class_name": "B1", "bbox_yolo": [0.38599586486816406, 0.5743163228034973, 0.10739689320325851, 0.09093160927295685], "conf": 0.6901677250862122}, {"class_name": "B3", "bbox_yolo": [0.662680983543396, 0.5389047265052795, 0.10997524857521057, 0.08598613739013672], "conf": 0.4919319152832031}, {"class_name": "B2", "bbox_yolo": [0.5203148126602173, 0.5627314448356628, 0.11656628549098969, 0.10500001907348633], "conf": 0.4341999292373657}, {"class_name": "B3", "bbox_yolo": [0.5203148126602173, 0.5627314448356628, 0.11656628549098969, 0.10500001907348633], "conf": 0.31649354100227356}], "count_per_class": {"B1": 1, "B2": 1, "B3": 2, "B4": 0}, "side_index": 1}