{"image": "DAMIMAS_A21B_0504_1.jpg", "detector": "y26m", "detections": [{"class_name": "B3", "bbox_yolo": [0.4282035529613495, 0.4044482707977295, 0.09660330414772034, 0.05502746254205704], "conf": 0.3402884304523468}, {"class_name": "B4", "bbox_yolo": [0.4253486096858978, 0.34534555673599243, 0.06822347640991211, 0.0555693618953228], "conf": 0.3212451636791229}, {"class_name": "B3", "bbox_yolo": [0.5153314471244812, 0.36561480164527893, 0.10306762903928757, 0.06865596771240234], "conf": 0.27666667103767395}], "count_per_class": {"B1": 0, "B2": 0, "B3": 2, "B4": 1}, "side_index": 0}