{"image": "DAMIMAS_A21B_0502_4.jpg", "detector": "y26m", "detections": [{"class_name": "B2", "bbox_yolo": [0.34587544202804565, 0.46758976578712463, 0.10299066454172134, 0.07443246990442276], "conf": 0.3318084478378296}, {"class_name": "B3", "bbox_yolo": [0.45962539315223694, 0.4496212601661682, 0.0636974349617958, 0.06808958202600479], "conf": 0.314360111951828}, {"class_name": "B3", "bbox_yolo": [0.34587544202804565, 0.46758976578712463, 0.10299066454172134, 0.07443246990442276], "conf": 0.2906530797481537}, {"class_name": "B3", "bbox_yolo": [0.39230620861053467, 0.4131936728954315, 0.06908369064331055, 0.05239439010620117], "conf": 0.25846168398857117}], "count_per_class": {"B1": 0, "B2": 1, "B3": 3, "B4": 0}, "side_index": 3}