{"image": "DAMIMAS_A21B_0452_1.jpg", "detector": "y26m", "detections": [{"class_name": "B1", "bbox_yolo": [0.3618790805339813, 0.4074876308441162, 0.10425885766744614, 0.0825984999537468], "conf": 0.6338019967079163}, {"class_name": "B3", "bbox_yolo": [0.5543438792228699, 0.3304908275604248, 0.06715457141399384, 0.06491103023290634], "conf": 0.29056382179260254}, {"class_name": "B1", "bbox_yolo": [0.6780684590339661, 0.41554680466651917, 0.09895738214254379, 0.0816982313990593], "conf": 0.2874665856361389}], "count_per_class": {"B1": 2, "B2": 0, "B3": 1, "B4": 0}, "side_index": 0}