{"image": "DAMIMAS_A21B_0124_1.jpg", "detector": "y26m", "detections": [{"class_name": "B3", "bbox_yolo": [0.47292909026145935, 0.3914943039417267, 0.1092483252286911, 0.09786219894886017], "conf": 0.6037248969078064}, {"class_name": "B3", "bbox_yolo": [0.3609158396720886, 0.43038520216941833, 0.11342557519674301, 0.08693184703588486], "conf": 0.5688470602035522}, {"class_name": "B4", "bbox_yolo": [0.4093177914619446, 0.34277963638305664, 0.07668975740671158, 0.05294783040881157], "conf": 0.33057186007499695}], "count_per_class": {"B1": 0, "B2": 0, "B3": 2, "B4": 1}, "side_index": 0}