{"image": "DAMIMAS_A21B_0780_2.jpg", "detector": "y26m", "detections": [{"class_name": "B3", "bbox_yolo": [0.4614012539386749, 0.37104329466819763, 0.13377098739147186, 0.0863686352968216], "conf": 0.48245126008987427}], "count_per_class": {"B1": 0, "B2": 0, "B3": 1, "B4": 0}, "side_index": 1}