{"image": "DAMIMAS_A21B_0273_2.jpg", "detector": "y26m", "detections": [{"class_name": "B3", "bbox_yolo": [0.462891548871994, 0.37814170122146606, 0.10881268978118896, 0.08913774788379669], "conf": 0.6791828870773315}, {"class_name": "B3", "bbox_yolo": [0.37220829725265503, 0.42881402373313904, 0.11093028634786606, 0.09731286019086838], "conf": 0.5286428332328796}, {"class_name": "B3", "bbox_yolo": [0.5968500971794128, 0.4020247459411621, 0.12233290076255798, 0.09888263046741486], "conf": 0.48433050513267517}, {"class_name": "B2", "bbox_yolo": [0.6885258555412292, 0.44064387679100037, 0.08932431787252426, 0.07787556946277618], "conf": 0.3380955755710602}], "count_per_class": {"B1": 0, "B2": 1, "B3": 3, "B4": 0}, "side_index": 1}