{"image": "DAMIMAS_A21B_0758_3.jpg", "detector": "y26m", "detections": [{"class_name": "B1", "bbox_yolo": [0.6331658959388733, 0.3747325539588928, 0.181196928024292, 0.1559995412826538], "conf": 0.7561966776847839}, {"class_name": "B2", "bbox_yolo": [0.36180371046066284, 0.3821931779384613, 0.13999062776565552, 0.1326221525669098], "conf": 0.4922514259815216}, {"class_name": "B3", "bbox_yolo": [0.47688397765159607, 0.3445850908756256, 0.11233072727918625, 0.1269974559545517], "conf": 0.34468358755111694}], "count_per_class": {"B1": 1, "B2": 1, "B3": 1, "B4": 0}, "side_index": 2}