{"image": "DAMIMAS_A21B_0265_3.jpg", "detector": "y26m", "detections": [{"class_name": "B1", "bbox_yolo": [0.5821884274482727, 0.49471530318260193, 0.1347103863954544, 0.15452079474925995], "conf": 0.6953006982803345}, {"class_name": "B3", "bbox_yolo": [0.36409109830856323, 0.4919789433479309, 0.15244071185588837, 0.12098731845617294], "conf": 0.42605897784233093}, {"class_name": "B2", "bbox_yolo": [0.7262281179428101, 0.5080240964889526, 0.12023372948169708, 0.09640540927648544], "conf": 0.3242628872394562}, {"class_name": "B2", "bbox_yolo": [0.36409109830856323, 0.4919789433479309, 0.15244071185588837, 0.12098731845617294], "conf": 0.3126418888568878}], "count_per_class": {"B1": 1, "B2": 2, "B3": 1, "B4": 0}, "side_index": 2}