{"image": "DAMIMAS_A21B_0732_2.jpg", "detector": "y26m", "detections": [{"class_name": "B3", "bbox_yolo": [0.5645938515663147, 0.17399995028972626, 0.24309490621089935, 0.20036320388317108], "conf": 0.5210740566253662}, {"class_name": "B3", "bbox_yolo": [0.8301171660423279, 0.22102642059326172, 0.15488497912883759, 0.15175247192382812], "conf": 0.43311044573783875}, {"class_name": "B3", "bbox_yolo": [0.19964638352394104, 0.23655281960964203, 0.1517055481672287, 0.13983002305030823], "conf": 0.27126988768577576}], "count_per_class": {"B1": 0, "B2": 0, "B3": 3, "B4": 0}, "side_index": 1}