{"image": "DAMIMAS_A21B_0603_1.jpg", "detector": "y26m", "detections": [{"class_name": "B1", "bbox_yolo": [0.3644389808177948, 0.4787300229072571, 0.23632264137268066, 0.18917334079742432], "conf": 0.7534698247909546}, {"class_name": "B3", "bbox_yolo": [0.316232293844223, 0.3444041311740875, 0.16421109437942505, 0.09922017902135849], "conf": 0.5964422821998596}, {"class_name": "B3", "bbox_yolo": [0.5855974555015564, 0.4063892960548401, 0.15885332226753235, 0.1412653923034668], "conf": 0.3675622344017029}, {"class_name": "B4", "bbox_yolo": [0.6846802830696106, 0.3095014691352844, 0.12643586099147797, 0.09673652797937393], "conf": 0.32828763127326965}], "count_per_class": {"B1": 1, "B2": 0, "B3": 2, "B4": 1}, "side_index": 0}