{"image": "DAMIMAS_A21B_0343_4.jpg", "detector": "y26m", "detections": [{"class_name": "B2", "bbox_yolo": [0.6085161566734314, 0.3747658431529999, 0.10474256426095963, 0.08306503295898438], "conf": 0.45017263293266296}, {"class_name": "B3", "bbox_yolo": [0.6085161566734314, 0.3747658431529999, 0.10474256426095963, 0.08306503295898438], "conf": 0.3263024389743805}, {"class_name": "B2", "bbox_yolo": [0.35662806034088135, 0.3931306302547455, 0.06968266516923904, 0.06791017204523087], "conf": 0.2851612865924835}, {"class_name": "B3", "bbox_yolo": [0.5069910287857056, 0.3378778398036957, 0.07246889173984528, 0.07048368453979492], "conf": 0.28351619839668274}], "count_per_class": {"B1": 0, "B2": 2, "B3": 2, "B4": 0}, "side_index": 3}