{"image": "DAMIMAS_A21B_0696_1.jpg", "detector": "y26m", "detections": [{"class_name": "B3", "bbox_yolo": [0.26586994528770447, 0.1475277692079544, 0.21997037529945374, 0.1871136724948883], "conf": 0.7012807130813599}, {"class_name": "B2", "bbox_yolo": [0.4895320534706116, 0.15333202481269836, 0.19638341665267944, 0.1705101579427719], "conf": 0.32932430505752563}, {"class_name": "B3", "bbox_yolo": [0.7762802243232727, 0.20373041927814484, 0.15236416459083557, 0.14655528962612152], "conf": 0.25559407472610474}], "count_per_class": {"B1": 0, "B2": 1, "B3": 2, "B4": 0}, "side_index": 0}