{"image": "DAMIMAS_A21B_0563_2.jpg", "detector": "y26m", "detections": [{"class_name": "B1", "bbox_yolo": [0.6206547021865845, 0.23258300125598907, 0.1699579358100891, 0.19965548813343048], "conf": 0.6348080635070801}, {"class_name": "B3", "bbox_yolo": [0.429218053817749, 0.18347661197185516, 0.15728700160980225, 0.1618117094039917], "conf": 0.4348199963569641}, {"class_name": "B3", "bbox_yolo": [0.29780441522598267, 0.17672032117843628, 0.11618511378765106, 0.10943358391523361], "conf": 0.3776125907897949}, {"class_name": "B2", "bbox_yolo": [0.29780441522598267, 0.17672032117843628, 0.11618511378765106, 0.10943358391523361], "conf": 0.2621820569038391}], "count_per_class": {"B1": 1, "B2": 1, "B3": 2, "B4": 0}, "side_index": 1}