{"image": "DAMIMAS_A21B_0346_2.jpg", "detector": "y26m", "detections": [{"class_name": "B3", "bbox_yolo": [0.4765123128890991, 0.3329320251941681, 0.11611039191484451, 0.09385371208190918], "conf": 0.6970933675765991}, {"class_name": "B1", "bbox_yolo": [0.35549628734588623, 0.3892229497432709, 0.1437850147485733, 0.1164483055472374], "conf": 0.617838978767395}, {"class_name": "B3", "bbox_yolo": [0.3412729501724243, 0.30808040499687195, 0.07020343840122223, 0.05528299883008003], "conf": 0.4345700442790985}, {"class_name": "B2", "bbox_yolo": [0.35549628734588623, 0.3892229497432709, 0.1437850147485733, 0.1164483055472374], "conf": 0.2701473832130432}], "count_per_class": {"B1": 1, "B2": 1, "B3": 2, "B4": 0}, "side_index": 1}