{"image": "DAMIMAS_A21B_0090_3.jpg", "detector": "y26m", "detections": [{"class_name": "B2", "bbox_yolo": [0.31337153911590576, 0.5114409327507019, 0.11014123260974884, 0.09682188183069229], "conf": 0.6024773716926575}, {"class_name": "B3", "bbox_yolo": [0.6007958054542542, 0.5019993782043457, 0.12075234204530716, 0.10469245910644531], "conf": 0.5159952640533447}, {"class_name": "B4", "bbox_yolo": [0.6084736585617065, 0.42052680253982544, 0.07753296196460724, 0.05669994279742241], "conf": 0.3114810585975647}, {"class_name": "B3", "bbox_yolo": [0.48801323771476746, 0.46647438406944275, 0.10012321919202805, 0.07970476150512695], "conf": 0.30668652057647705}], "count_per_class": {"B1": 0, "B2": 1, "B3": 2, "B4": 1}, "side_index": 2}