{"image": "DAMIMAS_A21B_0778_2.jpg", "detector": "y26m", "detections": [{"class_name": "B4", "bbox_yolo": [0.5919318795204163, 0.2886154353618622, 0.06778043508529663, 0.06545591354370117], "conf": 0.25882336497306824}], "count_per_class": {"B1": 0, "B2": 0, "B3": 0, "B4": 1}, "side_index": 1}