{"image": "DAMIMAS_A21B_0742_1.jpg", "detector": "y26m", "detections": [{"class_name": "B2", "bbox_yolo": [0.40553298592567444, 0.47209683060646057, 0.1367112249135971, 0.15155184268951416], "conf": 0.5577641129493713}, {"class_name": "B3", "bbox_yolo": [0.641250491142273, 0.4264012277126312, 0.1410146802663803, 0.10785882920026779], "conf": 0.5257707834243774}], "count_per_class": {"B1": 0, "B2": 1, "B3": 1, "B4": 0}, "side_index": 0}