{"image": "DAMIMAS_A21B_0142_4.jpg", "detector": "y26m", "detections": [{"class_name": "B3", "bbox_yolo": [0.4539705514907837, 0.4273150861263275, 0.1182921752333641, 0.09517700970172882], "conf": 0.6856936812400818}], "count_per_class": {"B1": 0, "B2": 0, "B3": 1, "B4": 0}, "side_index": 3}