{"image": "DAMIMAS_A21B_0739_1.jpg", "detector": "y26m", "detections": [{"class_name": "B3", "bbox_yolo": [0.29713788628578186, 0.24371877312660217, 0.21240267157554626, 0.1756807565689087], "conf": 0.6845830678939819}, {"class_name": "B3", "bbox_yolo": [0.5090414881706238, 0.14305642247200012, 0.17574848234653473, 0.21798081696033478], "conf": 0.6443746089935303}, {"class_name": "B4", "bbox_yolo": [0.3016906976699829, 0.07331349700689316, 0.13848188519477844, 0.11078166961669922], "conf": 0.4402041733264923}], "count_per_class": {"B1": 0, "B2": 0, "B3": 2, "B4": 1}, "side_index": 0}