{"image": "DAMIMAS_A21B_0050_3.jpg", "detector": "y26m", "detections": [{"class_name": "B3", "bbox_yolo": [0.5863136649131775, 0.4046110212802887, 0.11098448932170868, 0.0966687723994255], "conf": 0.6754500269889832}, {"class_name": "B1", "bbox_yolo": [0.6779191493988037, 0.45303842425346375, 0.11434873193502426, 0.11310344189405441], "conf": 0.5693540573120117}, {"class_name": "B2", "bbox_yolo": [0.6779191493988037, 0.45303842425346375, 0.11434873193502426, 0.11310344189405441], "conf": 0.2968432307243347}, {"class_name": "B3", "bbox_yolo": [0.41673117876052856, 0.44914135336875916, 0.12230606377124786, 0.10724737495183945], "conf": 0.28919747471809387}], "count_per_class": {"B1": 1, "B2": 1, "B3": 2, "B4": 0}, "side_index": 2}