{"image": "DAMIMAS_A21B_0738_4.jpg", "detector": "y26m", "detections": [{"class_name": "B3", "bbox_yolo": [0.636832058429718, 0.2397030144929886, 0.22902075946331024, 0.17629270255565643], "conf": 0.6582265496253967}, {"class_name": "B3", "bbox_yolo": [0.38710132241249084, 0.2686048746109009, 0.1994953602552414, 0.15907025337219238], "conf": 0.6002071499824524}, {"class_name": "B4", "bbox_yolo": [0.4615626037120819, 0.12288913875818253, 0.22250603139400482, 0.15622930228710175], "conf": 0.5791182518005371}], "count_per_class": {"B1": 0, "B2": 0, "B3": 2, "B4": 1}, "side_index": 3}