{"image": "DAMIMAS_A21B_0574_3.jpg", "detector": "y26m", "detections": [{"class_name": "B3", "bbox_yolo": [0.31174853444099426, 0.2937108278274536, 0.20763099193572998, 0.1894715279340744], "conf": 0.6540083289146423}, {"class_name": "B3", "bbox_yolo": [0.6979700922966003, 0.2751000225543976, 0.18667209148406982, 0.17097829282283783], "conf": 0.3647224009037018}], "count_per_class": {"B1": 0, "B2": 0, "B3": 2, "B4": 0}, "side_index": 2}