{"image": "DAMIMAS_A21B_0461_1.jpg", "detector": "y26m", "detections": [{"class_name": "B3", "bbox_yolo": [0.530817985534668, 0.38419997692108154, 0.0741022452712059, 0.05148158222436905], "conf": 0.5135264992713928}, {"class_name": "B3", "bbox_yolo": [0.4432360529899597, 0.3854866623878479, 0.04741331934928894, 0.034772660583257675], "conf": 0.2989877462387085}, {"class_name": "B3", "bbox_yolo": [0.4451903700828552, 0.3890901505947113, 0.05459512397646904, 0.04275870323181152], "conf": 0.2700898349285126}, {"class_name": "B4", "bbox_yolo": [0.6143284440040588, 0.364957720041275, 0.06445904076099396, 0.04491836950182915], "conf": 0.2605644166469574}], "count_per_class": {"B1": 0, "B2": 0, "B3": 3, "B4": 1}, "side_index": 0}