{"image": "DAMIMAS_A21B_0341_3.jpg", "detector": "y26m", "detections": [{"class_name": "B3", "bbox_yolo": [0.5693458318710327, 0.3727371394634247, 0.10037016123533249, 0.06848473846912384], "conf": 0.3430250585079193}, {"class_name": "B3", "bbox_yolo": [0.378892183303833, 0.35524168610572815, 0.06789786368608475, 0.04107830673456192], "conf": 0.2694558799266815}, {"class_name": "B2", "bbox_yolo": [0.44589775800704956, 0.40422365069389343, 0.1002960279583931, 0.07683737576007843], "conf": 0.2531726658344269}], "count_per_class": {"B1": 0, "B2": 1, "B3": 2, "B4": 0}, "side_index": 2}