{"image": "DAMIMAS_A21B_0151_4.jpg", "detector": "y26m", "detections": [{"class_name": "B3", "bbox_yolo": [0.5569862723350525, 0.49550706148147583, 0.10635490715503693, 0.09296631813049316], "conf": 0.5051490664482117}, {"class_name": "B3", "bbox_yolo": [0.37029287219047546, 0.4604116380214691, 0.09730736911296844, 0.08985438197851181], "conf": 0.501967191696167}, {"class_name": "B3", "bbox_yolo": [0.47736790776252747, 0.45367318391799927, 0.09912040084600449, 0.07689094543457031], "conf": 0.4418397545814514}, {"class_name": "B2", "bbox_yolo": [0.34072262048721313, 0.5203261375427246, 0.09800399839878082, 0.08102164417505264], "conf": 0.2612404525279999}], "count_per_class": {"B1": 0, "B2": 1, "B3": 3, "B4": 0}, "side_index": 3}