{"image": "DAMIMAS_A21B_0011_2.jpg", "detector": "y26m", "detections": [{"class_name": "B3", "bbox_yolo": [0.6211369037628174, 0.5467206239700317, 0.09128138422966003, 0.0786493793129921], "conf": 0.2766439616680145}], "count_per_class": {"B1": 0, "B2": 0, "B3": 1, "B4": 0}, "side_index": 1}