{"image": "DAMIMAS_A21B_0214_4.jpg", "detector": "y26m", "detections": [{"class_name": "B3", "bbox_yolo": [0.3072909116744995, 0.5051257014274597, 0.11000346392393112, 0.09189434349536896], "conf": 0.3987360894680023}, {"class_name": "B3", "bbox_yolo": [0.4629858434200287, 0.5333816409111023, 0.14289215207099915, 0.09796142578125], "conf": 0.2950756549835205}], "count_per_class": {"B1": 0, "B2": 0, "B3": 2, "B4": 0}, "side_index": 3}