{"image": "DAMIMAS_A21B_0064_1.jpg", "detector": "y26m", "detections": [{"class_name": "B3", "bbox_yolo": [0.42377564311027527, 0.4811248779296875, 0.13431498408317566, 0.11210346221923828], "conf": 0.5444468259811401}, {"class_name": "B4", "bbox_yolo": [0.6968746781349182, 0.4402301013469696, 0.1239582747220993, 0.09836182743310928], "conf": 0.2916678190231323}], "count_per_class": {"B1": 0, "B2": 0, "B3": 1, "B4": 1}, "side_index": 0}