{"image": "DAMIMAS_A21B_0765_3.jpg", "detector": "y26m", "detections": [{"class_name": "B1", "bbox_yolo": [0.7670750021934509, 0.4561072885990143, 0.10740147531032562, 0.09086914360523224], "conf": 0.7546088695526123}, {"class_name": "B2", "bbox_yolo": [0.4197711944580078, 0.4158537983894348, 0.15293611586093903, 0.1153363510966301], "conf": 0.5360614061355591}, {"class_name": "B3", "bbox_yolo": [0.5831689238548279, 0.3495585024356842, 0.12201192229986191, 0.12556326389312744], "conf": 0.31809672713279724}], "count_per_class": {"B1": 1, "B2": 1, "B3": 1, "B4": 0}, "side_index": 2}