{"image": "DAMIMAS_A21B_0121_1.jpg", "detector": "y26m", "detections": [{"class_name": "B2", "bbox_yolo": [0.3986668884754181, 0.40614748001098633, 0.11892636865377426, 0.09294791519641876], "conf": 0.5624195337295532}], "count_per_class": {"B1": 0, "B2": 1, "B3": 0, "B4": 0}, "side_index": 0}