{"image": "DAMIMAS_A21B_0750_4.jpg", "detector": "y26m", "detections": [{"class_name": "B3", "bbox_yolo": [0.5671486258506775, 0.5028204917907715, 0.18767358362674713, 0.14775815606117249], "conf": 0.36411023139953613}, {"class_name": "B3", "bbox_yolo": [0.2801097631454468, 0.4289534091949463, 0.12952524423599243, 0.10537798702716827], "conf": 0.35536932945251465}, {"class_name": "B4", "bbox_yolo": [0.6082867980003357, 0.3680495023727417, 0.12811432778835297, 0.08960976451635361], "conf": 0.29534998536109924}, {"class_name": "B3", "bbox_yolo": [0.44550782442092896, 0.3950648009777069, 0.12515033781528473, 0.08819761127233505], "conf": 0.28836897015571594}], "count_per_class": {"B1": 0, "B2": 0, "B3": 3, "B4": 1}, "side_index": 3}