{"image": "DAMIMAS_A21B_0184_3.jpg", "detector": "y26m", "detections": [{"class_name": "B3", "bbox_yolo": [0.3918208181858063, 0.4624806344509125, 0.13902315497398376, 0.12157731503248215], "conf": 0.7080554962158203}, {"class_name": "B3", "bbox_yolo": [0.5850475430488586, 0.43471962213516235, 0.09892425686120987, 0.08870289474725723], "conf": 0.49870410561561584}, {"class_name": "B3", "bbox_yolo": [0.6509066224098206, 0.47490644454956055, 0.09449565410614014, 0.09195752441883087], "conf": 0.39540135860443115}], "count_per_class": {"B1": 0, "B2": 0, "B3": 3, "B4": 0}, "side_index": 2}