{"image": "DAMIMAS_A21B_0787_4.jpg", "detector": "y26m", "detections": [{"class_name": "B3", "bbox_yolo": [0.5606873035430908, 0.21782489120960236, 0.13339392840862274, 0.1031528040766716], "conf": 0.4719599187374115}, {"class_name": "B3", "bbox_yolo": [0.3673868477344513, 0.2578953206539154, 0.12415196746587753, 0.11455495655536652], "conf": 0.39155498147010803}, {"class_name": "B2", "bbox_yolo": [0.3673868477344513, 0.2578953206539154, 0.12415196746587753, 0.11455495655536652], "conf": 0.2905665636062622}], "count_per_class": {"B1": 0, "B2": 1, "B3": 2, "B4": 0}, "side_index": 3}