{"image": "DAMIMAS_A21B_0339_2.jpg", "detector": "y26m", "detections": [{"class_name": "B1", "bbox_yolo": [0.48336559534072876, 0.34044280648231506, 0.09785687923431396, 0.09191995114088058], "conf": 0.6094419956207275}, {"class_name": "B3", "bbox_yolo": [0.6083647608757019, 0.31943997740745544, 0.09680246561765671, 0.08324272930622101], "conf": 0.3633362352848053}, {"class_name": "B4", "bbox_yolo": [0.5100045800209045, 0.27461180090904236, 0.0659741759300232, 0.04894378408789635], "conf": 0.3133734166622162}, {"class_name": "B3", "bbox_yolo": [0.3969937860965729, 0.3070622682571411, 0.07755140215158463, 0.07375588268041611], "conf": 0.29357701539993286}], "count_per_class": {"B1": 1, "B2": 0, "B3": 2, "B4": 1}, "side_index": 1}