{"image": "DAMIMAS_A21B_0001_2.jpg", "detector": "y26m", "detections": [{"class_name": "B3", "bbox_yolo": [0.6164833307266235, 0.3475728929042816, 0.12003803998231888, 0.11006674915552139], "conf": 0.6841844916343689}, {"class_name": "B3", "bbox_yolo": [0.3619116544723511, 0.3740473687648773, 0.1080336943268776, 0.11277861893177032], "conf": 0.6473405957221985}, {"class_name": "B2", "bbox_yolo": [0.48714298009872437, 0.35465189814567566, 0.10659221559762955, 0.10679097473621368], "conf": 0.34254804253578186}], "count_per_class": {"B1": 0, "B2": 1, "B3": 2, "B4": 0}, "side_index": 1}