{"image": "DAMIMAS_A21B_0732_1.jpg", "detector": "y26m", "detections": [{"class_name": "B3", "bbox_yolo": [0.7547861933708191, 0.20744037628173828, 0.18447190523147583, 0.13318127393722534], "conf": 0.3597854673862457}], "count_per_class": {"B1": 0, "B2": 0, "B3": 1, "B4": 0}, "side_index": 0}