{"image": "DAMIMAS_A21B_0752_4.jpg", "detector": "y26m", "detections": [{"class_name": "B1", "bbox_yolo": [0.5682601928710938, 0.4228384494781494, 0.1893935650587082, 0.1313319206237793], "conf": 0.7946317791938782}, {"class_name": "B3", "bbox_yolo": [0.38840723037719727, 0.4044322073459625, 0.16088153421878815, 0.13965220749378204], "conf": 0.641520619392395}], "count_per_class": {"B1": 1, "B2": 0, "B3": 1, "B4": 0}, "side_index": 3}