{"image": "DAMIMAS_A21B_0289_3.jpg", "detector": "y26m", "detections": [{"class_name": "B1", "bbox_yolo": [0.6027761101722717, 0.632052481174469, 0.04863841086626053, 0.03677797317504883], "conf": 0.27565231919288635}, {"class_name": "B1", "bbox_yolo": [0.603424608707428, 0.6348233222961426, 0.06038481742143631, 0.04920473322272301], "conf": 0.2512892186641693}], "count_per_class": {"B1": 2, "B2": 0, "B3": 0, "B4": 0}, "side_index": 2}