{"image": "DAMIMAS_A21B_0195_4.jpg", "detector": "y26m", "detections": [{"class_name": "B1", "bbox_yolo": [0.41696321964263916, 0.4282885193824768, 0.15150246024131775, 0.09935729950666428], "conf": 0.4902520775794983}, {"class_name": "B3", "bbox_yolo": [0.554527997970581, 0.40282413363456726, 0.10733124613761902, 0.09017124027013779], "conf": 0.4570220112800598}, {"class_name": "B2", "bbox_yolo": [0.41696321964263916, 0.4282885193824768, 0.15150246024131775, 0.09935729950666428], "conf": 0.3938828408718109}, {"class_name": "B3", "bbox_yolo": [0.34583258628845215, 0.36636263132095337, 0.07666076719760895, 0.0548306480050087], "conf": 0.318841814994812}], "count_per_class": {"B1": 1, "B2": 1, "B3": 2, "B4": 0}, "side_index": 3}