{"image": "DAMIMAS_A21B_0101_3.jpg", "detector": "y26m", "detections": [{"class_name": "B3", "bbox_yolo": [0.4585248529911041, 0.5434460043907166, 0.10986948758363724, 0.09552817791700363], "conf": 0.7295186519622803}, {"class_name": "B1", "bbox_yolo": [0.36829429864883423, 0.5823683142662048, 0.12939733266830444, 0.10273809731006622], "conf": 0.592919111251831}, {"class_name": "B2", "bbox_yolo": [0.5795068144798279, 0.5532600283622742, 0.10840492695569992, 0.09513568878173828], "conf": 0.5437860488891602}], "count_per_class": {"B1": 1, "B2": 1, "B3": 1, "B4": 0}, "side_index": 2}