{"image": "DAMIMAS_A21B_0733_4.jpg", "detector": "y26m", "detections": [{"class_name": "B3", "bbox_yolo": [0.64935302734375, 0.21414633095264435, 0.1692167967557907, 0.19831685721874237], "conf": 0.5922348499298096}, {"class_name": "B3", "bbox_yolo": [0.3260786235332489, 0.17258049547672272, 0.23437872529029846, 0.2068498432636261], "conf": 0.4792307913303375}, {"class_name": "B3", "bbox_yolo": [0.7885879874229431, 0.1542425900697708, 0.12843678891658783, 0.16149821877479553], "conf": 0.3497336506843567}, {"class_name": "B4", "bbox_yolo": [0.3260786235332489, 0.17258049547672272, 0.23437872529029846, 0.2068498432636261], "conf": 0.3135545253753662}], "count_per_class": {"B1": 0, "B2": 0, "B3": 3, "B4": 1}, "side_index": 3}