{"image": "DAMIMAS_A21B_0795_4.jpg", "detector": "y26m", "detections": [{"class_name": "B3", "bbox_yolo": [0.7137932777404785, 0.4191533029079437, 0.16914495825767517, 0.15415167808532715], "conf": 0.6080401539802551}, {"class_name": "B1", "bbox_yolo": [0.4045550227165222, 0.4315417408943176, 0.21147707104682922, 0.13538260757923126], "conf": 0.45667725801467896}, {"class_name": "B2", "bbox_yolo": [0.4045550227165222, 0.4315417408943176, 0.21147707104682922, 0.13538260757923126], "conf": 0.3251415491104126}], "count_per_class": {"B1": 1, "B2": 1, "B3": 1, "B4": 0}, "side_index": 3}