{"image": "DAMIMAS_A21B_0675_1.jpg", "detector": "y26m", "detections": [{"class_name": "B3", "bbox_yolo": [0.5694873929023743, 0.357818067073822, 0.18596911430358887, 0.18876175582408905], "conf": 0.6682000756263733}, {"class_name": "B3", "bbox_yolo": [0.7625432014465332, 0.4344070553779602, 0.2125164121389389, 0.184679314494133], "conf": 0.5584540963172913}, {"class_name": "B3", "bbox_yolo": [0.28932538628578186, 0.4050630033016205, 0.19043369591236115, 0.1535864621400833], "conf": 0.49284544587135315}, {"class_name": "B3", "bbox_yolo": [0.2323465645313263, 0.3055152893066406, 0.11207469552755356, 0.0962444320321083], "conf": 0.2670415937900543}], "count_per_class": {"B1": 0, "B2": 0, "B3": 4, "B4": 0}, "side_index": 0}