{"image": "DAMIMAS_A21B_0247_1.jpg", "detector": "y26m", "detections": [{"class_name": "B1", "bbox_yolo": [0.35589879751205444, 0.43643173575401306, 0.11426033079624176, 0.08826513588428497], "conf": 0.7848132252693176}, {"class_name": "B3", "bbox_yolo": [0.5921175479888916, 0.39958277344703674, 0.10246416926383972, 0.08570783585309982], "conf": 0.6387007236480713}, {"class_name": "B1", "bbox_yolo": [0.6682338714599609, 0.43370944261550903, 0.09428775310516357, 0.07952878624200821], "conf": 0.32123661041259766}, {"class_name": "B2", "bbox_yolo": [0.6682338714599609, 0.43370944261550903, 0.09428775310516357, 0.07952878624200821], "conf": 0.2994703948497772}], "count_per_class": {"B1": 2, "B2": 1, "B3": 1, "B4": 0}, "side_index": 0}