{"image": "DAMIMAS_A21B_0344_4.jpg", "detector": "y26m", "detections": [{"class_name": "B3", "bbox_yolo": [0.5093144774436951, 0.35979723930358887, 0.1136423796415329, 0.0980943962931633], "conf": 0.66661137342453}, {"class_name": "B3", "bbox_yolo": [0.38300821185112, 0.37399306893348694, 0.11403202265501022, 0.09554614871740341], "conf": 0.5792775750160217}, {"class_name": "B3", "bbox_yolo": [0.6099058389663696, 0.3224717080593109, 0.11109085381031036, 0.09725134819746017], "conf": 0.3901402950286865}, {"class_name": "B4", "bbox_yolo": [0.4789213538169861, 0.28396105766296387, 0.08442367613315582, 0.057741761207580566], "conf": 0.26124101877212524}], "count_per_class": {"B1": 0, "B2": 0, "B3": 3, "B4": 1}, "side_index": 3}