{"image": "DAMIMAS_A21B_0629_1.jpg", "detector": "y26m", "detections": [{"class_name": "B3", "bbox_yolo": [0.7133870720863342, 0.4155803620815277, 0.2919415831565857, 0.23420873284339905], "conf": 0.671457827091217}, {"class_name": "B2", "bbox_yolo": [0.3748348355293274, 0.4715993404388428, 0.28763309121131897, 0.2724098861217499], "conf": 0.4111213982105255}, {"class_name": "B1", "bbox_yolo": [0.3748348355293274, 0.4715993404388428, 0.28763309121131897, 0.2724098861217499], "conf": 0.37473440170288086}, {"class_name": "B4", "bbox_yolo": [0.4545254707336426, 0.29075464606285095, 0.14133571088314056, 0.10790786892175674], "conf": 0.29333004355430603}], "count_per_class": {"B1": 1, "B2": 1, "B3": 1, "B4": 1}, "side_index": 0}