{"image": "DAMIMAS_A21B_0565_3.jpg", "detector": "y26m", "detections": [{"class_name": "B3", "bbox_yolo": [0.6188880205154419, 0.427461713552475, 0.10908082872629166, 0.08167562633752823], "conf": 0.5184960961341858}, {"class_name": "B3", "bbox_yolo": [0.29879453778266907, 0.4622828960418701, 0.15410718321800232, 0.1190379187464714], "conf": 0.49734577536582947}, {"class_name": "B3", "bbox_yolo": [0.7239409685134888, 0.46112576127052307, 0.10924244672060013, 0.09465718269348145], "conf": 0.4877301752567291}, {"class_name": "B3", "bbox_yolo": [0.4473438560962677, 0.41367217898368835, 0.14141160249710083, 0.09389107674360275], "conf": 0.3837980628013611}], "count_per_class": {"B1": 0, "B2": 0, "B3": 4, "B4": 0}, "side_index": 2}