{"image": "DAMIMAS_A21B_0811_7.jpg", "detector": "y26m", "detections": [{"class_name": "B3", "bbox_yolo": [0.45554012060165405, 0.3330601751804352, 0.12194980680942535, 0.09653456509113312], "conf": 0.5129292011260986}, {"class_name": "B1", "bbox_yolo": [0.45864400267601013, 0.41982266306877136, 0.1082334890961647, 0.08538224548101425], "conf": 0.4757188856601715}, {"class_name": "B3", "bbox_yolo": [0.33687281608581543, 0.4037889540195465, 0.1146397665143013, 0.10022158920764923], "conf": 0.32873985171318054}, {"class_name": "B4", "bbox_yolo": [0.45554012060165405, 0.3330601751804352, 0.12194980680942535, 0.09653456509113312], "conf": 0.2720208764076233}], "count_per_class": {"B1": 1, "B2": 0, "B3": 2, "B4": 1}, "side_index": 6}