{"image": "DAMIMAS_A21B_0848_8.jpg", "detector": "y26m", "detections": [{"class_name": "B3", "bbox_yolo": [0.4346691071987152, 0.5557910799980164, 0.13149802386760712, 0.09667034447193146], "conf": 0.617514431476593}, {"class_name": "B3", "bbox_yolo": [0.5859715938568115, 0.5591974258422852, 0.13638100028038025, 0.09448561817407608], "conf": 0.5482985973358154}, {"class_name": "B4", "bbox_yolo": [0.6662153005599976, 0.48038449883461, 0.08198375999927521, 0.06243744120001793], "conf": 0.36336156725883484}], "count_per_class": {"B1": 0, "B2": 0, "B3": 2, "B4": 1}, "side_index": 7}