{"image": "DAMIMAS_A21B_0372_1.jpg", "detector": "y26m", "detections": [{"class_name": "B3", "bbox_yolo": [0.47422951459884644, 0.38349539041519165, 0.11857427656650543, 0.10146643966436386], "conf": 0.7043954730033875}, {"class_name": "B1", "bbox_yolo": [0.6862593293190002, 0.4350235164165497, 0.11143519729375839, 0.10240566730499268], "conf": 0.677200973033905}, {"class_name": "B2", "bbox_yolo": [0.3660436272621155, 0.4309159219264984, 0.13042333722114563, 0.10807659476995468], "conf": 0.6216259002685547}], "count_per_class": {"B1": 1, "B2": 1, "B3": 1, "B4": 0}, "side_index": 0}