{"image": "DAMIMAS_A21B_0220_1.jpg", "detector": "y26m", "detections": [{"class_name": "B2", "bbox_yolo": [0.554185688495636, 0.530392587184906, 0.10559248179197311, 0.1036139503121376], "conf": 0.5618401765823364}, {"class_name": "B3", "bbox_yolo": [0.40612730383872986, 0.5172171592712402, 0.09854257106781006, 0.08076715469360352], "conf": 0.2520243227481842}], "count_per_class": {"B1": 0, "B2": 1, "B3": 1, "B4": 0}, "side_index": 0}