{"image": "DAMIMAS_A21B_0290_1.jpg", "detector": "y26m", "detections": [{"class_name": "B3", "bbox_yolo": [0.5241338610649109, 0.3852662146091461, 0.10858196020126343, 0.09205415099859238], "conf": 0.397136926651001}, {"class_name": "B3", "bbox_yolo": [0.390532523393631, 0.3665299117565155, 0.11809886991977692, 0.09413810074329376], "conf": 0.34220337867736816}], "count_per_class": {"B1": 0, "B2": 0, "B3": 2, "B4": 0}, "side_index": 0}