{"image": "DAMIMAS_A21B_0139_3.jpg", "detector": "y26m", "detections": [{"class_name": "B3", "bbox_yolo": [0.36888009309768677, 0.46762514114379883, 0.11718671023845673, 0.08556566387414932], "conf": 0.7247017025947571}, {"class_name": "B3", "bbox_yolo": [0.6080717444419861, 0.4493738114833832, 0.10028674453496933, 0.08825373649597168], "conf": 0.4431598484516144}, {"class_name": "B4", "bbox_yolo": [0.35801905393600464, 0.39802369475364685, 0.07915039360523224, 0.0567842498421669], "conf": 0.3752458095550537}, {"class_name": "B3", "bbox_yolo": [0.2962476313114166, 0.43358689546585083, 0.04718650504946709, 0.05129265785217285], "conf": 0.2977142333984375}], "count_per_class": {"B1": 0, "B2": 0, "B3": 3, "B4": 1}, "side_index": 2}