{"image": "DAMIMAS_A21B_0047_4.jpg", "detector": "y26m", "detections": [{"class_name": "B3", "bbox_yolo": [0.3542945384979248, 0.5276244878768921, 0.1631244719028473, 0.13824234902858734], "conf": 0.7363776564598083}, {"class_name": "B2", "bbox_yolo": [0.517227292060852, 0.5601759552955627, 0.1408291608095169, 0.09823532402515411], "conf": 0.41740307211875916}, {"class_name": "B1", "bbox_yolo": [0.517227292060852, 0.5601759552955627, 0.1408291608095169, 0.09823532402515411], "conf": 0.3747827410697937}, {"class_name": "B3", "bbox_yolo": [0.6575514674186707, 0.5306063890457153, 0.13007228076457977, 0.10186409950256348], "conf": 0.2751980125904083}], "count_per_class": {"B1": 1, "B2": 1, "B3": 2, "B4": 0}, "side_index": 3}