{"image": "DAMIMAS_A21B_0244_1.jpg", "detector": "y26m", "detections": [{"class_name": "B3", "bbox_yolo": [0.6152146458625793, 0.36437302827835083, 0.14102797210216522, 0.12095709145069122], "conf": 0.30632832646369934}], "count_per_class": {"B1": 0, "B2": 0, "B3": 1, "B4": 0}, "side_index": 0}