{"image": "LONSUM_A21A_0078_2.jpg", "detector": "y26m", "detections": [{"class_name": "B4", "bbox_yolo": [0.5501790046691895, 0.0424535758793354, 0.06861089169979095, 0.04985425993800163], "conf": 0.3316120505332947}, {"class_name": "B3", "bbox_yolo": [0.5906242728233337, 0.10115642845630646, 0.07238210737705231, 0.06258321553468704], "conf": 0.3135305941104889}], "count_per_class": {"B1": 0, "B2": 0, "B3": 1, "B4": 1}, "side_index": 1}