{"image": "LONSUM_A21A_0037_4.jpg", "detector": "y26m", "detections": [{"class_name": "B3", "bbox_yolo": [0.5751640796661377, 0.44107818603515625, 0.07332312315702438, 0.05605478212237358], "conf": 0.3520332872867584}], "count_per_class": {"B1": 0, "B2": 0, "B3": 1, "B4": 0}, "side_index": 3}