{"image": "LONSUM_A21A_0096_2.jpg", "detector": "y26m", "detections": [{"class_name": "B3", "bbox_yolo": [0.455735981464386, 0.08224175870418549, 0.07751881331205368, 0.05069803074002266], "conf": 0.38832393288612366}], "count_per_class": {"B1": 0, "B2": 0, "B3": 1, "B4": 0}, "side_index": 1}