{"image": "LONSUM_A21A_0069_1.jpg", "detector": "y26m", "detections": [{"class_name": "B3", "bbox_yolo": [0.64036625623703, 0.3495102822780609, 0.08402208238840103, 0.056172873824834824], "conf": 0.2686178386211395}], "count_per_class": {"B1": 0, "B2": 0, "B3": 1, "B4": 0}, "side_index": 0}