{"image": "LONSUM_A21A_0069_2.jpg", "detector": "y26m", "detections": [{"class_name": "B3", "bbox_yolo": [0.48958882689476013, 0.3099457919597626, 0.09698788821697235, 0.0724172592163086], "conf": 0.328518271446228}], "count_per_class": {"B1": 0, "B2": 0, "B3": 1, "B4": 0}, "side_index": 1}