{"image": "LONSUM_A21A_0037_3.jpg", "detector": "y26m", "detections": [{"class_name": "B3", "bbox_yolo": [0.5090523362159729, 0.4295141398906708, 0.0796697661280632, 0.05231938511133194], "conf": 0.25256970524787903}], "count_per_class": {"B1": 0, "B2": 0, "B3": 1, "B4": 0}, "side_index": 2}