{"image": "LONSUM_A21A_0061_2.jpg", "detector": "y26m", "detections": [{"class_name": "B1", "bbox_yolo": [0.39033210277557373, 0.5481897592544556, 0.13503065705299377, 0.12725530564785004], "conf": 0.6696027517318726}, {"class_name": "B3", "bbox_yolo": [0.5293046832084656, 0.522990345954895, 0.1385878324508667, 0.1327584832906723], "conf": 0.6315134167671204}], "count_per_class": {"B1": 1, "B2": 0, "B3": 1, "B4": 0}, "side_index": 1}