{"image": "LONSUM_A21A_0004_2.jpg", "detector": "y26m", "detections": [{"class_name": "B3", "bbox_yolo": [0.3079666793346405, 0.4591783583164215, 0.11873859167098999, 0.08606266975402832], "conf": 0.30570653080940247}, {"class_name": "B3", "bbox_yolo": [0.6486655473709106, 0.46751728653907776, 0.08668410778045654, 0.06439604610204697], "conf": 0.27587372064590454}], "count_per_class": {"B1": 0, "B2": 0, "B3": 2, "B4": 0}, "side_index": 1}