{"image": "LONSUM_A21A_0028_3.jpg", "detector": "y26m", "detections": [{"class_name": "B3", "bbox_yolo": [0.3929758071899414, 0.4258321225643158, 0.09277274459600449, 0.08832986652851105], "conf": 0.3626577854156494}, {"class_name": "B3", "bbox_yolo": [0.6142433285713196, 0.4272221624851227, 0.08262965083122253, 0.06017184257507324], "conf": 0.29363515973091125}], "count_per_class": {"B1": 0, "B2": 0, "B3": 2, "B4": 0}, "side_index": 2}