{"image": "LONSUM_A21A_0064_1.jpg", "detector": "y26m", "detections": [{"class_name": "B3", "bbox_yolo": [0.614841878414154, 0.39113637804985046, 0.14289723336696625, 0.09653749316930771], "conf": 0.4039619565010071}, {"class_name": "B3", "bbox_yolo": [0.7046562433242798, 0.46926984190940857, 0.10957279801368713, 0.08427415043115616], "conf": 0.3074165880680084}], "count_per_class": {"B1": 0, "B2": 0, "B3": 2, "B4": 0}, "side_index": 0}