{"image": "LONSUM_A21A_0010_1.jpg", "detector": "y26m", "detections": [{"class_name": "B3", "bbox_yolo": [0.5918933153152466, 0.2695105969905853, 0.14064201712608337, 0.09692547470331192], "conf": 0.6453410983085632}, {"class_name": "B3", "bbox_yolo": [0.7080804705619812, 0.36284807324409485, 0.13112494349479675, 0.09092660248279572], "conf": 0.4623580873012543}], "count_per_class": {"B1": 0, "B2": 0, "B3": 2, "B4": 0}, "side_index": 0}