{"image": "LONSUM_A21A_0002_2.jpg", "detector": "y26m", "detections": [{"class_name": "B3", "bbox_yolo": [0.6234578490257263, 0.46501755714416504, 0.12612274289131165, 0.08745355904102325], "conf": 0.6332788467407227}, {"class_name": "B3", "bbox_yolo": [0.4560718238353729, 0.46672001481056213, 0.12256715446710587, 0.1104016825556755], "conf": 0.47839224338531494}], "count_per_class": {"B1": 0, "B2": 0, "B3": 2, "B4": 0}, "side_index": 1}