{"image": "LONSUM_A21A_0011_1.jpg", "detector": "y26m", "detections": [{"class_name": "B3", "bbox_yolo": [0.3358209729194641, 0.4967966675758362, 0.10551322996616364, 0.0832308754324913], "conf": 0.42311495542526245}, {"class_name": "B3", "bbox_yolo": [0.5581757426261902, 0.44526538252830505, 0.1038580983877182, 0.08117824047803879], "conf": 0.40431538224220276}, {"class_name": "B3", "bbox_yolo": [0.6328113675117493, 0.4953748285770416, 0.09635163098573685, 0.07408294826745987], "conf": 0.33187136054039}, {"class_name": "B3", "bbox_yolo": [0.6341385245323181, 0.4907800257205963, 0.08663222193717957, 0.06493711471557617], "conf": 0.3296521306037903}], "count_per_class": {"B1": 0, "B2": 0, "B3": 4, "B4": 0}, "side_index": 0}