{"image": "LONSUM_A21A_0011_3.jpg", "detector": "y26m", "detections": [{"class_name": "B3", "bbox_yolo": [0.45540890097618103, 0.49291250109672546, 0.09567146748304367, 0.07330870628356934], "conf": 0.27069413661956787}, {"class_name": "B3", "bbox_yolo": [0.37489211559295654, 0.51905357837677, 0.07469269633293152, 0.05884237214922905], "conf": 0.26729243993759155}], "count_per_class": {"B1": 0, "B2": 0, "B3": 2, "B4": 0}, "side_index": 2}