{"image": "LONSUM_A21A_0053_2.jpg", "detector": "y26m", "detections": [{"class_name": "B3", "bbox_yolo": [0.5803650617599487, 0.4294872283935547, 0.08912506699562073, 0.0585172176361084], "conf": 0.30133533477783203}], "count_per_class": {"B1": 0, "B2": 0, "B3": 1, "B4": 0}, "side_index": 1}