{"image": "LONSUM_A21A_0076_2.jpg", "detector": "y26m", "detections": [{"class_name": "B3", "bbox_yolo": [0.34108519554138184, 0.07399368286132812, 0.09791024774312973, 0.09424927085638046], "conf": 0.32038331031799316}, {"class_name": "B3", "bbox_yolo": [0.621918797492981, 0.0782107338309288, 0.08200156688690186, 0.05899753049015999], "conf": 0.31400564312934875}], "count_per_class": {"B1": 0, "B2": 0, "B3": 2, "B4": 0}, "side_index": 1}