{"image": "LONSUM_A21A_0054_4.jpg", "detector": "y26m", "detections": [{"class_name": "B3", "bbox_yolo": [0.6574064493179321, 0.4086162745952606, 0.10844256728887558, 0.09577102959156036], "conf": 0.3781522512435913}, {"class_name": "B2", "bbox_yolo": [0.6574064493179321, 0.4086162745952606, 0.10844256728887558, 0.09577102959156036], "conf": 0.27201414108276367}], "count_per_class": {"B1": 0, "B2": 1, "B3": 1, "B4": 0}, "side_index": 3}