{"image": "LONSUM_A21A_0047_2.jpg", "detector": "y26m", "detections": [{"class_name": "B3", "bbox_yolo": [0.48004546761512756, 0.3250848948955536, 0.10715052485466003, 0.08015554398298264], "conf": 0.3252560496330261}], "count_per_class": {"B1": 0, "B2": 0, "B3": 1, "B4": 0}, "side_index": 1}