{"image": "LONSUM_A21A_0063_1.jpg", "detector": "y26m", "detections": [{"class_name": "B3", "bbox_yolo": [0.47844240069389343, 0.4406389892101288, 0.1108810156583786, 0.10631348937749863], "conf": 0.444293737411499}, {"class_name": "B3", "bbox_yolo": [0.6061860918998718, 0.4626600742340088, 0.13015028834342957, 0.09854698181152344], "conf": 0.3657577335834503}], "count_per_class": {"B1": 0, "B2": 0, "B3": 2, "B4": 0}, "side_index": 0}