{"image": "LONSUM_A21A_0017_3.jpg", "detector": "y26m", "detections": [{"class_name": "B3", "bbox_yolo": [0.5837717652320862, 0.581757664680481, 0.12188228964805603, 0.1249874159693718], "conf": 0.36157870292663574}], "count_per_class": {"B1": 0, "B2": 0, "B3": 1, "B4": 0}, "side_index": 2}