{"image": "LONSUM_A21A_0067_2.jpg", "detector": "y26m", "detections": [{"class_name": "B3", "bbox_yolo": [0.7585557103157043, 0.40511131286621094, 0.1416345089673996, 0.09741220623254776], "conf": 0.26296621561050415}], "count_per_class": {"B1": 0, "B2": 0, "B3": 1, "B4": 0}, "side_index": 1}