{"image": "LONSUM_A21A_0072_4.jpg", "detector": "y26m", "detections": [{"class_name": "B3", "bbox_yolo": [0.3879641592502594, 0.30820152163505554, 0.06882140040397644, 0.07058179378509521], "conf": 0.2802697718143463}], "count_per_class": {"B1": 0, "B2": 0, "B3": 1, "B4": 0}, "side_index": 3}