{"image": "LONSUM_A21A_0079_1.jpg", "detector": "y26m", "detections": [{"class_name": "B3", "bbox_yolo": [0.5756243467330933, 0.11979939788579941, 0.0507887564599514, 0.04736185073852539], "conf": 0.44082772731781006}], "count_per_class": {"B1": 0, "B2": 0, "B3": 1, "B4": 0}, "side_index": 0}