{"image": "LONSUM_A21A_0023_4.jpg", "detector": "y26m", "detections": [{"class_name": "B3", "bbox_yolo": [0.6178624033927917, 0.4035066068172455, 0.07544734328985214, 0.06470753997564316], "conf": 0.33479490876197815}], "count_per_class": {"B1": 0, "B2": 0, "B3": 1, "B4": 0}, "side_index": 3}