{"image": "LONSUM_A21A_0085_2.jpg", "detector": "y26m", "detections": [{"class_name": "B3", "bbox_yolo": [0.5468477010726929, 0.025201881304383278, 0.06818567961454391, 0.050403762608766556], "conf": 0.260376900434494}], "count_per_class": {"B1": 0, "B2": 0, "B3": 1, "B4": 0}, "side_index": 1}