{"image": "LONSUM_A21A_0010_4.jpg", "detector": "y26m", "detections": [{"class_name": "B3", "bbox_yolo": [0.5338208079338074, 0.3669057786464691, 0.13737961649894714, 0.1060389056801796], "conf": 0.45911380648612976}, {"class_name": "B3", "bbox_yolo": [0.38626864552497864, 0.39949724078178406, 0.10392212122678757, 0.08588480949401855], "conf": 0.29967042803764343}, {"class_name": "B3", "bbox_yolo": [0.38612475991249084, 0.39373287558555603, 0.08457985520362854, 0.07158372551202774], "conf": 0.2644096314907074}], "count_per_class": {"B1": 0, "B2": 0, "B3": 3, "B4": 0}, "side_index": 3}