{"image": "LONSUM_A21A_0026_4.jpg", "detector": "y26m", "detections": [{"class_name": "B3", "bbox_yolo": [0.7195630073547363, 0.4474274814128876, 0.14238116145133972, 0.10450711101293564], "conf": 0.38839980959892273}, {"class_name": "B2", "bbox_yolo": [0.7195630073547363, 0.4474274814128876, 0.14238116145133972, 0.10450711101293564], "conf": 0.3043641448020935}], "count_per_class": {"B1": 0, "B2": 1, "B3": 1, "B4": 0}, "side_index": 3}