{"image": "LONSUM_A21A_0009_3.jpg", "detector": "y26m", "detections": [{"class_name": "B3", "bbox_yolo": [0.3369571268558502, 0.4433111846446991, 0.13703769445419312, 0.11140840500593185], "conf": 0.598362386226654}, {"class_name": "B3", "bbox_yolo": [0.4661312997341156, 0.38311687111854553, 0.11934933066368103, 0.10145137459039688], "conf": 0.5795383453369141}], "count_per_class": {"B1": 0, "B2": 0, "B3": 2, "B4": 0}, "side_index": 2}