{"image": "LONSUM_A21A_0007_1.jpg", "detector": "y26m", "detections": [{"class_name": "B2", "bbox_yolo": [0.293023943901062, 0.5159048438072205, 0.12048737704753876, 0.11513376235961914], "conf": 0.3655533194541931}, {"class_name": "B3", "bbox_yolo": [0.293023943901062, 0.5159048438072205, 0.12048737704753876, 0.11513376235961914], "conf": 0.3475736379623413}, {"class_name": "B3", "bbox_yolo": [0.5660820007324219, 0.47374486923217773, 0.150049090385437, 0.12295575439929962], "conf": 0.34232497215270996}, {"class_name": "B3", "bbox_yolo": [0.7019041776657104, 0.509344220161438, 0.10750014334917068, 0.09199581295251846], "conf": 0.28593873977661133}], "count_per_class": {"B1": 0, "B2": 1, "B3": 3, "B4": 0}, "side_index": 0}