{"image": "LONSUM_A21A_0045_4.jpg", "detector": "y26m", "detections": [{"class_name": "B3", "bbox_yolo": [0.2974068224430084, 0.4740053117275238, 0.11747168749570847, 0.08385129272937775], "conf": 0.6129606366157532}, {"class_name": "B1", "bbox_yolo": [0.6137996912002563, 0.47995710372924805, 0.09266523271799088, 0.05625930055975914], "conf": 0.2998160123825073}, {"class_name": "B1", "bbox_yolo": [0.6112319231033325, 0.4872676432132721, 0.10492223501205444, 0.07089481502771378], "conf": 0.26314157247543335}], "count_per_class": {"B1": 2, "B2": 0, "B3": 1, "B4": 0}, "side_index": 3}