{"image": "LONSUM_A21A_0009_4.jpg", "detector": "y26m", "detections": [{"class_name": "B3", "bbox_yolo": [0.41859185695648193, 0.4237433075904846, 0.1339348554611206, 0.1082107350230217], "conf": 0.6142735481262207}, {"class_name": "B2", "bbox_yolo": [0.3376820981502533, 0.4859616756439209, 0.11603772640228271, 0.10188674926757812], "conf": 0.472207635641098}, {"class_name": "B1", "bbox_yolo": [0.3376820981502533, 0.4859616756439209, 0.11603772640228271, 0.10188674926757812], "conf": 0.3147508203983307}], "count_per_class": {"B1": 1, "B2": 1, "B3": 1, "B4": 0}, "side_index": 3}