{"image": "LONSUM_A21A_0007_3.jpg", "detector": "y26m", "detections": [{"class_name": "B3", "bbox_yolo": [0.729575514793396, 0.5109694600105286, 0.12364089488983154, 0.09682684391736984], "conf": 0.34875622391700745}, {"class_name": "B3", "bbox_yolo": [0.31526604294776917, 0.5266262888908386, 0.10093565285205841, 0.09203076362609863], "conf": 0.2669129967689514}], "count_per_class": {"B1": 0, "B2": 0, "B3": 2, "B4": 0}, "side_index": 2}