{"image": "LONSUM_A21A_0038_2.jpg", "detector": "y26m", "detections": [{"class_name": "B3", "bbox_yolo": [0.5283580422401428, 0.3650350272655487, 0.1026454046368599, 0.08010926097631454], "conf": 0.2619287371635437}], "count_per_class": {"B1": 0, "B2": 0, "B3": 1, "B4": 0}, "side_index": 1}