{
  "test": {
    "MAE_B1": 1.0421052631578946,
    "bias_B1": 0.9578947368421052,
    "acc_pm1_B1": 0.6947368421052632,
    "MAE_B2": 1.6842105263157894,
    "bias_B2": -0.7368421052631579,
    "acc_pm1_B2": 0.5473684210526316,
    "MAE_B3": 4.684210526315789,
    "bias_B3": 4.052631578947368,
    "acc_pm1_B3": 0.21052631578947367,
    "MAE_B4": 1.4631578947368422,
    "bias_B4": -0.15789473684210525,
    "acc_pm1_B4": 0.6526315789473685,
    "macro_class_mae": 2.218421052631579,
    "macro_acc_pm1": 0.5263157894736843,
    "total_count_mae": 6.052631578947368,
    "total_pm1_acc": 0.14736842105263157,
    "exact_profile_acc": 0.0,
    "split": "test"
  },
  "val": {
    "MAE_B1": 1.3894736842105264,
    "bias_B1": 1.263157894736842,
    "acc_pm1_B1": 0.6421052631578947,
    "MAE_B2": 1.1368421052631579,
    "bias_B2": -0.16842105263157894,
    "acc_pm1_B2": 0.7578947368421053,
    "MAE_B3": 4.431578947368421,
    "bias_B3": 3.9473684210526314,
    "acc_pm1_B3": 0.25263157894736843,
    "MAE_B4": 1.5894736842105264,
    "bias_B4": -0.17894736842105263,
    "acc_pm1_B4": 0.6526315789473685,
    "macro_class_mae": 2.136842105263158,
    "macro_acc_pm1": 0.5763157894736841,
    "total_count_mae": 5.7894736842105265,
    "total_pm1_acc": 0.25263157894736843,
    "exact_profile_acc": 0.010526315789473684,
    "split": "val"
  }
}