{
  "test": {
    "MAE_B1": 0.5263157894736842,
    "bias_B1": 0.21052631578947367,
    "acc_pm1_B1": 0.9157894736842105,
    "MAE_B2": 1.431578947368421,
    "bias_B2": 0.23157894736842105,
    "acc_pm1_B2": 0.631578947368421,
    "MAE_B3": 1.894736842105263,
    "bias_B3": -0.06315789473684211,
    "acc_pm1_B3": 0.5263157894736842,
    "MAE_B4": 1.2105263157894737,
    "bias_B4": -0.5789473684210527,
    "acc_pm1_B4": 0.6947368421052632,
    "macro_class_mae": 1.2657894736842104,
    "macro_acc_pm1": 0.6921052631578947,
    "total_count_mae": 2.873684210526316,
    "total_pm1_acc": 0.4421052631578947,
    "exact_profile_acc": 0.021052631578947368,
    "n_trees": 95,
    "split": "test"
  },
  "val": {
    "MAE_B1": 0.6526315789473685,
    "bias_B1": 0.4,
    "acc_pm1_B1": 0.8631578947368421,
    "MAE_B2": 1.4526315789473685,
    "bias_B2": 0.6947368421052632,
    "acc_pm1_B2": 0.6526315789473685,
    "MAE_B3": 2.3157894736842106,
    "bias_B3": -0.21052631578947367,
    "acc_pm1_B3": 0.4,
    "MAE_B4": 1.5157894736842106,
    "bias_B4": -0.9263157894736842,
    "acc_pm1_B4": 0.5789473684210527,
    "macro_class_mae": 1.4842105263157896,
    "macro_acc_pm1": 0.6236842105263158,
    "total_count_mae": 3.3263157894736843,
    "total_pm1_acc": 0.3684210526315789,
    "exact_profile_acc": 0.010526315789473684,
    "n_trees": 95,
    "split": "val"
  }
}