feature,importance
naive_sum_B3,0.16296048329182514
mean_per_side_B3,0.143939158093497
max_per_side_B3,0.09672797279219725
mean_per_side_B2,0.09060789026515441
mean_per_side_B1,0.08625169030548542
mean_per_side_B4,0.08470785715099274
naive_sum_B4,0.08180112290375749
naive_sum_B1,0.06855510200665405
naive_sum_B2,0.06769118248823976
max_per_side_B4,0.04639798005646257
max_per_side_B2,0.03705233341599687
max_per_side_B1,0.03091046773952457
n_sides,0.0023967594902129085
