,naive_sum_B1,naive_sum_B2,naive_sum_B3,naive_sum_B4,max_per_side_B1,max_per_side_B2,max_per_side_B3,max_per_side_B4,mean_per_side_B1,mean_per_side_B2,mean_per_side_B3,mean_per_side_B4,n_sides
B1,-0.040544856,0.04779482,0.013231168,0.014705034,0.14722332,-0.003196068,-0.02456205,0.0013881512,0.9502722,-0.017021485,0.010907276,-0.005524326,-0.006621793
B2,0.22763462,0.25863728,0.05666387,0.19790928,-0.009567216,0.21623053,0.0738337,-0.011051014,-0.14844103,1.1646323,-0.10926478,-0.18703222,-0.12394342
B3,-0.10724375,-0.22925259,0.915363,-0.5812872,0.008756012,-0.009587046,0.38132283,0.095499694,0.18946025,0.27430186,1.0781761,0.5213053,0.07543523
B4,-0.34486896,-0.28104234,0.23588218,0.07381306,-0.021197833,-0.019765882,0.020543944,0.46831837,0.3607974,0.27641732,-0.22240601,1.2281747,0.14522682
