{
  "test": {
    "n_trees": 141,
    "MAE_B1": 0.05673758865248227,
    "bias_B1": -0.0425531914893617,
    "acc_pm1_B1": 1.0,
    "MAE_B2": 0.2127659574468085,
    "bias_B2": 0.07092198581560284,
    "acc_pm1_B2": 0.9929078014184397,
    "MAE_B3": 0.5957446808510638,
    "bias_B3": -0.0425531914893617,
    "acc_pm1_B3": 0.9148936170212766,
    "MAE_B4": 0.24113475177304963,
    "bias_B4": 0.0,
    "acc_pm1_B4": 0.9929078014184397,
    "macro_class_mae": 0.276595744680851,
    "macro_acc_pm1": 0.975177304964539,
    "total_count_mae": 1.0070921985815602,
    "total_pm1_acc": 0.7659574468085106,
    "exact_profile_acc": 0.2765957446808511,
    "split": "test"
  },
  "val": {
    "n_trees": 96,
    "MAE_B1": 0.07291666666666667,
    "bias_B1": -0.07291666666666667,
    "acc_pm1_B1": 1.0,
    "MAE_B2": 0.22916666666666666,
    "bias_B2": 0.020833333333333332,
    "acc_pm1_B2": 0.9791666666666666,
    "MAE_B3": 0.4479166666666667,
    "bias_B3": -0.010416666666666666,
    "acc_pm1_B3": 0.96875,
    "MAE_B4": 0.2604166666666667,
    "bias_B4": 0.03125,
    "acc_pm1_B4": 0.9791666666666666,
    "macro_class_mae": 0.2526041666666667,
    "macro_acc_pm1": 0.9817708333333333,
    "total_count_mae": 0.8020833333333334,
    "total_pm1_acc": 0.8229166666666666,
    "exact_profile_acc": 0.3645833333333333,
    "split": "val"
  }
}