{
  "test": {
    "n_trees": 95,
    "MAE_B1": 0.07368421052631578,
    "bias_B1": -0.05263157894736842,
    "acc_pm1_B1": 1.0,
    "MAE_B2": 0.2736842105263158,
    "bias_B2": 0.021052631578947368,
    "acc_pm1_B2": 0.9789473684210527,
    "MAE_B3": 0.4842105263157895,
    "bias_B3": 0.16842105263157894,
    "acc_pm1_B3": 0.9368421052631579,
    "MAE_B4": 0.2736842105263158,
    "bias_B4": 0.0,
    "acc_pm1_B4": 0.9789473684210527,
    "macro_class_mae": 0.27631578947368424,
    "macro_acc_pm1": 0.9736842105263157,
    "total_count_mae": 1.0,
    "total_pm1_acc": 0.7473684210526316,
    "exact_profile_acc": 0.37894736842105264,
    "split": "test"
  },
  "val": {
    "n_trees": 95,
    "MAE_B1": 0.06315789473684211,
    "bias_B1": -0.06315789473684211,
    "acc_pm1_B1": 1.0,
    "MAE_B2": 0.22105263157894736,
    "bias_B2": 0.05263157894736842,
    "acc_pm1_B2": 0.9789473684210527,
    "MAE_B3": 0.5894736842105263,
    "bias_B3": 0.021052631578947368,
    "acc_pm1_B3": 0.9052631578947369,
    "MAE_B4": 0.2631578947368421,
    "bias_B4": -0.09473684210526316,
    "acc_pm1_B4": 0.968421052631579,
    "macro_class_mae": 0.28421052631578947,
    "macro_acc_pm1": 0.9631578947368421,
    "total_count_mae": 1.0526315789473684,
    "total_pm1_acc": 0.7578947368421053,
    "exact_profile_acc": 0.3263157894736842,
    "split": "val"
  }
}