{
  "test": {
    "MAE_B1": 0.47368421052631576,
    "bias_B1": -0.031578947368421054,
    "acc_pm1_B1": 0.9578947368421052,
    "MAE_B2": 1.2421052631578948,
    "bias_B2": -0.10526315789473684,
    "acc_pm1_B2": 0.6842105263157895,
    "MAE_B3": 1.736842105263158,
    "bias_B3": 0.1368421052631579,
    "acc_pm1_B3": 0.49473684210526314,
    "MAE_B4": 1.3894736842105264,
    "bias_B4": 0.21052631578947367,
    "acc_pm1_B4": 0.5789473684210527,
    "macro_class_mae": 1.2105263157894737,
    "macro_acc_pm1": 0.6789473684210526,
    "exact_profile_acc": 0.0,
    "total_count_mae": 2.4210526315789473,
    "total_pm1_acc": 0.35789473684210527,
    "split": "test"
  },
  "val": {
    "MAE_B1": 0.45263157894736844,
    "bias_B1": 0.010526315789473684,
    "acc_pm1_B1": 0.9789473684210527,
    "MAE_B2": 1.1157894736842104,
    "bias_B2": 0.21052631578947367,
    "acc_pm1_B2": 0.7263157894736842,
    "MAE_B3": 1.8421052631578947,
    "bias_B3": -0.031578947368421054,
    "acc_pm1_B3": 0.5157894736842106,
    "MAE_B4": 1.3157894736842106,
    "bias_B4": 0.010526315789473684,
    "acc_pm1_B4": 0.6526315789473685,
    "macro_class_mae": 1.181578947368421,
    "macro_acc_pm1": 0.7184210526315791,
    "exact_profile_acc": 0.0,
    "total_count_mae": 2.2,
    "total_pm1_acc": 0.4,
    "split": "val"
  }
}