{
  "test": {
    "MAE_B1": 0.6210526315789474,
    "bias_B1": -0.6,
    "acc_pm1_B1": 0.8736842105263158,
    "MAE_B2": 1.9157894736842105,
    "bias_B2": -1.8736842105263158,
    "acc_pm1_B2": 0.47368421052631576,
    "MAE_B3": 3.1473684210526316,
    "bias_B3": -3.1052631578947367,
    "acc_pm1_B3": 0.22105263157894736,
    "MAE_B4": 1.6631578947368422,
    "bias_B4": -1.6210526315789473,
    "acc_pm1_B4": 0.5894736842105263,
    "macro_class_mae": 1.8368421052631578,
    "macro_acc_pm1": 0.5394736842105263,
    "total_count_mae": 7.2,
    "total_pm1_acc": 0.0,
    "exact_profile_acc": 0.0,
    "split": "test"
  },
  "val": {
    "MAE_B1": 0.5789473684210527,
    "bias_B1": -0.49473684210526314,
    "acc_pm1_B1": 0.9052631578947369,
    "MAE_B2": 1.431578947368421,
    "bias_B2": -1.3894736842105264,
    "acc_pm1_B2": 0.6421052631578947,
    "MAE_B3": 3.431578947368421,
    "bias_B3": -3.389473684210526,
    "acc_pm1_B3": 0.21052631578947367,
    "MAE_B4": 1.894736842105263,
    "bias_B4": -1.831578947368421,
    "acc_pm1_B4": 0.4421052631578947,
    "macro_class_mae": 1.8342105263157895,
    "macro_acc_pm1": 0.5499999999999999,
    "total_count_mae": 7.105263157894737,
    "total_pm1_acc": 0.010526315789473684,
    "exact_profile_acc": 0.010526315789473684,
    "split": "val"
  }
}