{
  "test": {
    "MAE_B1": 0.7789473684210526,
    "bias_B1": 0.4,
    "acc_pm1_B1": 0.8421052631578947,
    "MAE_B2": 1.9894736842105263,
    "bias_B2": 1.063157894736842,
    "acc_pm1_B2": 0.5157894736842106,
    "MAE_B3": 6.494736842105263,
    "bias_B3": 6.2631578947368425,
    "acc_pm1_B3": 0.10526315789473684,
    "MAE_B4": 1.6526315789473685,
    "bias_B4": -0.45263157894736844,
    "acc_pm1_B4": 0.5894736842105263,
    "macro_class_mae": 2.7289473684210526,
    "macro_acc_pm1": 0.5131578947368421,
    "total_count_mae": 7.863157894736842,
    "total_pm1_acc": 0.14736842105263157,
    "exact_profile_acc": 0.0,
    "split": "test"
  },
  "val": {
    "MAE_B1": 0.7684210526315789,
    "bias_B1": 0.5368421052631579,
    "acc_pm1_B1": 0.8526315789473684,
    "MAE_B2": 1.9684210526315788,
    "bias_B2": 1.5263157894736843,
    "acc_pm1_B2": 0.5578947368421052,
    "MAE_B3": 6.6,
    "bias_B3": 6.368421052631579,
    "acc_pm1_B3": 0.1368421052631579,
    "MAE_B4": 1.7157894736842105,
    "bias_B4": -0.6210526315789474,
    "acc_pm1_B4": 0.5157894736842106,
    "macro_class_mae": 2.763157894736842,
    "macro_acc_pm1": 0.5157894736842106,
    "total_count_mae": 8.210526315789474,
    "total_pm1_acc": 0.1368421052631579,
    "exact_profile_acc": 0.010526315789473684,
    "split": "val"
  }
}