{
  "test": {
    "n_trees": 141,
    "MAE_B1": 0.0425531914893617,
    "bias_B1": -0.0425531914893617,
    "acc_pm1_B1": 1.0,
    "MAE_B2": 0.20567375886524822,
    "bias_B2": -0.02127659574468085,
    "acc_pm1_B2": 0.9858156028368794,
    "MAE_B3": 0.5886524822695035,
    "bias_B3": -0.09219858156028368,
    "acc_pm1_B3": 0.9361702127659575,
    "MAE_B4": 0.22695035460992907,
    "bias_B4": -0.0425531914893617,
    "acc_pm1_B4": 0.9929078014184397,
    "macro_class_mae": 0.26595744680851063,
    "macro_acc_pm1": 0.9787234042553192,
    "total_count_mae": 0.9361702127659575,
    "total_pm1_acc": 0.7730496453900709,
    "exact_profile_acc": 0.3120567375886525,
    "best_params": "{'svr__estimator__C': 10, 'svr__estimator__gamma': 0.01}",
    "cv_mae": 0.3801447125672917,
    "split": "test"
  },
  "val": {
    "n_trees": 96,
    "MAE_B1": 0.0625,
    "bias_B1": -0.0625,
    "acc_pm1_B1": 1.0,
    "MAE_B2": 0.23958333333333334,
    "bias_B2": 0.010416666666666666,
    "acc_pm1_B2": 0.9791666666666666,
    "MAE_B3": 0.4791666666666667,
    "bias_B3": -0.10416666666666667,
    "acc_pm1_B3": 0.9583333333333334,
    "MAE_B4": 0.2604166666666667,
    "bias_B4": 0.010416666666666666,
    "acc_pm1_B4": 0.9791666666666666,
    "macro_class_mae": 0.2604166666666667,
    "macro_acc_pm1": 0.9791666666666666,
    "total_count_mae": 0.8958333333333334,
    "total_pm1_acc": 0.78125,
    "exact_profile_acc": 0.3645833333333333,
    "split": "val"
  }
}