{
  "test": {
    "MAE_B1": 0.08421052631578947,
    "bias_B1": -0.042105263157894736,
    "acc_pm1_B1": 1.0,
    "MAE_B2": 0.3368421052631579,
    "bias_B2": -0.06315789473684211,
    "acc_pm1_B2": 0.968421052631579,
    "MAE_B3": 0.49473684210526314,
    "bias_B3": 0.09473684210526316,
    "acc_pm1_B3": 0.9263157894736842,
    "MAE_B4": 0.28421052631578947,
    "bias_B4": -0.010526315789473684,
    "acc_pm1_B4": 0.968421052631579,
    "macro_class_mae": 0.3,
    "macro_acc_pm1": 0.9657894736842104,
    "total_count_mae": 1.0736842105263158,
    "total_pm1_acc": 0.7368421052631579,
    "exact_profile_acc": 0.3263157894736842,
    "best_params": "{'svr__estimator__C': 10, 'svr__estimator__gamma': 0.01}",
    "cv_mae": 0.37637592796415414,
    "split": "test"
  },
  "val": {
    "MAE_B1": 0.042105263157894736,
    "bias_B1": -0.042105263157894736,
    "acc_pm1_B1": 1.0,
    "MAE_B2": 0.24210526315789474,
    "bias_B2": -0.010526315789473684,
    "acc_pm1_B2": 0.9894736842105263,
    "MAE_B3": 0.6210526315789474,
    "bias_B3": -0.05263157894736842,
    "acc_pm1_B3": 0.9052631578947369,
    "MAE_B4": 0.29473684210526313,
    "bias_B4": -0.10526315789473684,
    "acc_pm1_B4": 0.9578947368421052,
    "macro_class_mae": 0.3,
    "macro_acc_pm1": 0.9631578947368421,
    "total_count_mae": 1.0736842105263158,
    "total_pm1_acc": 0.7578947368421053,
    "exact_profile_acc": 0.30526315789473685,
    "split": "val"
  }
}