{"image": "DAMIMAS_A21B_0363_3.jpg", "detector": "y26s", "detections": [{"class_name": "B3", "bbox_yolo": [0.6443909406661987, 0.3765384256839752, 0.11982028186321259, 0.09844787418842316], "conf": 0.3841782510280609}, {"class_name": "B3", "bbox_yolo": [0.3837290108203888, 0.35357072949409485, 0.08430052548646927, 0.05839691311120987], "conf": 0.25259798765182495}], "count_per_class": {"B1": 0, "B2": 0, "B3": 2, "B4": 0}, "side_index": 2}