{"image": "DAMIMAS_A21B_0499_1.jpg", "detector": "y26s", "detections": [{"class_name": "B1", "bbox_yolo": [0.6147482991218567, 0.4189162850379944, 0.11237584054470062, 0.09326951950788498], "conf": 0.3807181417942047}, {"class_name": "B3", "bbox_yolo": [0.4951503574848175, 0.40644893050193787, 0.11744912713766098, 0.11032233387231827], "conf": 0.3027980327606201}, {"class_name": "B1", "bbox_yolo": [0.6155620813369751, 0.42189717292785645, 0.11316230148077011, 0.10037477314472198], "conf": 0.3004723787307739}, {"class_name": "B4", "bbox_yolo": [0.46757036447525024, 0.30298885703086853, 0.10249100625514984, 0.08689892292022705], "conf": 0.2730497121810913}], "count_per_class": {"B1": 2, "B2": 0, "B3": 1, "B4": 1}, "side_index": 0}