{"image": "DAMIMAS_A21B_0368_4.jpg", "detector": "y26s", "detections": [{"class_name": "B3", "bbox_yolo": [0.32933053374290466, 0.4442836344242096, 0.0815676748752594, 0.07171335071325302], "conf": 0.3604186773300171}, {"class_name": "B3", "bbox_yolo": [0.41913366317749023, 0.37573155760765076, 0.1156720221042633, 0.08053620159626007], "conf": 0.32216349244117737}, {"class_name": "B2", "bbox_yolo": [0.4596204161643982, 0.4525143802165985, 0.11697661876678467, 0.09686050564050674], "conf": 0.27643904089927673}], "count_per_class": {"B1": 0, "B2": 1, "B3": 2, "B4": 0}, "side_index": 3}