{"image": "DAMIMAS_A21B_0389_4.jpg", "detector": "y26s", "detections": [{"class_name": "B3", "bbox_yolo": [0.3563559949398041, 0.4081290364265442, 0.08052724599838257, 0.07278066128492355], "conf": 0.4012870192527771}, {"class_name": "B3", "bbox_yolo": [0.45554861426353455, 0.3811620771884918, 0.10523268580436707, 0.08738100528717041], "conf": 0.2532382011413574}], "count_per_class": {"B1": 0, "B2": 0, "B3": 2, "B4": 0}, "side_index": 3}