{"image": "DAMIMAS_A21B_0699_1.jpg", "detector": "y26s", "detections": [{"class_name": "B3", "bbox_yolo": [0.6774450540542603, 0.23467007279396057, 0.18523801863193512, 0.13681447505950928], "conf": 0.6748838424682617}, {"class_name": "B4", "bbox_yolo": [0.5214964747428894, 0.16640107333660126, 0.17316433787345886, 0.11399447917938232], "conf": 0.5632385015487671}, {"class_name": "B3", "bbox_yolo": [0.44068244099617004, 0.2867656648159027, 0.18309850990772247, 0.13520193099975586], "conf": 0.2923192083835602}, {"class_name": "B2", "bbox_yolo": [0.44068244099617004, 0.2867656648159027, 0.18309850990772247, 0.13520193099975586], "conf": 0.2897588610649109}], "count_per_class": {"B1": 0, "B2": 1, "B3": 2, "B4": 1}, "side_index": 0}