{"image": "DAMIMAS_A21B_0277_1.jpg", "detector": "y26s", "detections": [{"class_name": "B1", "bbox_yolo": [0.6099517941474915, 0.5085183382034302, 0.15736879408359528, 0.10005426406860352], "conf": 0.8011108040809631}, {"class_name": "B3", "bbox_yolo": [0.4543067514896393, 0.4725387990474701, 0.12054033577442169, 0.09974517673254013], "conf": 0.47589561343193054}, {"class_name": "B3", "bbox_yolo": [0.6964231133460999, 0.4509664475917816, 0.07529138028621674, 0.05019402503967285], "conf": 0.407324880361557}], "count_per_class": {"B1": 1, "B2": 0, "B3": 2, "B4": 0}, "side_index": 0}