{"image": "DAMIMAS_A21B_0128_1.jpg", "detector": "y26s", "detections": [{"class_name": "B3", "bbox_yolo": [0.42428138852119446, 0.49986597895622253, 0.11454236507415771, 0.09391365200281143], "conf": 0.5546619892120361}, {"class_name": "B3", "bbox_yolo": [0.6238687038421631, 0.5131796002388, 0.09440378099679947, 0.07184576988220215], "conf": 0.31514978408813477}, {"class_name": "B4", "bbox_yolo": [0.5355615019798279, 0.465425968170166, 0.07887996733188629, 0.0668485164642334], "conf": 0.28383904695510864}], "count_per_class": {"B1": 0, "B2": 0, "B3": 2, "B4": 1}, "side_index": 0}