{"image": "DAMIMAS_A21B_0422_4.jpg", "detector": "y26s", "detections": [{"class_name": "B3", "bbox_yolo": [0.3753863275051117, 0.409155935049057, 0.11433745175600052, 0.0959920883178711], "conf": 0.35791054368019104}, {"class_name": "B3", "bbox_yolo": [0.4707692563533783, 0.35122594237327576, 0.12068434059619904, 0.08982636779546738], "conf": 0.3401106297969818}, {"class_name": "B3", "bbox_yolo": [0.5568303465843201, 0.4157814681529999, 0.11651313304901123, 0.10325746983289719], "conf": 0.2608092725276947}, {"class_name": "B2", "bbox_yolo": [0.5568303465843201, 0.4157814681529999, 0.11651313304901123, 0.10325746983289719], "conf": 0.2544310688972473}], "count_per_class": {"B1": 0, "B2": 1, "B3": 3, "B4": 0}, "side_index": 3}