{"image": "DAMIMAS_A21B_0333_4.jpg", "detector": "y26s", "detections": [{"class_name": "B1", "bbox_yolo": [0.5787584185600281, 0.5212899446487427, 0.11779073625802994, 0.10850649327039719], "conf": 0.7403771877288818}, {"class_name": "B3", "bbox_yolo": [0.44618844985961914, 0.5056687593460083, 0.10681244730949402, 0.08931422233581543], "conf": 0.49007466435432434}], "count_per_class": {"B1": 1, "B2": 0, "B3": 1, "B4": 0}, "side_index": 3}