{"image": "DAMIMAS_A21B_0372_2.jpg", "detector": "y26s", "detections": [{"class_name": "B3", "bbox_yolo": [0.45159846544265747, 0.42067503929138184, 0.10995350778102875, 0.08684873580932617], "conf": 0.4150361120700836}, {"class_name": "B3", "bbox_yolo": [0.6201552152633667, 0.3791691064834595, 0.06935685873031616, 0.040711548179388046], "conf": 0.29923006892204285}, {"class_name": "B2", "bbox_yolo": [0.5749450922012329, 0.44060349464416504, 0.11057408899068832, 0.09107925742864609], "conf": 0.26482459902763367}], "count_per_class": {"B1": 0, "B2": 1, "B3": 2, "B4": 0}, "side_index": 1}