{"image": "DAMIMAS_A21B_0408_3.jpg", "detector": "y26s", "detections": [{"class_name": "B1", "bbox_yolo": [0.6021177172660828, 0.4860386848449707, 0.12250442802906036, 0.0962517261505127], "conf": 0.7901058197021484}, {"class_name": "B3", "bbox_yolo": [0.49244099855422974, 0.431497186422348, 0.06834154576063156, 0.057303477078676224], "conf": 0.47911337018013}, {"class_name": "B3", "bbox_yolo": [0.6015021800994873, 0.4114236831665039, 0.08561567217111588, 0.057830072939395905], "conf": 0.3871632218360901}, {"class_name": "B3", "bbox_yolo": [0.36535632610321045, 0.46593981981277466, 0.08765844255685806, 0.07501759380102158], "conf": 0.26730942726135254}], "count_per_class": {"B1": 1, "B2": 0, "B3": 3, "B4": 0}, "side_index": 2}