{"image": "DAMIMAS_A21B_0814_8.jpg", "detector": "y26s", "detections": [{"class_name": "B3", "bbox_yolo": [0.3944160044193268, 0.3808955252170563, 0.1692296415567398, 0.13888128101825714], "conf": 0.5788607597351074}, {"class_name": "B3", "bbox_yolo": [0.6011149287223816, 0.35347408056259155, 0.15400002896785736, 0.11717667430639267], "conf": 0.4935453236103058}], "count_per_class": {"B1": 0, "B2": 0, "B3": 2, "B4": 0}, "side_index": 7}