{"image": "DAMIMAS_A21B_0325_4.jpg", "detector": "y26s", "detections": [{"class_name": "B3", "bbox_yolo": [0.4425637125968933, 0.3909705579280853, 0.14305885136127472, 0.07648322731256485], "conf": 0.42461004853248596}, {"class_name": "B3", "bbox_yolo": [0.753867506980896, 0.4471035897731781, 0.12162571400403976, 0.09764685481786728], "conf": 0.29405707120895386}], "count_per_class": {"B1": 0, "B2": 0, "B3": 2, "B4": 0}, "side_index": 3}