{"image": "DAMIMAS_A21B_0033_1.jpg", "detector": "y26s", "detections": [{"class_name": "B3", "bbox_yolo": [0.5737404227256775, 0.5222898721694946, 0.09503740072250366, 0.06810317188501358], "conf": 0.26705604791641235}], "count_per_class": {"B1": 0, "B2": 0, "B3": 1, "B4": 0}, "side_index": 0}