{"image": "DAMIMAS_A21B_0194_4.jpg", "detector": "y26s", "detections": [{"class_name": "B3", "bbox_yolo": [0.40417271852493286, 0.2826201319694519, 0.12917430698871613, 0.10040407627820969], "conf": 0.6255548596382141}, {"class_name": "B3", "bbox_yolo": [0.6016136407852173, 0.30353155732154846, 0.08671799302101135, 0.07187993824481964], "conf": 0.43901652097702026}, {"class_name": "B3", "bbox_yolo": [0.6046854853630066, 0.30942416191101074, 0.11500276625156403, 0.08870766311883926], "conf": 0.332915335893631}], "count_per_class": {"B1": 0, "B2": 0, "B3": 3, "B4": 0}, "side_index": 3}