{"image": "DAMIMAS_A21B_0692_1.jpg", "detector": "y26s", "detections": [{"class_name": "B3", "bbox_yolo": [0.5289475917816162, 0.23086996376514435, 0.20294101536273956, 0.22547952830791473], "conf": 0.6168062090873718}, {"class_name": "B1", "bbox_yolo": [0.7736659049987793, 0.29364949464797974, 0.25156569480895996, 0.2177582085132599], "conf": 0.5799086093902588}, {"class_name": "B4", "bbox_yolo": [0.6558219194412231, 0.12952201068401337, 0.14862214028835297, 0.10641652345657349], "conf": 0.5615633726119995}], "count_per_class": {"B1": 1, "B2": 0, "B3": 1, "B4": 1}, "side_index": 0}