{"image": "DAMIMAS_A21B_0034_3.jpg", "detector": "y26s", "detections": [{"class_name": "B3", "bbox_yolo": [0.4893464744091034, 0.4857184588909149, 0.13596391677856445, 0.10372157394886017], "conf": 0.5208028554916382}, {"class_name": "B3", "bbox_yolo": [0.6250993609428406, 0.44270873069763184, 0.11756566911935806, 0.09810628741979599], "conf": 0.503665030002594}, {"class_name": "B3", "bbox_yolo": [0.3570401072502136, 0.4813218116760254, 0.07490969449281693, 0.06940388679504395], "conf": 0.2718881070613861}], "count_per_class": {"B1": 0, "B2": 0, "B3": 3, "B4": 0}, "side_index": 2}