{"image": "DAMIMAS_A21B_0853_1.jpg", "detector": "y26s", "detections": [{"class_name": "B1", "bbox_yolo": [0.3856566250324249, 0.5470022559165955, 0.11860590428113937, 0.1049829050898552], "conf": 0.7928227186203003}, {"class_name": "B3", "bbox_yolo": [0.48919254541397095, 0.5104827880859375, 0.10667204111814499, 0.0917782336473465], "conf": 0.29058602452278137}], "count_per_class": {"B1": 1, "B2": 0, "B3": 1, "B4": 0}, "side_index": 0}