{"image": "DAMIMAS_A21B_0418_2.jpg", "detector": "y26s", "detections": [{"class_name": "B3", "bbox_yolo": [0.47908028960227966, 0.4397641122341156, 0.08413048088550568, 0.07336053997278214], "conf": 0.4189012050628662}, {"class_name": "B3", "bbox_yolo": [0.32796239852905273, 0.44058656692504883, 0.11520309746265411, 0.08995800465345383], "conf": 0.3020506799221039}, {"class_name": "B3", "bbox_yolo": [0.32259422540664673, 0.4362637996673584, 0.09095964580774307, 0.06738796085119247], "conf": 0.29551127552986145}, {"class_name": "B3", "bbox_yolo": [0.48030561208724976, 0.4436395764350891, 0.10671355575323105, 0.08332085609436035], "conf": 0.252686470746994}], "count_per_class": {"B1": 0, "B2": 0, "B3": 4, "B4": 0}, "side_index": 1}