{"image": "DAMIMAS_A21B_0219_3.jpg", "detector": "y26s", "detections": [{"class_name": "B1", "bbox_yolo": [0.5613781213760376, 0.35822340846061707, 0.15730512142181396, 0.11675768345594406], "conf": 0.6678470969200134}, {"class_name": "B3", "bbox_yolo": [0.38904866576194763, 0.3145636320114136, 0.1482221931219101, 0.1072542667388916], "conf": 0.5483812093734741}], "count_per_class": {"B1": 1, "B2": 0, "B3": 1, "B4": 0}, "side_index": 2}