{"image": "DAMIMAS_A21B_0386_1.jpg", "detector": "y26s", "detections": [{"class_name": "B3", "bbox_yolo": [0.6464259028434753, 0.4926035404205322, 0.13003146648406982, 0.12090998142957687], "conf": 0.6308833956718445}, {"class_name": "B3", "bbox_yolo": [0.4132036566734314, 0.4924039840698242, 0.11379913240671158, 0.09059629589319229], "conf": 0.3679783046245575}, {"class_name": "B3", "bbox_yolo": [0.411355197429657, 0.48802852630615234, 0.09050408005714417, 0.07696738094091415], "conf": 0.26641345024108887}, {"class_name": "B1", "bbox_yolo": [0.3415653705596924, 0.5080129504203796, 0.0824926421046257, 0.07138261944055557], "conf": 0.26227855682373047}], "count_per_class": {"B1": 1, "B2": 0, "B3": 3, "B4": 0}, "side_index": 0}