{"image": "DAMIMAS_A21B_0497_1.jpg", "detector": "y26s", "detections": [{"class_name": "B1", "bbox_yolo": [0.5008156895637512, 0.38522693514823914, 0.12013328075408936, 0.09699886292219162], "conf": 0.6882473826408386}, {"class_name": "B3", "bbox_yolo": [0.41828685998916626, 0.3269036114215851, 0.07918469607830048, 0.0596194751560688], "conf": 0.37472742795944214}, {"class_name": "B3", "bbox_yolo": [0.41222843527793884, 0.3386246860027313, 0.10475598275661469, 0.08361966907978058], "conf": 0.2872542142868042}, {"class_name": "B2", "bbox_yolo": [0.6505261063575745, 0.37089988589286804, 0.11250045150518417, 0.09751933068037033], "conf": 0.27333053946495056}], "count_per_class": {"B1": 1, "B2": 1, "B3": 2, "B4": 0}, "side_index": 0}