{"image": "DAMIMAS_A21B_0412_4.jpg", "detector": "y26s", "detections": [{"class_name": "B1", "bbox_yolo": [0.3095506429672241, 0.4760917127132416, 0.14604905247688293, 0.1293717473745346], "conf": 0.7511894702911377}, {"class_name": "B3", "bbox_yolo": [0.43810465931892395, 0.41900166869163513, 0.11801812797784805, 0.11991506069898605], "conf": 0.5301377773284912}, {"class_name": "B3", "bbox_yolo": [0.5767861604690552, 0.4586469829082489, 0.12758728861808777, 0.09734206646680832], "conf": 0.3257651627063751}], "count_per_class": {"B1": 1, "B2": 0, "B3": 2, "B4": 0}, "side_index": 3}