{"image": "DAMIMAS_A21B_0137_2.jpg", "detector": "y26s", "detections": [{"class_name": "B3", "bbox_yolo": [0.37693488597869873, 0.41981688141822815, 0.12656822800636292, 0.10677807778120041], "conf": 0.5606672167778015}, {"class_name": "B3", "bbox_yolo": [0.6549139022827148, 0.44655123353004456, 0.07487259060144424, 0.07349491119384766], "conf": 0.280123770236969}], "count_per_class": {"B1": 0, "B2": 0, "B3": 2, "B4": 0}, "side_index": 1}