{"image": "DAMIMAS_A21B_0838_2.jpg", "detector": "y26s", "detections": [{"class_name": "B3", "bbox_yolo": [0.42505374550819397, 0.34598034620285034, 0.13836655020713806, 0.09771466255187988], "conf": 0.36515653133392334}, {"class_name": "B4", "bbox_yolo": [0.3554895520210266, 0.2694889307022095, 0.10934356600046158, 0.07917237281799316], "conf": 0.25529977679252625}], "count_per_class": {"B1": 0, "B2": 0, "B3": 1, "B4": 1}, "side_index": 1}