{"image": "DAMIMAS_A21B_0694_1.jpg", "detector": "y26s", "detections": [{"class_name": "B1", "bbox_yolo": [0.25128406286239624, 0.22826746106147766, 0.12757623195648193, 0.13958221673965454], "conf": 0.7567186951637268}, {"class_name": "B3", "bbox_yolo": [0.3061813414096832, 0.13293619453907013, 0.14859212934970856, 0.14326338469982147], "conf": 0.504945695400238}, {"class_name": "B3", "bbox_yolo": [0.6141163110733032, 0.1383156180381775, 0.17411643266677856, 0.15763847529888153], "conf": 0.2805747985839844}], "count_per_class": {"B1": 1, "B2": 0, "B3": 2, "B4": 0}, "side_index": 0}