{"image": "DAMIMAS_A21B_0305_3.jpg", "detector": "y26s", "detections": [{"class_name": "B4", "bbox_yolo": [0.43726903200149536, 0.39261889457702637, 0.13038025796413422, 0.08669507503509521], "conf": 0.41175907850265503}, {"class_name": "B3", "bbox_yolo": [0.5786896347999573, 0.4322679936885834, 0.11488180607557297, 0.09608805179595947], "conf": 0.41080498695373535}, {"class_name": "B3", "bbox_yolo": [0.3277799189090729, 0.45302873849868774, 0.08273188769817352, 0.06674414128065109], "conf": 0.3198397159576416}, {"class_name": "B3", "bbox_yolo": [0.33739137649536133, 0.45928430557250977, 0.10808722674846649, 0.08711829036474228], "conf": 0.25564470887184143}], "count_per_class": {"B1": 0, "B2": 0, "B3": 3, "B4": 1}, "side_index": 2}