{"image": "DAMIMAS_A21B_0744_3.jpg", "detector": "y26s", "detections": [{"class_name": "B3", "bbox_yolo": [0.40259578824043274, 0.41370701789855957, 0.1506582647562027, 0.13492870330810547], "conf": 0.6962512731552124}, {"class_name": "B2", "bbox_yolo": [0.5864426493644714, 0.44273099303245544, 0.16399946808815002, 0.12080015987157822], "conf": 0.5300047397613525}, {"class_name": "B3", "bbox_yolo": [0.6793873906135559, 0.364481121301651, 0.11900622397661209, 0.08778822422027588], "conf": 0.2708503305912018}], "count_per_class": {"B1": 0, "B2": 1, "B3": 2, "B4": 0}, "side_index": 2}