{"image": "DAMIMAS_A21B_0374_1.jpg", "detector": "y26s", "detections": [{"class_name": "B3", "bbox_yolo": [0.46035236120224, 0.35595402121543884, 0.1080884337425232, 0.08883088082075119], "conf": 0.37702476978302}, {"class_name": "B3", "bbox_yolo": [0.4576511085033417, 0.35011187195777893, 0.08983488380908966, 0.07355024665594101], "conf": 0.3533521294593811}, {"class_name": "B3", "bbox_yolo": [0.6383610367774963, 0.3373340964317322, 0.058129820972681046, 0.0522121898829937], "conf": 0.28157535195350647}], "count_per_class": {"B1": 0, "B2": 0, "B3": 3, "B4": 0}, "side_index": 0}