{"image": "DAMIMAS_A21B_0401_4.jpg", "detector": "y26s", "detections": [{"class_name": "B3", "bbox_yolo": [0.3457006514072418, 0.4729616343975067, 0.07764950394630432, 0.07538590580224991], "conf": 0.4042782187461853}, {"class_name": "B3", "bbox_yolo": [0.45612478256225586, 0.48628321290016174, 0.09278059750795364, 0.0704200267791748], "conf": 0.3759959638118744}, {"class_name": "B3", "bbox_yolo": [0.34994611144065857, 0.48011478781700134, 0.09931478649377823, 0.09106951206922531], "conf": 0.30143260955810547}], "count_per_class": {"B1": 0, "B2": 0, "B3": 3, "B4": 0}, "side_index": 3}