{"image": "DAMIMAS_A21B_0491_1.jpg", "detector": "y26s", "detections": [{"class_name": "B2", "bbox_yolo": [0.4353877604007721, 0.3675712049007416, 0.11956431716680527, 0.0932508036494255], "conf": 0.4075891971588135}, {"class_name": "B4", "bbox_yolo": [0.5762609243392944, 0.263115257024765, 0.07331714779138565, 0.05541267618536949], "conf": 0.3785712718963623}, {"class_name": "B3", "bbox_yolo": [0.6288806200027466, 0.3301261067390442, 0.07584960013628006, 0.07074232399463654], "conf": 0.37089136242866516}], "count_per_class": {"B1": 0, "B2": 1, "B3": 1, "B4": 1}, "side_index": 0}