{"image": "DAMIMAS_A21B_0088_1.jpg", "detector": "y26s", "detections": [{"class_name": "B3", "bbox_yolo": [0.28883063793182373, 0.39388570189476013, 0.11117112636566162, 0.10438530892133713], "conf": 0.4000655710697174}, {"class_name": "B4", "bbox_yolo": [0.3833857476711273, 0.33220434188842773, 0.1196146085858345, 0.0871439203619957], "conf": 0.25414371490478516}, {"class_name": "B2", "bbox_yolo": [0.42036402225494385, 0.40598174929618835, 0.12676160037517548, 0.09699664264917374], "conf": 0.2512877881526947}], "count_per_class": {"B1": 0, "B2": 1, "B3": 1, "B4": 1}, "side_index": 0}