{"image": "DAMIMAS_A21B_0847_5.jpg", "detector": "y26s", "detections": [{"class_name": "B1", "bbox_yolo": [0.7273353934288025, 0.41920241713523865, 0.16193899512290955, 0.12175410240888596], "conf": 0.8210226893424988}, {"class_name": "B3", "bbox_yolo": [0.4026569724082947, 0.33645686507225037, 0.12237492203712463, 0.09919049590826035], "conf": 0.5664071440696716}, {"class_name": "B3", "bbox_yolo": [0.5562219023704529, 0.385261595249176, 0.15282955765724182, 0.11967609077692032], "conf": 0.5632237792015076}], "count_per_class": {"B1": 1, "B2": 0, "B3": 2, "B4": 0}, "side_index": 4}