{"image": "DAMIMAS_A21B_0795_2.jpg", "detector": "y26s", "detections": [{"class_name": "B2", "bbox_yolo": [0.627561628818512, 0.3139890134334564, 0.14478391408920288, 0.11854264885187149], "conf": 0.568617582321167}, {"class_name": "B3", "bbox_yolo": [0.4675774872303009, 0.25305864214897156, 0.13861243426799774, 0.10087652504444122], "conf": 0.2710220515727997}], "count_per_class": {"B1": 0, "B2": 1, "B3": 1, "B4": 0}, "side_index": 1}