{"image": "DAMIMAS_A21B_0672_4.jpg", "detector": "y26s", "detections": [{"class_name": "B1", "bbox_yolo": [0.6464458703994751, 0.3690633475780487, 0.18146222829818726, 0.13866491615772247], "conf": 0.8625243306159973}, {"class_name": "B3", "bbox_yolo": [0.3962233066558838, 0.23933647572994232, 0.14921024441719055, 0.12055482715368271], "conf": 0.5165361762046814}, {"class_name": "B3", "bbox_yolo": [0.45774197578430176, 0.35498949885368347, 0.1393023282289505, 0.1164577528834343], "conf": 0.45130208134651184}], "count_per_class": {"B1": 1, "B2": 0, "B3": 2, "B4": 0}, "side_index": 3}