{"image": "DAMIMAS_A21B_0192_1.jpg", "detector": "y26s", "detections": [{"class_name": "B3", "bbox_yolo": [0.3724222183227539, 0.47275668382644653, 0.06572850793600082, 0.05796384811401367], "conf": 0.2878212034702301}], "count_per_class": {"B1": 0, "B2": 0, "B3": 1, "B4": 0}, "side_index": 0}