{"image": "DAMIMAS_A21B_0414_2.jpg", "detector": "y26s", "detections": [{"class_name": "B3", "bbox_yolo": [0.5616488456726074, 0.3645384907722473, 0.12882964313030243, 0.11814146488904953], "conf": 0.6218661665916443}, {"class_name": "B3", "bbox_yolo": [0.39620307087898254, 0.35167065262794495, 0.13503430783748627, 0.10847828537225723], "conf": 0.406182199716568}, {"class_name": "B3", "bbox_yolo": [0.6361773610115051, 0.3301328122615814, 0.06278489530086517, 0.053331758826971054], "conf": 0.32427939772605896}], "count_per_class": {"B1": 0, "B2": 0, "B3": 3, "B4": 0}, "side_index": 1}