{"image": "DAMIMAS_A21B_0350_1.jpg", "detector": "y26s", "detections": [{"class_name": "B1", "bbox_yolo": [0.4480924606323242, 0.4087980389595032, 0.10739333182573318, 0.10095131397247314], "conf": 0.7424682378768921}, {"class_name": "B3", "bbox_yolo": [0.5929697155952454, 0.3910582363605499, 0.11092530190944672, 0.08961644023656845], "conf": 0.3388838768005371}], "count_per_class": {"B1": 1, "B2": 0, "B3": 1, "B4": 0}, "side_index": 0}