{"image": "DAMIMAS_A21B_0060_4.jpg", "detector": "y26s", "detections": [{"class_name": "B3", "bbox_yolo": [0.33793362975120544, 0.561457633972168, 0.07563842833042145, 0.0639551654458046], "conf": 0.46336525678634644}, {"class_name": "B3", "bbox_yolo": [0.651412844657898, 0.5511114001274109, 0.10901419818401337, 0.09464674443006516], "conf": 0.40321362018585205}, {"class_name": "B3", "bbox_yolo": [0.5581642389297485, 0.5198537707328796, 0.10970056056976318, 0.09713435173034668], "conf": 0.32520508766174316}, {"class_name": "B3", "bbox_yolo": [0.42391544580459595, 0.5346401333808899, 0.08360777050256729, 0.07025589793920517], "conf": 0.2972670793533325}], "count_per_class": {"B1": 0, "B2": 0, "B3": 4, "B4": 0}, "side_index": 3}