{"image": "DAMIMAS_A21B_0534_3.jpg", "detector": "y26s", "detections": [{"class_name": "B1", "bbox_yolo": [0.34234392642974854, 0.5100626945495605, 0.13207286596298218, 0.11926980316638947], "conf": 0.6376248598098755}, {"class_name": "B3", "bbox_yolo": [0.4587347209453583, 0.4770579934120178, 0.12149713188409805, 0.1173190101981163], "conf": 0.602531909942627}, {"class_name": "B3", "bbox_yolo": [0.618949830532074, 0.49765440821647644, 0.12541186809539795, 0.10739965736865997], "conf": 0.3154212236404419}, {"class_name": "B2", "bbox_yolo": [0.34234392642974854, 0.5100626945495605, 0.13207286596298218, 0.11926980316638947], "conf": 0.2879319489002228}], "count_per_class": {"B1": 1, "B2": 1, "B3": 2, "B4": 0}, "side_index": 2}