{"image": "DAMIMAS_A21B_0828_5.jpg", "detector": "y26s", "detections": [{"class_name": "B3", "bbox_yolo": [0.5388935804367065, 0.3204341530799866, 0.12784360349178314, 0.11170198768377304], "conf": 0.5627120733261108}, {"class_name": "B3", "bbox_yolo": [0.6547626852989197, 0.3954690992832184, 0.12264907360076904, 0.11101160198450089], "conf": 0.4231697916984558}, {"class_name": "B3", "bbox_yolo": [0.2651975154876709, 0.38018056750297546, 0.07340390235185623, 0.04720022901892662], "conf": 0.28658682107925415}], "count_per_class": {"B1": 0, "B2": 0, "B3": 3, "B4": 0}, "side_index": 4}