{"image": "DAMIMAS_A21B_0415_1.jpg", "detector": "y26s", "detections": [{"class_name": "B3", "bbox_yolo": [0.6616510152816772, 0.3447349965572357, 0.14914506673812866, 0.10771255940198898], "conf": 0.5553380846977234}, {"class_name": "B3", "bbox_yolo": [0.5090126991271973, 0.2809303402900696, 0.1273687183856964, 0.10903632640838623], "conf": 0.5157516002655029}, {"class_name": "B4", "bbox_yolo": [0.5090126991271973, 0.2809303402900696, 0.1273687183856964, 0.10903632640838623], "conf": 0.26473307609558105}], "count_per_class": {"B1": 0, "B2": 0, "B3": 2, "B4": 1}, "side_index": 0}