{"image": "DAMIMAS_A21B_0622_4.jpg", "detector": "y26s", "detections": [{"class_name": "B1", "bbox_yolo": [0.5581035017967224, 0.6064519286155701, 0.12737169861793518, 0.11193151772022247], "conf": 0.8583948016166687}, {"class_name": "B3", "bbox_yolo": [0.4181588590145111, 0.5722302794456482, 0.10953487455844879, 0.10347447544336319], "conf": 0.35833385586738586}, {"class_name": "B3", "bbox_yolo": [0.6022237539291382, 0.5257853865623474, 0.11617393791675568, 0.08103322982788086], "conf": 0.30466943979263306}, {"class_name": "B3", "bbox_yolo": [0.5962861776351929, 0.5228102803230286, 0.09956487268209457, 0.06511926651000977], "conf": 0.2838417589664459}], "count_per_class": {"B1": 1, "B2": 0, "B3": 3, "B4": 0}, "side_index": 3}