{"image": "DAMIMAS_A21B_0078_1.jpg", "detector": "y26s", "detections": [{"class_name": "B3", "bbox_yolo": [0.3405929207801819, 0.5263838171958923, 0.13166771829128265, 0.13108836114406586], "conf": 0.6111285090446472}, {"class_name": "B3", "bbox_yolo": [0.4784991443157196, 0.4786420464515686, 0.1384410262107849, 0.11368875950574875], "conf": 0.5899282693862915}, {"class_name": "B3", "bbox_yolo": [0.5978278517723083, 0.5342195630073547, 0.14406828582286835, 0.12777848541736603], "conf": 0.292157381772995}, {"class_name": "B2", "bbox_yolo": [0.5978278517723083, 0.5342195630073547, 0.14406828582286835, 0.12777848541736603], "conf": 0.2754901051521301}], "count_per_class": {"B1": 0, "B2": 1, "B3": 3, "B4": 0}, "side_index": 0}