{"image": "DAMIMAS_A21B_0854_5.jpg", "detector": "y26s", "detections": [{"class_name": "B1", "bbox_yolo": [0.4550161361694336, 0.5339170694351196, 0.13994134962558746, 0.1300899088382721], "conf": 0.8275453448295593}, {"class_name": "B3", "bbox_yolo": [0.5767372846603394, 0.48698264360427856, 0.12088051438331604, 0.10057544708251953], "conf": 0.4702405631542206}, {"class_name": "B3", "bbox_yolo": [0.4149552881717682, 0.4421811103820801, 0.12999626994132996, 0.07633014023303986], "conf": 0.34969189763069153}], "count_per_class": {"B1": 1, "B2": 0, "B3": 2, "B4": 0}, "side_index": 4}