{"image": "DAMIMAS_A21B_0104_1.jpg", "detector": "y26s", "detections": [{"class_name": "B1", "bbox_yolo": [0.4861578345298767, 0.551153302192688, 0.13165268301963806, 0.09032683819532394], "conf": 0.664762556552887}, {"class_name": "B1", "bbox_yolo": [0.6846067905426025, 0.5300914645195007, 0.10533231496810913, 0.09602194279432297], "conf": 0.5870069265365601}, {"class_name": "B1", "bbox_yolo": [0.6865537166595459, 0.5278997421264648, 0.08224938809871674, 0.08536972850561142], "conf": 0.32844436168670654}, {"class_name": "B3", "bbox_yolo": [0.4261917769908905, 0.48470067977905273, 0.08107751607894897, 0.06829643249511719], "conf": 0.27602651715278625}], "count_per_class": {"B1": 3, "B2": 0, "B3": 1, "B4": 0}, "side_index": 0}