{"image": "DAMIMAS_A21B_0788_4.jpg", "detector": "y26s", "detections": [{"class_name": "B3", "bbox_yolo": [0.829871416091919, 0.4257822036743164, 0.14421947300434113, 0.1286124736070633], "conf": 0.6000954508781433}, {"class_name": "B3", "bbox_yolo": [0.38789859414100647, 0.40668144822120667, 0.1602635532617569, 0.14396606385707855], "conf": 0.5237142443656921}, {"class_name": "B3", "bbox_yolo": [0.2791535258293152, 0.47010788321495056, 0.13195811212062836, 0.1343684196472168], "conf": 0.28135383129119873}, {"class_name": "B4", "bbox_yolo": [0.7429937720298767, 0.3079735338687897, 0.12988243997097015, 0.1007332131266594], "conf": 0.27930736541748047}], "count_per_class": {"B1": 0, "B2": 0, "B3": 3, "B4": 1}, "side_index": 3}