{"image": "DAMIMAS_A21B_0514_3.jpg", "detector": "y26s", "detections": [{"class_name": "B3", "bbox_yolo": [0.617324709892273, 0.4203658998012543, 0.11253974586725235, 0.09561505168676376], "conf": 0.5386101603507996}, {"class_name": "B3", "bbox_yolo": [0.47509652376174927, 0.43887829780578613, 0.11660846322774887, 0.09329233318567276], "conf": 0.4360492527484894}, {"class_name": "B3", "bbox_yolo": [0.45265841484069824, 0.4394790828227997, 0.06527796387672424, 0.08566832542419434], "conf": 0.33079075813293457}], "count_per_class": {"B1": 0, "B2": 0, "B3": 3, "B4": 0}, "side_index": 2}