{"image": "DAMIMAS_A21B_0460_2.jpg", "detector": "y26s", "detections": [{"class_name": "B3", "bbox_yolo": [0.4146186411380768, 0.3524947166442871, 0.07547782361507416, 0.06199696287512779], "conf": 0.5152497291564941}, {"class_name": "B3", "bbox_yolo": [0.6071099638938904, 0.3823803961277008, 0.08127346634864807, 0.07186534255743027], "conf": 0.4650844931602478}, {"class_name": "B1", "bbox_yolo": [0.36949387192726135, 0.4241828918457031, 0.10711953043937683, 0.09223764389753342], "conf": 0.4627857506275177}, {"class_name": "B3", "bbox_yolo": [0.48918941617012024, 0.40409454703330994, 0.11352425068616867, 0.09902544319629669], "conf": 0.3572162091732025}], "count_per_class": {"B1": 1, "B2": 0, "B3": 3, "B4": 0}, "side_index": 1}