{"image": "DAMIMAS_A21B_0845_8.jpg", "detector": "y26s", "detections": [{"class_name": "B3", "bbox_yolo": [0.4084811210632324, 0.3218786418437958, 0.1301138699054718, 0.1210707426071167], "conf": 0.5309281945228577}, {"class_name": "B3", "bbox_yolo": [0.5625845789909363, 0.3538559079170227, 0.13244763016700745, 0.12571869790554047], "conf": 0.5056792497634888}], "count_per_class": {"B1": 0, "B2": 0, "B3": 2, "B4": 0}, "side_index": 7}