{"image": "DAMIMAS_A21B_0284_1.jpg", "detector": "y26s", "detections": [{"class_name": "B3", "bbox_yolo": [0.5167755484580994, 0.41551971435546875, 0.14053383469581604, 0.12106931209564209], "conf": 0.6236851811408997}, {"class_name": "B1", "bbox_yolo": [0.37985101342201233, 0.4918273091316223, 0.15013498067855835, 0.11658749729394913], "conf": 0.513314425945282}, {"class_name": "B3", "bbox_yolo": [0.6909208297729492, 0.46091577410697937, 0.13090573251247406, 0.10630102455615997], "conf": 0.3731726408004761}, {"class_name": "B2", "bbox_yolo": [0.37985101342201233, 0.4918273091316223, 0.15013498067855835, 0.11658749729394913], "conf": 0.2653173804283142}], "count_per_class": {"B1": 1, "B2": 1, "B3": 2, "B4": 0}, "side_index": 0}