{"image": "DAMIMAS_A21B_0758_3.jpg", "detector": "y26s", "detections": [{"class_name": "B1", "bbox_yolo": [0.6347461938858032, 0.3741450607776642, 0.17755179107189178, 0.14493194222450256], "conf": 0.8359089493751526}, {"class_name": "B3", "bbox_yolo": [0.3637029230594635, 0.38299259543418884, 0.14447766542434692, 0.1351243108510971], "conf": 0.35164499282836914}, {"class_name": "B3", "bbox_yolo": [0.4813153147697449, 0.3345731496810913, 0.11486483365297318, 0.13374686241149902], "conf": 0.27433159947395325}], "count_per_class": {"B1": 1, "B2": 0, "B3": 2, "B4": 0}, "side_index": 2}