{"image": "DAMIMAS_A21B_0308_1.jpg", "detector": "y26s", "detections": [{"class_name": "B3", "bbox_yolo": [0.5910059213638306, 0.4660978317260742, 0.1446901112794876, 0.12239336967468262], "conf": 0.5282667875289917}, {"class_name": "B3", "bbox_yolo": [0.33018410205841064, 0.45592814683914185, 0.07473704218864441, 0.07332082092761993], "conf": 0.4791119396686554}], "count_per_class": {"B1": 0, "B2": 0, "B3": 2, "B4": 0}, "side_index": 0}