{"image": "DAMIMAS_A21B_0567_3.jpg", "detector": "y26s", "detections": [{"class_name": "B1", "bbox_yolo": [0.2740687131881714, 0.449627548456192, 0.14558465778827667, 0.13066284358501434], "conf": 0.7140196561813354}, {"class_name": "B3", "bbox_yolo": [0.3833387494087219, 0.39667096734046936, 0.14129146933555603, 0.11790724098682404], "conf": 0.5900344848632812}, {"class_name": "B4", "bbox_yolo": [0.34661322832107544, 0.31303590536117554, 0.1353689283132553, 0.08061518520116806], "conf": 0.3325228989124298}, {"class_name": "B3", "bbox_yolo": [0.6092590689659119, 0.41186830401420593, 0.12540289759635925, 0.11237311363220215], "conf": 0.2572358548641205}], "count_per_class": {"B1": 1, "B2": 0, "B3": 2, "B4": 1}, "side_index": 2}