{"image": "DAMIMAS_A21B_0346_3.jpg", "detector": "y26s", "detections": [{"class_name": "B3", "bbox_yolo": [0.45297759771347046, 0.32718873023986816, 0.1180042028427124, 0.10220978409051895], "conf": 0.5742426514625549}, {"class_name": "B3", "bbox_yolo": [0.33426108956336975, 0.3246768116950989, 0.07070602476596832, 0.06541869789361954], "conf": 0.3626827895641327}, {"class_name": "B4", "bbox_yolo": [0.4247242212295532, 0.2530187666416168, 0.0832136869430542, 0.04931614547967911], "conf": 0.3331374228000641}], "count_per_class": {"B1": 0, "B2": 0, "B3": 2, "B4": 1}, "side_index": 2}