{"image": "DAMIMAS_A21B_0397_3.jpg", "detector": "y26s", "detections": [{"class_name": "B1", "bbox_yolo": [0.7309050559997559, 0.3773098587989807, 0.12464313954114914, 0.1036822572350502], "conf": 0.5680357217788696}, {"class_name": "B3", "bbox_yolo": [0.6369459629058838, 0.31952497363090515, 0.12035281211137772, 0.09478099644184113], "conf": 0.49748924374580383}, {"class_name": "B2", "bbox_yolo": [0.48715510964393616, 0.3555477559566498, 0.12249772250652313, 0.11335845291614532], "conf": 0.3633168935775757}], "count_per_class": {"B1": 1, "B2": 1, "B3": 1, "B4": 0}, "side_index": 2}