{"image": "DAMIMAS_A21B_0768_1.jpg", "detector": "y26s", "detections": [{"class_name": "B1", "bbox_yolo": [0.31125590205192566, 0.33575212955474854, 0.1886141300201416, 0.16097931563854218], "conf": 0.844219982624054}, {"class_name": "B3", "bbox_yolo": [0.48959586024284363, 0.2460961639881134, 0.19300468266010284, 0.17096680402755737], "conf": 0.7168341875076294}, {"class_name": "B3", "bbox_yolo": [0.7242673635482788, 0.2662355601787567, 0.19709263741970062, 0.1956547498703003], "conf": 0.30824780464172363}], "count_per_class": {"B1": 1, "B2": 0, "B3": 2, "B4": 0}, "side_index": 0}