{"image": "DAMIMAS_A21B_0829_1.jpg", "detector": "y26s", "detections": [{"class_name": "B1", "bbox_yolo": [0.38573285937309265, 0.40052685141563416, 0.19198346138000488, 0.13662488758563995], "conf": 0.8388043642044067}, {"class_name": "B3", "bbox_yolo": [0.6049953699111938, 0.35309141874313354, 0.16422472894191742, 0.11696010082960129], "conf": 0.4584844708442688}], "count_per_class": {"B1": 1, "B2": 0, "B3": 1, "B4": 0}, "side_index": 0}