{"image": "DAMIMAS_A21B_0122_3.jpg", "detector": "y26s", "detections": [{"class_name": "B3", "bbox_yolo": [0.3768402934074402, 0.495424747467041, 0.13123980164527893, 0.0951518565416336], "conf": 0.5340446829795837}], "count_per_class": {"B1": 0, "B2": 0, "B3": 1, "B4": 0}, "side_index": 2}