{"image": "DAMIMAS_A21B_0303_3.jpg", "detector": "y26s", "detections": [{"class_name": "B3", "bbox_yolo": [0.6472175717353821, 0.4929463565349579, 0.14228267967700958, 0.10933738201856613], "conf": 0.3085261285305023}, {"class_name": "B3", "bbox_yolo": [0.36125221848487854, 0.5081826448440552, 0.08204883337020874, 0.08347230404615402], "conf": 0.29517486691474915}], "count_per_class": {"B1": 0, "B2": 0, "B3": 2, "B4": 0}, "side_index": 2}