{"image": "DAMIMAS_A21B_0833_6.jpg", "detector": "y26s", "detections": [{"class_name": "B1", "bbox_yolo": [0.4882260262966156, 0.47942104935646057, 0.1548873633146286, 0.13847465813159943], "conf": 0.8207133412361145}, {"class_name": "B3", "bbox_yolo": [0.6104309558868408, 0.42910441756248474, 0.12467308342456818, 0.12497639656066895], "conf": 0.49997031688690186}, {"class_name": "B3", "bbox_yolo": [0.33631065487861633, 0.4432790279388428, 0.12166853249073029, 0.11898507922887802], "conf": 0.4720817804336548}, {"class_name": "B3", "bbox_yolo": [0.43914595246315, 0.382362425327301, 0.12018217146396637, 0.07910945266485214], "conf": 0.25007644295692444}], "count_per_class": {"B1": 1, "B2": 0, "B3": 3, "B4": 0}, "side_index": 5}