{"image": "DAMIMAS_A21B_0613_2.jpg", "detector": "y26s", "detections": [{"class_name": "B3", "bbox_yolo": [0.37421637773513794, 0.4564730226993561, 0.24328657984733582, 0.16884107887744904], "conf": 0.35014864802360535}, {"class_name": "B3", "bbox_yolo": [0.24634625017642975, 0.3661188781261444, 0.13103273510932922, 0.10129354149103165], "conf": 0.31972020864486694}, {"class_name": "B4", "bbox_yolo": [0.24634625017642975, 0.3661188781261444, 0.13103273510932922, 0.10129354149103165], "conf": 0.2917670011520386}], "count_per_class": {"B1": 0, "B2": 0, "B3": 2, "B4": 1}, "side_index": 1}