{"image": "DAMIMAS_A21B_0847_2.jpg", "detector": "y26s", "detections": [{"class_name": "B1", "bbox_yolo": [0.25964295864105225, 0.5172495245933533, 0.15872663259506226, 0.12739716470241547], "conf": 0.7580373883247375}, {"class_name": "B3", "bbox_yolo": [0.4088003933429718, 0.4596326947212219, 0.18781770765781403, 0.15066194534301758], "conf": 0.6399400234222412}, {"class_name": "B2", "bbox_yolo": [0.6235482692718506, 0.4858120083808899, 0.1557088941335678, 0.127780482172966], "conf": 0.5344392657279968}, {"class_name": "B3", "bbox_yolo": [0.684995174407959, 0.39325210452079773, 0.08572941273450851, 0.05904226377606392], "conf": 0.27904272079467773}], "count_per_class": {"B1": 1, "B2": 1, "B3": 2, "B4": 0}, "side_index": 1}