{"image": "DAMIMAS_A21B_0351_4.jpg", "detector": "y26s", "detections": [{"class_name": "B3", "bbox_yolo": [0.6032965183258057, 0.4239017963409424, 0.0636419951915741, 0.05324661731719971], "conf": 0.40989717841148376}, {"class_name": "B3", "bbox_yolo": [0.43892499804496765, 0.4597494304180145, 0.10162710398435593, 0.08725171536207199], "conf": 0.3562794327735901}, {"class_name": "B3", "bbox_yolo": [0.43448805809020996, 0.4568997323513031, 0.08673731982707977, 0.0739259272813797], "conf": 0.3001507520675659}], "count_per_class": {"B1": 0, "B2": 0, "B3": 3, "B4": 0}, "side_index": 3}