{"image": "DAMIMAS_A21B_0204_3.jpg", "detector": "y26s", "detections": [{"class_name": "B3", "bbox_yolo": [0.4693589210510254, 0.49437323212623596, 0.10927992314100266, 0.09717641025781631], "conf": 0.5336356163024902}, {"class_name": "B3", "bbox_yolo": [0.5839909911155701, 0.5179913640022278, 0.09418818354606628, 0.0668882355093956], "conf": 0.41492152214050293}, {"class_name": "B3", "bbox_yolo": [0.3770197927951813, 0.5312580466270447, 0.10748355090618134, 0.0928933173418045], "conf": 0.3622526228427887}], "count_per_class": {"B1": 0, "B2": 0, "B3": 3, "B4": 0}, "side_index": 2}