{"image": "DAMIMAS_A21B_0496_4.jpg", "detector": "y26s", "detections": [{"class_name": "B1", "bbox_yolo": [0.407600462436676, 0.4478677809238434, 0.13096517324447632, 0.11360690742731094], "conf": 0.8408695459365845}, {"class_name": "B3", "bbox_yolo": [0.5593719482421875, 0.42757636308670044, 0.11584066599607468, 0.1071724221110344], "conf": 0.4239026606082916}], "count_per_class": {"B1": 1, "B2": 0, "B3": 1, "B4": 0}, "side_index": 3}