{"image": "DAMIMAS_A21B_0375_4.jpg", "detector": "y26s", "detections": [{"class_name": "B1", "bbox_yolo": [0.6551571488380432, 0.41232728958129883, 0.11543089896440506, 0.10748076438903809], "conf": 0.6501824259757996}, {"class_name": "B3", "bbox_yolo": [0.562045693397522, 0.37246569991111755, 0.12243366986513138, 0.09793128818273544], "conf": 0.6070863008499146}], "count_per_class": {"B1": 1, "B2": 0, "B3": 1, "B4": 0}, "side_index": 3}