{"image": "DAMIMAS_A21B_0537_1.jpg", "detector": "y26s", "detections": [{"class_name": "B3", "bbox_yolo": [0.6099047660827637, 0.492865651845932, 0.08921661972999573, 0.07232832908630371], "conf": 0.4361421465873718}, {"class_name": "B3", "bbox_yolo": [0.6118853688240051, 0.4963110089302063, 0.10912113636732101, 0.0873260498046875], "conf": 0.3295336961746216}, {"class_name": "B3", "bbox_yolo": [0.4898473024368286, 0.48259735107421875, 0.07355842739343643, 0.07190471142530441], "conf": 0.28736141324043274}, {"class_name": "B3", "bbox_yolo": [0.36749839782714844, 0.5398844480514526, 0.1263640820980072, 0.12099485844373703], "conf": 0.2790059745311737}], "count_per_class": {"B1": 0, "B2": 0, "B3": 4, "B4": 0}, "side_index": 0}