{"image": "DAMIMAS_A21B_0391_1.jpg", "detector": "y26s", "detections": [{"class_name": "B3", "bbox_yolo": [0.5595813989639282, 0.36248454451560974, 0.12469508498907089, 0.10946567356586456], "conf": 0.5987787842750549}, {"class_name": "B1", "bbox_yolo": [0.6706328392028809, 0.385253369808197, 0.10969143360853195, 0.09790768474340439], "conf": 0.4923884868621826}, {"class_name": "B3", "bbox_yolo": [0.36095449328422546, 0.34772297739982605, 0.07709074765443802, 0.07150187343358994], "conf": 0.381479412317276}], "count_per_class": {"B1": 1, "B2": 0, "B3": 2, "B4": 0}, "side_index": 0}