{"image": "DAMIMAS_A21B_0181_4.jpg", "detector": "y26s", "detections": [{"class_name": "B3", "bbox_yolo": [0.29520460963249207, 0.41676297783851624, 0.12859520316123962, 0.10968440026044846], "conf": 0.5893563628196716}, {"class_name": "B3", "bbox_yolo": [0.40906184911727905, 0.3690808117389679, 0.12793831527233124, 0.10512929409742355], "conf": 0.5523057579994202}, {"class_name": "B3", "bbox_yolo": [0.5526460409164429, 0.3737126886844635, 0.11886575073003769, 0.09344787895679474], "conf": 0.5326789021492004}, {"class_name": "B3", "bbox_yolo": [0.6330336332321167, 0.40460115671157837, 0.07693526148796082, 0.07517776638269424], "conf": 0.3057442009449005}], "count_per_class": {"B1": 0, "B2": 0, "B3": 4, "B4": 0}, "side_index": 3}