{"image": "DAMIMAS_A21B_0434_3.jpg", "detector": "y26s", "detections": [{"class_name": "B3", "bbox_yolo": [0.43175628781318665, 0.47801581025123596, 0.06705249845981598, 0.06779308617115021], "conf": 0.4552553594112396}, {"class_name": "B3", "bbox_yolo": [0.5255441069602966, 0.45706701278686523, 0.07197275757789612, 0.0493776798248291], "conf": 0.27447736263275146}, {"class_name": "B3", "bbox_yolo": [0.3564102351665497, 0.4894851744174957, 0.06487312912940979, 0.05565023422241211], "conf": 0.2580411434173584}], "count_per_class": {"B1": 0, "B2": 0, "B3": 3, "B4": 0}, "side_index": 2}