{"image": "DAMIMAS_A21B_0110_3.jpg", "detector": "y26s", "detections": [{"class_name": "B3", "bbox_yolo": [0.34020501375198364, 0.22155752778053284, 0.1379217803478241, 0.12617136538028717], "conf": 0.5652841925621033}], "count_per_class": {"B1": 0, "B2": 0, "B3": 1, "B4": 0}, "side_index": 2}