{"image": "DAMIMAS_A21B_0753_1.jpg", "detector": "y26s", "detections": [{"class_name": "B1", "bbox_yolo": [0.29114121198654175, 0.4082854390144348, 0.1424134373664856, 0.13367152214050293], "conf": 0.6912693381309509}, {"class_name": "B3", "bbox_yolo": [0.3951732814311981, 0.340033620595932, 0.17410063743591309, 0.15303833782672882], "conf": 0.5222949981689453}, {"class_name": "B3", "bbox_yolo": [0.6917277574539185, 0.29173073172569275, 0.12484182417392731, 0.09263493865728378], "conf": 0.3355100750923157}, {"class_name": "B4", "bbox_yolo": [0.6917277574539185, 0.29173073172569275, 0.12484182417392731, 0.09263493865728378], "conf": 0.3049886226654053}], "count_per_class": {"B1": 1, "B2": 0, "B3": 2, "B4": 1}, "side_index": 0}