{"image": "DAMIMAS_A21B_0435_4.jpg", "detector": "y26s", "detections": [{"class_name": "B3", "bbox_yolo": [0.42787274718284607, 0.4359321594238281, 0.08895677328109741, 0.07805538177490234], "conf": 0.3150273263454437}, {"class_name": "B3", "bbox_yolo": [0.3699938654899597, 0.39450350403785706, 0.0619259849190712, 0.05693531036376953], "conf": 0.3107423782348633}], "count_per_class": {"B1": 0, "B2": 0, "B3": 2, "B4": 0}, "side_index": 3}