{"image": "DAMIMAS_A21B_0569_1.jpg", "detector": "y26s", "detections": [{"class_name": "B1", "bbox_yolo": [0.3985278606414795, 0.3293406665325165, 0.2268340289592743, 0.16407357156276703], "conf": 0.7582818269729614}, {"class_name": "B4", "bbox_yolo": [0.6790632009506226, 0.17947672307491302, 0.1594906598329544, 0.10497670620679855], "conf": 0.489046573638916}, {"class_name": "B2", "bbox_yolo": [0.6542172431945801, 0.3018074631690979, 0.19266930222511292, 0.15281255543231964], "conf": 0.4751448333263397}, {"class_name": "B3", "bbox_yolo": [0.6790632009506226, 0.17947672307491302, 0.1594906598329544, 0.10497670620679855], "conf": 0.29431962966918945}], "count_per_class": {"B1": 1, "B2": 1, "B3": 1, "B4": 1}, "side_index": 0}