{"image": "DAMIMAS_A21B_0851_2.jpg", "detector": "y26s", "detections": [{"class_name": "B3", "bbox_yolo": [0.5828372240066528, 0.44747287034988403, 0.1621486097574234, 0.13450466096401215], "conf": 0.4926096796989441}, {"class_name": "B2", "bbox_yolo": [0.4094477891921997, 0.46130186319351196, 0.158412367105484, 0.12356884777545929], "conf": 0.4076053500175476}, {"class_name": "B1", "bbox_yolo": [0.4094477891921997, 0.46130186319351196, 0.158412367105484, 0.12356884777545929], "conf": 0.3788456916809082}, {"class_name": "B2", "bbox_yolo": [0.5828372240066528, 0.44747287034988403, 0.1621486097574234, 0.13450466096401215], "conf": 0.2706787884235382}], "count_per_class": {"B1": 1, "B2": 2, "B3": 1, "B4": 0}, "side_index": 1}