{"image": "DAMIMAS_A21B_0739_1.jpg", "detector": "y26s", "detections": [{"class_name": "B3", "bbox_yolo": [0.2920483350753784, 0.24167202413082123, 0.21545590460300446, 0.1721971035003662], "conf": 0.7121520042419434}, {"class_name": "B3", "bbox_yolo": [0.5021434426307678, 0.14442765712738037, 0.1889769285917282, 0.21858707070350647], "conf": 0.5716019868850708}, {"class_name": "B4", "bbox_yolo": [0.30196455121040344, 0.08299950510263443, 0.14591072499752045, 0.13110414147377014], "conf": 0.5116678476333618}, {"class_name": "B4", "bbox_yolo": [0.6992668509483337, 0.09558933228254318, 0.10148373246192932, 0.05571867153048515], "conf": 0.26102766394615173}], "count_per_class": {"B1": 0, "B2": 0, "B3": 2, "B4": 2}, "side_index": 0}