{"image": "DAMIMAS_A21B_0369_2.jpg", "detector": "y26s", "detections": [{"class_name": "B3", "bbox_yolo": [0.4384227395057678, 0.44676971435546875, 0.1155364066362381, 0.09565065056085587], "conf": 0.4907854497432709}], "count_per_class": {"B1": 0, "B2": 0, "B3": 1, "B4": 0}, "side_index": 1}