{"image": "DAMIMAS_A21B_0366_4.jpg", "detector": "y26s", "detections": [{"class_name": "B3", "bbox_yolo": [0.6696316003799438, 0.43505245447158813, 0.06921069324016571, 0.06526251137256622], "conf": 0.48789283633232117}, {"class_name": "B3", "bbox_yolo": [0.5670422911643982, 0.47200655937194824, 0.12436088919639587, 0.1016625389456749], "conf": 0.3494704067707062}], "count_per_class": {"B1": 0, "B2": 0, "B3": 2, "B4": 0}, "side_index": 3}