{"image": "DAMIMAS_A21B_0273_1.jpg", "detector": "y26s", "detections": [{"class_name": "B3", "bbox_yolo": [0.38314351439476013, 0.4372219145298004, 0.1091163381934166, 0.09728767722845078], "conf": 0.4515639543533325}, {"class_name": "B3", "bbox_yolo": [0.690541684627533, 0.4300024211406708, 0.06554171442985535, 0.060438062995672226], "conf": 0.35046014189720154}], "count_per_class": {"B1": 0, "B2": 0, "B3": 2, "B4": 0}, "side_index": 0}