{"image": "DAMIMAS_A21B_0111_2.jpg", "detector": "y26s", "detections": [{"class_name": "B3", "bbox_yolo": [0.3850822150707245, 0.3128947913646698, 0.1155698224902153, 0.08802099525928497], "conf": 0.4506404399871826}, {"class_name": "B3", "bbox_yolo": [0.6236786842346191, 0.35275277495384216, 0.11065585166215897, 0.09865827858448029], "conf": 0.405346542596817}, {"class_name": "B3", "bbox_yolo": [0.3398628532886505, 0.38887253403663635, 0.11442112177610397, 0.0953758955001831], "conf": 0.39247602224349976}, {"class_name": "B3", "bbox_yolo": [0.6197998523712158, 0.34252163767814636, 0.08639749139547348, 0.07294938713312149], "conf": 0.30730777978897095}], "count_per_class": {"B1": 0, "B2": 0, "B3": 4, "B4": 0}, "side_index": 1}