{"image": "DAMIMAS_A21B_0841_1.jpg", "detector": "y26s", "detections": [{"class_name": "B3", "bbox_yolo": [0.47588688135147095, 0.3238826096057892, 0.16243363916873932, 0.14257769286632538], "conf": 0.6579054594039917}, {"class_name": "B4", "bbox_yolo": [0.5812956094741821, 0.24045448005199432, 0.12857742607593536, 0.10131943225860596], "conf": 0.46147724986076355}, {"class_name": "B3", "bbox_yolo": [0.31876829266548157, 0.29053691029548645, 0.13372617959976196, 0.1284915953874588], "conf": 0.4368304908275604}], "count_per_class": {"B1": 0, "B2": 0, "B3": 2, "B4": 1}, "side_index": 0}