{"image": "DAMIMAS_A21B_0854_2.jpg", "detector": "y26s", "detections": [{"class_name": "B3", "bbox_yolo": [0.41327103972435, 0.4145336151123047, 0.14541451632976532, 0.12526969611644745], "conf": 0.6709991693496704}, {"class_name": "B1", "bbox_yolo": [0.7404603362083435, 0.4839543402194977, 0.13291004300117493, 0.10641522705554962], "conf": 0.6689236760139465}, {"class_name": "B2", "bbox_yolo": [0.3089083731174469, 0.45881375670433044, 0.11253242939710617, 0.10254845768213272], "conf": 0.2797742784023285}, {"class_name": "B3", "bbox_yolo": [0.6098173260688782, 0.4543098509311676, 0.12240257859230042, 0.14580658078193665], "conf": 0.2607806622982025}], "count_per_class": {"B1": 1, "B2": 1, "B3": 2, "B4": 0}, "side_index": 1}