{"image": "DAMIMAS_A21B_0521_4.jpg", "detector": "y26s", "detections": [{"class_name": "B3", "bbox_yolo": [0.40288758277893066, 0.4287046492099762, 0.12668012082576752, 0.11099522560834885], "conf": 0.5980172753334045}, {"class_name": "B2", "bbox_yolo": [0.5540465116500854, 0.45195579528808594, 0.14346511662006378, 0.12442205101251602], "conf": 0.33672669529914856}], "count_per_class": {"B1": 0, "B2": 1, "B3": 1, "B4": 0}, "side_index": 3}