{"image": "DAMIMAS_A21B_0438_2.jpg", "detector": "y26s", "detections": [{"class_name": "B3", "bbox_yolo": [0.539100170135498, 0.29202350974082947, 0.11665071547031403, 0.09500422328710556], "conf": 0.4544615149497986}, {"class_name": "B2", "bbox_yolo": [0.6346465349197388, 0.3356320858001709, 0.11933009326457977, 0.0997757688164711], "conf": 0.41998082399368286}, {"class_name": "B3", "bbox_yolo": [0.6807284355163574, 0.25653040409088135, 0.08152720332145691, 0.06293034553527832], "conf": 0.33881306648254395}], "count_per_class": {"B1": 0, "B2": 1, "B3": 2, "B4": 0}, "side_index": 1}