{"image": "DAMIMAS_A21B_0095_1.jpg", "detector": "y26s", "detections": [{"class_name": "B3", "bbox_yolo": [0.45305490493774414, 0.49909812211990356, 0.1128464788198471, 0.12249951809644699], "conf": 0.3777499198913574}, {"class_name": "B3", "bbox_yolo": [0.4392428398132324, 0.521926760673523, 0.07785619795322418, 0.080767922103405], "conf": 0.32854437828063965}, {"class_name": "B3", "bbox_yolo": [0.33934375643730164, 0.5316925048828125, 0.11952559649944305, 0.1031590923666954], "conf": 0.27114903926849365}], "count_per_class": {"B1": 0, "B2": 0, "B3": 3, "B4": 0}, "side_index": 0}