{"image": "DAMIMAS_A21B_0583_2.jpg", "detector": "y26s", "detections": [{"class_name": "B1", "bbox_yolo": [0.6503726243972778, 0.4785792827606201, 0.17695872485637665, 0.13264302909374237], "conf": 0.8100338578224182}], "count_per_class": {"B1": 1, "B2": 0, "B3": 0, "B4": 0}, "side_index": 1}