{"image": "DAMIMAS_A21B_0278_2.jpg", "detector": "y26s", "detections": [{"class_name": "B1", "bbox_yolo": [0.5689377188682556, 0.46433743834495544, 0.17527472972869873, 0.10715847462415695], "conf": 0.7585812211036682}, {"class_name": "B3", "bbox_yolo": [0.44636374711990356, 0.39333218336105347, 0.14226177334785461, 0.10956988483667374], "conf": 0.47420674562454224}, {"class_name": "B3", "bbox_yolo": [0.3285582363605499, 0.4668446481227875, 0.11610158532857895, 0.09566264599561691], "conf": 0.2840237319469452}, {"class_name": "B3", "bbox_yolo": [0.3210935890674591, 0.4637385308742523, 0.09281358867883682, 0.07954039424657822], "conf": 0.2620731294155121}], "count_per_class": {"B1": 1, "B2": 0, "B3": 3, "B4": 0}, "side_index": 1}