{"image": "DAMIMAS_A21B_0535_2.jpg", "detector": "y26s", "detections": [{"class_name": "B1", "bbox_yolo": [0.46434736251831055, 0.47994765639305115, 0.1561448872089386, 0.14314885437488556], "conf": 0.8347979784011841}, {"class_name": "B2", "bbox_yolo": [0.6684761643409729, 0.4498577117919922, 0.13330402970314026, 0.10577759891748428], "conf": 0.5048345327377319}, {"class_name": "B3", "bbox_yolo": [0.672997772693634, 0.36803746223449707, 0.0941876769065857, 0.05912597104907036], "conf": 0.3538070619106293}, {"class_name": "B3", "bbox_yolo": [0.5230421423912048, 0.38045424222946167, 0.12456347793340683, 0.08807378262281418], "conf": 0.2949026823043823}], "count_per_class": {"B1": 1, "B2": 1, "B3": 2, "B4": 0}, "side_index": 1}