{"image": "DAMIMAS_A21B_0222_3.jpg", "detector": "y26s", "detections": [{"class_name": "B1", "bbox_yolo": [0.39209842681884766, 0.45934802293777466, 0.171853706240654, 0.12792931497097015], "conf": 0.8524826169013977}, {"class_name": "B3", "bbox_yolo": [0.6247479915618896, 0.44402533769607544, 0.1640985608100891, 0.13788895308971405], "conf": 0.6615489721298218}, {"class_name": "B3", "bbox_yolo": [0.27861514687538147, 0.38018599152565, 0.11894471198320389, 0.10303392261266708], "conf": 0.36412811279296875}, {"class_name": "B4", "bbox_yolo": [0.4787259101867676, 0.35622072219848633, 0.1199142187833786, 0.09192826598882675], "conf": 0.26644060015678406}], "count_per_class": {"B1": 1, "B2": 0, "B3": 2, "B4": 1}, "side_index": 2}