{"image": "DAMIMAS_A21B_0246_4.jpg", "detector": "y26s", "detections": [{"class_name": "B3", "bbox_yolo": [0.25169289112091064, 0.09058298170566559, 0.1441374272108078, 0.13679562509059906], "conf": 0.5102781653404236}, {"class_name": "B2", "bbox_yolo": [0.8385165929794312, 0.15144142508506775, 0.15519486367702484, 0.15579383075237274], "conf": 0.3698136806488037}, {"class_name": "B3", "bbox_yolo": [0.7033935785293579, 0.07833734899759293, 0.18641740083694458, 0.15314991772174835], "conf": 0.2863014340400696}], "count_per_class": {"B1": 0, "B2": 1, "B3": 2, "B4": 0}, "side_index": 3}