{"image": "DAMIMAS_A21B_0746_1.jpg", "detector": "y26s", "detections": [{"class_name": "B3", "bbox_yolo": [0.5117826461791992, 0.387922465801239, 0.15453556180000305, 0.13452087342739105], "conf": 0.5309905409812927}, {"class_name": "B3", "bbox_yolo": [0.7381061911582947, 0.34970521926879883, 0.19250571727752686, 0.15218059718608856], "conf": 0.510955274105072}, {"class_name": "B2", "bbox_yolo": [0.2978936731815338, 0.4329432547092438, 0.17368902266025543, 0.15836568176746368], "conf": 0.4675491154193878}, {"class_name": "B3", "bbox_yolo": [0.7986409664154053, 0.4513969123363495, 0.1270497739315033, 0.10148191452026367], "conf": 0.2556465268135071}], "count_per_class": {"B1": 0, "B2": 1, "B3": 3, "B4": 0}, "side_index": 0}