{"image": "DAMIMAS_A21B_0021_1.jpg", "detector": "y26s", "detections": [{"class_name": "B1", "bbox_yolo": [0.4123455286026001, 0.5547692775726318, 0.11684456467628479, 0.0965127944946289], "conf": 0.4444369077682495}, {"class_name": "B3", "bbox_yolo": [0.536866307258606, 0.5367515683174133, 0.10494493693113327, 0.08546843379735947], "conf": 0.35754528641700745}, {"class_name": "B4", "bbox_yolo": [0.5391634106636047, 0.477448433637619, 0.06405305862426758, 0.04045085981488228], "conf": 0.28758490085601807}, {"class_name": "B3", "bbox_yolo": [0.5329946875572205, 0.5339105725288391, 0.08915106952190399, 0.07257562130689621], "conf": 0.25451385974884033}], "count_per_class": {"B1": 1, "B2": 0, "B3": 2, "B4": 1}, "side_index": 0}