{"image": "DAMIMAS_A21B_0810_3.jpg", "detector": "y26s", "detections": [{"class_name": "B3", "bbox_yolo": [0.5690115094184875, 0.4238884449005127, 0.11297353357076645, 0.08263368904590607], "conf": 0.28885239362716675}, {"class_name": "B2", "bbox_yolo": [0.6683207750320435, 0.4777145981788635, 0.11850325763225555, 0.0891306921839714], "conf": 0.25415563583374023}], "count_per_class": {"B1": 0, "B2": 1, "B3": 1, "B4": 0}, "side_index": 2}