{"image": "DAMIMAS_A21B_0561_1.jpg", "detector": "y26s", "detections": [{"class_name": "B1", "bbox_yolo": [0.4051160514354706, 0.3092043101787567, 0.16316822171211243, 0.13178804516792297], "conf": 0.8022241592407227}, {"class_name": "B3", "bbox_yolo": [0.38672035932540894, 0.20429204404354095, 0.1284530758857727, 0.10147180408239365], "conf": 0.4046381711959839}], "count_per_class": {"B1": 1, "B2": 0, "B3": 1, "B4": 0}, "side_index": 0}