{"image": "DAMIMAS_A21B_0171_2.jpg", "detector": "y26s", "detections": [{"class_name": "B3", "bbox_yolo": [0.5564478635787964, 0.5176773071289062, 0.11190980672836304, 0.1010737419128418], "conf": 0.3720613718032837}, {"class_name": "B3", "bbox_yolo": [0.351332426071167, 0.5181919932365417, 0.10872482508420944, 0.09282546490430832], "conf": 0.26617151498794556}], "count_per_class": {"B1": 0, "B2": 0, "B3": 2, "B4": 0}, "side_index": 1}