{"image": "DAMIMAS_A21B_0845_1.jpg", "detector": "y26s", "detections": [{"class_name": "B3", "bbox_yolo": [0.2778047025203705, 0.2811358869075775, 0.11872988194227219, 0.11203811317682266], "conf": 0.48855313658714294}, {"class_name": "B3", "bbox_yolo": [0.5395370721817017, 0.22631005942821503, 0.12320255488157272, 0.14981558918952942], "conf": 0.484125554561615}, {"class_name": "B3", "bbox_yolo": [0.671576976776123, 0.2695704400539398, 0.12195892632007599, 0.12929792702198029], "conf": 0.4158724546432495}], "count_per_class": {"B1": 0, "B2": 0, "B3": 3, "B4": 0}, "side_index": 0}