{"image": "DAMIMAS_A21B_0005_2.jpg", "detector": "y26s", "detections": [{"class_name": "B3", "bbox_yolo": [0.29309117794036865, 0.4638385474681854, 0.13566505908966064, 0.12018022686243057], "conf": 0.5394917130470276}, {"class_name": "B3", "bbox_yolo": [0.4583907723426819, 0.4314354956150055, 0.12485984712839127, 0.11388740688562393], "conf": 0.4156526029109955}], "count_per_class": {"B1": 0, "B2": 0, "B3": 2, "B4": 0}, "side_index": 1}