{"image": "DAMIMAS_A21B_0647_2.jpg", "detector": "y26s", "detections": [{"class_name": "B1", "bbox_yolo": [0.4640553593635559, 0.38021236658096313, 0.21309655904769897, 0.19460029900074005], "conf": 0.48124265670776367}, {"class_name": "B3", "bbox_yolo": [0.7707223892211914, 0.35178980231285095, 0.22623082995414734, 0.19520549476146698], "conf": 0.47628262639045715}, {"class_name": "B2", "bbox_yolo": [0.4640553593635559, 0.38021236658096313, 0.21309655904769897, 0.19460029900074005], "conf": 0.41182392835617065}, {"class_name": "B4", "bbox_yolo": [0.3662653863430023, 0.2796165645122528, 0.14373843371868134, 0.10268821567296982], "conf": 0.2830269932746887}], "count_per_class": {"B1": 1, "B2": 1, "B3": 1, "B4": 1}, "side_index": 1}