{"image": "DAMIMAS_A21B_0581_4.jpg", "detector": "y26s", "detections": [{"class_name": "B1", "bbox_yolo": [0.39786723256111145, 0.48250314593315125, 0.20945118367671967, 0.16417908668518066], "conf": 0.7530314922332764}, {"class_name": "B2", "bbox_yolo": [0.6237183213233948, 0.4554252624511719, 0.164981409907341, 0.14704404771327972], "conf": 0.46915385127067566}], "count_per_class": {"B1": 1, "B2": 1, "B3": 0, "B4": 0}, "side_index": 3}