{"image": "DAMIMAS_A21B_0203_4.jpg", "detector": "y26s", "detections": [{"class_name": "B3", "bbox_yolo": [0.3893963694572449, 0.47542181611061096, 0.06545674055814743, 0.05375857278704643], "conf": 0.40388983488082886}, {"class_name": "B3", "bbox_yolo": [0.6256280541419983, 0.4769454896450043, 0.06679579615592957, 0.05565481260418892], "conf": 0.33521875739097595}], "count_per_class": {"B1": 0, "B2": 0, "B3": 2, "B4": 0}, "side_index": 3}