{"image": "DAMIMAS_A21B_0638_1.jpg", "detector": "y26s", "detections": [{"class_name": "B1", "bbox_yolo": [0.4832965135574341, 0.38952070474624634, 0.27727529406547546, 0.24492418766021729], "conf": 0.807348370552063}, {"class_name": "B2", "bbox_yolo": [0.22142760455608368, 0.3756919205188751, 0.23079811036586761, 0.19814200699329376], "conf": 0.47504377365112305}, {"class_name": "B1", "bbox_yolo": [0.759330689907074, 0.40101858973503113, 0.15757504105567932, 0.1400097906589508], "conf": 0.4045262634754181}, {"class_name": "B3", "bbox_yolo": [0.6656879186630249, 0.30607762932777405, 0.15328191220760345, 0.13203851878643036], "conf": 0.34765443205833435}], "count_per_class": {"B1": 2, "B2": 1, "B3": 1, "B4": 0}, "side_index": 0}