{"image": "DAMIMAS_A21B_0538_1.jpg", "detector": "y26s", "detections": [{"class_name": "B3", "bbox_yolo": [0.5330645442008972, 0.48459720611572266, 0.11451200395822525, 0.10048823803663254], "conf": 0.6126294136047363}, {"class_name": "B2", "bbox_yolo": [0.6425118446350098, 0.5082335472106934, 0.1143413633108139, 0.0971958190202713], "conf": 0.29939937591552734}, {"class_name": "B3", "bbox_yolo": [0.6425118446350098, 0.5082335472106934, 0.1143413633108139, 0.0971958190202713], "conf": 0.28479331731796265}], "count_per_class": {"B1": 0, "B2": 1, "B3": 2, "B4": 0}, "side_index": 0}