{"image": "DAMIMAS_A21B_0098_1.jpg", "detector": "y26s", "detections": [{"class_name": "B3", "bbox_yolo": [0.3907673954963684, 0.5610014796257019, 0.11079998314380646, 0.09768710285425186], "conf": 0.4301530718803406}, {"class_name": "B2", "bbox_yolo": [0.508183479309082, 0.5788116455078125, 0.1042058989405632, 0.09825124591588974], "conf": 0.3830140233039856}, {"class_name": "B4", "bbox_yolo": [0.4695053696632385, 0.5045363306999207, 0.07860317826271057, 0.05843920633196831], "conf": 0.3102610409259796}, {"class_name": "B3", "bbox_yolo": [0.4695053696632385, 0.5045363306999207, 0.07860317826271057, 0.05843920633196831], "conf": 0.28141313791275024}], "count_per_class": {"B1": 0, "B2": 1, "B3": 2, "B4": 1}, "side_index": 0}