{"image": "DAMIMAS_A21B_0523_3.jpg", "detector": "y26s", "detections": [{"class_name": "B1", "bbox_yolo": [0.38274702429771423, 0.4209628105163574, 0.13505348563194275, 0.12517742812633514], "conf": 0.8155705332756042}, {"class_name": "B3", "bbox_yolo": [0.5118614435195923, 0.38058266043663025, 0.11102047562599182, 0.10446872562170029], "conf": 0.3727261424064636}, {"class_name": "B2", "bbox_yolo": [0.6323769688606262, 0.4058900475502014, 0.11669719219207764, 0.10898029804229736], "conf": 0.3517225980758667}, {"class_name": "B3", "bbox_yolo": [0.37398621439933777, 0.33307787775993347, 0.09716740250587463, 0.05629739910364151], "conf": 0.2756108045578003}], "count_per_class": {"B1": 1, "B2": 1, "B3": 2, "B4": 0}, "side_index": 2}