{"image": "DAMIMAS_A21B_0328_2.jpg", "detector": "y26s", "detections": [{"class_name": "B3", "bbox_yolo": [0.6557731628417969, 0.4616421163082123, 0.16031113266944885, 0.1300860494375229], "conf": 0.6830359697341919}, {"class_name": "B3", "bbox_yolo": [0.36338403820991516, 0.41279011964797974, 0.15348123013973236, 0.12744764983654022], "conf": 0.48429396748542786}, {"class_name": "B3", "bbox_yolo": [0.23802243173122406, 0.4660871624946594, 0.13408026099205017, 0.11786647140979767], "conf": 0.35926249623298645}], "count_per_class": {"B1": 0, "B2": 0, "B3": 3, "B4": 0}, "side_index": 1}