{"image": "DAMIMAS_A21B_0146_4.jpg", "detector": "y26s", "detections": [{"class_name": "B3", "bbox_yolo": [0.5535513758659363, 0.423258513212204, 0.1166316419839859, 0.10006993263959885], "conf": 0.5102930068969727}, {"class_name": "B1", "bbox_yolo": [0.44750306010246277, 0.46734902262687683, 0.14575794339179993, 0.12430830299854279], "conf": 0.39425548911094666}, {"class_name": "B2", "bbox_yolo": [0.44750306010246277, 0.46734902262687683, 0.14575794339179993, 0.12430830299854279], "conf": 0.3928992450237274}, {"class_name": "B3", "bbox_yolo": [0.31995904445648193, 0.46764230728149414, 0.12186446785926819, 0.09209022670984268], "conf": 0.3901183009147644}], "count_per_class": {"B1": 1, "B2": 1, "B3": 2, "B4": 0}, "side_index": 3}