{"image": "DAMIMAS_A21B_0796_2.jpg", "detector": "y26s", "detections": [{"class_name": "B3", "bbox_yolo": [0.6784960031509399, 0.31463533639907837, 0.24955891072750092, 0.18243376910686493], "conf": 0.6995601654052734}, {"class_name": "B3", "bbox_yolo": [0.24038106203079224, 0.34133419394493103, 0.1783074289560318, 0.17221365869045258], "conf": 0.5660401582717896}, {"class_name": "B3", "bbox_yolo": [0.8734018206596375, 0.303453266620636, 0.1241607740521431, 0.10659070312976837], "conf": 0.2710632085800171}], "count_per_class": {"B1": 0, "B2": 0, "B3": 3, "B4": 0}, "side_index": 1}