{"image": "DAMIMAS_A21B_0239_1.jpg", "detector": "y26s", "detections": [{"class_name": "B1", "bbox_yolo": [0.64963299036026, 0.5011390447616577, 0.1526004821062088, 0.1299145668745041], "conf": 0.8130096793174744}, {"class_name": "B3", "bbox_yolo": [0.501769483089447, 0.44390878081321716, 0.12779882550239563, 0.1177913174033165], "conf": 0.6776275038719177}, {"class_name": "B3", "bbox_yolo": [0.6485716700553894, 0.41042017936706543, 0.11960379779338837, 0.07987415790557861], "conf": 0.273484468460083}], "count_per_class": {"B1": 1, "B2": 0, "B3": 2, "B4": 0}, "side_index": 0}