{"image": "DAMIMAS_A21B_0572_3.jpg", "detector": "y26s", "detections": [{"class_name": "B3", "bbox_yolo": [0.45064279437065125, 0.4068666100502014, 0.12735812366008759, 0.11195166409015656], "conf": 0.4115346074104309}, {"class_name": "B3", "bbox_yolo": [0.668495774269104, 0.38737955689430237, 0.11430346965789795, 0.10239875316619873], "conf": 0.3659880459308624}, {"class_name": "B3", "bbox_yolo": [0.5411319136619568, 0.3679475486278534, 0.12261861562728882, 0.08669202774763107], "conf": 0.33045074343681335}], "count_per_class": {"B1": 0, "B2": 0, "B3": 3, "B4": 0}, "side_index": 2}