{"image": "DAMIMAS_A21B_0453_1.jpg", "detector": "y26s", "detections": [{"class_name": "B3", "bbox_yolo": [0.3853936791419983, 0.38021910190582275, 0.06615127623081207, 0.05293479189276695], "conf": 0.4865333139896393}, {"class_name": "B3", "bbox_yolo": [0.4667692482471466, 0.41435328125953674, 0.08641599118709564, 0.0638343095779419], "conf": 0.4796641170978546}, {"class_name": "B1", "bbox_yolo": [0.40256139636039734, 0.4364568889141083, 0.07575719058513641, 0.066903255879879], "conf": 0.3267790675163269}], "count_per_class": {"B1": 1, "B2": 0, "B3": 2, "B4": 0}, "side_index": 0}