{"image": "DAMIMAS_A21B_0845_6.jpg", "detector": "y26s", "detections": [{"class_name": "B3", "bbox_yolo": [0.5687116384506226, 0.27720531821250916, 0.15485504269599915, 0.12377586215734482], "conf": 0.6003420948982239}, {"class_name": "B3", "bbox_yolo": [0.325244277715683, 0.32393717765808105, 0.13335072994232178, 0.12361782044172287], "conf": 0.587935209274292}, {"class_name": "B2", "bbox_yolo": [0.713913083076477, 0.30620458722114563, 0.1114601194858551, 0.10380430519580841], "conf": 0.27109619975090027}, {"class_name": "B4", "bbox_yolo": [0.3819100856781006, 0.22946849465370178, 0.14219631254673004, 0.09397736936807632], "conf": 0.26890841126441956}], "count_per_class": {"B1": 0, "B2": 1, "B3": 2, "B4": 1}, "side_index": 5}