{"image": "DAMIMAS_A21B_0367_1.jpg", "detector": "y26s", "detections": [{"class_name": "B3", "bbox_yolo": [0.6328412890434265, 0.3112429082393646, 0.11513017863035202, 0.09467639774084091], "conf": 0.5643647313117981}, {"class_name": "B3", "bbox_yolo": [0.47907397150993347, 0.32670196890830994, 0.13048993051052094, 0.10514800995588303], "conf": 0.5472542643547058}, {"class_name": "B3", "bbox_yolo": [0.3519642651081085, 0.31206727027893066, 0.0793423056602478, 0.06987078487873077], "conf": 0.3940139710903168}], "count_per_class": {"B1": 0, "B2": 0, "B3": 3, "B4": 0}, "side_index": 0}