{"image": "DAMIMAS_A21B_0184_1.jpg", "detector": "y26s", "detections": [{"class_name": "B3", "bbox_yolo": [0.6350296139717102, 0.3881760537624359, 0.13650596141815186, 0.13555966317653656], "conf": 0.5413316488265991}, {"class_name": "B3", "bbox_yolo": [0.2726128101348877, 0.39490529894828796, 0.13114327192306519, 0.11796548217535019], "conf": 0.5251578688621521}, {"class_name": "B3", "bbox_yolo": [0.4952349066734314, 0.3639896512031555, 0.14138439297676086, 0.13643386960029602], "conf": 0.42210549116134644}], "count_per_class": {"B1": 0, "B2": 0, "B3": 3, "B4": 0}, "side_index": 0}