{"image": "DAMIMAS_A21B_0754_3.jpg", "detector": "y26s", "detections": [{"class_name": "B3", "bbox_yolo": [0.3429613411426544, 0.40884795784950256, 0.0860908254981041, 0.06965558975934982], "conf": 0.3187790513038635}, {"class_name": "B3", "bbox_yolo": [0.3545551896095276, 0.41870027780532837, 0.11900756508111954, 0.09299638122320175], "conf": 0.3021402657032013}], "count_per_class": {"B1": 0, "B2": 0, "B3": 2, "B4": 0}, "side_index": 2}