{"image": "DAMIMAS_A21B_0340_4.jpg", "detector": "y26s", "detections": [{"class_name": "B3", "bbox_yolo": [0.6240162253379822, 0.34255799651145935, 0.06887811422348022, 0.05375037342309952], "conf": 0.3627742826938629}, {"class_name": "B3", "bbox_yolo": [0.4220256507396698, 0.3321199417114258, 0.0665416419506073, 0.05324060842394829], "conf": 0.2786098122596741}], "count_per_class": {"B1": 0, "B2": 0, "B3": 2, "B4": 0}, "side_index": 3}