{"image": "DAMIMAS_A21B_0522_2.jpg", "detector": "y26s", "detections": [{"class_name": "B3", "bbox_yolo": [0.6157833337783813, 0.37061557173728943, 0.11358808726072311, 0.09031925350427628], "conf": 0.3216499388217926}], "count_per_class": {"B1": 0, "B2": 0, "B3": 1, "B4": 0}, "side_index": 1}