{"image": "DAMIMAS_A21B_0462_2.jpg", "detector": "y26s", "detections": [{"class_name": "B3", "bbox_yolo": [0.4116359353065491, 0.3570713996887207, 0.07958526909351349, 0.0735790953040123], "conf": 0.5272870659828186}, {"class_name": "B3", "bbox_yolo": [0.6332525610923767, 0.3658112585544586, 0.06485087424516678, 0.060980796813964844], "conf": 0.3946729600429535}, {"class_name": "B1", "bbox_yolo": [0.36145880818367004, 0.38910508155822754, 0.059344582259655, 0.06685657799243927], "conf": 0.33707311749458313}], "count_per_class": {"B1": 1, "B2": 0, "B3": 2, "B4": 0}, "side_index": 1}