{"image": "DAMIMAS_A21B_0850_6.jpg", "detector": "y26s", "detections": [{"class_name": "B3", "bbox_yolo": [0.37946632504463196, 0.3862965703010559, 0.13610121607780457, 0.10609295219182968], "conf": 0.6722926497459412}, {"class_name": "B3", "bbox_yolo": [0.5215432643890381, 0.33426856994628906, 0.1267787367105484, 0.11846525967121124], "conf": 0.6263535618782043}, {"class_name": "B3", "bbox_yolo": [0.6832316517829895, 0.42100057005882263, 0.1761663556098938, 0.1204584389925003], "conf": 0.5900691151618958}, {"class_name": "B4", "bbox_yolo": [0.6791665554046631, 0.29944124817848206, 0.11759676039218903, 0.10145986080169678], "conf": 0.34819188714027405}], "count_per_class": {"B1": 0, "B2": 0, "B3": 3, "B4": 1}, "side_index": 5}