{"image": "DAMIMAS_A21B_0218_3.jpg", "detector": "y26s", "detections": [{"class_name": "B3", "bbox_yolo": [0.5493559241294861, 0.34485432505607605, 0.12021755427122116, 0.09766483306884766], "conf": 0.5172529816627502}, {"class_name": "B3", "bbox_yolo": [0.6702357530593872, 0.3822253346443176, 0.12622947990894318, 0.10856304317712784], "conf": 0.4194429814815521}, {"class_name": "B3", "bbox_yolo": [0.401152640581131, 0.35920044779777527, 0.11991959065198898, 0.1024995818734169], "conf": 0.31112661957740784}, {"class_name": "B2", "bbox_yolo": [0.6702357530593872, 0.3822253346443176, 0.12622947990894318, 0.10856304317712784], "conf": 0.28178825974464417}], "count_per_class": {"B1": 0, "B2": 1, "B3": 3, "B4": 0}, "side_index": 2}