{"image": "DAMIMAS_A21B_0475_2.jpg", "detector": "y26s", "detections": [{"class_name": "B3", "bbox_yolo": [0.509269654750824, 0.4489379823207855, 0.07734674215316772, 0.0707053691148758], "conf": 0.6014877557754517}, {"class_name": "B3", "bbox_yolo": [0.5895950794219971, 0.4280792772769928, 0.0609624907374382, 0.050870705395936966], "conf": 0.32902610301971436}, {"class_name": "B4", "bbox_yolo": [0.44706371426582336, 0.40783199667930603, 0.07839448004961014, 0.05154631286859512], "conf": 0.32241547107696533}], "count_per_class": {"B1": 0, "B2": 0, "B3": 2, "B4": 1}, "side_index": 1}