{"image": "DAMIMAS_A21B_0814_4.jpg", "detector": "y26s", "detections": [{"class_name": "B3", "bbox_yolo": [0.5344638228416443, 0.46209391951560974, 0.13616813719272614, 0.09777207672595978], "conf": 0.5261213183403015}, {"class_name": "B3", "bbox_yolo": [0.6668701767921448, 0.45603781938552856, 0.12175783514976501, 0.11437211185693741], "conf": 0.4980672597885132}, {"class_name": "B3", "bbox_yolo": [0.4039522409439087, 0.42970070242881775, 0.14026778936386108, 0.10563335567712784], "conf": 0.2813917100429535}, {"class_name": "B3", "bbox_yolo": [0.3549044132232666, 0.4391272962093353, 0.067962646484375, 0.07436380535364151], "conf": 0.25062456727027893}], "count_per_class": {"B1": 0, "B2": 0, "B3": 4, "B4": 0}, "side_index": 3}