{"image": "DAMIMAS_A21B_0373_4.jpg", "detector": "y26s", "detections": [{"class_name": "B3", "bbox_yolo": [0.40830811858177185, 0.45260247588157654, 0.1126350462436676, 0.09668850898742676], "conf": 0.505915105342865}, {"class_name": "B1", "bbox_yolo": [0.32357797026634216, 0.48638391494750977, 0.10536032170057297, 0.09160470962524414], "conf": 0.49255919456481934}, {"class_name": "B1", "bbox_yolo": [0.32180318236351013, 0.4837190806865692, 0.08287306129932404, 0.0832880511879921], "conf": 0.3725546896457672}, {"class_name": "B3", "bbox_yolo": [0.5999726057052612, 0.3908948600292206, 0.07060203701257706, 0.055249717086553574], "conf": 0.25148043036460876}], "count_per_class": {"B1": 2, "B2": 0, "B3": 2, "B4": 0}, "side_index": 3}