{"image": "DAMIMAS_A21B_0321_3.jpg", "detector": "y26s", "detections": [{"class_name": "B3", "bbox_yolo": [0.6476511359214783, 0.5169470310211182, 0.13939234614372253, 0.12478561699390411], "conf": 0.5879539847373962}, {"class_name": "B3", "bbox_yolo": [0.34068793058395386, 0.4617282450199127, 0.14986057579517365, 0.12572307884693146], "conf": 0.3840050995349884}, {"class_name": "B1", "bbox_yolo": [0.7332468628883362, 0.5768505930900574, 0.12423235923051834, 0.11462869495153427], "conf": 0.34931889176368713}], "count_per_class": {"B1": 1, "B2": 0, "B3": 2, "B4": 0}, "side_index": 2}