{"image": "DAMIMAS_A21B_0834_7.jpg", "detector": "y26s", "detections": [{"class_name": "B3", "bbox_yolo": [0.37589895725250244, 0.28493019938468933, 0.1349254995584488, 0.09107749909162521], "conf": 0.2936604917049408}], "count_per_class": {"B1": 0, "B2": 0, "B3": 1, "B4": 0}, "side_index": 6}