{"image": "DAMIMAS_A21B_0834_3.jpg", "detector": "y26s", "detections": [{"class_name": "B3", "bbox_yolo": [0.6226124167442322, 0.29359170794487, 0.14177139103412628, 0.11497755348682404], "conf": 0.5493816137313843}, {"class_name": "B3", "bbox_yolo": [0.3167971968650818, 0.33902010321617126, 0.15234579145908356, 0.11964964866638184], "conf": 0.3603004217147827}, {"class_name": "B3", "bbox_yolo": [0.7423734664916992, 0.336996853351593, 0.11261654645204544, 0.10220632702112198], "conf": 0.27683302760124207}, {"class_name": "B4", "bbox_yolo": [0.4376017451286316, 0.2314591258764267, 0.15097714960575104, 0.10002942383289337], "conf": 0.27036213874816895}], "count_per_class": {"B1": 0, "B2": 0, "B3": 3, "B4": 1}, "side_index": 2}