{"image": "DAMIMAS_A21B_0327_2.jpg", "detector": "y26s", "detections": [{"class_name": "B3", "bbox_yolo": [0.6637526750564575, 0.33964061737060547, 0.20243951678276062, 0.14452819526195526], "conf": 0.5972402095794678}], "count_per_class": {"B1": 0, "B2": 0, "B3": 1, "B4": 0}, "side_index": 1}