{"image": "DAMIMAS_A21B_0604_3.jpg", "detector": "y26s", "detections": [{"class_name": "B3", "bbox_yolo": [0.6493030786514282, 0.22260253131389618, 0.2124616801738739, 0.19405941665172577], "conf": 0.5278438329696655}, {"class_name": "B2", "bbox_yolo": [0.2830597758293152, 0.26010456681251526, 0.16749730706214905, 0.12985773384571075], "conf": 0.4237537384033203}, {"class_name": "B3", "bbox_yolo": [0.43259337544441223, 0.18099913001060486, 0.16739527881145477, 0.14724138379096985], "conf": 0.38155412673950195}], "count_per_class": {"B1": 0, "B2": 1, "B3": 2, "B4": 0}, "side_index": 2}