{"image": "DAMIMAS_A21B_0817_3.jpg", "detector": "y26s", "detections": [{"class_name": "B1", "bbox_yolo": [0.41199177503585815, 0.4423329830169678, 0.1742216795682907, 0.12128734588623047], "conf": 0.5836324691772461}, {"class_name": "B3", "bbox_yolo": [0.6159433126449585, 0.40505895018577576, 0.18468168377876282, 0.14790749549865723], "conf": 0.48599082231521606}, {"class_name": "B2", "bbox_yolo": [0.6159433126449585, 0.40505895018577576, 0.18468168377876282, 0.14790749549865723], "conf": 0.29488375782966614}], "count_per_class": {"B1": 1, "B2": 1, "B3": 1, "B4": 0}, "side_index": 2}