{"image": "DAMIMAS_A21B_0725_1.jpg", "detector": "y26s", "detections": [{"class_name": "B3", "bbox_yolo": [0.3725704252719879, 0.364065945148468, 0.25538983941078186, 0.20436859130859375], "conf": 0.602724015712738}, {"class_name": "B3", "bbox_yolo": [0.658040463924408, 0.3313083350658417, 0.16355477273464203, 0.13723622262477875], "conf": 0.5265516638755798}, {"class_name": "B2", "bbox_yolo": [0.7936736345291138, 0.388063907623291, 0.15474574267864227, 0.15112237632274628], "conf": 0.4537757933139801}], "count_per_class": {"B1": 0, "B2": 1, "B3": 2, "B4": 0}, "side_index": 0}