{"image": "DAMIMAS_A21B_0296_1.jpg", "detector": "y26s", "detections": [{"class_name": "B3", "bbox_yolo": [0.5105685591697693, 0.27804091572761536, 0.13376526534557343, 0.11978411674499512], "conf": 0.38468897342681885}], "count_per_class": {"B1": 0, "B2": 0, "B3": 1, "B4": 0}, "side_index": 0}