{"image": "DAMIMAS_A21B_0093_3.jpg", "detector": "y26s", "detections": [{"class_name": "B3", "bbox_yolo": [0.30073046684265137, 0.5163397192955017, 0.12299398332834244, 0.10991525650024414], "conf": 0.53988116979599}, {"class_name": "B3", "bbox_yolo": [0.615024209022522, 0.5282438397407532, 0.11985652148723602, 0.10275788605213165], "conf": 0.42966219782829285}, {"class_name": "B4", "bbox_yolo": [0.5397236347198486, 0.455127477645874, 0.1286274641752243, 0.09699602425098419], "conf": 0.38385215401649475}, {"class_name": "B3", "bbox_yolo": [0.6769007444381714, 0.46356555819511414, 0.07756729423999786, 0.05026860162615776], "conf": 0.2794354259967804}], "count_per_class": {"B1": 0, "B2": 0, "B3": 3, "B4": 1}, "side_index": 2}