{"image": "DAMIMAS_A21B_0572_4.jpg", "detector": "y26s", "detections": [{"class_name": "B1", "bbox_yolo": [0.3855306804180145, 0.4001835882663727, 0.19644013047218323, 0.17081928253173828], "conf": 0.859251856803894}, {"class_name": "B3", "bbox_yolo": [0.653928816318512, 0.3826291263103485, 0.12212365865707397, 0.12484095245599747], "conf": 0.3531416952610016}], "count_per_class": {"B1": 1, "B2": 0, "B3": 1, "B4": 0}, "side_index": 3}