{"image": "DAMIMAS_A21B_0533_1.jpg", "detector": "y26s", "detections": [{"class_name": "B3", "bbox_yolo": [0.4457378685474396, 0.5009539127349854, 0.12286059558391571, 0.10253429412841797], "conf": 0.48956412076950073}, {"class_name": "B2", "bbox_yolo": [0.32935622334480286, 0.541871964931488, 0.12994949519634247, 0.10965424031019211], "conf": 0.4054220914840698}, {"class_name": "B3", "bbox_yolo": [0.648764967918396, 0.4513433575630188, 0.06523571163415909, 0.04807024076581001], "conf": 0.25720468163490295}], "count_per_class": {"B1": 0, "B2": 1, "B3": 2, "B4": 0}, "side_index": 0}