{"image": "DAMIMAS_A21B_0270_3.jpg", "detector": "y26s", "detections": [{"class_name": "B1", "bbox_yolo": [0.4057284891605377, 0.4757363498210907, 0.19139395654201508, 0.15737640857696533], "conf": 0.7820695042610168}, {"class_name": "B3", "bbox_yolo": [0.5962631702423096, 0.4578860402107239, 0.1479467749595642, 0.15050487220287323], "conf": 0.6548066735267639}, {"class_name": "B3", "bbox_yolo": [0.3013843297958374, 0.419809490442276, 0.06457920372486115, 0.05818290635943413], "conf": 0.35636112093925476}], "count_per_class": {"B1": 1, "B2": 0, "B3": 2, "B4": 0}, "side_index": 2}