{"image": "DAMIMAS_A21B_0165_4.jpg", "detector": "y26s", "detections": [{"class_name": "B3", "bbox_yolo": [0.5878323316574097, 0.44092950224876404, 0.08351987600326538, 0.0726953074336052], "conf": 0.32188814878463745}, {"class_name": "B4", "bbox_yolo": [0.4369940757751465, 0.40920281410217285, 0.12643137574195862, 0.08894355595111847], "conf": 0.3079697787761688}, {"class_name": "B2", "bbox_yolo": [0.4715132415294647, 0.4876914918422699, 0.12684588134288788, 0.09327564388513565], "conf": 0.261158287525177}], "count_per_class": {"B1": 0, "B2": 1, "B3": 1, "B4": 1}, "side_index": 3}