{"image": "DAMIMAS_A21B_0091_4.jpg", "detector": "y26s", "detections": [{"class_name": "B3", "bbox_yolo": [0.35133880376815796, 0.5256326794624329, 0.12717801332473755, 0.10920901596546173], "conf": 0.6466699838638306}, {"class_name": "B3", "bbox_yolo": [0.4876064956188202, 0.5377534031867981, 0.1107596755027771, 0.09923215210437775], "conf": 0.41790491342544556}, {"class_name": "B3", "bbox_yolo": [0.6569530963897705, 0.5174912810325623, 0.07446016371250153, 0.061437319964170456], "conf": 0.36034440994262695}, {"class_name": "B3", "bbox_yolo": [0.5785111784934998, 0.48890629410743713, 0.10816670209169388, 0.08829980343580246], "conf": 0.3547796905040741}], "count_per_class": {"B1": 0, "B2": 0, "B3": 4, "B4": 0}, "side_index": 3}