{"image": "DAMIMAS_A21B_0430_1.jpg", "detector": "y26s", "detections": [{"class_name": "B3", "bbox_yolo": [0.5068586468696594, 0.4271987974643707, 0.06985833495855331, 0.06871046870946884], "conf": 0.5395462512969971}, {"class_name": "B3", "bbox_yolo": [0.5910019278526306, 0.41283145546913147, 0.07064768671989441, 0.05942518636584282], "conf": 0.4848712384700775}, {"class_name": "B3", "bbox_yolo": [0.40429675579071045, 0.4381899833679199, 0.0735442191362381, 0.056864120066165924], "conf": 0.25691017508506775}], "count_per_class": {"B1": 0, "B2": 0, "B3": 3, "B4": 0}, "side_index": 0}