{"image": "DAMIMAS_A21B_0189_3.jpg", "detector": "y26s", "detections": [{"class_name": "B2", "bbox_yolo": [0.5590852499008179, 0.4326770007610321, 0.15652495622634888, 0.14540190994739532], "conf": 0.5452807545661926}, {"class_name": "B3", "bbox_yolo": [0.3292108178138733, 0.46480703353881836, 0.13465599715709686, 0.09532304108142853], "conf": 0.37909966707229614}, {"class_name": "B1", "bbox_yolo": [0.6981092095375061, 0.4954148232936859, 0.11883316934108734, 0.0973874107003212], "conf": 0.251284122467041}], "count_per_class": {"B1": 1, "B2": 1, "B3": 1, "B4": 0}, "side_index": 2}