{"image": "DAMIMAS_A21B_0239_3.jpg", "detector": "y26s", "detections": [{"class_name": "B1", "bbox_yolo": [0.434724897146225, 0.465798944234848, 0.14117304980754852, 0.13841526210308075], "conf": 0.6882443428039551}, {"class_name": "B3", "bbox_yolo": [0.6490691304206848, 0.44720888137817383, 0.16455747187137604, 0.12586617469787598], "conf": 0.6470717787742615}, {"class_name": "B1", "bbox_yolo": [0.4377429783344269, 0.4686901569366455, 0.149058535695076, 0.14525775611400604], "conf": 0.39227941632270813}], "count_per_class": {"B1": 2, "B2": 0, "B3": 1, "B4": 0}, "side_index": 2}