{"image": "DAMIMAS_A21B_0012_3.jpg", "detector": "y26s", "detections": [{"class_name": "B3", "bbox_yolo": [0.5458589196205139, 0.4906601011753082, 0.06813482195138931, 0.06372743099927902], "conf": 0.41632774472236633}], "count_per_class": {"B1": 0, "B2": 0, "B3": 1, "B4": 0}, "side_index": 2}