{"image": "DAMIMAS_A21B_0233_3.jpg", "detector": "y26s", "detections": [{"class_name": "B3", "bbox_yolo": [0.3618165850639343, 0.4864349365234375, 0.07163486629724503, 0.06509266048669815], "conf": 0.39259082078933716}, {"class_name": "B3", "bbox_yolo": [0.45449361205101013, 0.47617825865745544, 0.07495247572660446, 0.07617068290710449], "conf": 0.3661898970603943}, {"class_name": "B3", "bbox_yolo": [0.5780622363090515, 0.5111274719238281, 0.11762562394142151, 0.08890986442565918], "conf": 0.29939067363739014}], "count_per_class": {"B1": 0, "B2": 0, "B3": 3, "B4": 0}, "side_index": 2}