{"image": "DAMIMAS_A21B_0034_4.jpg", "detector": "y26s", "detections": [{"class_name": "B3", "bbox_yolo": [0.5783806443214417, 0.4353385865688324, 0.11915411055088043, 0.10075521469116211], "conf": 0.5378754138946533}, {"class_name": "B3", "bbox_yolo": [0.4387936592102051, 0.46707430481910706, 0.12343118339776993, 0.09837527573108673], "conf": 0.4294895529747009}, {"class_name": "B3", "bbox_yolo": [0.3203987181186676, 0.480806827545166, 0.0789349302649498, 0.063711978495121], "conf": 0.3083926737308502}], "count_per_class": {"B1": 0, "B2": 0, "B3": 3, "B4": 0}, "side_index": 3}