{"image": "DAMIMAS_A21B_0127_3.jpg", "detector": "y26s", "detections": [{"class_name": "B3", "bbox_yolo": [0.3645557165145874, 0.47110986709594727, 0.1287171095609665, 0.09280472248792648], "conf": 0.39210745692253113}, {"class_name": "B3", "bbox_yolo": [0.36645519733428955, 0.47604161500930786, 0.13134950399398804, 0.1034184917807579], "conf": 0.3301343023777008}, {"class_name": "B4", "bbox_yolo": [0.3543679118156433, 0.4012908935546875, 0.0787549689412117, 0.04791984707117081], "conf": 0.32706016302108765}], "count_per_class": {"B1": 0, "B2": 0, "B3": 2, "B4": 1}, "side_index": 2}