{"image": "DAMIMAS_A21B_0203_1.jpg", "detector": "y26s", "detections": [{"class_name": "B3", "bbox_yolo": [0.37527093291282654, 0.38155117630958557, 0.07264941930770874, 0.07435643672943115], "conf": 0.4337179362773895}, {"class_name": "B3", "bbox_yolo": [0.3828568756580353, 0.38688039779663086, 0.10180861502885818, 0.0869644433259964], "conf": 0.3042193055152893}, {"class_name": "B3", "bbox_yolo": [0.5532910823822021, 0.37760183215141296, 0.06748511642217636, 0.05922215059399605], "conf": 0.27685317397117615}], "count_per_class": {"B1": 0, "B2": 0, "B3": 3, "B4": 0}, "side_index": 0}