{"image": "DAMIMAS_A21B_0445_4.jpg", "detector": "y26s", "detections": [{"class_name": "B3", "bbox_yolo": [0.5885342955589294, 0.4024403989315033, 0.08881708979606628, 0.06553781032562256], "conf": 0.6294917464256287}, {"class_name": "B1", "bbox_yolo": [0.3764246106147766, 0.44071754813194275, 0.0733867660164833, 0.06516599655151367], "conf": 0.4574245512485504}, {"class_name": "B3", "bbox_yolo": [0.6361161470413208, 0.4416007101535797, 0.06457939743995667, 0.05833635479211807], "conf": 0.38807186484336853}, {"class_name": "B3", "bbox_yolo": [0.5911147594451904, 0.4057951867580414, 0.09964015334844589, 0.07723002880811691], "conf": 0.26422587037086487}], "count_per_class": {"B1": 1, "B2": 0, "B3": 3, "B4": 0}, "side_index": 3}