{"image": "DAMIMAS_A21B_0304_3.jpg", "detector": "y26s", "detections": [{"class_name": "B3", "bbox_yolo": [0.6281589865684509, 0.5678950548171997, 0.12883637845516205, 0.11311592906713486], "conf": 0.6493300199508667}], "count_per_class": {"B1": 0, "B2": 0, "B3": 1, "B4": 0}, "side_index": 2}