{"image": "DAMIMAS_A21B_0018_4.jpg", "detector": "y26s", "detections": [{"class_name": "B3", "bbox_yolo": [0.6273579001426697, 0.4915282726287842, 0.08848591148853302, 0.0747586265206337], "conf": 0.27303600311279297}, {"class_name": "B3", "bbox_yolo": [0.6208807826042175, 0.5001502633094788, 0.11781330406665802, 0.09645185619592667], "conf": 0.25947830080986023}], "count_per_class": {"B1": 0, "B2": 0, "B3": 2, "B4": 0}, "side_index": 3}