{"image": "DAMIMAS_A21B_0139_3.jpg", "detector": "y26s", "detections": [{"class_name": "B3", "bbox_yolo": [0.37203219532966614, 0.46856504678726196, 0.12432178854942322, 0.09370050579309464], "conf": 0.5697551965713501}, {"class_name": "B3", "bbox_yolo": [0.6097245812416077, 0.4524450898170471, 0.1095302626490593, 0.0979376807808876], "conf": 0.31056901812553406}, {"class_name": "B3", "bbox_yolo": [0.6104158163070679, 0.44715243577957153, 0.07935409992933273, 0.07891254872083664], "conf": 0.2512843608856201}], "count_per_class": {"B1": 0, "B2": 0, "B3": 3, "B4": 0}, "side_index": 2}