{"image": "DAMIMAS_A21B_0739_2.jpg", "detector": "y26s", "detections": [{"class_name": "B3", "bbox_yolo": [0.5208529233932495, 0.16250257194042206, 0.19146138429641724, 0.20643757283687592], "conf": 0.7321797013282776}, {"class_name": "B3", "bbox_yolo": [0.32405874133110046, 0.24880734086036682, 0.18961764872074127, 0.14624576270580292], "conf": 0.595341145992279}, {"class_name": "B4", "bbox_yolo": [0.3137085735797882, 0.09399326890707016, 0.17072436213493347, 0.1394924372434616], "conf": 0.5598210096359253}, {"class_name": "B3", "bbox_yolo": [0.3137085735797882, 0.09399326890707016, 0.17072436213493347, 0.1394924372434616], "conf": 0.3094686269760132}], "count_per_class": {"B1": 0, "B2": 0, "B3": 3, "B4": 1}, "side_index": 1}