{"image": "DAMIMAS_A21B_0071_1.jpg", "detector": "y26s", "detections": [{"class_name": "B1", "bbox_yolo": [0.36002224683761597, 0.5387178659439087, 0.1531386822462082, 0.12844739854335785], "conf": 0.8260363936424255}, {"class_name": "B3", "bbox_yolo": [0.4910549521446228, 0.48889562487602234, 0.0704260841012001, 0.07481465488672256], "conf": 0.2634695768356323}], "count_per_class": {"B1": 1, "B2": 0, "B3": 1, "B4": 0}, "side_index": 0}