{"image": "DAMIMAS_A21B_0312_2.jpg", "detector": "y26s", "detections": [{"class_name": "B3", "bbox_yolo": [0.5736762285232544, 0.4474019706249237, 0.14860312640666962, 0.12324123829603195], "conf": 0.6365768313407898}, {"class_name": "B3", "bbox_yolo": [0.3033169209957123, 0.5032610297203064, 0.06852957606315613, 0.05787863954901695], "conf": 0.2821444272994995}], "count_per_class": {"B1": 0, "B2": 0, "B3": 2, "B4": 0}, "side_index": 1}