{"image": "DAMIMAS_A21B_0055_1.jpg", "detector": "y26s", "detections": [{"class_name": "B2", "bbox_yolo": [0.38530102372169495, 0.5155729651451111, 0.1297747641801834, 0.11248531192541122], "conf": 0.48228251934051514}, {"class_name": "B3", "bbox_yolo": [0.6150251626968384, 0.4858899712562561, 0.11097336560487747, 0.09978266060352325], "conf": 0.3120194375514984}, {"class_name": "B3", "bbox_yolo": [0.49768128991127014, 0.4638744294643402, 0.1081477552652359, 0.09614258259534836], "conf": 0.29190579056739807}, {"class_name": "B4", "bbox_yolo": [0.38349178433418274, 0.43972668051719666, 0.0816730260848999, 0.04924030229449272], "conf": 0.26388922333717346}], "count_per_class": {"B1": 0, "B2": 1, "B3": 2, "B4": 1}, "side_index": 0}