{"image": "DAMIMAS_A21B_0813_2.jpg", "detector": "y26s", "detections": [{"class_name": "B3", "bbox_yolo": [0.5537036061286926, 0.3645423948764801, 0.12859074771404266, 0.11830282211303711], "conf": 0.43764254450798035}, {"class_name": "B3", "bbox_yolo": [0.3388890027999878, 0.42300501465797424, 0.1457052081823349, 0.1077551394701004], "conf": 0.4332813620567322}, {"class_name": "B3", "bbox_yolo": [0.44227856397628784, 0.4572981297969818, 0.06487296521663666, 0.0728796049952507], "conf": 0.27808722853660583}], "count_per_class": {"B1": 0, "B2": 0, "B3": 3, "B4": 0}, "side_index": 1}