{"image": "DAMIMAS_A21B_0702_2.jpg", "detector": "y26s", "detections": [{"class_name": "B3", "bbox_yolo": [0.38027554750442505, 0.21132643520832062, 0.251174658536911, 0.20554690062999725], "conf": 0.6647884845733643}, {"class_name": "B3", "bbox_yolo": [0.6925078630447388, 0.2832029461860657, 0.23494021594524384, 0.20695321261882782], "conf": 0.29084011912345886}], "count_per_class": {"B1": 0, "B2": 0, "B3": 2, "B4": 0}, "side_index": 1}