{"image": "DAMIMAS_A21B_0526_3.jpg", "detector": "y26s", "detections": [{"class_name": "B3", "bbox_yolo": [0.5457391142845154, 0.3625374734401703, 0.14102862775325775, 0.12160935252904892], "conf": 0.5358822345733643}, {"class_name": "B3", "bbox_yolo": [0.40550392866134644, 0.35405439138412476, 0.12524732947349548, 0.10855679959058762], "conf": 0.4270855188369751}, {"class_name": "B4", "bbox_yolo": [0.5048680901527405, 0.269905686378479, 0.12061027437448502, 0.07857923954725266], "conf": 0.3431274890899658}, {"class_name": "B2", "bbox_yolo": [0.5457391142845154, 0.3625374734401703, 0.14102862775325775, 0.12160935252904892], "conf": 0.3406398296356201}], "count_per_class": {"B1": 0, "B2": 1, "B3": 2, "B4": 1}, "side_index": 2}