{"image": "DAMIMAS_A21B_0108_1.jpg", "detector": "y26s", "detections": [{"class_name": "B3", "bbox_yolo": [0.37719061970710754, 0.5740770697593689, 0.0839754119515419, 0.07825737446546555], "conf": 0.39455559849739075}, {"class_name": "B3", "bbox_yolo": [0.38050177693367004, 0.5778924822807312, 0.10003068298101425, 0.08924088627099991], "conf": 0.2752261757850647}, {"class_name": "B3", "bbox_yolo": [0.6649761199951172, 0.5632413625717163, 0.07029253989458084, 0.06782465428113937], "conf": 0.2540281414985657}], "count_per_class": {"B1": 0, "B2": 0, "B3": 3, "B4": 0}, "side_index": 0}