{"image": "DAMIMAS_A21B_0077_1.jpg", "detector": "y26s", "detections": [{"class_name": "B1", "bbox_yolo": [0.31158021092414856, 0.5092119574546814, 0.13746821880340576, 0.122161865234375], "conf": 0.7332987785339355}, {"class_name": "B1", "bbox_yolo": [0.6707293391227722, 0.5078251957893372, 0.1317034512758255, 0.109283447265625], "conf": 0.7092441320419312}, {"class_name": "B3", "bbox_yolo": [0.5515680313110352, 0.46387502551078796, 0.11589568853378296, 0.10031066089868546], "conf": 0.27792033553123474}], "count_per_class": {"B1": 2, "B2": 0, "B3": 1, "B4": 0}, "side_index": 0}