{"image": "DAMIMAS_A21B_0529_1.jpg", "detector": "y26s", "detections": [{"class_name": "B3", "bbox_yolo": [0.3918707072734833, 0.37409940361976624, 0.15835009515285492, 0.14552071690559387], "conf": 0.6551893949508667}, {"class_name": "B3", "bbox_yolo": [0.5243859887123108, 0.45135337114334106, 0.1616160124540329, 0.11107492446899414], "conf": 0.4980151951313019}, {"class_name": "B4", "bbox_yolo": [0.6283952593803406, 0.3525770604610443, 0.12221769243478775, 0.09524083137512207], "conf": 0.32604140043258667}], "count_per_class": {"B1": 0, "B2": 0, "B3": 2, "B4": 1}, "side_index": 0}