{"image": "DAMIMAS_A21B_0024_1.jpg", "detector": "y26s", "detections": [{"class_name": "B3", "bbox_yolo": [0.3553817868232727, 0.5173947215080261, 0.10735420137643814, 0.09057741612195969], "conf": 0.38812386989593506}, {"class_name": "B3", "bbox_yolo": [0.43624719977378845, 0.5168834924697876, 0.06823348999023438, 0.07356200367212296], "conf": 0.35464924573898315}], "count_per_class": {"B1": 0, "B2": 0, "B3": 2, "B4": 0}, "side_index": 0}