{"image": "DAMIMAS_A21B_0816_7.jpg", "detector": "y26s", "detections": [{"class_name": "B3", "bbox_yolo": [0.3875907063484192, 0.4065898060798645, 0.1260065734386444, 0.10066507011651993], "conf": 0.3904513418674469}, {"class_name": "B1", "bbox_yolo": [0.7085235714912415, 0.4343612790107727, 0.11402467638254166, 0.09844961017370224], "conf": 0.31363797187805176}], "count_per_class": {"B1": 1, "B2": 0, "B3": 1, "B4": 0}, "side_index": 6}