{"image": "DAMIMAS_A21B_0095_4.jpg", "detector": "y26s", "detections": [{"class_name": "B1", "bbox_yolo": [0.5853816270828247, 0.4748947322368622, 0.16212347149848938, 0.14769721031188965], "conf": 0.7819774150848389}, {"class_name": "B3", "bbox_yolo": [0.3272855877876282, 0.45521479845046997, 0.126033753156662, 0.11960189789533615], "conf": 0.5371118187904358}, {"class_name": "B3", "bbox_yolo": [0.4470043182373047, 0.43815016746520996, 0.10654303431510925, 0.1166890412569046], "conf": 0.38614532351493835}], "count_per_class": {"B1": 1, "B2": 0, "B3": 2, "B4": 0}, "side_index": 3}