{"image": "DAMIMAS_A21B_0376_1.jpg", "detector": "y26s", "detections": [{"class_name": "B1", "bbox_yolo": [0.5576193928718567, 0.3760347068309784, 0.12149029225111008, 0.09582021087408066], "conf": 0.7352510690689087}, {"class_name": "B3", "bbox_yolo": [0.4358014762401581, 0.3435620367527008, 0.058378253132104874, 0.07971852272748947], "conf": 0.4404492974281311}, {"class_name": "B3", "bbox_yolo": [0.3487837016582489, 0.3571089804172516, 0.1023300513625145, 0.08982563018798828], "conf": 0.297819048166275}, {"class_name": "B4", "bbox_yolo": [0.5567962527275085, 0.3099527359008789, 0.08101590722799301, 0.05208563804626465], "conf": 0.2973726689815521}], "count_per_class": {"B1": 1, "B2": 0, "B3": 2, "B4": 1}, "side_index": 0}