{"image": "DAMIMAS_A21B_0162_3.jpg", "detector": "y26s", "detections": [{"class_name": "B3", "bbox_yolo": [0.34951338171958923, 0.37454965710639954, 0.16647619009017944, 0.11966051906347275], "conf": 0.7009545564651489}, {"class_name": "B3", "bbox_yolo": [0.28495779633522034, 0.45988377928733826, 0.1220867708325386, 0.10513582080602646], "conf": 0.41729700565338135}, {"class_name": "B4", "bbox_yolo": [0.6405082941055298, 0.31090447306632996, 0.11978945136070251, 0.09353764355182648], "conf": 0.2914774417877197}], "count_per_class": {"B1": 0, "B2": 0, "B3": 2, "B4": 1}, "side_index": 2}