{"image": "DAMIMAS_A21B_0025_4.jpg", "detector": "y26s", "detections": [{"class_name": "B3", "bbox_yolo": [0.6313156485557556, 0.49438533186912537, 0.06879730522632599, 0.06008334085345268], "conf": 0.41425421833992004}], "count_per_class": {"B1": 0, "B2": 0, "B3": 1, "B4": 0}, "side_index": 3}