{"image": "DAMIMAS_A21B_0758_1.jpg", "detector": "y26s", "detections": [{"class_name": "B3", "bbox_yolo": [0.6724039316177368, 0.4473653733730316, 0.13177108764648438, 0.09900832176208496], "conf": 0.38841763138771057}, {"class_name": "B2", "bbox_yolo": [0.5054427981376648, 0.4895676076412201, 0.14655648171901703, 0.11884450912475586], "conf": 0.3574257791042328}], "count_per_class": {"B1": 0, "B2": 1, "B3": 1, "B4": 0}, "side_index": 0}