{"image": "DAMIMAS_A21B_0422_2.jpg", "detector": "y26s", "detections": [{"class_name": "B1", "bbox_yolo": [0.3175756633281708, 0.41342735290527344, 0.11372512578964233, 0.11398911476135254], "conf": 0.6529721617698669}, {"class_name": "B3", "bbox_yolo": [0.4433581531047821, 0.36911049485206604, 0.1448579877614975, 0.11416769027709961], "conf": 0.6433025002479553}, {"class_name": "B3", "bbox_yolo": [0.5875081419944763, 0.3399997353553772, 0.12216651439666748, 0.08771636337041855], "conf": 0.3003487288951874}], "count_per_class": {"B1": 1, "B2": 0, "B3": 2, "B4": 0}, "side_index": 1}