{"image": "DAMIMAS_A21B_0100_2.jpg", "detector": "y26s", "detections": [{"class_name": "B2", "bbox_yolo": [0.31698253750801086, 0.5261104702949524, 0.1441570669412613, 0.1221536174416542], "conf": 0.4790647625923157}, {"class_name": "B3", "bbox_yolo": [0.4071567952632904, 0.47012096643447876, 0.1177227720618248, 0.09260206669569016], "conf": 0.36973467469215393}, {"class_name": "B4", "bbox_yolo": [0.3885243833065033, 0.3941799998283386, 0.11266807466745377, 0.07914700359106064], "conf": 0.30832770466804504}, {"class_name": "B4", "bbox_yolo": [0.38342157006263733, 0.3916435241699219, 0.08904323726892471, 0.06413476914167404], "conf": 0.29423752427101135}], "count_per_class": {"B1": 0, "B2": 1, "B3": 1, "B4": 2}, "side_index": 1}