{"image": "DAMIMAS_A21B_0821_1.jpg", "detector": "y26s", "detections": [{"class_name": "B3", "bbox_yolo": [0.549179196357727, 0.41963791847229004, 0.1062878966331482, 0.08855428546667099], "conf": 0.3199509382247925}, {"class_name": "B1", "bbox_yolo": [0.3353617489337921, 0.48067259788513184, 0.11366542428731918, 0.10932941734790802], "conf": 0.29573288559913635}], "count_per_class": {"B1": 1, "B2": 0, "B3": 1, "B4": 0}, "side_index": 0}