{"image": "DAMIMAS_A21B_0248_2.jpg", "detector": "y26s", "detections": [{"class_name": "B3", "bbox_yolo": [0.266385555267334, 0.41373416781425476, 0.08047869056463242, 0.07714720070362091], "conf": 0.41271620988845825}, {"class_name": "B3", "bbox_yolo": [0.5195431709289551, 0.38754695653915405, 0.12605315446853638, 0.09110503643751144], "conf": 0.3529350757598877}, {"class_name": "B4", "bbox_yolo": [0.5217924118041992, 0.30227231979370117, 0.11277981102466583, 0.09371870011091232], "conf": 0.2866688072681427}, {"class_name": "B3", "bbox_yolo": [0.2747122049331665, 0.41823768615722656, 0.11176872998476028, 0.08844399452209473], "conf": 0.2828100323677063}], "count_per_class": {"B1": 0, "B2": 0, "B3": 3, "B4": 1}, "side_index": 1}