{"image": "DAMIMAS_A21B_0235_4.jpg", "detector": "y26s", "detections": [{"class_name": "B3", "bbox_yolo": [0.7136750817298889, 0.2543191909790039, 0.1226666197180748, 0.10760786384344101], "conf": 0.4991777837276459}, {"class_name": "B2", "bbox_yolo": [0.7072082757949829, 0.3645654320716858, 0.1704619824886322, 0.11888151615858078], "conf": 0.45891889929771423}, {"class_name": "B3", "bbox_yolo": [0.38701701164245605, 0.3146960735321045, 0.13795532286167145, 0.11154945194721222], "conf": 0.3983933925628662}, {"class_name": "B1", "bbox_yolo": [0.7072082757949829, 0.3645654320716858, 0.1704619824886322, 0.11888151615858078], "conf": 0.3983897566795349}], "count_per_class": {"B1": 1, "B2": 1, "B3": 2, "B4": 0}, "side_index": 3}