{"image": "DAMIMAS_A21B_0478_3.jpg", "detector": "y26s", "detections": [{"class_name": "B1", "bbox_yolo": [0.6709973216056824, 0.4916296601295471, 0.06366005539894104, 0.05829887464642525], "conf": 0.5607802867889404}, {"class_name": "B1", "bbox_yolo": [0.4122157692909241, 0.5089563727378845, 0.0747649222612381, 0.06351842731237411], "conf": 0.5464358925819397}, {"class_name": "B3", "bbox_yolo": [0.5916343927383423, 0.49386855959892273, 0.07671674340963364, 0.05941200256347656], "conf": 0.3109098970890045}, {"class_name": "B3", "bbox_yolo": [0.5452975034713745, 0.44506311416625977, 0.07347939908504486, 0.046128224581480026], "conf": 0.2619435787200928}], "count_per_class": {"B1": 2, "B2": 0, "B3": 2, "B4": 0}, "side_index": 2}