{"image": "DAMIMAS_A21B_0126_2.jpg", "detector": "y26s", "detections": [{"class_name": "B3", "bbox_yolo": [0.6333244442939758, 0.37354958057403564, 0.14744053781032562, 0.12208733707666397], "conf": 0.5862497091293335}, {"class_name": "B3", "bbox_yolo": [0.7409492135047913, 0.46349993348121643, 0.1464768797159195, 0.13830891251564026], "conf": 0.5547372698783875}, {"class_name": "B2", "bbox_yolo": [0.2852599620819092, 0.4600551724433899, 0.1589006781578064, 0.11946239322423935], "conf": 0.5149406790733337}], "count_per_class": {"B1": 0, "B2": 1, "B3": 2, "B4": 0}, "side_index": 1}