{"image": "DAMIMAS_A21B_0808_2.jpg", "detector": "y26s", "detections": [{"class_name": "B1", "bbox_yolo": [0.5394443869590759, 0.3391219675540924, 0.28654155135154724, 0.23854072391986847], "conf": 0.7885617017745972}, {"class_name": "B3", "bbox_yolo": [0.79863041639328, 0.2988744378089905, 0.18317165970802307, 0.16427984833717346], "conf": 0.6711623072624207}, {"class_name": "B3", "bbox_yolo": [0.34904223680496216, 0.2401239424943924, 0.2146439254283905, 0.19812506437301636], "conf": 0.5981835722923279}, {"class_name": "B1", "bbox_yolo": [0.21183186769485474, 0.33082571625709534, 0.15632827579975128, 0.17653600871562958], "conf": 0.35351669788360596}], "count_per_class": {"B1": 2, "B2": 0, "B3": 2, "B4": 0}, "side_index": 1}