{"image": "DAMIMAS_A21B_0025_2.jpg", "detector": "y26s", "detections": [{"class_name": "B1", "bbox_yolo": [0.449470579624176, 0.5975411534309387, 0.12751401960849762, 0.11205854266881943], "conf": 0.4463562071323395}, {"class_name": "B3", "bbox_yolo": [0.6185665726661682, 0.5653699040412903, 0.0834314376115799, 0.07570286095142365], "conf": 0.39733830094337463}], "count_per_class": {"B1": 1, "B2": 0, "B3": 1, "B4": 0}, "side_index": 1}