{"image": "DAMIMAS_A21B_0115_3.jpg", "detector": "y26s", "detections": [{"class_name": "B3", "bbox_yolo": [0.6634303331375122, 0.46326395869255066, 0.08415470272302628, 0.08204317092895508], "conf": 0.2672932744026184}], "count_per_class": {"B1": 0, "B2": 0, "B3": 1, "B4": 0}, "side_index": 2}