{"image": "DAMIMAS_A21B_0843_7.jpg", "detector": "y26s", "detections": [{"class_name": "B3", "bbox_yolo": [0.6900006532669067, 0.5404593348503113, 0.11854439228773117, 0.10962782055139542], "conf": 0.4753418266773224}, {"class_name": "B3", "bbox_yolo": [0.5607534050941467, 0.494040310382843, 0.12497107684612274, 0.09318943321704865], "conf": 0.43515363335609436}, {"class_name": "B3", "bbox_yolo": [0.41109901666641235, 0.5127423405647278, 0.12049863487482071, 0.08467812836170197], "conf": 0.35786673426628113}], "count_per_class": {"B1": 0, "B2": 0, "B3": 3, "B4": 0}, "side_index": 6}