{"image": "DAMIMAS_A21B_0539_3.jpg", "detector": "y26s", "detections": [{"class_name": "B2", "bbox_yolo": [0.30966365337371826, 0.48411664366722107, 0.12494780868291855, 0.11387687176465988], "conf": 0.3908271789550781}, {"class_name": "B3", "bbox_yolo": [0.44636091589927673, 0.4652678668498993, 0.12538914382457733, 0.085732601583004], "conf": 0.3714388310909271}, {"class_name": "B4", "bbox_yolo": [0.4849405586719513, 0.3793603479862213, 0.07365421205759048, 0.06634213775396347], "conf": 0.2961544394493103}, {"class_name": "B4", "bbox_yolo": [0.34882476925849915, 0.39391660690307617, 0.14306975901126862, 0.08286962658166885], "conf": 0.2803765535354614}], "count_per_class": {"B1": 0, "B2": 1, "B3": 1, "B4": 2}, "side_index": 2}