{"image": "DAMIMAS_A21B_0509_1.jpg", "detector": "y26s", "detections": [{"class_name": "B3", "bbox_yolo": [0.41155171394348145, 0.41527286171913147, 0.0787835493683815, 0.07206600159406662], "conf": 0.3315918743610382}, {"class_name": "B3", "bbox_yolo": [0.494439959526062, 0.4459612965583801, 0.08997783809900284, 0.06645303219556808], "conf": 0.3191288411617279}, {"class_name": "B3", "bbox_yolo": [0.6002939939498901, 0.42062902450561523, 0.06951427459716797, 0.07571902126073837], "conf": 0.31523242592811584}], "count_per_class": {"B1": 0, "B2": 0, "B3": 3, "B4": 0}, "side_index": 0}