{"image": "DAMIMAS_A21B_0525_4.jpg", "detector": "y26s", "detections": [{"class_name": "B2", "bbox_yolo": [0.6760306358337402, 0.5365095138549805, 0.14149825274944305, 0.11393990367650986], "conf": 0.41847851872444153}, {"class_name": "B3", "bbox_yolo": [0.6760306358337402, 0.5365095138549805, 0.14149825274944305, 0.11393990367650986], "conf": 0.3481738865375519}], "count_per_class": {"B1": 0, "B2": 1, "B3": 1, "B4": 0}, "side_index": 3}