{"image": "DAMIMAS_A21B_0528_1.jpg", "detector": "y26s", "detections": [{"class_name": "B3", "bbox_yolo": [0.6251581907272339, 0.5447829365730286, 0.15378545224666595, 0.1158411055803299], "conf": 0.4846239387989044}, {"class_name": "B2", "bbox_yolo": [0.6251581907272339, 0.5447829365730286, 0.15378545224666595, 0.1158411055803299], "conf": 0.30196574330329895}], "count_per_class": {"B1": 0, "B2": 1, "B3": 1, "B4": 0}, "side_index": 0}