{"image": "DAMIMAS_A21B_0385_3.jpg", "detector": "y26s", "detections": [{"class_name": "B3", "bbox_yolo": [0.5685984492301941, 0.32330361008644104, 0.11997010558843613, 0.07946579903364182], "conf": 0.3225744366645813}, {"class_name": "B3", "bbox_yolo": [0.3793506324291229, 0.3650587499141693, 0.12100420892238617, 0.09059693664312363], "conf": 0.2626398205757141}], "count_per_class": {"B1": 0, "B2": 0, "B3": 2, "B4": 0}, "side_index": 2}