{"image": "DAMIMAS_A21B_0732_4.jpg", "detector": "y26s", "detections": [{"class_name": "B3", "bbox_yolo": [0.38168469071388245, 0.2637650668621063, 0.22110651433467865, 0.19583575427532196], "conf": 0.712003767490387}, {"class_name": "B3", "bbox_yolo": [0.24132966995239258, 0.2322506457567215, 0.12708871066570282, 0.11008141189813614], "conf": 0.41260191798210144}, {"class_name": "B4", "bbox_yolo": [0.34380143880844116, 0.12420995533466339, 0.14233440160751343, 0.10499806702136993], "conf": 0.3521343171596527}], "count_per_class": {"B1": 0, "B2": 0, "B3": 2, "B4": 1}, "side_index": 3}