{"image": "DAMIMAS_A21B_0541_2.jpg", "detector": "y26s", "detections": [{"class_name": "B1", "bbox_yolo": [0.6403155326843262, 0.49121782183647156, 0.15480175614356995, 0.12660232186317444], "conf": 0.843593180179596}, {"class_name": "B3", "bbox_yolo": [0.4511982202529907, 0.46847039461135864, 0.12964217364788055, 0.11197204887866974], "conf": 0.5502932667732239}], "count_per_class": {"B1": 1, "B2": 0, "B3": 1, "B4": 0}, "side_index": 1}