{"image": "DAMIMAS_A21B_0076_3.jpg", "detector": "y26s", "detections": [{"class_name": "B3", "bbox_yolo": [0.5232826471328735, 0.4711199402809143, 0.13541094958782196, 0.1088252067565918], "conf": 0.6335267424583435}, {"class_name": "B3", "bbox_yolo": [0.3719824552536011, 0.5105229616165161, 0.1305418759584427, 0.10230260342359543], "conf": 0.5682911276817322}, {"class_name": "B2", "bbox_yolo": [0.6372917890548706, 0.5062949061393738, 0.12299016863107681, 0.10924997180700302], "conf": 0.43722406029701233}], "count_per_class": {"B1": 0, "B2": 1, "B3": 2, "B4": 0}, "side_index": 2}