{"image": "DAMIMAS_A21B_0046_2.jpg", "detector": "y26s", "detections": [{"class_name": "B3", "bbox_yolo": [0.4375559389591217, 0.5035561919212341, 0.14005820453166962, 0.13356733322143555], "conf": 0.6013698577880859}, {"class_name": "B4", "bbox_yolo": [0.6499720811843872, 0.4534807801246643, 0.12262663245201111, 0.08346986770629883], "conf": 0.31277501583099365}, {"class_name": "B3", "bbox_yolo": [0.615176796913147, 0.5414540767669678, 0.14221599698066711, 0.10815506428480148], "conf": 0.255534291267395}], "count_per_class": {"B1": 0, "B2": 0, "B3": 2, "B4": 1}, "side_index": 1}