{"image": "DAMIMAS_A21B_0408_2.jpg", "detector": "y26s", "detections": [{"class_name": "B1", "bbox_yolo": [0.36897459626197815, 0.45799827575683594, 0.12362830340862274, 0.10005874931812286], "conf": 0.6235058903694153}, {"class_name": "B3", "bbox_yolo": [0.5202638506889343, 0.4370879828929901, 0.11597856134176254, 0.09724495559930801], "conf": 0.5295320749282837}, {"class_name": "B4", "bbox_yolo": [0.5393930077552795, 0.3595585525035858, 0.08226827532052994, 0.06070821359753609], "conf": 0.38833552598953247}, {"class_name": "B3", "bbox_yolo": [0.6356078386306763, 0.4061441123485565, 0.0650930404663086, 0.05808579921722412], "conf": 0.26237598061561584}], "count_per_class": {"B1": 1, "B2": 0, "B3": 2, "B4": 1}, "side_index": 1}