{"image": "DAMIMAS_A21B_0633_1.jpg", "detector": "y26s", "detections": [{"class_name": "B3", "bbox_yolo": [0.32791808247566223, 0.5914986729621887, 0.1319488286972046, 0.10803742706775665], "conf": 0.3678940236568451}], "count_per_class": {"B1": 0, "B2": 0, "B3": 1, "B4": 0}, "side_index": 0}