{"image": "DAMIMAS_A21B_0334_1.jpg", "detector": "y26s", "detections": [{"class_name": "B1", "bbox_yolo": [0.35610589385032654, 0.388433039188385, 0.19086264073848724, 0.1880684643983841], "conf": 0.8573629260063171}, {"class_name": "B4", "bbox_yolo": [0.6356600522994995, 0.2602696120738983, 0.13738460838794708, 0.09840550273656845], "conf": 0.5642792582511902}, {"class_name": "B3", "bbox_yolo": [0.5271111726760864, 0.33401545882225037, 0.14776964485645294, 0.1531650573015213], "conf": 0.45282652974128723}, {"class_name": "B3", "bbox_yolo": [0.6791701316833496, 0.3573901653289795, 0.12966836988925934, 0.10361509770154953], "conf": 0.3680926263332367}], "count_per_class": {"B1": 1, "B2": 0, "B3": 2, "B4": 1}, "side_index": 0}