{"image": "DAMIMAS_A21B_0733_3.jpg", "detector": "y26s", "detections": [{"class_name": "B3", "bbox_yolo": [0.3749602138996124, 0.18302851915359497, 0.21331194043159485, 0.177067831158638], "conf": 0.7111790776252747}, {"class_name": "B3", "bbox_yolo": [0.22052358090877533, 0.2748772203922272, 0.14595003426074982, 0.14378200471401215], "conf": 0.4204971194267273}, {"class_name": "B4", "bbox_yolo": [0.24756570160388947, 0.118923619389534, 0.11042454093694687, 0.09693435579538345], "conf": 0.3939809501171112}], "count_per_class": {"B1": 0, "B2": 0, "B3": 2, "B4": 1}, "side_index": 2}