{"image": "DAMIMAS_A21B_0566_1.jpg", "detector": "y26s", "detections": [{"class_name": "B1", "bbox_yolo": [0.5329912304878235, 0.3944756090641022, 0.15465441346168518, 0.13228844106197357], "conf": 0.740144670009613}, {"class_name": "B3", "bbox_yolo": [0.35215049982070923, 0.36726149916648865, 0.1313934028148651, 0.11101417988538742], "conf": 0.4385550320148468}, {"class_name": "B2", "bbox_yolo": [0.35215049982070923, 0.36726149916648865, 0.1313934028148651, 0.11101417988538742], "conf": 0.250253826379776}], "count_per_class": {"B1": 1, "B2": 1, "B3": 1, "B4": 0}, "side_index": 0}