{"image": "DAMIMAS_A21B_0086_1.jpg", "detector": "y26s", "detections": [{"class_name": "B1", "bbox_yolo": [0.38023433089256287, 0.5572250485420227, 0.1423715054988861, 0.11107583343982697], "conf": 0.7809337973594666}, {"class_name": "B4", "bbox_yolo": [0.3736498951911926, 0.4692835807800293, 0.11905194073915482, 0.08099446445703506], "conf": 0.2808966636657715}], "count_per_class": {"B1": 1, "B2": 0, "B3": 0, "B4": 1}, "side_index": 0}