{"image": "DAMIMAS_A21B_0628_2.jpg", "detector": "y26s", "detections": [{"class_name": "B3", "bbox_yolo": [0.6714064478874207, 0.4121021330356598, 0.1351952999830246, 0.13154125213623047], "conf": 0.4023323953151703}, {"class_name": "B2", "bbox_yolo": [0.49322861433029175, 0.4404139220714569, 0.14623823761940002, 0.1376125067472458], "conf": 0.3788606524467468}, {"class_name": "B3", "bbox_yolo": [0.278131365776062, 0.42909765243530273, 0.15680944919586182, 0.13464394211769104], "conf": 0.3544918894767761}, {"class_name": "B2", "bbox_yolo": [0.6714064478874207, 0.4121021330356598, 0.1351952999830246, 0.13154125213623047], "conf": 0.3303934633731842}], "count_per_class": {"B1": 0, "B2": 2, "B3": 2, "B4": 0}, "side_index": 1}