{"image": "DAMIMAS_A21B_0804_1.jpg", "detector": "y26s", "detections": [{"class_name": "B3", "bbox_yolo": [0.3703392446041107, 0.18050867319107056, 0.15645383298397064, 0.1327393352985382], "conf": 0.477580726146698}, {"class_name": "B3", "bbox_yolo": [0.5434417724609375, 0.21008415520191193, 0.13946400582790375, 0.11496331542730331], "conf": 0.4003857970237732}, {"class_name": "B1", "bbox_yolo": [0.6448046565055847, 0.2761470079421997, 0.12358678877353668, 0.1115911528468132], "conf": 0.35013434290885925}, {"class_name": "B3", "bbox_yolo": [0.25986775755882263, 0.2663869857788086, 0.1431737095117569, 0.12177474796772003], "conf": 0.31368160247802734}], "count_per_class": {"B1": 1, "B2": 0, "B3": 3, "B4": 0}, "side_index": 0}