{"image": "DAMIMAS_A21B_0109_3.jpg", "detector": "y26s", "detections": [{"class_name": "B1", "bbox_yolo": [0.42017391324043274, 0.45738154649734497, 0.18479107320308685, 0.13604135811328888], "conf": 0.8177007436752319}, {"class_name": "B3", "bbox_yolo": [0.5560177564620972, 0.4032994210720062, 0.12358970940113068, 0.10693075507879257], "conf": 0.37917113304138184}, {"class_name": "B3", "bbox_yolo": [0.657699465751648, 0.4248342514038086, 0.11475995928049088, 0.09789512306451797], "conf": 0.27329379320144653}, {"class_name": "B4", "bbox_yolo": [0.40554124116897583, 0.3658907115459442, 0.12383045256137848, 0.07738063484430313], "conf": 0.2624155879020691}], "count_per_class": {"B1": 1, "B2": 0, "B3": 2, "B4": 1}, "side_index": 2}