{"image": "DAMIMAS_A21B_0622_3.jpg", "detector": "y26s", "detections": [{"class_name": "B1", "bbox_yolo": [0.2818854749202728, 0.5732352137565613, 0.12841203808784485, 0.13812728226184845], "conf": 0.5669922232627869}, {"class_name": "B3", "bbox_yolo": [0.6560319066047668, 0.5415911078453064, 0.13606250286102295, 0.11800079792737961], "conf": 0.5587530732154846}, {"class_name": "B3", "bbox_yolo": [0.36031022667884827, 0.48875465989112854, 0.09082305431365967, 0.06826867908239365], "conf": 0.31375929713249207}], "count_per_class": {"B1": 1, "B2": 0, "B3": 2, "B4": 0}, "side_index": 2}