{"image": "DAMIMAS_A21B_0235_2.jpg", "detector": "y26s", "detections": [{"class_name": "B3", "bbox_yolo": [0.30881622433662415, 0.41019830107688904, 0.07829008251428604, 0.06349962204694748], "conf": 0.4156127870082855}, {"class_name": "B3", "bbox_yolo": [0.5094068646430969, 0.43015822768211365, 0.10916697978973389, 0.09152641147375107], "conf": 0.25582677125930786}, {"class_name": "B3", "bbox_yolo": [0.413027286529541, 0.3969290256500244, 0.11232773959636688, 0.08218403160572052], "conf": 0.25478580594062805}], "count_per_class": {"B1": 0, "B2": 0, "B3": 3, "B4": 0}, "side_index": 1}