{"image": "DAMIMAS_A21B_0260_2.jpg", "detector": "y26s", "detections": [{"class_name": "B3", "bbox_yolo": [0.3092880845069885, 0.48608651757240295, 0.12449729442596436, 0.10075864940881729], "conf": 0.4553350806236267}, {"class_name": "B3", "bbox_yolo": [0.5725740194320679, 0.45422258973121643, 0.1432553380727768, 0.11256342381238937], "conf": 0.4403678774833679}, {"class_name": "B3", "bbox_yolo": [0.6864098310470581, 0.48769617080688477, 0.08687973767518997, 0.07214751094579697], "conf": 0.41166234016418457}], "count_per_class": {"B1": 0, "B2": 0, "B3": 3, "B4": 0}, "side_index": 1}