{"image": "DAMIMAS_A21B_0821_8.jpg", "detector": "y26s", "detections": [{"class_name": "B1", "bbox_yolo": [0.7299845814704895, 0.4354483187198639, 0.147897407412529, 0.11793434619903564], "conf": 0.7489598989486694}, {"class_name": "B3", "bbox_yolo": [0.579220712184906, 0.3879561424255371, 0.13375060260295868, 0.12020833790302277], "conf": 0.6089844703674316}, {"class_name": "B3", "bbox_yolo": [0.37760093808174133, 0.42794257402420044, 0.1511414647102356, 0.1326991617679596], "conf": 0.4794963300228119}, {"class_name": "B3", "bbox_yolo": [0.32272011041641235, 0.35526156425476074, 0.11031850427389145, 0.10233757644891739], "conf": 0.3492244780063629}], "count_per_class": {"B1": 1, "B2": 0, "B3": 3, "B4": 0}, "side_index": 7}