{"image": "DAMIMAS_A21B_0446_4.jpg", "detector": "y26s", "detections": [{"class_name": "B1", "bbox_yolo": [0.33652645349502563, 0.3985450267791748, 0.07635559141635895, 0.06452500820159912], "conf": 0.5043898820877075}, {"class_name": "B3", "bbox_yolo": [0.515116274356842, 0.3689121901988983, 0.07737665623426437, 0.06015446409583092], "conf": 0.43480178713798523}, {"class_name": "B3", "bbox_yolo": [0.40762364864349365, 0.3798360526561737, 0.06695588678121567, 0.06796429306268692], "conf": 0.37596261501312256}], "count_per_class": {"B1": 1, "B2": 0, "B3": 2, "B4": 0}, "side_index": 3}