{"image": "DAMIMAS_A21B_0596_1.jpg", "detector": "y26s", "detections": [{"class_name": "B3", "bbox_yolo": [0.6404168605804443, 0.36015644669532776, 0.2262640744447708, 0.18109586834907532], "conf": 0.6780653595924377}, {"class_name": "B4", "bbox_yolo": [0.6481805443763733, 0.24240019917488098, 0.15438340604305267, 0.08638820797204971], "conf": 0.4676426649093628}, {"class_name": "B1", "bbox_yolo": [0.1278182566165924, 0.43672019243240356, 0.1739300936460495, 0.14376644790172577], "conf": 0.3858672082424164}], "count_per_class": {"B1": 1, "B2": 0, "B3": 1, "B4": 1}, "side_index": 0}