{"image": "DAMIMAS_A21B_0249_3.jpg", "detector": "y26s", "detections": [{"class_name": "B3", "bbox_yolo": [0.30779406428337097, 0.315308153629303, 0.15184900164604187, 0.12760065495967865], "conf": 0.4202320873737335}, {"class_name": "B4", "bbox_yolo": [0.676354706287384, 0.28157758712768555, 0.12004382163286209, 0.1060565933585167], "conf": 0.34387916326522827}, {"class_name": "B3", "bbox_yolo": [0.7211119532585144, 0.388785719871521, 0.15387223660945892, 0.11347966641187668], "conf": 0.3211261034011841}], "count_per_class": {"B1": 0, "B2": 0, "B3": 2, "B4": 1}, "side_index": 2}