{"image": "DAMIMAS_A21B_0363_4.jpg", "detector": "y26s", "detections": [{"class_name": "B3", "bbox_yolo": [0.4873877167701721, 0.35541948676109314, 0.11743145436048508, 0.09790761768817902], "conf": 0.4671672284603119}, {"class_name": "B3", "bbox_yolo": [0.6563749313354492, 0.3673515021800995, 0.08442554622888565, 0.06027069315314293], "conf": 0.27068427205085754}], "count_per_class": {"B1": 0, "B2": 0, "B3": 2, "B4": 0}, "side_index": 3}