{"image": "DAMIMAS_A21B_0467_3.jpg", "detector": "y26s", "detections": [{"class_name": "B3", "bbox_yolo": [0.5894143581390381, 0.39316073060035706, 0.05437132716178894, 0.046854522079229355], "conf": 0.26734408736228943}], "count_per_class": {"B1": 0, "B2": 0, "B3": 1, "B4": 0}, "side_index": 2}