{"image": "DAMIMAS_A21B_0707_2.jpg", "detector": "y26s", "detections": [{"class_name": "B3", "bbox_yolo": [0.8067628145217896, 0.2387576401233673, 0.14539732038974762, 0.10802692174911499], "conf": 0.5276380181312561}, {"class_name": "B3", "bbox_yolo": [0.16155561804771423, 0.25976207852363586, 0.19132354855537415, 0.13524316251277924], "conf": 0.44495031237602234}, {"class_name": "B3", "bbox_yolo": [0.5578234791755676, 0.32002532482147217, 0.29499635100364685, 0.2092485874891281], "conf": 0.25463566184043884}, {"class_name": "B3", "bbox_yolo": [0.6402981281280518, 0.30930179357528687, 0.18790201842784882, 0.17394642531871796], "conf": 0.2540363669395447}], "count_per_class": {"B1": 0, "B2": 0, "B3": 4, "B4": 0}, "side_index": 1}