{"image": "DAMIMAS_A21B_0418_3.jpg", "detector": "y26s", "detections": [{"class_name": "B3", "bbox_yolo": [0.457078754901886, 0.43557339906692505, 0.13178561627864838, 0.10872993618249893], "conf": 0.5310183167457581}, {"class_name": "B3", "bbox_yolo": [0.31105226278305054, 0.4275066554546356, 0.0834430456161499, 0.06618566811084747], "conf": 0.5027589797973633}, {"class_name": "B3", "bbox_yolo": [0.6522934436798096, 0.42603039741516113, 0.07839254289865494, 0.059044625610113144], "conf": 0.36782383918762207}, {"class_name": "B3", "bbox_yolo": [0.3191961944103241, 0.43371152877807617, 0.1078914999961853, 0.08561298996210098], "conf": 0.31793105602264404}], "count_per_class": {"B1": 0, "B2": 0, "B3": 4, "B4": 0}, "side_index": 2}