{"image": "DAMIMAS_A21B_0555_2.jpg", "detector": "y26s", "detections": [{"class_name": "B3", "bbox_yolo": [0.6029671430587769, 0.42068853974342346, 0.12456691265106201, 0.1169009730219841], "conf": 0.5695399641990662}, {"class_name": "B3", "bbox_yolo": [0.44933411478996277, 0.45595860481262207, 0.16057176887989044, 0.1355362981557846], "conf": 0.47199609875679016}, {"class_name": "B2", "bbox_yolo": [0.44933411478996277, 0.45595860481262207, 0.16057176887989044, 0.1355362981557846], "conf": 0.26315727829933167}], "count_per_class": {"B1": 0, "B2": 1, "B3": 2, "B4": 0}, "side_index": 1}