{"image": "DAMIMAS_A21B_0263_3.jpg", "detector": "y26s", "detections": [{"class_name": "B3", "bbox_yolo": [0.3344203233718872, 0.38642171025276184, 0.1637054979801178, 0.1331426203250885], "conf": 0.5166376233100891}, {"class_name": "B3", "bbox_yolo": [0.5526816248893738, 0.44307881593704224, 0.22517554461956024, 0.16514471173286438], "conf": 0.47490811347961426}, {"class_name": "B4", "bbox_yolo": [0.680212140083313, 0.3435969054698944, 0.13118311762809753, 0.10070724785327911], "conf": 0.35503673553466797}, {"class_name": "B3", "bbox_yolo": [0.680212140083313, 0.3435969054698944, 0.13118311762809753, 0.10070724785327911], "conf": 0.2838065028190613}], "count_per_class": {"B1": 0, "B2": 0, "B3": 3, "B4": 1}, "side_index": 2}