{"image": "DAMIMAS_A21B_0365_3.jpg", "detector": "y26s", "detections": [{"class_name": "B1", "bbox_yolo": [0.5720580816268921, 0.45804139971733093, 0.12813976407051086, 0.09536676853895187], "conf": 0.5527048707008362}, {"class_name": "B3", "bbox_yolo": [0.40969690680503845, 0.44321689009666443, 0.12343280017375946, 0.09379801899194717], "conf": 0.4447982609272003}, {"class_name": "B3", "bbox_yolo": [0.3715217709541321, 0.3752698600292206, 0.09489136189222336, 0.04866015911102295], "conf": 0.3155278265476227}, {"class_name": "B3", "bbox_yolo": [0.6589789390563965, 0.4015572965145111, 0.07552776485681534, 0.07059726864099503], "conf": 0.29230058193206787}], "count_per_class": {"B1": 1, "B2": 0, "B3": 3, "B4": 0}, "side_index": 2}