{"image": "DAMIMAS_A21B_0624_2.jpg", "detector": "y26s", "detections": [{"class_name": "B1", "bbox_yolo": [0.2061823308467865, 0.5486978888511658, 0.20284049212932587, 0.17055463790893555], "conf": 0.8803796768188477}, {"class_name": "B1", "bbox_yolo": [0.7653838396072388, 0.5362223982810974, 0.13814768195152283, 0.12174868583679199], "conf": 0.7592326998710632}, {"class_name": "B3", "bbox_yolo": [0.6601097583770752, 0.46325331926345825, 0.16121648252010345, 0.13231854140758514], "conf": 0.4714367687702179}, {"class_name": "B3", "bbox_yolo": [0.32427898049354553, 0.4297373294830322, 0.10244175791740417, 0.06533634662628174], "conf": 0.3062293529510498}], "count_per_class": {"B1": 2, "B2": 0, "B3": 2, "B4": 0}, "side_index": 1}