{"image": "DAMIMAS_A21B_0486_1.jpg", "detector": "y26s", "detections": [{"class_name": "B3", "bbox_yolo": [0.5832968950271606, 0.3726525604724884, 0.06739883869886398, 0.060301732271909714], "conf": 0.46194514632225037}, {"class_name": "B3", "bbox_yolo": [0.4764344096183777, 0.35356077551841736, 0.06289854645729065, 0.05633544921875], "conf": 0.2682662904262543}], "count_per_class": {"B1": 0, "B2": 0, "B3": 2, "B4": 0}, "side_index": 0}