{"image": "DAMIMAS_A21B_0536_2.jpg", "detector": "y26s", "detections": [{"class_name": "B3", "bbox_yolo": [0.4980350136756897, 0.46978116035461426, 0.11880820989608765, 0.10563917458057404], "conf": 0.4788033664226532}, {"class_name": "B3", "bbox_yolo": [0.36469411849975586, 0.5176792144775391, 0.1433844268321991, 0.12212371826171875], "conf": 0.3637232482433319}, {"class_name": "B3", "bbox_yolo": [0.6425890326499939, 0.48149439692497253, 0.1127319410443306, 0.09146509319543839], "conf": 0.34859803318977356}, {"class_name": "B2", "bbox_yolo": [0.36469411849975586, 0.5176792144775391, 0.1433844268321991, 0.12212371826171875], "conf": 0.274427592754364}], "count_per_class": {"B1": 0, "B2": 1, "B3": 3, "B4": 0}, "side_index": 1}