{"image": "DAMIMAS_A21B_0702_4.jpg", "detector": "y26s", "detections": [{"class_name": "B4", "bbox_yolo": [0.31054410338401794, 0.21143798530101776, 0.18661169707775116, 0.14220039546489716], "conf": 0.6557614207267761}, {"class_name": "B3", "bbox_yolo": [0.5549372434616089, 0.2908689081668854, 0.18594379723072052, 0.17343094944953918], "conf": 0.6413992643356323}, {"class_name": "B3", "bbox_yolo": [0.315804123878479, 0.36701855063438416, 0.1963243931531906, 0.13805261254310608], "conf": 0.6287091970443726}, {"class_name": "B3", "bbox_yolo": [0.7302417159080505, 0.3405412435531616, 0.13698431849479675, 0.12391448020935059], "conf": 0.48375022411346436}], "count_per_class": {"B1": 0, "B2": 0, "B3": 3, "B4": 1}, "side_index": 3}