{"image": "DAMIMAS_A21B_0261_4.jpg", "detector": "y26s", "detections": [{"class_name": "B1", "bbox_yolo": [0.6121968626976013, 0.545171856880188, 0.18273882567882538, 0.14686651527881622], "conf": 0.31946131587028503}, {"class_name": "B2", "bbox_yolo": [0.4322759211063385, 0.5148760676383972, 0.15299083292484283, 0.11221828311681747], "conf": 0.2773407995700836}], "count_per_class": {"B1": 1, "B2": 1, "B3": 0, "B4": 0}, "side_index": 3}