{"image": "DAMIMAS_A21B_0189_4.jpg", "detector": "y26s", "detections": [{"class_name": "B3", "bbox_yolo": [0.36487117409706116, 0.47338828444480896, 0.11366704851388931, 0.09726529568433762], "conf": 0.33267974853515625}], "count_per_class": {"B1": 0, "B2": 0, "B3": 1, "B4": 0}, "side_index": 3}