{"image": "DAMIMAS_A21B_0179_2.jpg", "detector": "y26s", "detections": [{"class_name": "B3", "bbox_yolo": [0.41315093636512756, 0.3429724872112274, 0.13815896213054657, 0.12035608291625977], "conf": 0.6931554079055786}, {"class_name": "B3", "bbox_yolo": [0.584572970867157, 0.39740055799484253, 0.12051723152399063, 0.10413613170385361], "conf": 0.2927777171134949}], "count_per_class": {"B1": 0, "B2": 0, "B3": 2, "B4": 0}, "side_index": 1}