{"image": "DAMIMAS_A21B_0627_4.jpg", "detector": "y26s", "detections": [{"class_name": "B3", "bbox_yolo": [0.46522852778434753, 0.4488077163696289, 0.18190352618694305, 0.153716042637825], "conf": 0.5115548968315125}, {"class_name": "B2", "bbox_yolo": [0.1992216855287552, 0.46023160219192505, 0.14541907608509064, 0.12261207401752472], "conf": 0.31130191683769226}], "count_per_class": {"B1": 0, "B2": 1, "B3": 1, "B4": 0}, "side_index": 3}