{"image": "DAMIMAS_A21B_0451_1.jpg", "detector": "y26s", "detections": [{"class_name": "B3", "bbox_yolo": [0.6337046027183533, 0.4161352813243866, 0.09078026562929153, 0.06576766818761826], "conf": 0.500201940536499}, {"class_name": "B3", "bbox_yolo": [0.4756109416484833, 0.428793728351593, 0.06472451239824295, 0.07283931225538254], "conf": 0.44276073575019836}, {"class_name": "B3", "bbox_yolo": [0.5042440891265869, 0.43195900321006775, 0.11942171305418015, 0.08699267357587814], "conf": 0.26044732332229614}], "count_per_class": {"B1": 0, "B2": 0, "B3": 3, "B4": 0}, "side_index": 0}