{"image": "DAMIMAS_A21B_0325_1.jpg", "detector": "y26s", "detections": [{"class_name": "B3", "bbox_yolo": [0.6973850727081299, 0.4785958230495453, 0.14739742875099182, 0.1198558360338211], "conf": 0.3783852756023407}, {"class_name": "B3", "bbox_yolo": [0.6282867789268494, 0.37158679962158203, 0.12611497938632965, 0.10411036014556885], "conf": 0.37748733162879944}, {"class_name": "B2", "bbox_yolo": [0.3491690158843994, 0.4958949685096741, 0.19430802762508392, 0.14268694818019867], "conf": 0.327099084854126}, {"class_name": "B3", "bbox_yolo": [0.3491690158843994, 0.4958949685096741, 0.19430802762508392, 0.14268694818019867], "conf": 0.3144993185997009}], "count_per_class": {"B1": 0, "B2": 1, "B3": 3, "B4": 0}, "side_index": 0}