{"image": "DAMIMAS_A21B_0786_2.jpg", "detector": "y26s", "detections": [{"class_name": "B1", "bbox_yolo": [0.6380209922790527, 0.23872239887714386, 0.1213923841714859, 0.0942588672041893], "conf": 0.6528702974319458}, {"class_name": "B3", "bbox_yolo": [0.3677451014518738, 0.2550199627876282, 0.08773800730705261, 0.06944014877080917], "conf": 0.3041777014732361}], "count_per_class": {"B1": 1, "B2": 0, "B3": 1, "B4": 0}, "side_index": 1}