{"image": "DAMIMAS_A21B_0751_1.jpg", "detector": "y26s", "detections": [{"class_name": "B1", "bbox_yolo": [0.3303535580635071, 0.44123631715774536, 0.1626731902360916, 0.13868527114391327], "conf": 0.8308653831481934}, {"class_name": "B3", "bbox_yolo": [0.4934578239917755, 0.3897521197795868, 0.21391449868679047, 0.16843204200267792], "conf": 0.6281613111495972}, {"class_name": "B2", "bbox_yolo": [0.7282448410987854, 0.41050243377685547, 0.16997134685516357, 0.12769734859466553], "conf": 0.3881337642669678}, {"class_name": "B3", "bbox_yolo": [0.785657525062561, 0.31630921363830566, 0.12397925555706024, 0.08530571311712265], "conf": 0.3876509368419647}], "count_per_class": {"B1": 1, "B2": 1, "B3": 2, "B4": 0}, "side_index": 0}