{"image": "DAMIMAS_A21B_0195_2.jpg", "detector": "y26s", "detections": [{"class_name": "B1", "bbox_yolo": [0.5038922429084778, 0.3925357460975647, 0.13613206148147583, 0.1513022482395172], "conf": 0.4289706349372864}, {"class_name": "B3", "bbox_yolo": [0.31398072838783264, 0.39065423607826233, 0.12617944180965424, 0.1084841713309288], "conf": 0.42842841148376465}, {"class_name": "B3", "bbox_yolo": [0.649874210357666, 0.3515746593475342, 0.07602831721305847, 0.07836683094501495], "conf": 0.34844982624053955}, {"class_name": "B3", "bbox_yolo": [0.6477304697036743, 0.3567033112049103, 0.10523669421672821, 0.0954771563410759], "conf": 0.2705231010913849}], "count_per_class": {"B1": 1, "B2": 0, "B3": 3, "B4": 0}, "side_index": 1}