{"image": "DAMIMAS_A21B_0742_1.jpg", "detector": "y26s", "detections": [{"class_name": "B3", "bbox_yolo": [0.4077525734901428, 0.4717266261577606, 0.1276484578847885, 0.14234709739685059], "conf": 0.39004626870155334}, {"class_name": "B3", "bbox_yolo": [0.6347806453704834, 0.4289836883544922, 0.15283426642417908, 0.11667182296514511], "conf": 0.3291780352592468}, {"class_name": "B2", "bbox_yolo": [0.4077525734901428, 0.4717266261577606, 0.1276484578847885, 0.14234709739685059], "conf": 0.29547882080078125}], "count_per_class": {"B1": 0, "B2": 1, "B3": 2, "B4": 0}, "side_index": 0}