{"image": "DAMIMAS_A21B_0761_1.jpg", "detector": "y26s", "detections": [{"class_name": "B3", "bbox_yolo": [0.6663013696670532, 0.348623663187027, 0.16052024066448212, 0.1314639151096344], "conf": 0.6997689604759216}, {"class_name": "B1", "bbox_yolo": [0.2861364483833313, 0.44349774718284607, 0.17115920782089233, 0.1353835165500641], "conf": 0.5660015344619751}, {"class_name": "B3", "bbox_yolo": [0.4775564968585968, 0.3836369812488556, 0.17182843387126923, 0.12535691261291504], "conf": 0.5140234231948853}, {"class_name": "B2", "bbox_yolo": [0.7514476776123047, 0.456325501203537, 0.16956990957260132, 0.13966362178325653], "conf": 0.4342871904373169}], "count_per_class": {"B1": 1, "B2": 1, "B3": 2, "B4": 0}, "side_index": 0}