{"image": "DAMIMAS_A21B_0157_3.jpg", "detector": "y26s", "detections": [{"class_name": "B3", "bbox_yolo": [0.5861054062843323, 0.46080371737480164, 0.12179254740476608, 0.1161084696650505], "conf": 0.6252060532569885}, {"class_name": "B3", "bbox_yolo": [0.42316848039627075, 0.4903835356235504, 0.14803804457187653, 0.12272720783948898], "conf": 0.6237897872924805}, {"class_name": "B4", "bbox_yolo": [0.4694642126560211, 0.39477214217185974, 0.11597185581922531, 0.0853496566414833], "conf": 0.42582881450653076}, {"class_name": "B2", "bbox_yolo": [0.6743629574775696, 0.49942097067832947, 0.09281661361455917, 0.07858610153198242], "conf": 0.3127807676792145}], "count_per_class": {"B1": 0, "B2": 1, "B3": 2, "B4": 1}, "side_index": 2}