{"image": "DAMIMAS_A21B_0764_4.jpg", "detector": "y26s", "detections": [{"class_name": "B3", "bbox_yolo": [0.3196226954460144, 0.41621437668800354, 0.11212299019098282, 0.09062361717224121], "conf": 0.39913663268089294}, {"class_name": "B2", "bbox_yolo": [0.5682475566864014, 0.39772483706474304, 0.13068914413452148, 0.10629301518201828], "conf": 0.3936842083930969}], "count_per_class": {"B1": 0, "B2": 1, "B3": 1, "B4": 0}, "side_index": 3}