{"image": "DAMIMAS_A21B_0738_2.jpg", "detector": "y26s", "detections": [{"class_name": "B3", "bbox_yolo": [0.7857934236526489, 0.19354486465454102, 0.1604209989309311, 0.14194832742214203], "conf": 0.6359870433807373}, {"class_name": "B3", "bbox_yolo": [0.29521769285202026, 0.2633480727672577, 0.23008304834365845, 0.18761485815048218], "conf": 0.5924711227416992}, {"class_name": "B4", "bbox_yolo": [0.3964137136936188, 0.0988837257027626, 0.21557077765464783, 0.15775127708911896], "conf": 0.588718056678772}, {"class_name": "B3", "bbox_yolo": [0.558643102645874, 0.2272483855485916, 0.22293420135974884, 0.171104297041893], "conf": 0.4191671311855316}], "count_per_class": {"B1": 0, "B2": 0, "B3": 3, "B4": 1}, "side_index": 1}