{"image": "DAMIMAS_A21B_0494_3.jpg", "detector": "y26s", "detections": [{"class_name": "B3", "bbox_yolo": [0.3813818097114563, 0.34576913714408875, 0.12991943955421448, 0.09837906807661057], "conf": 0.6213886737823486}, {"class_name": "B1", "bbox_yolo": [0.6489545702934265, 0.3957052230834961, 0.11284307390451431, 0.09802465885877609], "conf": 0.3973240852355957}, {"class_name": "B3", "bbox_yolo": [0.6175313591957092, 0.31109440326690674, 0.079954594373703, 0.06033458933234215], "conf": 0.26446130871772766}], "count_per_class": {"B1": 1, "B2": 0, "B3": 2, "B4": 0}, "side_index": 2}