{"image": "DAMIMAS_A21B_0329_2.jpg", "detector": "y26s", "detections": [{"class_name": "B1", "bbox_yolo": [0.4784436821937561, 0.4098369777202606, 0.13233506679534912, 0.11662204563617706], "conf": 0.826797604560852}, {"class_name": "B3", "bbox_yolo": [0.32542911171913147, 0.39262276887893677, 0.08081290125846863, 0.07649879902601242], "conf": 0.2515912353992462}], "count_per_class": {"B1": 1, "B2": 0, "B3": 1, "B4": 0}, "side_index": 1}