{"image": "DAMIMAS_A21B_0152_1.jpg", "detector": "y26s", "detections": [{"class_name": "B3", "bbox_yolo": [0.45361948013305664, 0.42657575011253357, 0.06840506196022034, 0.08059249073266983], "conf": 0.5073770880699158}, {"class_name": "B3", "bbox_yolo": [0.6107231378555298, 0.4159195125102997, 0.061109863221645355, 0.05855267122387886], "conf": 0.34353893995285034}, {"class_name": "B3", "bbox_yolo": [0.5661563277244568, 0.4539075791835785, 0.08474207669496536, 0.06274371594190598], "conf": 0.3220352530479431}], "count_per_class": {"B1": 0, "B2": 0, "B3": 3, "B4": 0}, "side_index": 0}