{"image": "DAMIMAS_A21B_0452_3.jpg", "detector": "y26s", "detections": [{"class_name": "B1", "bbox_yolo": [0.45921775698661804, 0.3997657299041748, 0.07353929430246353, 0.06589557975530624], "conf": 0.5023467540740967}, {"class_name": "B1", "bbox_yolo": [0.6317389607429504, 0.3765828311443329, 0.08360736072063446, 0.06418933719396591], "conf": 0.34931260347366333}, {"class_name": "B3", "bbox_yolo": [0.7255947589874268, 0.3841298818588257, 0.06975549459457397, 0.06486716121435165], "conf": 0.2932228147983551}], "count_per_class": {"B1": 2, "B2": 0, "B3": 1, "B4": 0}, "side_index": 2}