{"image": "DAMIMAS_A21B_0818_8.jpg", "detector": "y26s", "detections": [{"class_name": "B1", "bbox_yolo": [0.44303861260414124, 0.33029088377952576, 0.1626126766204834, 0.14513707160949707], "conf": 0.722445011138916}, {"class_name": "B3", "bbox_yolo": [0.655858039855957, 0.32093414664268494, 0.14397603273391724, 0.11979210376739502], "conf": 0.5351307988166809}, {"class_name": "B3", "bbox_yolo": [0.33381858468055725, 0.2679230868816376, 0.11664632707834244, 0.09251087158918381], "conf": 0.42355117201805115}, {"class_name": "B2", "bbox_yolo": [0.26019787788391113, 0.3387816846370697, 0.1270943135023117, 0.11693360656499863], "conf": 0.2807975709438324}], "count_per_class": {"B1": 1, "B2": 1, "B3": 2, "B4": 0}, "side_index": 7}