{"image": "DAMIMAS_A21B_0495_2.jpg", "detector": "y26s", "detections": [{"class_name": "B3", "bbox_yolo": [0.3786415159702301, 0.28365787863731384, 0.11548424512147903, 0.09496142715215683], "conf": 0.3261241912841797}, {"class_name": "B3", "bbox_yolo": [0.5544461607933044, 0.24655485153198242, 0.07694448530673981, 0.0697469711303711], "conf": 0.31764885783195496}, {"class_name": "B3", "bbox_yolo": [0.6566908955574036, 0.2944051921367645, 0.07967434078454971, 0.07245798408985138], "conf": 0.2951900362968445}, {"class_name": "B4", "bbox_yolo": [0.4456911087036133, 0.21399131417274475, 0.1162804365158081, 0.08223365992307663], "conf": 0.2829578220844269}], "count_per_class": {"B1": 0, "B2": 0, "B3": 3, "B4": 1}, "side_index": 1}