{"image": "DAMIMAS_A21B_0199_1.jpg", "detector": "y26s", "detections": [{"class_name": "B3", "bbox_yolo": [0.4927360713481903, 0.5095519423484802, 0.1515437215566635, 0.13277588784694672], "conf": 0.6075695157051086}, {"class_name": "B3", "bbox_yolo": [0.38221144676208496, 0.46496516466140747, 0.11329883337020874, 0.08976149559020996], "conf": 0.36972567439079285}], "count_per_class": {"B1": 0, "B2": 0, "B3": 2, "B4": 0}, "side_index": 0}