{"image": "DAMIMAS_A21B_0096_3.jpg", "detector": "y26s", "detections": [{"class_name": "B3", "bbox_yolo": [0.5184856653213501, 0.4807179570198059, 0.12158257514238358, 0.09374576061964035], "conf": 0.36852383613586426}, {"class_name": "B3", "bbox_yolo": [0.37774065136909485, 0.4374964237213135, 0.08085944503545761, 0.0699000358581543], "conf": 0.34679755568504333}], "count_per_class": {"B1": 0, "B2": 0, "B3": 2, "B4": 0}, "side_index": 2}