{"image": "DAMIMAS_A21B_0843_2.jpg", "detector": "y26s", "detections": [{"class_name": "B3", "bbox_yolo": [0.4812970459461212, 0.49632295966148376, 0.06725241988897324, 0.050569918006658554], "conf": 0.41629692912101746}, {"class_name": "B2", "bbox_yolo": [0.37576058506965637, 0.5021670460700989, 0.0830535963177681, 0.05767646059393883], "conf": 0.32757049798965454}], "count_per_class": {"B1": 0, "B2": 1, "B3": 1, "B4": 0}, "side_index": 1}