{"image": "DAMIMAS_A21B_0848_5.jpg", "detector": "y26s", "detections": [{"class_name": "B3", "bbox_yolo": [0.6585248708724976, 0.5135575532913208, 0.08629932999610901, 0.06245694309473038], "conf": 0.5701887607574463}, {"class_name": "B3", "bbox_yolo": [0.44968748092651367, 0.5468847155570984, 0.1314900517463684, 0.09193973988294601], "conf": 0.4507670998573303}, {"class_name": "B4", "bbox_yolo": [0.42004066705703735, 0.466409295797348, 0.09295012801885605, 0.05852456018328667], "conf": 0.367851585149765}, {"class_name": "B4", "bbox_yolo": [0.4253317713737488, 0.4690011441707611, 0.11545334756374359, 0.07515354454517365], "conf": 0.2791184186935425}], "count_per_class": {"B1": 0, "B2": 0, "B3": 2, "B4": 2}, "side_index": 4}