{"image": "DAMIMAS_A21B_0513_1.jpg", "detector": "y26s", "detections": [{"class_name": "B3", "bbox_yolo": [0.573700487613678, 0.40928468108177185, 0.08403711766004562, 0.06508946418762207], "conf": 0.5156275033950806}, {"class_name": "B3", "bbox_yolo": [0.42404240369796753, 0.38611119985580444, 0.06282186508178711, 0.055262040346860886], "conf": 0.3268919289112091}], "count_per_class": {"B1": 0, "B2": 0, "B3": 2, "B4": 0}, "side_index": 0}