{"image": "DAMIMAS_A21B_0481_1.jpg", "detector": "y26s", "detections": [{"class_name": "B3", "bbox_yolo": [0.44778814911842346, 0.3676129877567291, 0.10670509934425354, 0.08790471404790878], "conf": 0.3591294586658478}, {"class_name": "B3", "bbox_yolo": [0.628348171710968, 0.3403630256652832, 0.0820198729634285, 0.0689992904663086], "conf": 0.32595568895339966}], "count_per_class": {"B1": 0, "B2": 0, "B3": 2, "B4": 0}, "side_index": 0}