{"image": "DAMIMAS_A21B_0740_4.jpg", "detector": "y26s", "detections": [{"class_name": "B3", "bbox_yolo": [0.3339729905128479, 0.21627262234687805, 0.18602263927459717, 0.16443930566310883], "conf": 0.7033654451370239}, {"class_name": "B3", "bbox_yolo": [0.5842381119728088, 0.26503053307533264, 0.17365342378616333, 0.19164970517158508], "conf": 0.6740859150886536}, {"class_name": "B3", "bbox_yolo": [0.24729828536510468, 0.31441187858581543, 0.1365233212709427, 0.12678487598896027], "conf": 0.323860228061676}, {"class_name": "B4", "bbox_yolo": [0.7043164968490601, 0.17723111808300018, 0.12314651161432266, 0.10712319612503052], "conf": 0.29030755162239075}], "count_per_class": {"B1": 0, "B2": 0, "B3": 3, "B4": 1}, "side_index": 3}