{"image": "DAMIMAS_A21B_0477_1.jpg", "detector": "y26s", "detections": [{"class_name": "B3", "bbox_yolo": [0.42496421933174133, 0.3790501058101654, 0.0818529799580574, 0.06549425423145294], "conf": 0.4493119418621063}, {"class_name": "B3", "bbox_yolo": [0.5276511907577515, 0.37851664423942566, 0.06725448369979858, 0.059462595731019974], "conf": 0.2703716456890106}], "count_per_class": {"B1": 0, "B2": 0, "B3": 2, "B4": 0}, "side_index": 0}