{"image": "DAMIMAS_A21B_0835_1.jpg", "detector": "y26s", "detections": [{"class_name": "B3", "bbox_yolo": [0.6135733723640442, 0.31460848450660706, 0.15410493314266205, 0.1582314521074295], "conf": 0.6801619529724121}, {"class_name": "B4", "bbox_yolo": [0.4394277036190033, 0.26436588168144226, 0.13295871019363403, 0.08831097930669785], "conf": 0.34714481234550476}, {"class_name": "B3", "bbox_yolo": [0.32568851113319397, 0.3504314422607422, 0.131927490234375, 0.11296301335096359], "conf": 0.26221156120300293}], "count_per_class": {"B1": 0, "B2": 0, "B3": 2, "B4": 1}, "side_index": 0}