{"image": "DAMIMAS_A21B_0770_4.jpg", "detector": "y26s", "detections": [{"class_name": "B3", "bbox_yolo": [0.615678071975708, 0.3981891870498657, 0.1676473766565323, 0.12794117629528046], "conf": 0.7054861187934875}, {"class_name": "B3", "bbox_yolo": [0.7440606951713562, 0.4741050899028778, 0.13940995931625366, 0.11098599433898926], "conf": 0.4925535023212433}, {"class_name": "B4", "bbox_yolo": [0.47115564346313477, 0.330668181180954, 0.15086966753005981, 0.09979813545942307], "conf": 0.44422462582588196}, {"class_name": "B3", "bbox_yolo": [0.38720566034317017, 0.43261662125587463, 0.15368817746639252, 0.11813073605298996], "conf": 0.40502774715423584}], "count_per_class": {"B1": 0, "B2": 0, "B3": 3, "B4": 1}, "side_index": 3}