{"image": "DAMIMAS_A21B_0298_3.jpg", "detector": "y26s", "detections": [{"class_name": "B3", "bbox_yolo": [0.4371487498283386, 0.5206143260002136, 0.14252637326717377, 0.13744811713695526], "conf": 0.5637185573577881}, {"class_name": "B3", "bbox_yolo": [0.6399675011634827, 0.49500614404678345, 0.1280272901058197, 0.11104660481214523], "conf": 0.5501032471656799}, {"class_name": "B3", "bbox_yolo": [0.48303404450416565, 0.40885868668556213, 0.12729158997535706, 0.09169869869947433], "conf": 0.38483041524887085}, {"class_name": "B4", "bbox_yolo": [0.48303404450416565, 0.40885868668556213, 0.12729158997535706, 0.09169869869947433], "conf": 0.3793524503707886}], "count_per_class": {"B1": 0, "B2": 0, "B3": 3, "B4": 1}, "side_index": 2}