{"image": "DAMIMAS_A21B_0236_1.jpg", "detector": "y26s", "detections": [{"class_name": "B3", "bbox_yolo": [0.6148764491081238, 0.3634914457798004, 0.14959405362606049, 0.1054975762963295], "conf": 0.5260605812072754}, {"class_name": "B3", "bbox_yolo": [0.3150874376296997, 0.32464441657066345, 0.13015881180763245, 0.08266272395849228], "conf": 0.3417355418205261}, {"class_name": "B3", "bbox_yolo": [0.7106509804725647, 0.3473702073097229, 0.10800310969352722, 0.10071852058172226], "conf": 0.2990899980068207}, {"class_name": "B2", "bbox_yolo": [0.3849200904369354, 0.39460042119026184, 0.137131005525589, 0.11466222256422043], "conf": 0.28457552194595337}], "count_per_class": {"B1": 0, "B2": 1, "B3": 3, "B4": 0}, "side_index": 0}