{"image": "DAMIMAS_A21B_0457_1.jpg", "detector": "y26s", "detections": [{"class_name": "B3", "bbox_yolo": [0.610876739025116, 0.4199002683162689, 0.08034878224134445, 0.07234831154346466], "conf": 0.3662616014480591}, {"class_name": "B4", "bbox_yolo": [0.636283278465271, 0.36560893058776855, 0.07417088001966476, 0.04537203535437584], "conf": 0.3425860106945038}, {"class_name": "B3", "bbox_yolo": [0.6894093155860901, 0.4194773733615875, 0.06250769644975662, 0.06354822963476181], "conf": 0.3176838755607605}, {"class_name": "B3", "bbox_yolo": [0.636283278465271, 0.36560893058776855, 0.07417088001966476, 0.04537203535437584], "conf": 0.28147244453430176}], "count_per_class": {"B1": 0, "B2": 0, "B3": 3, "B4": 1}, "side_index": 0}