{"image": "DAMIMAS_A21B_0082_1.jpg", "detector": "y26s", "detections": [{"class_name": "B3", "bbox_yolo": [0.3906704783439636, 0.5815563201904297, 0.1297944188117981, 0.10854630917310715], "conf": 0.6129152178764343}, {"class_name": "B3", "bbox_yolo": [0.5197950601577759, 0.5427386164665222, 0.1174774244427681, 0.10197043418884277], "conf": 0.4729914367198944}, {"class_name": "B1", "bbox_yolo": [0.6252622008323669, 0.5748403668403625, 0.12019259482622147, 0.10715794563293457], "conf": 0.32868850231170654}], "count_per_class": {"B1": 1, "B2": 0, "B3": 2, "B4": 0}, "side_index": 0}