{"image": "DAMIMAS_A21B_0483_2.jpg", "detector": "y26s", "detections": [{"class_name": "B1", "bbox_yolo": [0.6148084998130798, 0.5755464434623718, 0.10508550703525543, 0.09747352451086044], "conf": 0.48463883996009827}, {"class_name": "B1", "bbox_yolo": [0.6176062822341919, 0.5627266764640808, 0.0865742415189743, 0.07218127697706223], "conf": 0.34316062927246094}, {"class_name": "B4", "bbox_yolo": [0.4741462171077728, 0.49099627137184143, 0.07400986552238464, 0.05538907274603844], "conf": 0.32838207483291626}, {"class_name": "B3", "bbox_yolo": [0.5048772096633911, 0.5645415186882019, 0.10308228433132172, 0.08265500515699387], "conf": 0.3002720773220062}], "count_per_class": {"B1": 2, "B2": 0, "B3": 1, "B4": 1}, "side_index": 1}