{"image": "DAMIMAS_A21B_0186_4.jpg", "detector": "y26s", "detections": [{"class_name": "B3", "bbox_yolo": [0.37000200152397156, 0.24647942185401917, 0.13578806817531586, 0.11726853996515274], "conf": 0.39661654829978943}], "count_per_class": {"B1": 0, "B2": 0, "B3": 1, "B4": 0}, "side_index": 3}