{"image": "DAMIMAS_A21B_0784_2.jpg", "detector": "y26s", "detections": [{"class_name": "B3", "bbox_yolo": [0.6248704195022583, 0.10532011836767197, 0.12246755510568619, 0.11885912716388702], "conf": 0.25063183903694153}], "count_per_class": {"B1": 0, "B2": 0, "B3": 1, "B4": 0}, "side_index": 1}