{"image": "DAMIMAS_A21B_0234_4.jpg", "detector": "y26s", "detections": [{"class_name": "B3", "bbox_yolo": [0.305664598941803, 0.3031617999076843, 0.08545465767383575, 0.07228503376245499], "conf": 0.35047629475593567}, {"class_name": "B4", "bbox_yolo": [0.38134118914604187, 0.21934159100055695, 0.12290513515472412, 0.0884488970041275], "conf": 0.2985689342021942}, {"class_name": "B3", "bbox_yolo": [0.3107052445411682, 0.3092759847640991, 0.11805374175310135, 0.08769984543323517], "conf": 0.278288871049881}, {"class_name": "B3", "bbox_yolo": [0.47904539108276367, 0.27900320291519165, 0.13687856495380402, 0.10153555870056152], "conf": 0.25443795323371887}], "count_per_class": {"B1": 0, "B2": 0, "B3": 3, "B4": 1}, "side_index": 3}