{"image": "DAMIMAS_A21B_0158_3.jpg", "detector": "y26s", "detections": [{"class_name": "B3", "bbox_yolo": [0.3648134469985962, 0.47805270552635193, 0.11578023433685303, 0.08975964039564133], "conf": 0.4815857410430908}, {"class_name": "B4", "bbox_yolo": [0.4234265983104706, 0.4141573905944824, 0.06903111189603806, 0.05622720718383789], "conf": 0.2544339895248413}], "count_per_class": {"B1": 0, "B2": 0, "B3": 1, "B4": 1}, "side_index": 2}