{"image": "DAMIMAS_A21B_0356_1.jpg", "detector": "y26s", "detections": [{"class_name": "B1", "bbox_yolo": [0.425199031829834, 0.4622993469238281, 0.129349023103714, 0.09317727386951447], "conf": 0.584692656993866}, {"class_name": "B3", "bbox_yolo": [0.6068246960639954, 0.42718735337257385, 0.13593967258930206, 0.11867232620716095], "conf": 0.5143820643424988}, {"class_name": "B3", "bbox_yolo": [0.4855181574821472, 0.3833498954772949, 0.10898730158805847, 0.09061689674854279], "conf": 0.4890234172344208}, {"class_name": "B3", "bbox_yolo": [0.3486436903476715, 0.4003457725048065, 0.11040811985731125, 0.08728368580341339], "conf": 0.40874579548835754}], "count_per_class": {"B1": 1, "B2": 0, "B3": 3, "B4": 0}, "side_index": 0}