{"image": "DAMIMAS_A21B_0175_2.jpg", "detector": "y26s", "detections": [{"class_name": "B3", "bbox_yolo": [0.42816051840782166, 0.535587728023529, 0.13116303086280823, 0.10596318542957306], "conf": 0.6039597392082214}, {"class_name": "B3", "bbox_yolo": [0.6103221774101257, 0.5161440968513489, 0.10650660842657089, 0.08737697452306747], "conf": 0.333639532327652}, {"class_name": "B4", "bbox_yolo": [0.38608160614967346, 0.4466554820537567, 0.11739807575941086, 0.08167300373315811], "conf": 0.3233446180820465}, {"class_name": "B3", "bbox_yolo": [0.6123863458633423, 0.5126306414604187, 0.0902877226471901, 0.07984242588281631], "conf": 0.311408668756485}], "count_per_class": {"B1": 0, "B2": 0, "B3": 3, "B4": 1}, "side_index": 1}