{"image": "DAMIMAS_A21B_0768_3.jpg", "detector": "y26s", "detections": [{"class_name": "B3", "bbox_yolo": [0.3699983060359955, 0.3464159667491913, 0.13848477602005005, 0.10200746357440948], "conf": 0.5918512344360352}, {"class_name": "B1", "bbox_yolo": [0.5443987846374512, 0.3427468240261078, 0.13106581568717957, 0.12771379947662354], "conf": 0.45511120557785034}, {"class_name": "B3", "bbox_yolo": [0.6456764340400696, 0.3156823217868805, 0.10446052998304367, 0.09669406712055206], "conf": 0.3123421370983124}, {"class_name": "B2", "bbox_yolo": [0.5443987846374512, 0.3427468240261078, 0.13106581568717957, 0.12771379947662354], "conf": 0.2927649915218353}], "count_per_class": {"B1": 1, "B2": 1, "B3": 2, "B4": 0}, "side_index": 2}