{"image": "DAMIMAS_A21B_0194_2.jpg", "detector": "y26s", "detections": [{"class_name": "B3", "bbox_yolo": [0.3814563751220703, 0.40028342604637146, 0.13313783705234528, 0.10263416916131973], "conf": 0.40919575095176697}], "count_per_class": {"B1": 0, "B2": 0, "B3": 1, "B4": 0}, "side_index": 1}