{"image": "DAMIMAS_A21B_0129_3.jpg", "detector": "y26s", "detections": [{"class_name": "B3", "bbox_yolo": [0.5691010355949402, 0.45635414123535156, 0.14593417942523956, 0.11882572621107101], "conf": 0.5919010043144226}], "count_per_class": {"B1": 0, "B2": 0, "B3": 1, "B4": 0}, "side_index": 2}