{"image": "DAMIMAS_A21B_0578_1.jpg", "detector": "y26s", "detections": [{"class_name": "B2", "bbox_yolo": [0.5565708875656128, 0.41676005721092224, 0.1394776999950409, 0.1202007308602333], "conf": 0.5487958192825317}, {"class_name": "B3", "bbox_yolo": [0.40606948733329773, 0.41215917468070984, 0.12330164015293121, 0.10062127560377121], "conf": 0.27037957310676575}], "count_per_class": {"B1": 0, "B2": 1, "B3": 1, "B4": 0}, "side_index": 0}