{"image": "DAMIMAS_A21B_0294_2.jpg", "detector": "y26s", "detections": [{"class_name": "B3", "bbox_yolo": [0.49589574337005615, 0.48069021105766296, 0.12975451350212097, 0.12786583602428436], "conf": 0.6239916682243347}, {"class_name": "B3", "bbox_yolo": [0.6522910594940186, 0.5598495602607727, 0.16872088611125946, 0.12134289741516113], "conf": 0.4491690695285797}, {"class_name": "B3", "bbox_yolo": [0.28590643405914307, 0.6035043597221375, 0.07637340575456619, 0.07819485664367676], "conf": 0.28667426109313965}, {"class_name": "B3", "bbox_yolo": [0.371219277381897, 0.5317139029502869, 0.11810522526502609, 0.09579262882471085], "conf": 0.2564745545387268}], "count_per_class": {"B1": 0, "B2": 0, "B3": 4, "B4": 0}, "side_index": 1}