{"image": "DAMIMAS_A21B_0441_3.jpg", "detector": "y26s", "detections": [{"class_name": "B3", "bbox_yolo": [0.5813506841659546, 0.536730945110321, 0.06796366721391678, 0.054895590990781784], "conf": 0.33495697379112244}, {"class_name": "B3", "bbox_yolo": [0.4978054165840149, 0.5199567079544067, 0.06234188377857208, 0.060518886893987656], "conf": 0.28527161478996277}, {"class_name": "B2", "bbox_yolo": [0.43664172291755676, 0.5371537208557129, 0.06766097247600555, 0.05956387519836426], "conf": 0.26723986864089966}], "count_per_class": {"B1": 0, "B2": 1, "B3": 2, "B4": 0}, "side_index": 2}