{"image": "DAMIMAS_A21B_0257_2.jpg", "detector": "y26s", "detections": [{"class_name": "B3", "bbox_yolo": [0.6682562828063965, 0.4014541804790497, 0.07055912166833878, 0.06658297032117844], "conf": 0.5268834233283997}], "count_per_class": {"B1": 0, "B2": 0, "B3": 1, "B4": 0}, "side_index": 1}