{"image": "DAMIMAS_A21B_0658_2.jpg", "detector": "y26s", "detections": [{"class_name": "B3", "bbox_yolo": [0.6388667225837708, 0.2380196899175644, 0.15200398862361908, 0.12040229886770248], "conf": 0.5044795274734497}, {"class_name": "B3", "bbox_yolo": [0.28987157344818115, 0.2663186490535736, 0.07319369912147522, 0.07828972488641739], "conf": 0.26375409960746765}], "count_per_class": {"B1": 0, "B2": 0, "B3": 2, "B4": 0}, "side_index": 1}