{"image": "DAMIMAS_A21B_0291_3.jpg", "detector": "y26s", "detections": [{"class_name": "B3", "bbox_yolo": [0.6830576658248901, 0.2598187029361725, 0.11570746451616287, 0.10200774669647217], "conf": 0.25776809453964233}], "count_per_class": {"B1": 0, "B2": 0, "B3": 1, "B4": 0}, "side_index": 2}