{"image": "DAMIMAS_A21B_0047_4.jpg", "detector": "y26s", "detections": [{"class_name": "B3", "bbox_yolo": [0.355673611164093, 0.5237192511558533, 0.16184158623218536, 0.1364915817975998], "conf": 0.7086108922958374}, {"class_name": "B2", "bbox_yolo": [0.5168830156326294, 0.561754047870636, 0.13235613703727722, 0.09220486134290695], "conf": 0.3503456115722656}], "count_per_class": {"B1": 0, "B2": 1, "B3": 1, "B4": 0}, "side_index": 3}