{"image": "DAMIMAS_A21B_0444_1.jpg", "detector": "y26s", "detections": [{"class_name": "B3", "bbox_yolo": [0.40296685695648193, 0.39009952545166016, 0.08426667004823685, 0.06845977157354355], "conf": 0.43620428442955017}, {"class_name": "B1", "bbox_yolo": [0.5281537771224976, 0.4038291573524475, 0.07273432612419128, 0.059021856635808945], "conf": 0.2977787256240845}], "count_per_class": {"B1": 1, "B2": 0, "B3": 1, "B4": 0}, "side_index": 0}