{"image": "DAMIMAS_A21B_0208_4.jpg", "detector": "y26s", "detections": [{"class_name": "B3", "bbox_yolo": [0.35668304562568665, 0.40371713042259216, 0.12540017068386078, 0.0984530970454216], "conf": 0.5409994125366211}, {"class_name": "B3", "bbox_yolo": [0.5020306706428528, 0.367747962474823, 0.12481518089771271, 0.08573498576879501], "conf": 0.5036879181861877}], "count_per_class": {"B1": 0, "B2": 0, "B3": 2, "B4": 0}, "side_index": 3}