{"image": "DAMIMAS_A21B_0445_2.jpg", "detector": "y26s", "detections": [{"class_name": "B1", "bbox_yolo": [0.48667579889297485, 0.4205273687839508, 0.13127610087394714, 0.09223943203687668], "conf": 0.7422159910202026}, {"class_name": "B3", "bbox_yolo": [0.3556426763534546, 0.4017038345336914, 0.07214610278606415, 0.06338858604431152], "conf": 0.3806717097759247}, {"class_name": "B3", "bbox_yolo": [0.4187018871307373, 0.3610855042934418, 0.06626298278570175, 0.053934790194034576], "conf": 0.28193190693855286}], "count_per_class": {"B1": 1, "B2": 0, "B3": 2, "B4": 0}, "side_index": 1}