{"image": "DAMIMAS_A21B_0562_1.jpg", "detector": "y26s", "detections": [{"class_name": "B1", "bbox_yolo": [0.33061227202415466, 0.3436940610408783, 0.18749959766864777, 0.18329603970050812], "conf": 0.759718656539917}, {"class_name": "B3", "bbox_yolo": [0.6439009308815002, 0.22698287665843964, 0.1308879852294922, 0.10096738487482071], "conf": 0.3363876938819885}, {"class_name": "B4", "bbox_yolo": [0.6439009308815002, 0.22698287665843964, 0.1308879852294922, 0.10096738487482071], "conf": 0.29020869731903076}, {"class_name": "B3", "bbox_yolo": [0.5277336239814758, 0.31240925192832947, 0.15404333174228668, 0.1354132443666458], "conf": 0.27761563658714294}], "count_per_class": {"B1": 1, "B2": 0, "B3": 2, "B4": 1}, "side_index": 0}