{"image": "DAMIMAS_A21B_0451_3.jpg", "detector": "y26s", "detections": [{"class_name": "B3", "bbox_yolo": [0.7424390316009521, 0.5039578676223755, 0.07680327445268631, 0.07256736606359482], "conf": 0.36770832538604736}, {"class_name": "B3", "bbox_yolo": [0.6750824451446533, 0.4680231213569641, 0.07628879696130753, 0.06574106216430664], "conf": 0.34013643860816956}, {"class_name": "B1", "bbox_yolo": [0.43128442764282227, 0.5014368891716003, 0.11305815726518631, 0.10149498283863068], "conf": 0.2893991470336914}], "count_per_class": {"B1": 1, "B2": 0, "B3": 2, "B4": 0}, "side_index": 2}