{"image": "DAMIMAS_A21B_0405_2.jpg", "detector": "y26s", "detections": [{"class_name": "B3", "bbox_yolo": [0.5019196271896362, 0.360668808221817, 0.10749956965446472, 0.09608953446149826], "conf": 0.43903636932373047}, {"class_name": "B3", "bbox_yolo": [0.6423534154891968, 0.3719894289970398, 0.05667394399642944, 0.055858708918094635], "conf": 0.26448357105255127}], "count_per_class": {"B1": 0, "B2": 0, "B3": 2, "B4": 0}, "side_index": 1}