{"image": "DAMIMAS_A21B_0834_1.jpg", "detector": "y26s", "detections": [{"class_name": "B4", "bbox_yolo": [0.5181951522827148, 0.27608615159988403, 0.11319123208522797, 0.08879907429218292], "conf": 0.37477630376815796}, {"class_name": "B3", "bbox_yolo": [0.6758967041969299, 0.3689689338207245, 0.08326645195484161, 0.07355409115552902], "conf": 0.3330858647823334}, {"class_name": "B3", "bbox_yolo": [0.42698827385902405, 0.3395916521549225, 0.12028370797634125, 0.09420662373304367], "conf": 0.328827828168869}, {"class_name": "B3", "bbox_yolo": [0.580737829208374, 0.3571253716945648, 0.11872845143079758, 0.09970145672559738], "conf": 0.2799307405948639}], "count_per_class": {"B1": 0, "B2": 0, "B3": 3, "B4": 1}, "side_index": 0}