{"image": "DAMIMAS_A21B_0132_1.jpg", "detector": "y26s", "detections": [{"class_name": "B3", "bbox_yolo": [0.5740277767181396, 0.40599632263183594, 0.12463182210922241, 0.10023581981658936], "conf": 0.4084716737270355}, {"class_name": "B4", "bbox_yolo": [0.46778154373168945, 0.36877408623695374, 0.11044693738222122, 0.0838053748011589], "conf": 0.2665257751941681}], "count_per_class": {"B1": 0, "B2": 0, "B3": 1, "B4": 1}, "side_index": 0}