{"image": "DAMIMAS_A21B_0018_3.jpg", "detector": "y26s", "detections": [{"class_name": "B3", "bbox_yolo": [0.39433446526527405, 0.5265501141548157, 0.11194795370101929, 0.0867558941245079], "conf": 0.3494035005569458}, {"class_name": "B3", "bbox_yolo": [0.6080018877983093, 0.5261250734329224, 0.0654042586684227, 0.0653953105211258], "conf": 0.30456751585006714}], "count_per_class": {"B1": 0, "B2": 0, "B3": 2, "B4": 0}, "side_index": 2}