{"image": "DAMIMAS_A21B_0063_3.jpg", "detector": "y26s", "detections": [{"class_name": "B1", "bbox_yolo": [0.5856708884239197, 0.5874423384666443, 0.11564700305461884, 0.09037857502698898], "conf": 0.6401939988136292}, {"class_name": "B3", "bbox_yolo": [0.46401646733283997, 0.5793619751930237, 0.10776812583208084, 0.09495630115270615], "conf": 0.32699090242385864}, {"class_name": "B3", "bbox_yolo": [0.35339483618736267, 0.5699034929275513, 0.1093316450715065, 0.09628105163574219], "conf": 0.32144638895988464}], "count_per_class": {"B1": 1, "B2": 0, "B3": 2, "B4": 0}, "side_index": 2}