{"image": "DAMIMAS_A21B_0811_8.jpg", "detector": "y26s", "detections": [{"class_name": "B1", "bbox_yolo": [0.6215380430221558, 0.4374412000179291, 0.12203478068113327, 0.09885942935943604], "conf": 0.4822610020637512}, {"class_name": "B3", "bbox_yolo": [0.5799817442893982, 0.35267719626426697, 0.11411155760288239, 0.09396407753229141], "conf": 0.40328189730644226}, {"class_name": "B3", "bbox_yolo": [0.33524125814437866, 0.38978034257888794, 0.07376112043857574, 0.08099966496229172], "conf": 0.36820247769355774}, {"class_name": "B3", "bbox_yolo": [0.3403722941875458, 0.3903873562812805, 0.10252587497234344, 0.09074590355157852], "conf": 0.3111513555049896}], "count_per_class": {"B1": 1, "B2": 0, "B3": 3, "B4": 0}, "side_index": 7}