{"image": "DAMIMAS_A21B_0323_4.jpg", "detector": "y26s", "detections": [{"class_name": "B3", "bbox_yolo": [0.6717888116836548, 0.4348870813846588, 0.13687090575695038, 0.1111539825797081], "conf": 0.5483521819114685}, {"class_name": "B3", "bbox_yolo": [0.464679479598999, 0.4397757053375244, 0.11928492039442062, 0.11869535595178604], "conf": 0.27285128831863403}, {"class_name": "B4", "bbox_yolo": [0.5675789713859558, 0.3573111295700073, 0.1308206021785736, 0.09540629386901855], "conf": 0.2593914568424225}, {"class_name": "B3", "bbox_yolo": [0.3040112853050232, 0.4063384234905243, 0.13357681035995483, 0.11174702644348145], "conf": 0.2571322023868561}], "count_per_class": {"B1": 0, "B2": 0, "B3": 3, "B4": 1}, "side_index": 3}