{"image": "DAMIMAS_A21B_0267_4.jpg", "detector": "y26s", "detections": [{"class_name": "B1", "bbox_yolo": [0.3498366177082062, 0.48317423462867737, 0.1287992298603058, 0.13347020745277405], "conf": 0.7426978945732117}, {"class_name": "B3", "bbox_yolo": [0.44144245982170105, 0.3941405117511749, 0.13319620490074158, 0.10009875148534775], "conf": 0.5885261297225952}], "count_per_class": {"B1": 1, "B2": 0, "B3": 1, "B4": 0}, "side_index": 3}