{"image": "DAMIMAS_A21B_0477_4.jpg", "detector": "y26s", "detections": [{"class_name": "B3", "bbox_yolo": [0.5665675401687622, 0.4458480775356293, 0.08087018877267838, 0.06292915344238281], "conf": 0.3790355622768402}, {"class_name": "B3", "bbox_yolo": [0.3701982796192169, 0.44179201126098633, 0.06691259145736694, 0.06791920959949493], "conf": 0.3711584210395813}, {"class_name": "B3", "bbox_yolo": [0.4489213526248932, 0.4541146457195282, 0.07684790343046188, 0.06927265971899033], "conf": 0.3696161210536957}], "count_per_class": {"B1": 0, "B2": 0, "B3": 3, "B4": 0}, "side_index": 3}