{"image": "DAMIMAS_A21B_0277_2.jpg", "detector": "y26s", "detections": [{"class_name": "B3", "bbox_yolo": [0.3414691984653473, 0.44899845123291016, 0.16422517597675323, 0.13906331360340118], "conf": 0.506913959980011}, {"class_name": "B3", "bbox_yolo": [0.6326477527618408, 0.38909491896629333, 0.09635823965072632, 0.06059877946972847], "conf": 0.32299137115478516}], "count_per_class": {"B1": 0, "B2": 0, "B3": 2, "B4": 0}, "side_index": 1}