{"image": "DAMIMAS_A21B_0126_4.jpg", "detector": "y26s", "detections": [{"class_name": "B3", "bbox_yolo": [0.6398877501487732, 0.41692858934402466, 0.12126725912094116, 0.09938476234674454], "conf": 0.556982696056366}, {"class_name": "B1", "bbox_yolo": [0.33400917053222656, 0.46498480439186096, 0.1477222740650177, 0.11784124374389648], "conf": 0.4055740535259247}, {"class_name": "B2", "bbox_yolo": [0.6965445280075073, 0.4887116849422455, 0.11490250378847122, 0.10456209629774094], "conf": 0.3396778702735901}, {"class_name": "B2", "bbox_yolo": [0.33400917053222656, 0.46498480439186096, 0.1477222740650177, 0.11784124374389648], "conf": 0.3146189749240875}], "count_per_class": {"B1": 1, "B2": 2, "B3": 1, "B4": 0}, "side_index": 3}