{"image": "DAMIMAS_A21B_0297_3.jpg", "detector": "y26s", "detections": [{"class_name": "B3", "bbox_yolo": [0.35935258865356445, 0.41977864503860474, 0.17339655756950378, 0.14931264519691467], "conf": 0.609308660030365}, {"class_name": "B3", "bbox_yolo": [0.5644580721855164, 0.36276596784591675, 0.13453713059425354, 0.13889585435390472], "conf": 0.5347614288330078}, {"class_name": "B4", "bbox_yolo": [0.38775140047073364, 0.3238695561885834, 0.09087581932544708, 0.06049785763025284], "conf": 0.2901383936405182}], "count_per_class": {"B1": 0, "B2": 0, "B3": 2, "B4": 1}, "side_index": 2}