{"image": "DAMIMAS_A21B_0833_8.jpg", "detector": "y26s", "detections": [{"class_name": "B3", "bbox_yolo": [0.634644091129303, 0.4021839201450348, 0.17752476036548615, 0.1384383738040924], "conf": 0.6330331563949585}, {"class_name": "B3", "bbox_yolo": [0.2784186899662018, 0.4371313750743866, 0.17064082622528076, 0.15652625262737274], "conf": 0.5390152335166931}, {"class_name": "B3", "bbox_yolo": [0.43171992897987366, 0.35399243235588074, 0.15663224458694458, 0.11541276425123215], "conf": 0.49142470955848694}, {"class_name": "B4", "bbox_yolo": [0.43171992897987366, 0.35399243235588074, 0.15663224458694458, 0.11541276425123215], "conf": 0.2905412018299103}], "count_per_class": {"B1": 0, "B2": 0, "B3": 3, "B4": 1}, "side_index": 7}