{"image": "DAMIMAS_A21B_0269_1.jpg", "detector": "y26s", "detections": [{"class_name": "B3", "bbox_yolo": [0.6770470142364502, 0.48554858565330505, 0.146713525056839, 0.12586437165737152], "conf": 0.6977676153182983}, {"class_name": "B3", "bbox_yolo": [0.3936314582824707, 0.4719087779521942, 0.1634155958890915, 0.13667702674865723], "conf": 0.6693243980407715}], "count_per_class": {"B1": 0, "B2": 0, "B3": 2, "B4": 0}, "side_index": 0}