{"image": "DAMIMAS_A21B_0822_1.jpg", "detector": "y26s", "detections": [{"class_name": "B3", "bbox_yolo": [0.6690965294837952, 0.37206965684890747, 0.08464992046356201, 0.05381929874420166], "conf": 0.3870503008365631}, {"class_name": "B3", "bbox_yolo": [0.3833550214767456, 0.45323944091796875, 0.1263871192932129, 0.10314974933862686], "conf": 0.3827540874481201}, {"class_name": "B3", "bbox_yolo": [0.6277132630348206, 0.43772244453430176, 0.1198452040553093, 0.09368572384119034], "conf": 0.3274669349193573}], "count_per_class": {"B1": 0, "B2": 0, "B3": 3, "B4": 0}, "side_index": 0}