{"image": "DAMIMAS_A21B_0546_2.jpg", "detector": "y26s", "detections": [{"class_name": "B3", "bbox_yolo": [0.5320385694503784, 0.4353066384792328, 0.138865128159523, 0.11874232441186905], "conf": 0.700603187084198}, {"class_name": "B3", "bbox_yolo": [0.38312309980392456, 0.4510325491428375, 0.1305997669696808, 0.10534589737653732], "conf": 0.5590235590934753}, {"class_name": "B3", "bbox_yolo": [0.6605597138404846, 0.41554078459739685, 0.07630297541618347, 0.07539868354797363], "conf": 0.2889478802680969}, {"class_name": "B3", "bbox_yolo": [0.6716518998146057, 0.43014898896217346, 0.11361408978700638, 0.10451042652130127], "conf": 0.25451311469078064}], "count_per_class": {"B1": 0, "B2": 0, "B3": 4, "B4": 0}, "side_index": 1}