{"image": "DAMIMAS_A21B_0702_3.jpg", "detector": "y26s", "detections": [{"class_name": "B3", "bbox_yolo": [0.341892808675766, 0.30896297097206116, 0.20220723748207092, 0.14649680256843567], "conf": 0.647953450679779}, {"class_name": "B3", "bbox_yolo": [0.7315835952758789, 0.2785469591617584, 0.1463327556848526, 0.12835052609443665], "conf": 0.45508435368537903}, {"class_name": "B3", "bbox_yolo": [0.611771821975708, 0.3632470667362213, 0.2233695536851883, 0.16351424157619476], "conf": 0.32453885674476624}, {"class_name": "B4", "bbox_yolo": [0.5251498818397522, 0.18385891616344452, 0.21607434749603271, 0.18317368626594543], "conf": 0.2945498526096344}], "count_per_class": {"B1": 0, "B2": 0, "B3": 3, "B4": 1}, "side_index": 2}