{"image": "DAMIMAS_A21B_0818_2.jpg", "detector": "y26s", "detections": [{"class_name": "B3", "bbox_yolo": [0.48056966066360474, 0.3819253146648407, 0.16576631367206573, 0.12574096024036407], "conf": 0.6265949010848999}, {"class_name": "B2", "bbox_yolo": [0.6361703276634216, 0.4064297676086426, 0.18041884899139404, 0.14027230441570282], "conf": 0.5379652380943298}, {"class_name": "B3", "bbox_yolo": [0.32905808091163635, 0.4066951274871826, 0.12324336916208267, 0.10456202179193497], "conf": 0.3686624765396118}], "count_per_class": {"B1": 0, "B2": 1, "B3": 2, "B4": 0}, "side_index": 1}