{"image": "DAMIMAS_A21B_0460_3.jpg", "detector": "y26s", "detections": [{"class_name": "B3", "bbox_yolo": [0.46933797001838684, 0.4180002808570862, 0.08826141804456711, 0.0612429641187191], "conf": 0.49245914816856384}, {"class_name": "B1", "bbox_yolo": [0.562757670879364, 0.4501020610332489, 0.09177189320325851, 0.06557273864746094], "conf": 0.339400053024292}, {"class_name": "B3", "bbox_yolo": [0.3639453947544098, 0.43724414706230164, 0.07860002666711807, 0.08010249584913254], "conf": 0.2881768047809601}], "count_per_class": {"B1": 1, "B2": 0, "B3": 2, "B4": 0}, "side_index": 2}