{"image": "DAMIMAS_A21B_0103_4.jpg", "detector": "y26s", "detections": [{"class_name": "B3", "bbox_yolo": [0.3437458574771881, 0.43695446848869324, 0.19149044156074524, 0.1384902000427246], "conf": 0.6539989709854126}, {"class_name": "B4", "bbox_yolo": [0.3213740885257721, 0.3355376422405243, 0.1305498480796814, 0.08220646530389786], "conf": 0.4019814431667328}, {"class_name": "B3", "bbox_yolo": [0.232542023062706, 0.38832464814186096, 0.06946741789579391, 0.058638859540224075], "conf": 0.34454110264778137}, {"class_name": "B3", "bbox_yolo": [0.5650407075881958, 0.4571254849433899, 0.1983235776424408, 0.13535714149475098], "conf": 0.258739709854126}], "count_per_class": {"B1": 0, "B2": 0, "B3": 3, "B4": 1}, "side_index": 3}