{"image": "DAMIMAS_A21B_0592_4.jpg", "detector": "y26s", "detections": [{"class_name": "B1", "bbox_yolo": [0.2327454835176468, 0.5573957562446594, 0.1540619283914566, 0.1530536711215973], "conf": 0.8693826794624329}, {"class_name": "B3", "bbox_yolo": [0.3741384744644165, 0.48818501830101013, 0.19647552073001862, 0.16153673827648163], "conf": 0.5262457728385925}, {"class_name": "B3", "bbox_yolo": [0.7036709785461426, 0.4482075273990631, 0.16567803919315338, 0.15874424576759338], "conf": 0.5090048313140869}, {"class_name": "B2", "bbox_yolo": [0.3741384744644165, 0.48818501830101013, 0.19647552073001862, 0.16153673827648163], "conf": 0.25676965713500977}], "count_per_class": {"B1": 1, "B2": 1, "B3": 2, "B4": 0}, "side_index": 3}