{"image": "DAMIMAS_A21B_0469_3.jpg", "detector": "y26s", "detections": [{"class_name": "B3", "bbox_yolo": [0.39366695284843445, 0.4169987142086029, 0.11322371661663055, 0.10706472396850586], "conf": 0.3800238370895386}], "count_per_class": {"B1": 0, "B2": 0, "B3": 1, "B4": 0}, "side_index": 2}