{"image": "DAMIMAS_A21B_0508_3.jpg", "detector": "y26s", "detections": [{"class_name": "B3", "bbox_yolo": [0.5549064874649048, 0.42637425661087036, 0.12214400619268417, 0.10504370182752609], "conf": 0.4331373870372772}, {"class_name": "B4", "bbox_yolo": [0.5749831199645996, 0.3374428451061249, 0.11478354781866074, 0.08022899925708771], "conf": 0.3750288486480713}, {"class_name": "B3", "bbox_yolo": [0.4421185553073883, 0.3703974187374115, 0.11654914915561676, 0.0818328857421875], "conf": 0.3328319787979126}, {"class_name": "B3", "bbox_yolo": [0.6827709078788757, 0.39651185274124146, 0.07321256399154663, 0.06329984962940216], "conf": 0.3119204342365265}], "count_per_class": {"B1": 0, "B2": 0, "B3": 3, "B4": 1}, "side_index": 2}