{"image": "DAMIMAS_A21B_0059_2.jpg", "detector": "y26s", "detections": [{"class_name": "B1", "bbox_yolo": [0.6152462959289551, 0.5074405670166016, 0.10546977072954178, 0.09087543934583664], "conf": 0.3018088638782501}, {"class_name": "B1", "bbox_yolo": [0.6195404529571533, 0.5043089985847473, 0.08145205676555634, 0.07819552719593048], "conf": 0.2993679642677307}, {"class_name": "B3", "bbox_yolo": [0.36852291226387024, 0.5120043158531189, 0.1034579649567604, 0.0841483622789383], "conf": 0.272792249917984}, {"class_name": "B3", "bbox_yolo": [0.36566150188446045, 0.5082077980041504, 0.08306446671485901, 0.06963396072387695], "conf": 0.269887775182724}], "count_per_class": {"B1": 2, "B2": 0, "B3": 2, "B4": 0}, "side_index": 1}