{"image": "DAMIMAS_A21B_0155_4.jpg", "detector": "y26s", "detections": [{"class_name": "B1", "bbox_yolo": [0.4869381785392761, 0.48415517807006836, 0.1525503545999527, 0.13406577706336975], "conf": 0.6912041306495667}, {"class_name": "B3", "bbox_yolo": [0.45092082023620605, 0.3781197965145111, 0.13188476860523224, 0.09715695679187775], "conf": 0.537354588508606}, {"class_name": "B3", "bbox_yolo": [0.6020809412002563, 0.4126172959804535, 0.11478538811206818, 0.10290775448083878], "conf": 0.4904210567474365}, {"class_name": "B3", "bbox_yolo": [0.3204009532928467, 0.45877447724342346, 0.13462817668914795, 0.1055048480629921], "conf": 0.2636781930923462}], "count_per_class": {"B1": 1, "B2": 0, "B3": 3, "B4": 0}, "side_index": 3}