{"image": "DAMIMAS_A21B_0833_7.jpg", "detector": "y26s", "detections": [{"class_name": "B1", "bbox_yolo": [0.6574652791023254, 0.4815758764743805, 0.16416271030902863, 0.1442365199327469], "conf": 0.6927633881568909}, {"class_name": "B3", "bbox_yolo": [0.45450252294540405, 0.4429856240749359, 0.1481555700302124, 0.1367775946855545], "conf": 0.5695157647132874}], "count_per_class": {"B1": 1, "B2": 0, "B3": 1, "B4": 0}, "side_index": 6}