{"image": "DAMIMAS_A21B_0308_4.jpg", "detector": "y26s", "detections": [{"class_name": "B3", "bbox_yolo": [0.3974931240081787, 0.41014233231544495, 0.15495212376117706, 0.12902246415615082], "conf": 0.6098774075508118}, {"class_name": "B3", "bbox_yolo": [0.6175341606140137, 0.3635139465332031, 0.17784100770950317, 0.1375596821308136], "conf": 0.33816099166870117}, {"class_name": "B3", "bbox_yolo": [0.7421772480010986, 0.4580853581428528, 0.11862742900848389, 0.12853021919727325], "conf": 0.2850894331932068}], "count_per_class": {"B1": 0, "B2": 0, "B3": 3, "B4": 0}, "side_index": 3}