{"image": "DAMIMAS_A21B_0062_3.jpg", "detector": "y26s", "detections": [{"class_name": "B3", "bbox_yolo": [0.42711615562438965, 0.37764984369277954, 0.141717791557312, 0.12546196579933167], "conf": 0.64222651720047}, {"class_name": "B1", "bbox_yolo": [0.5928884148597717, 0.3942982256412506, 0.13701948523521423, 0.11857195198535919], "conf": 0.5679150819778442}], "count_per_class": {"B1": 1, "B2": 0, "B3": 1, "B4": 0}, "side_index": 2}