{"image": "DAMIMAS_A21B_0731_4.jpg", "detector": "y26s", "detections": [{"class_name": "B3", "bbox_yolo": [0.33772528171539307, 0.21905885636806488, 0.2654988765716553, 0.1808728277683258], "conf": 0.7538013458251953}, {"class_name": "B3", "bbox_yolo": [0.8059322237968445, 0.3160322606563568, 0.1517714262008667, 0.10743103176355362], "conf": 0.2878868579864502}], "count_per_class": {"B1": 0, "B2": 0, "B3": 2, "B4": 0}, "side_index": 3}