{"image": "DAMIMAS_A21B_0019_2.jpg", "detector": "y26s", "detections": [{"class_name": "B3", "bbox_yolo": [0.5738375782966614, 0.48383989930152893, 0.10573861002922058, 0.0924462303519249], "conf": 0.4834029972553253}, {"class_name": "B3", "bbox_yolo": [0.44486427307128906, 0.5051108598709106, 0.11504370719194412, 0.09488721191883087], "conf": 0.3845718204975128}, {"class_name": "B1", "bbox_yolo": [0.648864209651947, 0.5158606767654419, 0.10522766411304474, 0.09163456410169601], "conf": 0.3439161777496338}, {"class_name": "B2", "bbox_yolo": [0.6502199769020081, 0.5133600234985352, 0.08524475246667862, 0.08085894584655762], "conf": 0.32490620017051697}], "count_per_class": {"B1": 1, "B2": 1, "B3": 2, "B4": 0}, "side_index": 1}