{"image": "DAMIMAS_A21B_0839_1.jpg", "detector": "y26s", "detections": [{"class_name": "B1", "bbox_yolo": [0.6990469694137573, 0.41244933009147644, 0.13616810739040375, 0.12560462951660156], "conf": 0.8460891842842102}, {"class_name": "B3", "bbox_yolo": [0.6080945134162903, 0.3376252353191376, 0.13250453770160675, 0.11757242679595947], "conf": 0.656701385974884}, {"class_name": "B3", "bbox_yolo": [0.27639126777648926, 0.3697555959224701, 0.10464143007993698, 0.11160385608673096], "conf": 0.4514906704425812}, {"class_name": "B3", "bbox_yolo": [0.4176762104034424, 0.37909290194511414, 0.1611260175704956, 0.1352064162492752], "conf": 0.40972140431404114}], "count_per_class": {"B1": 1, "B2": 0, "B3": 3, "B4": 0}, "side_index": 0}