{"image": "DAMIMAS_A21B_0108_4.jpg", "detector": "y26s", "detections": [{"class_name": "B3", "bbox_yolo": [0.5549008250236511, 0.5275752544403076, 0.11119525134563446, 0.08864889293909073], "conf": 0.3747601807117462}, {"class_name": "B3", "bbox_yolo": [0.4220049977302551, 0.5050115585327148, 0.10974878072738647, 0.08980126678943634], "conf": 0.29685288667678833}, {"class_name": "B2", "bbox_yolo": [0.6371108293533325, 0.5417370200157166, 0.06654383987188339, 0.06744422763586044], "conf": 0.2818090319633484}], "count_per_class": {"B1": 0, "B2": 1, "B3": 2, "B4": 0}, "side_index": 3}