{"image": "DAMIMAS_A21B_0004_1.jpg", "detector": "y26s", "detections": [{"class_name": "B3", "bbox_yolo": [0.33241456747055054, 0.457658976316452, 0.12907728552818298, 0.10162901878356934], "conf": 0.3991214334964752}], "count_per_class": {"B1": 0, "B2": 0, "B3": 1, "B4": 0}, "side_index": 0}