{"image": "DAMIMAS_A21B_0330_3.jpg", "detector": "y26s", "detections": [{"class_name": "B1", "bbox_yolo": [0.6765867471694946, 0.41412851214408875, 0.13223204016685486, 0.112540103495121], "conf": 0.8463860154151917}, {"class_name": "B4", "bbox_yolo": [0.6098697781562805, 0.3172268569469452, 0.10586605966091156, 0.08669693768024445], "conf": 0.34166038036346436}, {"class_name": "B3", "bbox_yolo": [0.48167726397514343, 0.3713800609111786, 0.07658084481954575, 0.07497000694274902], "conf": 0.3416564166545868}], "count_per_class": {"B1": 1, "B2": 0, "B3": 1, "B4": 1}, "side_index": 2}