{"image": "DAMIMAS_A21B_0642_2.jpg", "detector": "y26s", "detections": [{"class_name": "B2", "bbox_yolo": [0.6687908172607422, 0.3138290047645569, 0.2843896448612213, 0.25079604983329773], "conf": 0.38396942615509033}, {"class_name": "B1", "bbox_yolo": [0.6687908172607422, 0.3138290047645569, 0.2843896448612213, 0.25079604983329773], "conf": 0.37969595193862915}, {"class_name": "B3", "bbox_yolo": [0.46025946736335754, 0.21582260727882385, 0.20617447793483734, 0.1424342393875122], "conf": 0.37517714500427246}, {"class_name": "B4", "bbox_yolo": [0.46025946736335754, 0.21582260727882385, 0.20617447793483734, 0.1424342393875122], "conf": 0.3726547658443451}], "count_per_class": {"B1": 1, "B2": 1, "B3": 1, "B4": 1}, "side_index": 1}