{"image": "DAMIMAS_A21B_0184_2.jpg", "detector": "y26s", "detections": [{"class_name": "B3", "bbox_yolo": [0.5285980701446533, 0.5036249160766602, 0.125912606716156, 0.10250363498926163], "conf": 0.5980172753334045}, {"class_name": "B3", "bbox_yolo": [0.38847264647483826, 0.4807954728603363, 0.1278768926858902, 0.10640435665845871], "conf": 0.4375588595867157}], "count_per_class": {"B1": 0, "B2": 0, "B3": 2, "B4": 0}, "side_index": 1}