{"image": "DAMIMAS_A21B_0171_1.jpg", "detector": "y26s", "detections": [{"class_name": "B3", "bbox_yolo": [0.539315402507782, 0.5300981402397156, 0.1228349432349205, 0.09720297157764435], "conf": 0.45904970169067383}, {"class_name": "B3", "bbox_yolo": [0.3273676037788391, 0.500998854637146, 0.08449182659387589, 0.06549692153930664], "conf": 0.31995755434036255}, {"class_name": "B3", "bbox_yolo": [0.3351100981235504, 0.5106551051139832, 0.1147163137793541, 0.09100127220153809], "conf": 0.2733761966228485}, {"class_name": "B3", "bbox_yolo": [0.5243329405784607, 0.5216493010520935, 0.08308424055576324, 0.07442927360534668], "conf": 0.2675481140613556}], "count_per_class": {"B1": 0, "B2": 0, "B3": 4, "B4": 0}, "side_index": 0}