{"image": "DAMIMAS_A21B_0823_1.jpg", "detector": "y26s", "detections": [{"class_name": "B3", "bbox_yolo": [0.5337948203086853, 0.4000545144081116, 0.13260257244110107, 0.10354824364185333], "conf": 0.4457016587257385}, {"class_name": "B3", "bbox_yolo": [0.4862940013408661, 0.48794880509376526, 0.11858231574296951, 0.09061336517333984], "conf": 0.25246936082839966}], "count_per_class": {"B1": 0, "B2": 0, "B3": 2, "B4": 0}, "side_index": 0}