{"image": "DAMIMAS_A21B_0033_2.jpg", "detector": "y26s", "detections": [{"class_name": "B3", "bbox_yolo": [0.6323130130767822, 0.41635963320732117, 0.08609161525964737, 0.06558284908533096], "conf": 0.36454203724861145}, {"class_name": "B3", "bbox_yolo": [0.4204288721084595, 0.429918497800827, 0.0789773017168045, 0.07752299308776855], "conf": 0.2750236988067627}, {"class_name": "B3", "bbox_yolo": [0.417746365070343, 0.43745261430740356, 0.11152341216802597, 0.09638488292694092], "conf": 0.27128270268440247}], "count_per_class": {"B1": 0, "B2": 0, "B3": 3, "B4": 0}, "side_index": 1}