{"image": "DAMIMAS_A21B_0048_1.jpg", "detector": "y26s", "detections": [{"class_name": "B3", "bbox_yolo": [0.36400288343429565, 0.49282893538475037, 0.11380336433649063, 0.10302157700061798], "conf": 0.48913222551345825}, {"class_name": "B3", "bbox_yolo": [0.49391287565231323, 0.5116422772407532, 0.13213495910167694, 0.12110166996717453], "conf": 0.4471190571784973}, {"class_name": "B2", "bbox_yolo": [0.49391287565231323, 0.5116422772407532, 0.13213495910167694, 0.12110166996717453], "conf": 0.327486515045166}], "count_per_class": {"B1": 0, "B2": 1, "B3": 2, "B4": 0}, "side_index": 0}