{"image": "DAMIMAS_A21B_0080_1.jpg", "detector": "y26s", "detections": [{"class_name": "B1", "bbox_yolo": [0.4140534996986389, 0.5192223191261292, 0.14590226113796234, 0.09770746529102325], "conf": 0.42993438243865967}], "count_per_class": {"B1": 1, "B2": 0, "B3": 0, "B4": 0}, "side_index": 0}