{"image": "DAMIMAS_A21B_0013_1.jpg", "detector": "y26s", "detections": [{"class_name": "B3", "bbox_yolo": [0.4176916480064392, 0.5424692034721375, 0.0849105566740036, 0.06005067750811577], "conf": 0.37563803791999817}], "count_per_class": {"B1": 0, "B2": 0, "B3": 1, "B4": 0}, "side_index": 0}