{"image": "DAMIMAS_A21B_0057_2.jpg", "detector": "y26s", "detections": [{"class_name": "B1", "bbox_yolo": [0.48079660534858704, 0.46310311555862427, 0.07323093712329865, 0.07140221446752548], "conf": 0.29099905490875244}], "count_per_class": {"B1": 1, "B2": 0, "B3": 0, "B4": 0}, "side_index": 1}