{"image": "DAMIMAS_A21B_0583_1.jpg", "detector": "y26s", "detections": [{"class_name": "B1", "bbox_yolo": [0.3070981502532959, 0.49318787455558777, 0.18570256233215332, 0.1495213508605957], "conf": 0.8615792393684387}, {"class_name": "B3", "bbox_yolo": [0.7119970321655273, 0.46286869049072266, 0.18146337568759918, 0.13262419402599335], "conf": 0.3437100350856781}, {"class_name": "B2", "bbox_yolo": [0.7119970321655273, 0.46286869049072266, 0.18146337568759918, 0.13262419402599335], "conf": 0.3175574839115143}], "count_per_class": {"B1": 1, "B2": 1, "B3": 1, "B4": 0}, "side_index": 0}