{"image": "DAMIMAS_A21B_0788_1.jpg", "detector": "y26s", "detections": [{"class_name": "B1", "bbox_yolo": [0.31508365273475647, 0.3764397203922272, 0.1821211576461792, 0.1795525848865509], "conf": 0.7422515749931335}, {"class_name": "B3", "bbox_yolo": [0.4764726161956787, 0.33783912658691406, 0.18484535813331604, 0.13024072349071503], "conf": 0.6948490738868713}, {"class_name": "B3", "bbox_yolo": [0.7104489803314209, 0.3543860912322998, 0.16417822241783142, 0.11730003356933594], "conf": 0.5548790097236633}], "count_per_class": {"B1": 1, "B2": 0, "B3": 2, "B4": 0}, "side_index": 0}