{"image": "DAMIMAS_A21B_0363_1.jpg", "detector": "y26s", "detections": [{"class_name": "B3", "bbox_yolo": [0.5447880029678345, 0.363387793302536, 0.12138621509075165, 0.08801453560590744], "conf": 0.39013993740081787}, {"class_name": "B3", "bbox_yolo": [0.31391870975494385, 0.39239129424095154, 0.07627398520708084, 0.07773575931787491], "conf": 0.36813589930534363}, {"class_name": "B3", "bbox_yolo": [0.3875245153903961, 0.34068480134010315, 0.11024049669504166, 0.09333934634923935], "conf": 0.35560342669487}, {"class_name": "B3", "bbox_yolo": [0.3218003511428833, 0.39539963006973267, 0.1063486784696579, 0.08921010792255402], "conf": 0.2694501280784607}], "count_per_class": {"B1": 0, "B2": 0, "B3": 4, "B4": 0}, "side_index": 0}