{"image": "DAMIMAS_A21B_0796_1.jpg", "detector": "y26s", "detections": [{"class_name": "B3", "bbox_yolo": [0.29119059443473816, 0.3677879869937897, 0.1545836329460144, 0.13294093310832977], "conf": 0.6381227374076843}, {"class_name": "B3", "bbox_yolo": [0.49064546823501587, 0.42987871170043945, 0.2242393046617508, 0.1543348878622055], "conf": 0.6118319630622864}, {"class_name": "B3", "bbox_yolo": [0.8242489099502563, 0.351428747177124, 0.16402697563171387, 0.1304389089345932], "conf": 0.5707905888557434}], "count_per_class": {"B1": 0, "B2": 0, "B3": 3, "B4": 0}, "side_index": 0}