{"image": "DAMIMAS_A21B_0289_3.jpg", "detector": "y26s", "detections": [{"class_name": "B1", "bbox_yolo": [0.5989847779273987, 0.6393269896507263, 0.05984014272689819, 0.0531497485935688], "conf": 0.3019998371601105}, {"class_name": "B1", "bbox_yolo": [0.3526020646095276, 0.6253448724746704, 0.05952485650777817, 0.058039236813783646], "conf": 0.2576755881309509}], "count_per_class": {"B1": 2, "B2": 0, "B3": 0, "B4": 0}, "side_index": 2}