{"image": "DAMIMAS_A21B_0143_1.jpg", "detector": "y26s", "detections": [{"class_name": "B3", "bbox_yolo": [0.40956857800483704, 0.4403347969055176, 0.14760278165340424, 0.11852190643548965], "conf": 0.7281893491744995}, {"class_name": "B3", "bbox_yolo": [0.5824839472770691, 0.4577258229255676, 0.12491665780544281, 0.10384469479322433], "conf": 0.43612581491470337}], "count_per_class": {"B1": 0, "B2": 0, "B3": 2, "B4": 0}, "side_index": 0}