{"image": "DAMIMAS_A21B_0774_1.jpg", "detector": "y26s", "detections": [{"class_name": "B3", "bbox_yolo": [0.3400082588195801, 0.32992538809776306, 0.1463971883058548, 0.09463854134082794], "conf": 0.4585879445075989}, {"class_name": "B2", "bbox_yolo": [0.528991162776947, 0.3087935149669647, 0.1580570936203003, 0.11005835980176926], "conf": 0.3183412253856659}], "count_per_class": {"B1": 0, "B2": 1, "B3": 1, "B4": 0}, "side_index": 0}