{"image": "DAMIMAS_A21B_0471_3.jpg", "detector": "y26s", "detections": [{"class_name": "B3", "bbox_yolo": [0.5002552270889282, 0.38405919075012207, 0.10373535752296448, 0.09316541999578476], "conf": 0.4399549067020416}], "count_per_class": {"B1": 0, "B2": 0, "B3": 1, "B4": 0}, "side_index": 2}