{"image": "DAMIMAS_A21B_0811_4.jpg", "detector": "y26s", "detections": [{"class_name": "B1", "bbox_yolo": [0.49037137627601624, 0.3993382155895233, 0.13567791879177094, 0.10492606461048126], "conf": 0.5627055168151855}, {"class_name": "B3", "bbox_yolo": [0.3243543207645416, 0.3867959678173065, 0.13964411616325378, 0.1173819825053215], "conf": 0.3380542993545532}, {"class_name": "B3", "bbox_yolo": [0.44945675134658813, 0.3171177804470062, 0.14412616193294525, 0.08973278850317001], "conf": 0.313995897769928}, {"class_name": "B4", "bbox_yolo": [0.44945675134658813, 0.3171177804470062, 0.14412616193294525, 0.08973278850317001], "conf": 0.31010186672210693}], "count_per_class": {"B1": 1, "B2": 0, "B3": 2, "B4": 1}, "side_index": 3}