{"image": "LONSUM_A21A_0002_4.jpg", "detector": "y26s", "detections": [{"class_name": "B3", "bbox_yolo": [0.3977246880531311, 0.47971874475479126, 0.11185344308614731, 0.1039697676897049], "conf": 0.47420409321784973}, {"class_name": "B3", "bbox_yolo": [0.2940380275249481, 0.477963924407959, 0.07106905430555344, 0.0656648650765419], "conf": 0.4375171959400177}, {"class_name": "B3", "bbox_yolo": [0.5715802311897278, 0.4517957270145416, 0.1168922483921051, 0.09188919514417648], "conf": 0.31909143924713135}], "count_per_class": {"B1": 0, "B2": 0, "B3": 3, "B4": 0}, "side_index": 3}