{"image": "LONSUM_A21A_0043_2.jpg", "detector": "y26s", "detections": [{"class_name": "B3", "bbox_yolo": [0.29473572969436646, 0.43914681673049927, 0.07826866209506989, 0.08020730316638947], "conf": 0.299796998500824}], "count_per_class": {"B1": 0, "B2": 0, "B3": 1, "B4": 0}, "side_index": 1}