{"image": "LONSUM_A21A_0002_3.jpg", "detector": "y26s", "detections": [{"class_name": "B3", "bbox_yolo": [0.5655075907707214, 0.47125646471977234, 0.1493046134710312, 0.1153753325343132], "conf": 0.47761160135269165}, {"class_name": "B3", "bbox_yolo": [0.352446585893631, 0.45779791474342346, 0.11843271553516388, 0.09929819405078888], "conf": 0.2898567020893097}], "count_per_class": {"B1": 0, "B2": 0, "B3": 2, "B4": 0}, "side_index": 2}