{"image": "LONSUM_A21A_0088_1.jpg", "detector": "y26s", "detections": [{"class_name": "B3", "bbox_yolo": [0.3923757076263428, 0.39793530106544495, 0.07583428174257278, 0.0621291883289814], "conf": 0.27354198694229126}], "count_per_class": {"B1": 0, "B2": 0, "B3": 1, "B4": 0}, "side_index": 0}