{"image": "LONSUM_A21A_0006_4.jpg", "detector": "y26s", "detections": [{"class_name": "B3", "bbox_yolo": [0.7158762812614441, 0.5185562372207642, 0.13560861349105835, 0.10720481723546982], "conf": 0.35511407256126404}, {"class_name": "B3", "bbox_yolo": [0.31898149847984314, 0.49115172028541565, 0.11171557754278183, 0.09147100895643234], "conf": 0.2810921370983124}], "count_per_class": {"B1": 0, "B2": 0, "B3": 2, "B4": 0}, "side_index": 3}