{"image": "LONSUM_A21A_0079_4.jpg", "detector": "y26s", "detections": [{"class_name": "B3", "bbox_yolo": [0.42142581939697266, 0.1482428014278412, 0.06153126060962677, 0.05557053163647652], "conf": 0.2609872817993164}], "count_per_class": {"B1": 0, "B2": 0, "B3": 1, "B4": 0}, "side_index": 3}