{"image": "LONSUM_A21A_0007_2.jpg", "detector": "y26s", "detections": [{"class_name": "B3", "bbox_yolo": [0.6507814526557922, 0.4423856735229492, 0.13975170254707336, 0.12041733413934708], "conf": 0.5740519762039185}, {"class_name": "B3", "bbox_yolo": [0.48982053995132446, 0.43014517426490784, 0.1589466780424118, 0.12189040333032608], "conf": 0.3284357190132141}], "count_per_class": {"B1": 0, "B2": 0, "B3": 2, "B4": 0}, "side_index": 1}