{"image": "LONSUM_A21A_0045_3.jpg", "detector": "y26s", "detections": [{"class_name": "B3", "bbox_yolo": [0.3928391933441162, 0.46010294556617737, 0.07017898559570312, 0.06722512096166611], "conf": 0.26358330249786377}], "count_per_class": {"B1": 0, "B2": 0, "B3": 1, "B4": 0}, "side_index": 2}