{"image": "LONSUM_A21A_0002_2.jpg", "detector": "y26s", "detections": [{"class_name": "B3", "bbox_yolo": [0.4540848135948181, 0.46689778566360474, 0.12125972658395767, 0.10697513073682785], "conf": 0.4380672574043274}, {"class_name": "B3", "bbox_yolo": [0.6239389181137085, 0.4634517729282379, 0.12482694536447525, 0.09158068150281906], "conf": 0.421271950006485}, {"class_name": "B3", "bbox_yolo": [0.6892896890640259, 0.5422422289848328, 0.09115626662969589, 0.07423730194568634], "conf": 0.3609544038772583}], "count_per_class": {"B1": 0, "B2": 0, "B3": 3, "B4": 0}, "side_index": 1}