{"image": "LONSUM_A21A_0023_2.jpg", "detector": "y26s", "detections": [{"class_name": "B3", "bbox_yolo": [0.6120259761810303, 0.44476452469825745, 0.07316354662179947, 0.06109657511115074], "conf": 0.3062289357185364}], "count_per_class": {"B1": 0, "B2": 0, "B3": 1, "B4": 0}, "side_index": 1}