{"image": "LONSUM_A21A_0033_4.jpg", "detector": "y26s", "detections": [{"class_name": "B3", "bbox_yolo": [0.381466269493103, 0.43783774971961975, 0.0848439559340477, 0.07181825488805771], "conf": 0.33775001764297485}, {"class_name": "B3", "bbox_yolo": [0.3858649730682373, 0.44272491335868835, 0.10443799197673798, 0.08233218640089035], "conf": 0.28396835923194885}], "count_per_class": {"B1": 0, "B2": 0, "B3": 2, "B4": 0}, "side_index": 3}