{"image": "LONSUM_A21A_0009_4.jpg", "detector": "y26s", "detections": [{"class_name": "B3", "bbox_yolo": [0.4229119122028351, 0.42103105783462524, 0.13795888423919678, 0.11422224342823029], "conf": 0.46820002794265747}], "count_per_class": {"B1": 0, "B2": 0, "B3": 1, "B4": 0}, "side_index": 3}