{"image": "LONSUM_A21A_0033_3.jpg", "detector": "y26s", "detections": [{"class_name": "B3", "bbox_yolo": [0.4809633195400238, 0.4421381950378418, 0.0731033980846405, 0.07736034691333771], "conf": 0.2819347083568573}], "count_per_class": {"B1": 0, "B2": 0, "B3": 1, "B4": 0}, "side_index": 2}