{"image": "LONSUM_A21A_0026_2.jpg", "detector": "y26s", "detections": [{"class_name": "B3", "bbox_yolo": [0.3731708228588104, 0.46420690417289734, 0.12380384653806686, 0.09412894397974014], "conf": 0.5842913389205933}], "count_per_class": {"B1": 0, "B2": 0, "B3": 1, "B4": 0}, "side_index": 1}