{"image": "LONSUM_A21A_0059_2.jpg", "detector": "y26s", "detections": [{"class_name": "B3", "bbox_yolo": [0.6161941289901733, 0.4808156192302704, 0.0756223052740097, 0.06833305209875107], "conf": 0.33087849617004395}, {"class_name": "B3", "bbox_yolo": [0.547222375869751, 0.3969903886318207, 0.15312984585762024, 0.11244376003742218], "conf": 0.27905288338661194}, {"class_name": "B4", "bbox_yolo": [0.6577765345573425, 0.3706197440624237, 0.11158333718776703, 0.08940386772155762], "conf": 0.2513279616832733}], "count_per_class": {"B1": 0, "B2": 0, "B3": 2, "B4": 1}, "side_index": 1}