{"image": "LONSUM_A21A_0066_1.jpg", "detector": "y26s", "detections": [{"class_name": "B3", "bbox_yolo": [0.29853498935699463, 0.40799185633659363, 0.14456570148468018, 0.14400723576545715], "conf": 0.42152196168899536}], "count_per_class": {"B1": 0, "B2": 0, "B3": 1, "B4": 0}, "side_index": 0}