{"image": "LONSUM_A21A_0070_3.jpg", "detector": "y26s", "detections": [{"class_name": "B3", "bbox_yolo": [0.4967968761920929, 0.39536044001579285, 0.11666816473007202, 0.09034817665815353], "conf": 0.2979671359062195}], "count_per_class": {"B1": 0, "B2": 0, "B3": 1, "B4": 0}, "side_index": 2}