{"image": "LONSUM_A21A_0010_1.jpg", "detector": "y26s", "detections": [{"class_name": "B3", "bbox_yolo": [0.5921854972839355, 0.2685573697090149, 0.14210717380046844, 0.09993784874677658], "conf": 0.5956093668937683}, {"class_name": "B3", "bbox_yolo": [0.7072402238845825, 0.3620617091655731, 0.13339723646640778, 0.09677892178297043], "conf": 0.37757521867752075}, {"class_name": "B2", "bbox_yolo": [0.7072402238845825, 0.3620617091655731, 0.13339723646640778, 0.09677892178297043], "conf": 0.27615901827812195}], "count_per_class": {"B1": 0, "B2": 1, "B3": 2, "B4": 0}, "side_index": 0}