{"image": "LONSUM_A21A_0021_2.jpg", "detector": "y26s", "detections": [{"class_name": "B3", "bbox_yolo": [0.36669960618019104, 0.3741534650325775, 0.08284810930490494, 0.0702461525797844], "conf": 0.3452504277229309}, {"class_name": "B3", "bbox_yolo": [0.6175395846366882, 0.3900027871131897, 0.07710152119398117, 0.06932780891656876], "conf": 0.29150351881980896}, {"class_name": "B3", "bbox_yolo": [0.34014537930488586, 0.4322148263454437, 0.0676455870270729, 0.06666479259729385], "conf": 0.26580315828323364}], "count_per_class": {"B1": 0, "B2": 0, "B3": 3, "B4": 0}, "side_index": 1}