{"image": "LONSUM_A21A_0004_1.jpg", "detector": "y26s", "detections": [{"class_name": "B3", "bbox_yolo": [0.5744652152061462, 0.41531702876091003, 0.06697915494441986, 0.06173763424158096], "conf": 0.2593584954738617}], "count_per_class": {"B1": 0, "B2": 0, "B3": 1, "B4": 0}, "side_index": 0}