{"image": "LONSUM_A21A_0029_1.jpg", "detector": "y26s", "detections": [{"class_name": "B3", "bbox_yolo": [0.3605336546897888, 0.4759094715118408, 0.07224159687757492, 0.05213470384478569], "conf": 0.3565419316291809}, {"class_name": "B3", "bbox_yolo": [0.43247148394584656, 0.44509705901145935, 0.08230969309806824, 0.05355229601264], "conf": 0.32920995354652405}, {"class_name": "B3", "bbox_yolo": [0.5754325985908508, 0.4668526351451874, 0.06166769936680794, 0.057479191571474075], "conf": 0.25093063712120056}], "count_per_class": {"B1": 0, "B2": 0, "B3": 3, "B4": 0}, "side_index": 0}