{"image": "LONSUM_A21A_0092_2.jpg", "detector": "y26s", "detections": [{"class_name": "B3", "bbox_yolo": [0.6110422015190125, 0.2264864444732666, 0.07207317650318146, 0.0699654221534729], "conf": 0.3158129155635834}], "count_per_class": {"B1": 0, "B2": 0, "B3": 1, "B4": 0}, "side_index": 1}