{"image": "LONSUM_A21A_0081_1.jpg", "detector": "y26s", "detections": [{"class_name": "B3", "bbox_yolo": [0.5725386738777161, 0.16672681272029877, 0.06041794270277023, 0.06539718061685562], "conf": 0.2983574867248535}], "count_per_class": {"B1": 0, "B2": 0, "B3": 1, "B4": 0}, "side_index": 0}