{"image": "LONSUM_A21A_0064_4.jpg", "detector": "y26s", "detections": [{"class_name": "B1", "bbox_yolo": [0.6273602843284607, 0.3269396126270294, 0.2048063427209854, 0.163638636469841], "conf": 0.606461226940155}], "count_per_class": {"B1": 1, "B2": 0, "B3": 0, "B4": 0}, "side_index": 3}