{"image": "LONSUM_A21A_0091_3.jpg", "detector": "y26s", "detections": [{"class_name": "B3", "bbox_yolo": [0.6211847066879272, 0.2744885981082916, 0.06049709767103195, 0.048503853380680084], "conf": 0.3167823553085327}], "count_per_class": {"B1": 0, "B2": 0, "B3": 1, "B4": 0}, "side_index": 2}