{"image": "LONSUM_A21A_0036_3.jpg", "detector": "y26s", "detections": [{"class_name": "B3", "bbox_yolo": [0.38462233543395996, 0.45394620299339294, 0.06329762190580368, 0.05166821554303169], "conf": 0.4274424612522125}, {"class_name": "B3", "bbox_yolo": [0.5369579792022705, 0.3395429253578186, 0.07707132399082184, 0.06660554558038712], "conf": 0.3761364817619324}, {"class_name": "B3", "bbox_yolo": [0.4027377963066101, 0.3674428462982178, 0.08069541305303574, 0.060300279408693314], "conf": 0.3096177279949188}], "count_per_class": {"B1": 0, "B2": 0, "B3": 3, "B4": 0}, "side_index": 2}