{"image": "LONSUM_A21A_0035_1.jpg", "detector": "y26s", "detections": [{"class_name": "B3", "bbox_yolo": [0.5484951734542847, 0.4502667486667633, 0.06954889744520187, 0.06345424801111221], "conf": 0.4176049530506134}, {"class_name": "B3", "bbox_yolo": [0.46381208300590515, 0.46702679991722107, 0.08011618256568909, 0.05576815828680992], "conf": 0.3546197712421417}], "count_per_class": {"B1": 0, "B2": 0, "B3": 2, "B4": 0}, "side_index": 0}