{"image": "LONSUM_A21A_0007_4.jpg", "detector": "y26s", "detections": [{"class_name": "B3", "bbox_yolo": [0.39530277252197266, 0.4878848195075989, 0.1932409405708313, 0.18472841382026672], "conf": 0.6950286626815796}, {"class_name": "B3", "bbox_yolo": [0.6285412907600403, 0.5407440066337585, 0.2157210111618042, 0.15712261199951172], "conf": 0.5680669546127319}], "count_per_class": {"B1": 0, "B2": 0, "B3": 2, "B4": 0}, "side_index": 3}