{"image": "LONSUM_A21A_0005_3.jpg", "detector": "y26s", "detections": [{"class_name": "B3", "bbox_yolo": [0.35604575276374817, 0.4778323769569397, 0.06826665252447128, 0.054983045905828476], "conf": 0.3162306845188141}], "count_per_class": {"B1": 0, "B2": 0, "B3": 1, "B4": 0}, "side_index": 2}