{"image": "LONSUM_A21A_0010_2.jpg", "detector": "y26s", "detections": [{"class_name": "B3", "bbox_yolo": [0.5097883939743042, 0.43114835023880005, 0.13929705321788788, 0.11802520602941513], "conf": 0.28692784905433655}], "count_per_class": {"B1": 0, "B2": 0, "B3": 1, "B4": 0}, "side_index": 1}