{"image": "LONSUM_A21A_0053_3.jpg", "detector": "y26s", "detections": [{"class_name": "B3", "bbox_yolo": [0.42550718784332275, 0.48469972610473633, 0.08013315498828888, 0.06689281761646271], "conf": 0.4449620544910431}], "count_per_class": {"B1": 0, "B2": 0, "B3": 1, "B4": 0}, "side_index": 2}