{"image": "LONSUM_A21A_0027_4.jpg", "detector": "y26s", "detections": [{"class_name": "B3", "bbox_yolo": [0.3787895441055298, 0.4729914367198944, 0.13281510770320892, 0.10972557216882706], "conf": 0.4893464744091034}, {"class_name": "B3", "bbox_yolo": [0.6441555619239807, 0.4794873297214508, 0.1484384685754776, 0.09989609569311142], "conf": 0.38711681962013245}, {"class_name": "B3", "bbox_yolo": [0.50020432472229, 0.42216071486473083, 0.120175302028656, 0.12049465626478195], "conf": 0.30989891290664673}], "count_per_class": {"B1": 0, "B2": 0, "B3": 3, "B4": 0}, "side_index": 3}