{"image": "LONSUM_A21A_0056_4.jpg", "detector": "y26s", "detections": [{"class_name": "B3", "bbox_yolo": [0.3928723931312561, 0.4334203898906708, 0.07333892583847046, 0.0679100975394249], "conf": 0.25735384225845337}], "count_per_class": {"B1": 0, "B2": 0, "B3": 1, "B4": 0}, "side_index": 3}