{
  "test": {
    "n_trees": 95,
    "MAE_B1": 0.45263157894736844,
    "bias_B1": -0.09473684210526316,
    "acc_pm1_B1": 0.9157894736842105,
    "MAE_B2": 1.231578947368421,
    "bias_B2": -0.17894736842105263,
    "acc_pm1_B2": 0.6842105263157895,
    "MAE_B3": 1.631578947368421,
    "bias_B3": 0.2,
    "acc_pm1_B3": 0.49473684210526314,
    "MAE_B4": 1.4210526315789473,
    "bias_B4": 0.2631578947368421,
    "acc_pm1_B4": 0.5789473684210527,
    "macro_class_mae": 1.1842105263157894,
    "macro_acc_pm1": 0.6684210526315789,
    "total_count_mae": 2.336842105263158,
    "total_pm1_acc": 0.4105263157894737,
    "exact_profile_acc": 0.0,
    "split": "test"
  },
  "val": {
    "n_trees": 95,
    "MAE_B1": 0.4,
    "bias_B1": -0.021052631578947368,
    "acc_pm1_B1": 0.9578947368421052,
    "MAE_B2": 1.1157894736842104,
    "bias_B2": 0.16842105263157894,
    "acc_pm1_B2": 0.6736842105263158,
    "MAE_B3": 1.768421052631579,
    "bias_B3": 0.08421052631578947,
    "acc_pm1_B3": 0.4842105263157895,
    "MAE_B4": 1.3473684210526315,
    "bias_B4": 0.12631578947368421,
    "acc_pm1_B4": 0.6105263157894737,
    "macro_class_mae": 1.157894736842105,
    "macro_acc_pm1": 0.6815789473684211,
    "total_count_mae": 2.0631578947368423,
    "total_pm1_acc": 0.4,
    "exact_profile_acc": 0.031578947368421054,
    "split": "val"
  }
}