{"image": "DAMIMAS_A21B_0242_4.jpg", "detector": "y26n", "detections": [{"class_name": "B3", "bbox_yolo": [0.7647104263305664, 0.3089420795440674, 0.14536234736442566, 0.12264974415302277], "conf": 0.5295096635818481}, {"class_name": "B3", "bbox_yolo": [0.43692874908447266, 0.3272697627544403, 0.1822020262479782, 0.12076785415410995], "conf": 0.27161794900894165}, {"class_name": "B3", "bbox_yolo": [0.5782185196876526, 0.25995072722435, 0.21221086382865906, 0.15134167671203613], "conf": 0.2677450478076935}], "count_per_class": {"B1": 0, "B2": 0, "B3": 3, "B4": 0}, "side_index": 3}