{"image": "DAMIMAS_A21B_0752_1.jpg", "detector": "y26n", "detections": [{"class_name": "B3", "bbox_yolo": [0.7100487351417542, 0.40560635924339294, 0.1184423491358757, 0.10551083087921143], "conf": 0.5994504690170288}, {"class_name": "B2", "bbox_yolo": [0.43245503306388855, 0.45814022421836853, 0.1907573789358139, 0.15878582000732422], "conf": 0.4633066952228546}, {"class_name": "B3", "bbox_yolo": [0.43245503306388855, 0.45814022421836853, 0.1907573789358139, 0.15878582000732422], "conf": 0.42233139276504517}], "count_per_class": {"B1": 0, "B2": 1, "B3": 2, "B4": 0}, "side_index": 0}