{"image": "DAMIMAS_A21B_0041_1.jpg", "detector": "y26n", "detections": [{"class_name": "B3", "bbox_yolo": [0.4818512499332428, 0.5483759045600891, 0.09909630566835403, 0.07168622314929962], "conf": 0.5290607213973999}, {"class_name": "B3", "bbox_yolo": [0.3794565796852112, 0.5706969499588013, 0.09415951371192932, 0.07585006207227707], "conf": 0.49361652135849}, {"class_name": "B4", "bbox_yolo": [0.5544980764389038, 0.5109939575195312, 0.07776610553264618, 0.05931420251727104], "conf": 0.33826133608818054}, {"class_name": "B2", "bbox_yolo": [0.5738768577575684, 0.5732735991477966, 0.09121043235063553, 0.06943058967590332], "conf": 0.3085174858570099}], "count_per_class": {"B1": 0, "B2": 1, "B3": 2, "B4": 1}, "side_index": 0}