{"image": "DAMIMAS_A21B_0745_2.jpg", "detector": "y26n", "detections": [{"class_name": "B3", "bbox_yolo": [0.6455596089363098, 0.3630284070968628, 0.13249963521957397, 0.10636553913354874], "conf": 0.6406883597373962}, {"class_name": "B3", "bbox_yolo": [0.4360051453113556, 0.4028471112251282, 0.12589995563030243, 0.1417882889509201], "conf": 0.4971460700035095}, {"class_name": "B4", "bbox_yolo": [0.5170273780822754, 0.29243454337120056, 0.11730426549911499, 0.07458692044019699], "conf": 0.3456248939037323}], "count_per_class": {"B1": 0, "B2": 0, "B3": 2, "B4": 1}, "side_index": 1}