{"image": "DAMIMAS_A21B_0849_5.jpg", "detector": "y26n", "detections": [{"class_name": "B2", "bbox_yolo": [0.6364560723304749, 0.41054725646972656, 0.11679808795452118, 0.09839754551649094], "conf": 0.6104036569595337}, {"class_name": "B3", "bbox_yolo": [0.4925990104675293, 0.3859148621559143, 0.14026884734630585, 0.11179383099079132], "conf": 0.3525731861591339}], "count_per_class": {"B1": 0, "B2": 1, "B3": 1, "B4": 0}, "side_index": 4}