{"image": "DAMIMAS_A21B_0357_3.jpg", "detector": "y26n", "detections": [{"class_name": "B3", "bbox_yolo": [0.3751138746738434, 0.30375272035598755, 0.09302657842636108, 0.07778215408325195], "conf": 0.37585198879241943}, {"class_name": "B3", "bbox_yolo": [0.6461624503135681, 0.278797447681427, 0.06128845363855362, 0.049341797828674316], "conf": 0.2711939215660095}], "count_per_class": {"B1": 0, "B2": 0, "B3": 2, "B4": 0}, "side_index": 2}