{"image": "DAMIMAS_A21B_0136_1.jpg", "detector": "y26n", "detections": [{"class_name": "B3", "bbox_yolo": [0.43620046973228455, 0.4992808401584625, 0.11937399208545685, 0.0934072956442833], "conf": 0.5757997632026672}, {"class_name": "B3", "bbox_yolo": [0.34918665885925293, 0.4500259459018707, 0.09625566005706787, 0.07699837535619736], "conf": 0.37748461961746216}, {"class_name": "B4", "bbox_yolo": [0.46290406584739685, 0.42021608352661133, 0.10229527950286865, 0.07043254375457764], "conf": 0.34119245409965515}, {"class_name": "B3", "bbox_yolo": [0.5495473742485046, 0.4610827565193176, 0.09948702156543732, 0.06912179291248322], "conf": 0.33788391947746277}], "count_per_class": {"B1": 0, "B2": 0, "B3": 3, "B4": 1}, "side_index": 0}