{"image": "DAMIMAS_A21B_0318_4.jpg", "detector": "y26n", "detections": [{"class_name": "B3", "bbox_yolo": [0.30874913930892944, 0.41940465569496155, 0.16753500699996948, 0.11955156177282333], "conf": 0.588626503944397}, {"class_name": "B3", "bbox_yolo": [0.7447207570075989, 0.44091349840164185, 0.1116347685456276, 0.07972150295972824], "conf": 0.4501436948776245}, {"class_name": "B3", "bbox_yolo": [0.4995173215866089, 0.4320865571498871, 0.19167856872081757, 0.12264931201934814], "conf": 0.33461087942123413}, {"class_name": "B4", "bbox_yolo": [0.6609370112419128, 0.35435959696769714, 0.10151227563619614, 0.07837069034576416], "conf": 0.3023187518119812}], "count_per_class": {"B1": 0, "B2": 0, "B3": 3, "B4": 1}, "side_index": 3}