{"image": "DAMIMAS_A21B_0113_1.jpg", "detector": "y26n", "detections": [{"class_name": "B2", "bbox_yolo": [0.46172308921813965, 0.5754280090332031, 0.1381191611289978, 0.10165953636169434], "conf": 0.516585111618042}, {"class_name": "B3", "bbox_yolo": [0.6116886734962463, 0.5507268309593201, 0.1323448270559311, 0.0972496047616005], "conf": 0.4401141405105591}, {"class_name": "B4", "bbox_yolo": [0.6166627407073975, 0.46680131554603577, 0.09573288261890411, 0.06824789196252823], "conf": 0.31013861298561096}, {"class_name": "B3", "bbox_yolo": [0.37829360365867615, 0.5121047496795654, 0.10393677651882172, 0.07211542129516602], "conf": 0.2562529444694519}], "count_per_class": {"B1": 0, "B2": 1, "B3": 2, "B4": 1}, "side_index": 0}