{"image": "DAMIMAS_A21B_0560_2.jpg", "detector": "y26n", "detections": [{"class_name": "B3", "bbox_yolo": [0.4947902262210846, 0.23226790130138397, 0.12296614050865173, 0.10625960677862167], "conf": 0.47263261675834656}, {"class_name": "B3", "bbox_yolo": [0.3640209436416626, 0.23807518184185028, 0.10429662466049194, 0.0826001763343811], "conf": 0.40589219331741333}], "count_per_class": {"B1": 0, "B2": 0, "B3": 2, "B4": 0}, "side_index": 1}