{"image": "DAMIMAS_A21B_0529_2.jpg", "detector": "y26n", "detections": [{"class_name": "B4", "bbox_yolo": [0.6502503156661987, 0.26264306902885437, 0.10088806599378586, 0.07027959823608398], "conf": 0.562376856803894}, {"class_name": "B3", "bbox_yolo": [0.564830482006073, 0.34620314836502075, 0.15155144035816193, 0.11781664192676544], "conf": 0.5127326250076294}, {"class_name": "B3", "bbox_yolo": [0.4435085952281952, 0.29531145095825195, 0.13872268795967102, 0.10196876525878906], "conf": 0.31310760974884033}, {"class_name": "B2", "bbox_yolo": [0.42962735891342163, 0.39812585711479187, 0.10163390636444092, 0.08201470226049423], "conf": 0.2856238782405853}], "count_per_class": {"B1": 0, "B2": 1, "B3": 2, "B4": 1}, "side_index": 1}