{"image": "DAMIMAS_A21B_0083_2.jpg", "detector": "y26n", "detections": [{"class_name": "B3", "bbox_yolo": [0.25200533866882324, 0.45817118883132935, 0.15275169909000397, 0.12534847855567932], "conf": 0.7465957403182983}, {"class_name": "B3", "bbox_yolo": [0.4746839702129364, 0.4054825007915497, 0.13027967512607574, 0.09793851524591446], "conf": 0.5966443419456482}], "count_per_class": {"B1": 0, "B2": 0, "B3": 2, "B4": 0}, "side_index": 1}