{"image": "DAMIMAS_A21B_0744_3.jpg", "detector": "y26n", "detections": [{"class_name": "B3", "bbox_yolo": [0.4001788794994354, 0.414203941822052, 0.14902321994304657, 0.13383248448371887], "conf": 0.8019073009490967}, {"class_name": "B2", "bbox_yolo": [0.587378740310669, 0.4426780343055725, 0.16984501481056213, 0.12363169342279434], "conf": 0.6303226947784424}, {"class_name": "B3", "bbox_yolo": [0.6741793751716614, 0.36514267325401306, 0.1086510419845581, 0.07781453430652618], "conf": 0.48978424072265625}], "count_per_class": {"B1": 0, "B2": 1, "B3": 2, "B4": 0}, "side_index": 2}