{"image": "DAMIMAS_A21B_0735_1.jpg", "detector": "y26n", "detections": [{"class_name": "B3", "bbox_yolo": [0.48113152384757996, 0.1411406248807907, 0.1570839285850525, 0.11300893127918243], "conf": 0.3630773723125458}, {"class_name": "B3", "bbox_yolo": [0.2831641137599945, 0.20419342815876007, 0.14810171723365784, 0.11038332432508469], "conf": 0.34854474663734436}, {"class_name": "B3", "bbox_yolo": [0.47775354981422424, 0.15021301805973053, 0.17229704558849335, 0.13249686360359192], "conf": 0.32937267422676086}], "count_per_class": {"B1": 0, "B2": 0, "B3": 3, "B4": 0}, "side_index": 0}