{"image": "DAMIMAS_A21B_0617_2.jpg", "detector": "y26n", "detections": [{"class_name": "B1", "bbox_yolo": [0.48884573578834534, 0.42325565218925476, 0.2666395604610443, 0.20325732231140137], "conf": 0.887129545211792}, {"class_name": "B2", "bbox_yolo": [0.7172341346740723, 0.3822880685329437, 0.19665846228599548, 0.1551336795091629], "conf": 0.663947343826294}, {"class_name": "B3", "bbox_yolo": [0.34589338302612305, 0.33683285117149353, 0.14464350044727325, 0.10814545303583145], "conf": 0.4792911410331726}], "count_per_class": {"B1": 1, "B2": 1, "B3": 1, "B4": 0}, "side_index": 1}