{"image": "DAMIMAS_A21B_0144_2.jpg", "detector": "y26n", "detections": [{"class_name": "B3", "bbox_yolo": [0.4177434742450714, 0.4942895472049713, 0.12100150436162949, 0.09284620732069016], "conf": 0.711769700050354}, {"class_name": "B3", "bbox_yolo": [0.5606539845466614, 0.5059903264045715, 0.12102718651294708, 0.09950923919677734], "conf": 0.6596581935882568}, {"class_name": "B3", "bbox_yolo": [0.6162893772125244, 0.4461838901042938, 0.057764437049627304, 0.04334425926208496], "conf": 0.3793644607067108}], "count_per_class": {"B1": 0, "B2": 0, "B3": 3, "B4": 0}, "side_index": 1}