{"image": "DAMIMAS_A21B_0296_2.jpg", "detector": "y26n", "detections": [{"class_name": "B3", "bbox_yolo": [0.36579403281211853, 0.509209156036377, 0.15888221561908722, 0.12985458970069885], "conf": 0.5054843425750732}, {"class_name": "B2", "bbox_yolo": [0.36579403281211853, 0.509209156036377, 0.15888221561908722, 0.12985458970069885], "conf": 0.29620006680488586}, {"class_name": "B2", "bbox_yolo": [0.7457454800605774, 0.550270140171051, 0.12163347005844116, 0.10351429134607315], "conf": 0.2782883942127228}, {"class_name": "B3", "bbox_yolo": [0.7457454800605774, 0.550270140171051, 0.12163347005844116, 0.10351429134607315], "conf": 0.26782628893852234}], "count_per_class": {"B1": 0, "B2": 2, "B3": 2, "B4": 0}, "side_index": 1}