{"image": "DAMIMAS_A21B_0493_2.jpg", "detector": "y26n", "detections": [{"class_name": "B3", "bbox_yolo": [0.42799481749534607, 0.2821148931980133, 0.11159036308526993, 0.09113085269927979], "conf": 0.4372302293777466}, {"class_name": "B4", "bbox_yolo": [0.5709584355354309, 0.2430809587240219, 0.1146647185087204, 0.06365650147199631], "conf": 0.4105730950832367}, {"class_name": "B1", "bbox_yolo": [0.5347710847854614, 0.3501618802547455, 0.17388293147087097, 0.15478435158729553], "conf": 0.3572993278503418}, {"class_name": "B3", "bbox_yolo": [0.6825546026229858, 0.32538601756095886, 0.11607145518064499, 0.10388308018445969], "conf": 0.3478708565235138}], "count_per_class": {"B1": 1, "B2": 0, "B3": 2, "B4": 1}, "side_index": 1}