{"image": "DAMIMAS_A21B_0134_3.jpg", "detector": "y26n", "detections": [{"class_name": "B2", "bbox_yolo": [0.5574890375137329, 0.3719993531703949, 0.09475069493055344, 0.0913199707865715], "conf": 0.6103045344352722}, {"class_name": "B3", "bbox_yolo": [0.4007221758365631, 0.3710572421550751, 0.1026422530412674, 0.07483913749456406], "conf": 0.3453427255153656}], "count_per_class": {"B1": 0, "B2": 1, "B3": 1, "B4": 0}, "side_index": 2}