{"image": "DAMIMAS_A21B_0628_1.jpg", "detector": "y26n", "detections": [{"class_name": "B3", "bbox_yolo": [0.5891602039337158, 0.4197937548160553, 0.1650274395942688, 0.1497870534658432], "conf": 0.658995509147644}, {"class_name": "B3", "bbox_yolo": [0.7381049990653992, 0.49328604340553284, 0.1592530608177185, 0.1583370715379715], "conf": 0.6237737536430359}, {"class_name": "B3", "bbox_yolo": [0.34726482629776, 0.4685564637184143, 0.20537640154361725, 0.14746248722076416], "conf": 0.5550281405448914}, {"class_name": "B3", "bbox_yolo": [0.1797618865966797, 0.4748170077800751, 0.1262757033109665, 0.12425022572278976], "conf": 0.33320310711860657}], "count_per_class": {"B1": 0, "B2": 0, "B3": 4, "B4": 0}, "side_index": 0}