{"image": "DAMIMAS_A21B_0606_2.jpg", "detector": "y26n", "detections": [{"class_name": "B3", "bbox_yolo": [0.7896068692207336, 0.3411363363265991, 0.16558946669101715, 0.14002776145935059], "conf": 0.638220489025116}, {"class_name": "B4", "bbox_yolo": [0.588811993598938, 0.21453607082366943, 0.17359954118728638, 0.1638309508562088], "conf": 0.48189058899879456}, {"class_name": "B3", "bbox_yolo": [0.588811993598938, 0.21453607082366943, 0.17359954118728638, 0.1638309508562088], "conf": 0.3058987557888031}, {"class_name": "B3", "bbox_yolo": [0.2565043270587921, 0.3398379981517792, 0.13711772859096527, 0.10977692902088165], "conf": 0.2696954607963562}], "count_per_class": {"B1": 0, "B2": 0, "B3": 3, "B4": 1}, "side_index": 1}