{"image": "DAMIMAS_A21B_0511_1.jpg", "detector": "y26n", "detections": [{"class_name": "B1", "bbox_yolo": [0.5180436372756958, 0.4231949746608734, 0.09166304767131805, 0.07190471142530441], "conf": 0.6953915953636169}, {"class_name": "B3", "bbox_yolo": [0.47606369853019714, 0.3699696660041809, 0.06968148797750473, 0.050089336931705475], "conf": 0.42280343174934387}, {"class_name": "B3", "bbox_yolo": [0.38300466537475586, 0.3596596419811249, 0.06321351230144501, 0.04826939105987549], "conf": 0.3239576518535614}, {"class_name": "B3", "bbox_yolo": [0.5885733366012573, 0.39516934752464294, 0.07016284018754959, 0.04901018366217613], "conf": 0.25922340154647827}], "count_per_class": {"B1": 1, "B2": 0, "B3": 3, "B4": 0}, "side_index": 0}