{"image": "DAMIMAS_A21B_0129_2.jpg", "detector": "y26n", "detections": [{"class_name": "B3", "bbox_yolo": [0.35974305868148804, 0.48260411620140076, 0.14147990942001343, 0.1023627296090126], "conf": 0.7445068955421448}, {"class_name": "B3", "bbox_yolo": [0.5721049308776855, 0.4298197329044342, 0.13226014375686646, 0.1098216101527214], "conf": 0.6087345480918884}, {"class_name": "B3", "bbox_yolo": [0.6399075984954834, 0.4953007698059082, 0.1187271848320961, 0.10219021141529083], "conf": 0.4231780767440796}, {"class_name": "B3", "bbox_yolo": [0.6441279649734497, 0.492523729801178, 0.10651754587888718, 0.09195537865161896], "conf": 0.3187095820903778}], "count_per_class": {"B1": 0, "B2": 0, "B3": 4, "B4": 0}, "side_index": 1}