{"image": "DAMIMAS_A21B_0713_4.jpg", "detector": "y26n", "detections": [{"class_name": "B3", "bbox_yolo": [0.5832079648971558, 0.2705843150615692, 0.23713506758213043, 0.21345749497413635], "conf": 0.7067538499832153}, {"class_name": "B1", "bbox_yolo": [0.7477306723594666, 0.35427993535995483, 0.22515647113323212, 0.19445815682411194], "conf": 0.6795326471328735}, {"class_name": "B2", "bbox_yolo": [0.29250624775886536, 0.32801714539527893, 0.25104936957359314, 0.19253407418727875], "conf": 0.3044379651546478}, {"class_name": "B4", "bbox_yolo": [0.21490372717380524, 0.20886754989624023, 0.11939644068479538, 0.06739456951618195], "conf": 0.2737703323364258}], "count_per_class": {"B1": 1, "B2": 1, "B3": 1, "B4": 1}, "side_index": 3}