{"image": "DAMIMAS_A21B_0477_4.jpg", "detector": "y26n", "detections": [{"class_name": "B3", "bbox_yolo": [0.4497925043106079, 0.4540902078151703, 0.08969895541667938, 0.07285743206739426], "conf": 0.39844539761543274}, {"class_name": "B3", "bbox_yolo": [0.5728883147239685, 0.4447839856147766, 0.0718037337064743, 0.0563051700592041], "conf": 0.33026930689811707}, {"class_name": "B3", "bbox_yolo": [0.5709595084190369, 0.4474157392978668, 0.09480416774749756, 0.06877990067005157], "conf": 0.3156212270259857}], "count_per_class": {"B1": 0, "B2": 0, "B3": 3, "B4": 0}, "side_index": 3}