{"image": "DAMIMAS_A21B_0162_4.jpg", "detector": "y26n", "detections": [{"class_name": "B3", "bbox_yolo": [0.5286468863487244, 0.38460347056388855, 0.12578561902046204, 0.09366393089294434], "conf": 0.651500940322876}, {"class_name": "B3", "bbox_yolo": [0.4418012797832489, 0.4434189796447754, 0.1058967337012291, 0.10090255737304688], "conf": 0.6135757565498352}, {"class_name": "B3", "bbox_yolo": [0.31751835346221924, 0.43212947249412537, 0.11201193183660507, 0.09092503041028976], "conf": 0.5966598987579346}, {"class_name": "B4", "bbox_yolo": [0.4012024700641632, 0.3624664843082428, 0.09873489290475845, 0.06679840385913849], "conf": 0.45179569721221924}], "count_per_class": {"B1": 0, "B2": 0, "B3": 3, "B4": 1}, "side_index": 3}