{"image": "DAMIMAS_A21B_0535_4.jpg", "detector": "y26n", "detections": [{"class_name": "B3", "bbox_yolo": [0.44601255655288696, 0.456301212310791, 0.10752817988395691, 0.09213223308324814], "conf": 0.588758111000061}, {"class_name": "B2", "bbox_yolo": [0.6699121594429016, 0.49203425645828247, 0.0962449461221695, 0.08852281421422958], "conf": 0.5117393732070923}, {"class_name": "B3", "bbox_yolo": [0.6124244928359985, 0.4432406425476074, 0.09437783807516098, 0.07895822823047638], "conf": 0.4222983419895172}, {"class_name": "B1", "bbox_yolo": [0.29995372891426086, 0.4719513952732086, 0.11118053644895554, 0.09478569030761719], "conf": 0.3810757100582123}], "count_per_class": {"B1": 1, "B2": 1, "B3": 2, "B4": 0}, "side_index": 3}