{"image": "DAMIMAS_A21B_0209_4.jpg", "detector": "y26n", "detections": [{"class_name": "B3", "bbox_yolo": [0.688147783279419, 0.2688984274864197, 0.16312174499034882, 0.13891267776489258], "conf": 0.6615418195724487}, {"class_name": "B3", "bbox_yolo": [0.3504597842693329, 0.29988211393356323, 0.10084336996078491, 0.09831786155700684], "conf": 0.48476964235305786}, {"class_name": "B4", "bbox_yolo": [0.41378873586654663, 0.21663053333759308, 0.10244815051555634, 0.06946410983800888], "conf": 0.4250386953353882}, {"class_name": "B3", "bbox_yolo": [0.4988960921764374, 0.3000890910625458, 0.17723459005355835, 0.1420077532529831], "conf": 0.29966339468955994}], "count_per_class": {"B1": 0, "B2": 0, "B3": 3, "B4": 1}, "side_index": 3}