{"image": "DAMIMAS_A21B_0267_2.jpg", "detector": "y26n", "detections": [{"class_name": "B2", "bbox_yolo": [0.3906383514404297, 0.42590171098709106, 0.1263023465871811, 0.09778914600610733], "conf": 0.4387966990470886}, {"class_name": "B1", "bbox_yolo": [0.695775032043457, 0.48609763383865356, 0.09150766581296921, 0.09948501735925674], "conf": 0.34160467982292175}, {"class_name": "B2", "bbox_yolo": [0.6465757489204407, 0.40646296739578247, 0.09593315422534943, 0.06959974765777588], "conf": 0.2609809339046478}], "count_per_class": {"B1": 1, "B2": 2, "B3": 0, "B4": 0}, "side_index": 1}