{"image": "DAMIMAS_A21B_0218_4.jpg", "detector": "y26n", "detections": [{"class_name": "B3", "bbox_yolo": [0.6505733728408813, 0.3788661062717438, 0.11839428544044495, 0.10257714241743088], "conf": 0.5150348544120789}, {"class_name": "B4", "bbox_yolo": [0.5147554278373718, 0.2894692122936249, 0.11467774957418442, 0.07361280918121338], "conf": 0.46010270714759827}, {"class_name": "B3", "bbox_yolo": [0.5147554278373718, 0.2894692122936249, 0.11467774957418442, 0.07361280918121338], "conf": 0.2813451588153839}], "count_per_class": {"B1": 0, "B2": 0, "B3": 2, "B4": 1}, "side_index": 3}