{"image": "DAMIMAS_A21B_0166_4.jpg", "detector": "y26n", "detections": [{"class_name": "B1", "bbox_yolo": [0.37885046005249023, 0.5256916880607605, 0.13025210797786713, 0.10442767292261124], "conf": 0.8171402215957642}, {"class_name": "B3", "bbox_yolo": [0.480553537607193, 0.48631858825683594, 0.10131528228521347, 0.0893063098192215], "conf": 0.5570741891860962}, {"class_name": "B3", "bbox_yolo": [0.6254258751869202, 0.5013986825942993, 0.10536633431911469, 0.09127908200025558], "conf": 0.5193077921867371}], "count_per_class": {"B1": 1, "B2": 0, "B3": 2, "B4": 0}, "side_index": 3}