{"image": "DAMIMAS_A21B_0115_4.jpg", "detector": "y26n", "detections": [{"class_name": "B3", "bbox_yolo": [0.5827399492263794, 0.3853645324707031, 0.10504306852817535, 0.0908321663737297], "conf": 0.6449742913246155}], "count_per_class": {"B1": 0, "B2": 0, "B3": 1, "B4": 0}, "side_index": 3}