{"image": "DAMIMAS_A21B_0665_1.jpg", "detector": "y26n", "detections": [{"class_name": "B1", "bbox_yolo": [0.6702631711959839, 0.41268014907836914, 0.14257946610450745, 0.12039361149072647], "conf": 0.884153425693512}, {"class_name": "B1", "bbox_yolo": [0.3208792507648468, 0.41428157687187195, 0.121572345495224, 0.1072545051574707], "conf": 0.7813661694526672}, {"class_name": "B3", "bbox_yolo": [0.566687822341919, 0.36581912636756897, 0.12587767839431763, 0.10260935127735138], "conf": 0.6259509325027466}, {"class_name": "B2", "bbox_yolo": [0.4315088391304016, 0.38746991753578186, 0.11232030391693115, 0.08454590290784836], "conf": 0.3932790756225586}], "count_per_class": {"B1": 2, "B2": 1, "B3": 1, "B4": 0}, "side_index": 0}