{"image": "DAMIMAS_A21B_0823_7.jpg", "detector": "y26n", "detections": [{"class_name": "B1", "bbox_yolo": [0.39596259593963623, 0.4007495045661926, 0.19094794988632202, 0.14092965424060822], "conf": 0.5324450731277466}, {"class_name": "B3", "bbox_yolo": [0.6761463284492493, 0.279509037733078, 0.140409916639328, 0.09107675403356552], "conf": 0.4061020612716675}, {"class_name": "B1", "bbox_yolo": [0.39609652757644653, 0.39707645773887634, 0.1862691342830658, 0.13964560627937317], "conf": 0.3540511727333069}, {"class_name": "B3", "bbox_yolo": [0.4683193266391754, 0.3077120780944824, 0.14281979203224182, 0.09765670448541641], "conf": 0.2881779670715332}], "count_per_class": {"B1": 2, "B2": 0, "B3": 2, "B4": 0}, "side_index": 6}