{"image": "DAMIMAS_A21B_0238_3.jpg", "detector": "y26n", "detections": [{"class_name": "B1", "bbox_yolo": [0.5419958829879761, 0.43669673800468445, 0.1734403371810913, 0.13930478692054749], "conf": 0.7511539459228516}, {"class_name": "B3", "bbox_yolo": [0.29596146941185, 0.4126143455505371, 0.12465474754571915, 0.09775350242853165], "conf": 0.3591143488883972}, {"class_name": "B3", "bbox_yolo": [0.5665943622589111, 0.3233819007873535, 0.14443077147006989, 0.0977165475487709], "conf": 0.3212285339832306}], "count_per_class": {"B1": 1, "B2": 0, "B3": 2, "B4": 0}, "side_index": 2}