{"image": "DAMIMAS_A21B_0333_2.jpg", "detector": "y26n", "detections": [{"class_name": "B3", "bbox_yolo": [0.394494891166687, 0.5009641051292419, 0.14687243103981018, 0.12147212028503418], "conf": 0.5282546877861023}, {"class_name": "B3", "bbox_yolo": [0.3958532512187958, 0.4986291825771332, 0.1393265724182129, 0.11514654010534286], "conf": 0.44006210565567017}, {"class_name": "B3", "bbox_yolo": [0.6544917225837708, 0.49173688888549805, 0.11696472764015198, 0.09136214107275009], "conf": 0.39067718386650085}, {"class_name": "B3", "bbox_yolo": [0.6535693407058716, 0.49712249636650085, 0.13165335357189178, 0.10496888309717178], "conf": 0.26879143714904785}], "count_per_class": {"B1": 0, "B2": 0, "B3": 4, "B4": 0}, "side_index": 1}