{"image": "DAMIMAS_A21B_0067_4.jpg", "detector": "y26n", "detections": [{"class_name": "B3", "bbox_yolo": [0.37859976291656494, 0.5102556347846985, 0.12392880767583847, 0.10729890316724777], "conf": 0.7856389284133911}, {"class_name": "B3", "bbox_yolo": [0.4967004954814911, 0.46080923080444336, 0.0998331755399704, 0.07917308807373047], "conf": 0.40134865045547485}], "count_per_class": {"B1": 0, "B2": 0, "B3": 2, "B4": 0}, "side_index": 3}