{"image": "DAMIMAS_A21B_0672_4.jpg", "detector": "y26n", "detections": [{"class_name": "B1", "bbox_yolo": [0.6466323733329773, 0.3699769377708435, 0.183290496468544, 0.13960671424865723], "conf": 0.8146543502807617}, {"class_name": "B3", "bbox_yolo": [0.4541608989238739, 0.3548905551433563, 0.15793152153491974, 0.11522579193115234], "conf": 0.486610472202301}, {"class_name": "B4", "bbox_yolo": [0.39486709237098694, 0.23855559527873993, 0.1474558562040329, 0.11204322427511215], "conf": 0.43435850739479065}, {"class_name": "B2", "bbox_yolo": [0.2759241759777069, 0.34974759817123413, 0.14690575003623962, 0.13918767869472504], "conf": 0.355413556098938}], "count_per_class": {"B1": 1, "B2": 1, "B3": 1, "B4": 1}, "side_index": 3}