{"image": "DAMIMAS_A21B_0691_1.jpg", "detector": "y26n", "detections": [{"class_name": "B3", "bbox_yolo": [0.5576627254486084, 0.28438088297843933, 0.19007247686386108, 0.17576846480369568], "conf": 0.741485595703125}, {"class_name": "B3", "bbox_yolo": [0.3219486474990845, 0.3076828122138977, 0.2153020203113556, 0.15121419727802277], "conf": 0.5938829183578491}, {"class_name": "B3", "bbox_yolo": [0.7536243796348572, 0.33108779788017273, 0.16887164115905762, 0.17007441818714142], "conf": 0.4942750036716461}], "count_per_class": {"B1": 0, "B2": 0, "B3": 3, "B4": 0}, "side_index": 0}