{"image": "DAMIMAS_A21B_0319_3.jpg", "detector": "y26n", "detections": [{"class_name": "B2", "bbox_yolo": [0.4849352240562439, 0.5585169196128845, 0.118471659719944, 0.08837685734033585], "conf": 0.42928174138069153}, {"class_name": "B3", "bbox_yolo": [0.38274431228637695, 0.5019739270210266, 0.1101023405790329, 0.08877315372228622], "conf": 0.358035147190094}], "count_per_class": {"B1": 0, "B2": 1, "B3": 1, "B4": 0}, "side_index": 2}