{"image": "DAMIMAS_A21B_0823_1.jpg", "detector": "y26n", "detections": [{"class_name": "B3", "bbox_yolo": [0.5353949069976807, 0.4003830850124359, 0.13914211094379425, 0.10586407035589218], "conf": 0.5238142609596252}, {"class_name": "B2", "bbox_yolo": [0.4819692373275757, 0.4876115024089813, 0.10569041967391968, 0.0793997272849083], "conf": 0.2634294927120209}, {"class_name": "B3", "bbox_yolo": [0.32336121797561646, 0.47461986541748047, 0.10910441726446152, 0.08699727058410645], "conf": 0.2503742575645447}], "count_per_class": {"B1": 0, "B2": 1, "B3": 2, "B4": 0}, "side_index": 0}