{"image": "DAMIMAS_A21B_0444_2.jpg", "detector": "y26n", "detections": [{"class_name": "B3", "bbox_yolo": [0.49472934007644653, 0.4429214596748352, 0.05693467706441879, 0.05554919317364693], "conf": 0.31911829113960266}, {"class_name": "B3", "bbox_yolo": [0.5534090399742126, 0.45612841844558716, 0.05128072202205658, 0.04529070854187012], "conf": 0.30952608585357666}, {"class_name": "B3", "bbox_yolo": [0.5912705063819885, 0.4760017991065979, 0.05324516445398331, 0.04909506067633629], "conf": 0.2620438039302826}], "count_per_class": {"B1": 0, "B2": 0, "B3": 3, "B4": 0}, "side_index": 1}