{"image": "DAMIMAS_A21B_0848_8.jpg", "detector": "y26n", "detections": [{"class_name": "B3", "bbox_yolo": [0.43529996275901794, 0.5563419461250305, 0.13442476093769073, 0.09819617122411728], "conf": 0.7182440757751465}, {"class_name": "B3", "bbox_yolo": [0.5887148976325989, 0.5630835890769958, 0.14322637021541595, 0.09323558956384659], "conf": 0.32874393463134766}, {"class_name": "B4", "bbox_yolo": [0.6638710498809814, 0.4823642671108246, 0.09752166271209717, 0.06852083653211594], "conf": 0.2781435251235962}], "count_per_class": {"B1": 0, "B2": 0, "B3": 2, "B4": 1}, "side_index": 7}