{"image": "DAMIMAS_A21B_0113_3.jpg", "detector": "y26n", "detections": [{"class_name": "B3", "bbox_yolo": [0.3900282084941864, 0.5166283845901489, 0.1215648427605629, 0.08739180862903595], "conf": 0.5477186441421509}, {"class_name": "B3", "bbox_yolo": [0.6447816491127014, 0.5071924328804016, 0.11016470938920975, 0.08362837135791779], "conf": 0.31667542457580566}], "count_per_class": {"B1": 0, "B2": 0, "B3": 2, "B4": 0}, "side_index": 2}