{"image": "DAMIMAS_A21B_0351_2.jpg", "detector": "y26n", "detections": [{"class_name": "B3", "bbox_yolo": [0.4825863838195801, 0.4521907866001129, 0.089515820145607, 0.07714028656482697], "conf": 0.7046005725860596}, {"class_name": "B3", "bbox_yolo": [0.5835376381874084, 0.47704964876174927, 0.09527651965618134, 0.07879085838794708], "conf": 0.5941777229309082}, {"class_name": "B2", "bbox_yolo": [0.3956410884857178, 0.4889906346797943, 0.09406077861785889, 0.08079452812671661], "conf": 0.5465360283851624}], "count_per_class": {"B1": 0, "B2": 1, "B3": 2, "B4": 0}, "side_index": 1}