{"image": "DAMIMAS_A21B_0422_2.jpg", "detector": "y26n", "detections": [{"class_name": "B1", "bbox_yolo": [0.31452175974845886, 0.40857991576194763, 0.1042182520031929, 0.11112039536237717], "conf": 0.6795249581336975}, {"class_name": "B3", "bbox_yolo": [0.5883365869522095, 0.33666813373565674, 0.12229262292385101, 0.07614560425281525], "conf": 0.3695952594280243}, {"class_name": "B3", "bbox_yolo": [0.4455168545246124, 0.37390968203544617, 0.1528235226869583, 0.11783681064844131], "conf": 0.251817911863327}], "count_per_class": {"B1": 1, "B2": 0, "B3": 2, "B4": 0}, "side_index": 1}