{"image": "DAMIMAS_A21B_0838_8.jpg", "detector": "y26n", "detections": [{"class_name": "B4", "bbox_yolo": [0.4496791660785675, 0.365030974149704, 0.11072490364313126, 0.0839819461107254], "conf": 0.442190945148468}, {"class_name": "B4", "bbox_yolo": [0.33375635743141174, 0.40198326110839844, 0.11190071702003479, 0.08463840931653976], "conf": 0.3810761570930481}], "count_per_class": {"B1": 0, "B2": 0, "B3": 0, "B4": 2}, "side_index": 7}