{"image": "DAMIMAS_A21B_0302_3.jpg", "detector": "y26n", "detections": [{"class_name": "B1", "bbox_yolo": [0.43377265334129333, 0.41104862093925476, 0.10322240740060806, 0.10226094722747803], "conf": 0.6291647553443909}, {"class_name": "B3", "bbox_yolo": [0.5554243922233582, 0.3967883288860321, 0.13953407108783722, 0.10516379028558731], "conf": 0.5980993509292603}], "count_per_class": {"B1": 1, "B2": 0, "B3": 1, "B4": 0}, "side_index": 2}