{"image": "DAMIMAS_A21B_0666_4.jpg", "detector": "y26n", "detections": [{"class_name": "B3", "bbox_yolo": [0.4183351695537567, 0.3018902838230133, 0.13330529630184174, 0.09514854103326797], "conf": 0.7024289965629578}, {"class_name": "B3", "bbox_yolo": [0.5737172365188599, 0.28590208292007446, 0.16022975742816925, 0.11862208694219589], "conf": 0.6343642473220825}], "count_per_class": {"B1": 0, "B2": 0, "B3": 2, "B4": 0}, "side_index": 3}