{"image": "DAMIMAS_A21B_0491_1.jpg", "detector": "y26n", "detections": [{"class_name": "B2", "bbox_yolo": [0.4359740912914276, 0.3634122610092163, 0.11463003605604172, 0.08477206528186798], "conf": 0.6890169978141785}, {"class_name": "B3", "bbox_yolo": [0.6305608153343201, 0.3310736417770386, 0.08000126481056213, 0.0672452449798584], "conf": 0.5427442193031311}, {"class_name": "B4", "bbox_yolo": [0.5813843011856079, 0.26509425044059753, 0.08161106705665588, 0.0603787899017334], "conf": 0.5184992551803589}, {"class_name": "B3", "bbox_yolo": [0.5282719731330872, 0.31775963306427, 0.10187721997499466, 0.07820802181959152], "conf": 0.2893705368041992}], "count_per_class": {"B1": 0, "B2": 1, "B3": 2, "B4": 1}, "side_index": 0}