{"image": "DAMIMAS_A21B_0452_4.jpg", "detector": "y26n", "detections": [{"class_name": "B1", "bbox_yolo": [0.6231167316436768, 0.5050193071365356, 0.08248297870159149, 0.06419406086206436], "conf": 0.28083252906799316}], "count_per_class": {"B1": 1, "B2": 0, "B3": 0, "B4": 0}, "side_index": 3}