{"image": "DAMIMAS_A21B_0252_4.jpg", "detector": "y26n", "detections": [{"class_name": "B3", "bbox_yolo": [0.37037229537963867, 0.29347848892211914, 0.1321333646774292, 0.10100801289081573], "conf": 0.4286271035671234}, {"class_name": "B3", "bbox_yolo": [0.36783111095428467, 0.30114108324050903, 0.14991827309131622, 0.11992182582616806], "conf": 0.40538549423217773}, {"class_name": "B2", "bbox_yolo": [0.658713161945343, 0.3321239948272705, 0.168971449136734, 0.12041690200567245], "conf": 0.30888068675994873}, {"class_name": "B3", "bbox_yolo": [0.658713161945343, 0.3321239948272705, 0.168971449136734, 0.12041690200567245], "conf": 0.28896063566207886}], "count_per_class": {"B1": 0, "B2": 1, "B3": 3, "B4": 0}, "side_index": 3}