{"image": "DAMIMAS_A21B_0445_1.jpg", "detector": "y26n", "detections": [{"class_name": "B1", "bbox_yolo": [0.5896455645561218, 0.4321863353252411, 0.08502757549285889, 0.06502747535705566], "conf": 0.6429394483566284}, {"class_name": "B3", "bbox_yolo": [0.5909779667854309, 0.3824414312839508, 0.05725085362792015, 0.04251222684979439], "conf": 0.503447949886322}, {"class_name": "B1", "bbox_yolo": [0.3861984312534332, 0.44660305976867676, 0.06864592432975769, 0.062052249908447266], "conf": 0.29784226417541504}, {"class_name": "B3", "bbox_yolo": [0.42541614174842834, 0.41227126121520996, 0.05728566274046898, 0.04699897766113281], "conf": 0.2946127653121948}], "count_per_class": {"B1": 2, "B2": 0, "B3": 2, "B4": 0}, "side_index": 0}