{"image": "DAMIMAS_A21B_0273_2.jpg", "detector": "y26n", "detections": [{"class_name": "B3", "bbox_yolo": [0.3729512691497803, 0.4272005259990692, 0.10586739331483841, 0.09428439289331436], "conf": 0.6744540929794312}, {"class_name": "B3", "bbox_yolo": [0.46381500363349915, 0.3815102279186249, 0.1062832921743393, 0.09095650166273117], "conf": 0.6211764812469482}, {"class_name": "B3", "bbox_yolo": [0.595169186592102, 0.40291425585746765, 0.11849772930145264, 0.09822273254394531], "conf": 0.5349206328392029}, {"class_name": "B2", "bbox_yolo": [0.6991887092590332, 0.435287207365036, 0.07423210889101028, 0.06468458473682404], "conf": 0.3324959874153137}], "count_per_class": {"B1": 0, "B2": 1, "B3": 3, "B4": 0}, "side_index": 1}