{"image": "DAMIMAS_A21B_0216_3.jpg", "detector": "y26n", "detections": [{"class_name": "B1", "bbox_yolo": [0.5848965048789978, 0.4415491223335266, 0.14359621703624725, 0.10528562217950821], "conf": 0.7611057758331299}, {"class_name": "B3", "bbox_yolo": [0.4717831015586853, 0.4024096429347992, 0.11526048183441162, 0.10009918361902237], "conf": 0.5546557307243347}, {"class_name": "B3", "bbox_yolo": [0.36937224864959717, 0.41491127014160156, 0.09381730109453201, 0.09334929287433624], "conf": 0.47301027178764343}, {"class_name": "B4", "bbox_yolo": [0.6190310120582581, 0.36534395813941956, 0.09633344411849976, 0.06454522907733917], "conf": 0.2886475920677185}], "count_per_class": {"B1": 1, "B2": 0, "B3": 2, "B4": 1}, "side_index": 2}