{"image": "DAMIMAS_A21B_0838_4.jpg", "detector": "y26n", "detections": [{"class_name": "B3", "bbox_yolo": [0.6820081472396851, 0.40585851669311523, 0.1238289549946785, 0.08819522708654404], "conf": 0.48907598853111267}, {"class_name": "B4", "bbox_yolo": [0.583640456199646, 0.3176736831665039, 0.11051080375909805, 0.10534780472517014], "conf": 0.29991042613983154}], "count_per_class": {"B1": 0, "B2": 0, "B3": 1, "B4": 1}, "side_index": 3}