{"image": "DAMIMAS_A21B_0470_3.jpg", "detector": "y26n", "detections": [{"class_name": "B3", "bbox_yolo": [0.45421913266181946, 0.3046949505805969, 0.0621618926525116, 0.04893939569592476], "conf": 0.437290757894516}, {"class_name": "B1", "bbox_yolo": [0.5535894632339478, 0.3297329843044281, 0.05524406582117081, 0.04611699655652046], "conf": 0.4238545894622803}, {"class_name": "B3", "bbox_yolo": [0.5866627097129822, 0.2932758033275604, 0.050359539687633514, 0.0427430160343647], "conf": 0.36603760719299316}, {"class_name": "B1", "bbox_yolo": [0.5480228662490845, 0.3316560983657837, 0.07176272571086884, 0.054303884506225586], "conf": 0.3456253409385681}], "count_per_class": {"B1": 2, "B2": 0, "B3": 2, "B4": 0}, "side_index": 2}