{"image": "DAMIMAS_A21B_0772_4.jpg", "detector": "y26n", "detections": [{"class_name": "B1", "bbox_yolo": [0.5643888711929321, 0.35117578506469727, 0.20185332000255585, 0.14147856831550598], "conf": 0.6362423896789551}, {"class_name": "B3", "bbox_yolo": [0.29638877511024475, 0.3448403477668762, 0.14643540978431702, 0.10488148033618927], "conf": 0.4669589698314667}, {"class_name": "B2", "bbox_yolo": [0.5643888711929321, 0.35117578506469727, 0.20185332000255585, 0.14147856831550598], "conf": 0.27654826641082764}, {"class_name": "B3", "bbox_yolo": [0.2974778413772583, 0.3515147268772125, 0.15710106492042542, 0.11963775008916855], "conf": 0.26454830169677734}], "count_per_class": {"B1": 1, "B2": 1, "B3": 2, "B4": 0}, "side_index": 3}