{"image": "DAMIMAS_A21B_0848_6.jpg", "detector": "y26n", "detections": [{"class_name": "B3", "bbox_yolo": [0.5360103845596313, 0.5303320288658142, 0.09867643564939499, 0.06499557942152023], "conf": 0.28227338194847107}, {"class_name": "B4", "bbox_yolo": [0.5003978610038757, 0.47156819701194763, 0.08680789172649384, 0.05648932605981827], "conf": 0.27793675661087036}], "count_per_class": {"B1": 0, "B2": 0, "B3": 1, "B4": 1}, "side_index": 5}