{"image": "DAMIMAS_A21B_0765_1.jpg", "detector": "y26n", "detections": [{"class_name": "B1", "bbox_yolo": [0.6620635986328125, 0.5075141787528992, 0.19955827295780182, 0.13830094039440155], "conf": 0.8567217588424683}, {"class_name": "B3", "bbox_yolo": [0.46056628227233887, 0.48228445649147034, 0.15956129133701324, 0.11939864605665207], "conf": 0.7189629673957825}, {"class_name": "B3", "bbox_yolo": [0.8020711541175842, 0.46059688925743103, 0.13969936966896057, 0.11998128890991211], "conf": 0.3228086233139038}], "count_per_class": {"B1": 1, "B2": 0, "B3": 2, "B4": 0}, "side_index": 0}