{"image": "DAMIMAS_A21B_0335_3.jpg", "detector": "y26n", "detections": [{"class_name": "B1", "bbox_yolo": [0.5754956603050232, 0.4808869957923889, 0.1873357594013214, 0.17055444419384003], "conf": 0.49771884083747864}, {"class_name": "B1", "bbox_yolo": [0.574138343334198, 0.47920528054237366, 0.18304961919784546, 0.16791199147701263], "conf": 0.44784724712371826}], "count_per_class": {"B1": 2, "B2": 0, "B3": 0, "B4": 0}, "side_index": 2}