{"image": "DAMIMAS_A21B_0516_1.jpg", "detector": "y26n", "detections": [{"class_name": "B1", "bbox_yolo": [0.32759565114974976, 0.5089539885520935, 0.12191909551620483, 0.1097448393702507], "conf": 0.7902494072914124}, {"class_name": "B3", "bbox_yolo": [0.43064889311790466, 0.4551728367805481, 0.13431623578071594, 0.1100894957780838], "conf": 0.5364174842834473}, {"class_name": "B3", "bbox_yolo": [0.5734628438949585, 0.48659324645996094, 0.12065742164850235, 0.09693985432386398], "conf": 0.46410712599754333}], "count_per_class": {"B1": 1, "B2": 0, "B3": 2, "B4": 0}, "side_index": 0}