{"image": "DAMIMAS_A21B_0096_3.jpg", "detector": "y26n", "detections": [{"class_name": "B3", "bbox_yolo": [0.3862918019294739, 0.4444698989391327, 0.11195952445268631, 0.08544359356164932], "conf": 0.39736878871917725}, {"class_name": "B2", "bbox_yolo": [0.5203601717948914, 0.4804514944553375, 0.11886759102344513, 0.08278422802686691], "conf": 0.3262525796890259}, {"class_name": "B3", "bbox_yolo": [0.5203601717948914, 0.4804514944553375, 0.11886759102344513, 0.08278422802686691], "conf": 0.307735800743103}], "count_per_class": {"B1": 0, "B2": 1, "B3": 2, "B4": 0}, "side_index": 2}