{"image": "DAMIMAS_A21B_0424_4.jpg", "detector": "y26n", "detections": [{"class_name": "B1", "bbox_yolo": [0.6377938985824585, 0.5039742588996887, 0.13788127899169922, 0.13459210097789764], "conf": 0.821182370185852}, {"class_name": "B1", "bbox_yolo": [0.3550439476966858, 0.5078744292259216, 0.13273313641548157, 0.09758176654577255], "conf": 0.626751184463501}, {"class_name": "B3", "bbox_yolo": [0.5130466818809509, 0.4794881045818329, 0.14779701828956604, 0.11577916145324707], "conf": 0.4848601520061493}, {"class_name": "B2", "bbox_yolo": [0.5130466818809509, 0.4794881045818329, 0.14779701828956604, 0.11577916145324707], "conf": 0.323604553937912}], "count_per_class": {"B1": 2, "B2": 1, "B3": 1, "B4": 0}, "side_index": 3}