{"image": "DAMIMAS_A21B_0572_4.jpg", "detector": "y26n", "detections": [{"class_name": "B1", "bbox_yolo": [0.3949035704135895, 0.3987424373626709, 0.19357837736606598, 0.15769748389720917], "conf": 0.6919207572937012}, {"class_name": "B2", "bbox_yolo": [0.6580834984779358, 0.36771172285079956, 0.1149306669831276, 0.10289311408996582], "conf": 0.38002607226371765}, {"class_name": "B2", "bbox_yolo": [0.23448164761066437, 0.39640653133392334, 0.11987155675888062, 0.09740834683179855], "conf": 0.29959195852279663}, {"class_name": "B2", "bbox_yolo": [0.2336527556180954, 0.3918525278568268, 0.10903524607419968, 0.08759098500013351], "conf": 0.2862149477005005}], "count_per_class": {"B1": 1, "B2": 3, "B3": 0, "B4": 0}, "side_index": 3}