{"image": "DAMIMAS_A21B_0587_4.jpg", "detector": "y26n", "detections": [{"class_name": "B1", "bbox_yolo": [0.6609441637992859, 0.46047139167785645, 0.10994028300046921, 0.08627157658338547], "conf": 0.49771884083747864}], "count_per_class": {"B1": 1, "B2": 0, "B3": 0, "B4": 0}, "side_index": 3}