{"image": "DAMIMAS_A21B_0333_4.jpg", "detector": "y26n", "detections": [{"class_name": "B1", "bbox_yolo": [0.5760440230369568, 0.5185385346412659, 0.1148478239774704, 0.10133600234985352], "conf": 0.7616245150566101}, {"class_name": "B3", "bbox_yolo": [0.4451933801174164, 0.5069679617881775, 0.10823409259319305, 0.09054221957921982], "conf": 0.7234657406806946}], "count_per_class": {"B1": 1, "B2": 0, "B3": 1, "B4": 0}, "side_index": 3}