{"image": "DAMIMAS_A21B_0853_5.jpg", "detector": "y26n", "detections": [{"class_name": "B1", "bbox_yolo": [0.31970226764678955, 0.47543811798095703, 0.1412576287984848, 0.10249342769384384], "conf": 0.8230809569358826}, {"class_name": "B3", "bbox_yolo": [0.4600960612297058, 0.4324960708618164, 0.12935301661491394, 0.11009471863508224], "conf": 0.7164666652679443}, {"class_name": "B1", "bbox_yolo": [0.6949098110198975, 0.4763782024383545, 0.09421081840991974, 0.07229995727539062], "conf": 0.3690945506095886}, {"class_name": "B3", "bbox_yolo": [0.6701881885528564, 0.38230568170547485, 0.06230901554226875, 0.050443172454833984], "conf": 0.3653211295604706}], "count_per_class": {"B1": 2, "B2": 0, "B3": 2, "B4": 0}, "side_index": 4}