{"image": "DAMIMAS_A21B_0600_3.jpg", "detector": "y26n", "detections": [{"class_name": "B1", "bbox_yolo": [0.4621509611606598, 0.4204545021057129, 0.24636085331439972, 0.14768290519714355], "conf": 0.7859083414077759}, {"class_name": "B3", "bbox_yolo": [0.5782989859580994, 0.30988556146621704, 0.18324197828769684, 0.14496806263923645], "conf": 0.6907837986946106}, {"class_name": "B2", "bbox_yolo": [0.7543360590934753, 0.41338586807250977, 0.20146720111370087, 0.15489299595355988], "conf": 0.6008341908454895}], "count_per_class": {"B1": 1, "B2": 1, "B3": 1, "B4": 0}, "side_index": 2}