{"image": "DAMIMAS_A21B_0774_3.jpg", "detector": "y26n", "detections": [{"class_name": "B4", "bbox_yolo": [0.5743346214294434, 0.305142879486084, 0.16139955818653107, 0.09437959641218185], "conf": 0.3562682867050171}, {"class_name": "B3", "bbox_yolo": [0.4240502715110779, 0.3761333227157593, 0.21673324704170227, 0.11584973335266113], "conf": 0.28140783309936523}], "count_per_class": {"B1": 0, "B2": 0, "B3": 1, "B4": 1}, "side_index": 2}