{"image": "DAMIMAS_A21B_0343_1.jpg", "detector": "y26n", "detections": [{"class_name": "B3", "bbox_yolo": [0.6378090977668762, 0.30687204003334045, 0.11260350793600082, 0.09262511879205704], "conf": 0.7026296854019165}, {"class_name": "B3", "bbox_yolo": [0.41109880805015564, 0.2803543508052826, 0.09309905767440796, 0.07129006832838058], "conf": 0.5783182978630066}, {"class_name": "B2", "bbox_yolo": [0.4838927090167999, 0.3426474630832672, 0.1216932013630867, 0.09089090675115585], "conf": 0.3454851806163788}], "count_per_class": {"B1": 0, "B2": 1, "B3": 2, "B4": 0}, "side_index": 0}