{"image": "DAMIMAS_A21B_0363_4.jpg", "detector": "y26n", "detections": [{"class_name": "B3", "bbox_yolo": [0.4872961640357971, 0.3543493449687958, 0.12286205589771271, 0.09410226345062256], "conf": 0.47611385583877563}, {"class_name": "B3", "bbox_yolo": [0.6548327207565308, 0.3766220211982727, 0.11351287364959717, 0.07794511318206787], "conf": 0.29991185665130615}, {"class_name": "B3", "bbox_yolo": [0.6908384561538696, 0.3212864100933075, 0.06922683864831924, 0.044184423983097076], "conf": 0.29527297616004944}], "count_per_class": {"B1": 0, "B2": 0, "B3": 3, "B4": 0}, "side_index": 3}