{"image": "DAMIMAS_A21B_0347_4.jpg", "detector": "y26n", "detections": [{"class_name": "B3", "bbox_yolo": [0.31312304735183716, 0.34435054659843445, 0.1203741803765297, 0.09688039124011993], "conf": 0.5042446851730347}, {"class_name": "B3", "bbox_yolo": [0.3927907645702362, 0.28529244661331177, 0.11093150079250336, 0.089433453977108], "conf": 0.35901346802711487}, {"class_name": "B1", "bbox_yolo": [0.6230869889259338, 0.3461100459098816, 0.12180513143539429, 0.11138635128736496], "conf": 0.3426918387413025}, {"class_name": "B3", "bbox_yolo": [0.5192683935165405, 0.3089592456817627, 0.11091512441635132, 0.09697878360748291], "conf": 0.2770405113697052}], "count_per_class": {"B1": 1, "B2": 0, "B3": 3, "B4": 0}, "side_index": 3}