{"image": "DAMIMAS_A21B_0645_2.jpg", "detector": "y26n", "detections": [{"class_name": "B3", "bbox_yolo": [0.18900935351848602, 0.2709295451641083, 0.19078338146209717, 0.2083977311849594], "conf": 0.6538755893707275}, {"class_name": "B3", "bbox_yolo": [0.8550076484680176, 0.2606695890426636, 0.2006654143333435, 0.16811686754226685], "conf": 0.6264621615409851}, {"class_name": "B4", "bbox_yolo": [0.41342559456825256, 0.13531111180782318, 0.2454829066991806, 0.2049625962972641], "conf": 0.2671569585800171}], "count_per_class": {"B1": 0, "B2": 0, "B3": 2, "B4": 1}, "side_index": 1}