{"image": "DAMIMAS_A21B_0282_1.jpg", "detector": "y26n", "detections": [{"class_name": "B2", "bbox_yolo": [0.5363030433654785, 0.4457072913646698, 0.17408998310565948, 0.1542106419801712], "conf": 0.467077374458313}, {"class_name": "B1", "bbox_yolo": [0.5363030433654785, 0.4457072913646698, 0.17408998310565948, 0.1542106419801712], "conf": 0.2831360697746277}, {"class_name": "B2", "bbox_yolo": [0.6824491024017334, 0.416591078042984, 0.11050079017877579, 0.10246634483337402], "conf": 0.278759628534317}], "count_per_class": {"B1": 1, "B2": 2, "B3": 0, "B4": 0}, "side_index": 0}