{"image": "DAMIMAS_A21B_0053_3.jpg", "detector": "y26n", "detections": [{"class_name": "B3", "bbox_yolo": [0.591913104057312, 0.4807799756526947, 0.11372274160385132, 0.08447790145874023], "conf": 0.5270687341690063}, {"class_name": "B2", "bbox_yolo": [0.3786238729953766, 0.500188946723938, 0.1282130628824234, 0.08908744156360626], "conf": 0.5084398984909058}, {"class_name": "B4", "bbox_yolo": [0.36974036693573, 0.4266822040081024, 0.11760600656270981, 0.07817082852125168], "conf": 0.379012793302536}], "count_per_class": {"B1": 0, "B2": 1, "B3": 1, "B4": 1}, "side_index": 2}