{"image": "DAMIMAS_A21B_0058_2.jpg", "detector": "y26n", "detections": [{"class_name": "B2", "bbox_yolo": [0.3685734272003174, 0.5054191946983337, 0.1184387281537056, 0.07974296063184738], "conf": 0.481993705034256}, {"class_name": "B4", "bbox_yolo": [0.3463115990161896, 0.4380565285682678, 0.11320725083351135, 0.06866226345300674], "conf": 0.37331295013427734}, {"class_name": "B3", "bbox_yolo": [0.6377137899398804, 0.481424480676651, 0.1269267499446869, 0.09898938983678818], "conf": 0.26390591263771057}], "count_per_class": {"B1": 0, "B2": 1, "B3": 1, "B4": 1}, "side_index": 1}