{"image": "DAMIMAS_A21B_0355_3.jpg", "detector": "y26n", "detections": [{"class_name": "B1", "bbox_yolo": [0.5317635536193848, 0.41955992579460144, 0.09746535867452621, 0.07442951202392578], "conf": 0.6079232692718506}, {"class_name": "B3", "bbox_yolo": [0.4523909389972687, 0.35910746455192566, 0.05720409005880356, 0.04318401962518692], "conf": 0.42971450090408325}, {"class_name": "B3", "bbox_yolo": [0.6176313161849976, 0.3853839337825775, 0.07782433927059174, 0.06058764457702637], "conf": 0.4055265188217163}, {"class_name": "B3", "bbox_yolo": [0.5416461825370789, 0.3396834433078766, 0.05261532589793205, 0.04579489305615425], "conf": 0.27953580021858215}], "count_per_class": {"B1": 1, "B2": 0, "B3": 3, "B4": 0}, "side_index": 2}