{"image": "DAMIMAS_A21B_0408_4.jpg", "detector": "y26n", "detections": [{"class_name": "B1", "bbox_yolo": [0.34900355339050293, 0.5234646201133728, 0.08880870044231415, 0.08051209896802902], "conf": 0.630948007106781}, {"class_name": "B3", "bbox_yolo": [0.5446317195892334, 0.4640915095806122, 0.09399239718914032, 0.09514451026916504], "conf": 0.6032980680465698}, {"class_name": "B1", "bbox_yolo": [0.6560304164886475, 0.5010665059089661, 0.09604225307703018, 0.08693156391382217], "conf": 0.49875178933143616}, {"class_name": "B3", "bbox_yolo": [0.43041378259658813, 0.48808637261390686, 0.09252863377332687, 0.07606392353773117], "conf": 0.4528762996196747}], "count_per_class": {"B1": 2, "B2": 0, "B3": 2, "B4": 0}, "side_index": 3}