{"image": "DAMIMAS_A21B_0756_1.jpg", "detector": "y26n", "detections": [{"class_name": "B3", "bbox_yolo": [0.4437377452850342, 0.38122421503067017, 0.15111199021339417, 0.1296023428440094], "conf": 0.7374540567398071}, {"class_name": "B3", "bbox_yolo": [0.6893025040626526, 0.385808527469635, 0.11503773182630539, 0.10179054737091064], "conf": 0.6904593706130981}, {"class_name": "B4", "bbox_yolo": [0.5876857042312622, 0.3365437090396881, 0.126493901014328, 0.0944237932562828], "conf": 0.6472845077514648}, {"class_name": "B2", "bbox_yolo": [0.5686824917793274, 0.44277793169021606, 0.1645675152540207, 0.11571183055639267], "conf": 0.3569355607032776}], "count_per_class": {"B1": 0, "B2": 1, "B3": 2, "B4": 1}, "side_index": 0}