{"image": "DAMIMAS_A21B_0628_2.jpg", "detector": "y26n", "detections": [{"class_name": "B3", "bbox_yolo": [0.6708155870437622, 0.41278496384620667, 0.141292005777359, 0.13547053933143616], "conf": 0.7524099946022034}, {"class_name": "B2", "bbox_yolo": [0.49665161967277527, 0.4419192373752594, 0.15116600692272186, 0.14073526859283447], "conf": 0.5179802179336548}, {"class_name": "B4", "bbox_yolo": [0.5387037992477417, 0.33488860726356506, 0.1228167936205864, 0.08459329605102539], "conf": 0.4790266752243042}, {"class_name": "B3", "bbox_yolo": [0.2634850740432739, 0.4149051606655121, 0.12194357812404633, 0.10597524791955948], "conf": 0.2526851296424866}], "count_per_class": {"B1": 0, "B2": 1, "B3": 2, "B4": 1}, "side_index": 1}