{"image": "DAMIMAS_A21B_0134_2.jpg", "detector": "y26n", "detections": [{"class_name": "B2", "bbox_yolo": [0.4709853231906891, 0.29290562868118286, 0.1111401915550232, 0.09695606678724289], "conf": 0.4081662893295288}, {"class_name": "B3", "bbox_yolo": [0.5720839500427246, 0.26443859934806824, 0.10908349603414536, 0.08092410862445831], "conf": 0.3237687349319458}, {"class_name": "B3", "bbox_yolo": [0.40628811717033386, 0.3300587236881256, 0.08021125942468643, 0.06665437668561935], "conf": 0.2962873578071594}], "count_per_class": {"B1": 0, "B2": 1, "B3": 2, "B4": 0}, "side_index": 1}