{"image": "DAMIMAS_A21B_0346_3.jpg", "detector": "y26n", "detections": [{"class_name": "B3", "bbox_yolo": [0.45559388399124146, 0.33020445704460144, 0.1295606940984726, 0.10449881851673126], "conf": 0.6746572256088257}, {"class_name": "B4", "bbox_yolo": [0.427859902381897, 0.2553670406341553, 0.10752516239881516, 0.06367319077253342], "conf": 0.2618587911128998}], "count_per_class": {"B1": 0, "B2": 0, "B3": 1, "B4": 1}, "side_index": 2}