{"image": "DAMIMAS_A21B_0101_4.jpg", "detector": "y26n", "detections": [{"class_name": "B3", "bbox_yolo": [0.4540826380252838, 0.4971577823162079, 0.13903170824050903, 0.10415845364332199], "conf": 0.6946096420288086}, {"class_name": "B1", "bbox_yolo": [0.602774977684021, 0.5276238322257996, 0.13689163327217102, 0.11462884396314621], "conf": 0.5040414929389954}, {"class_name": "B3", "bbox_yolo": [0.6481121182441711, 0.4559764564037323, 0.09317595511674881, 0.06245260313153267], "conf": 0.3362867832183838}, {"class_name": "B2", "bbox_yolo": [0.602774977684021, 0.5276238322257996, 0.13689163327217102, 0.11462884396314621], "conf": 0.29050326347351074}], "count_per_class": {"B1": 1, "B2": 1, "B3": 2, "B4": 0}, "side_index": 3}