{"image": "DAMIMAS_A21B_0186_2.jpg", "detector": "y26n", "detections": [{"class_name": "B3", "bbox_yolo": [0.5883031487464905, 0.1878264993429184, 0.10968291759490967, 0.09628935158252716], "conf": 0.6011724472045898}, {"class_name": "B3", "bbox_yolo": [0.4645022451877594, 0.17575938999652863, 0.13823062181472778, 0.13987946510314941], "conf": 0.4874398708343506}, {"class_name": "B3", "bbox_yolo": [0.465545117855072, 0.177408829331398, 0.1490728110074997, 0.14599207043647766], "conf": 0.2500092089176178}], "count_per_class": {"B1": 0, "B2": 0, "B3": 3, "B4": 0}, "side_index": 1}