{"image": "DAMIMAS_A21B_0114_1.jpg", "detector": "y26n", "detections": [{"class_name": "B3", "bbox_yolo": [0.37682053446769714, 0.48425188660621643, 0.12283936142921448, 0.08811726421117783], "conf": 0.6021499633789062}, {"class_name": "B3", "bbox_yolo": [0.5716254115104675, 0.48149386048316956, 0.11250216513872147, 0.09293041378259659], "conf": 0.5284383296966553}], "count_per_class": {"B1": 0, "B2": 0, "B3": 2, "B4": 0}, "side_index": 0}