{"image": "DAMIMAS_A21B_0543_4.jpg", "detector": "y26n", "detections": [{"class_name": "B2", "bbox_yolo": [0.6574342250823975, 0.350360244512558, 0.11973699927330017, 0.09959211200475693], "conf": 0.304510235786438}], "count_per_class": {"B1": 0, "B2": 1, "B3": 0, "B4": 0}, "side_index": 3}