{"image": "DAMIMAS_A21B_0415_2.jpg", "detector": "y26n", "detections": [{"class_name": "B3", "bbox_yolo": [0.6203888058662415, 0.34385114908218384, 0.15558911859989166, 0.11534283310174942], "conf": 0.6320115327835083}, {"class_name": "B3", "bbox_yolo": [0.2944488227367401, 0.3008616864681244, 0.14318504929542542, 0.1005137711763382], "conf": 0.3663501441478729}, {"class_name": "B4", "bbox_yolo": [0.45729348063468933, 0.2702007591724396, 0.11881250143051147, 0.10079550743103027], "conf": 0.3168256878852844}], "count_per_class": {"B1": 0, "B2": 0, "B3": 2, "B4": 1}, "side_index": 1}