{"image": "DAMIMAS_A21B_0725_1.jpg", "detector": "y26n", "detections": [{"class_name": "B3", "bbox_yolo": [0.3746326267719269, 0.36382800340652466, 0.2680917978286743, 0.20565851032733917], "conf": 0.6850180625915527}, {"class_name": "B2", "bbox_yolo": [0.7990632653236389, 0.38961154222488403, 0.16084308922290802, 0.15918175876140594], "conf": 0.6327658295631409}, {"class_name": "B3", "bbox_yolo": [0.4094885587692261, 0.3470054566860199, 0.2041236013174057, 0.17022071778774261], "conf": 0.37256181240081787}, {"class_name": "B4", "bbox_yolo": [0.6671960353851318, 0.3266284167766571, 0.1635638028383255, 0.12561099231243134], "conf": 0.2613579034805298}], "count_per_class": {"B1": 0, "B2": 1, "B3": 2, "B4": 1}, "side_index": 0}