{"image": "DAMIMAS_A21B_0525_3.jpg", "detector": "y26n", "detections": [{"class_name": "B3", "bbox_yolo": [0.5177164673805237, 0.5386789441108704, 0.10325095057487488, 0.09827890247106552], "conf": 0.6311089992523193}, {"class_name": "B3", "bbox_yolo": [0.393869012594223, 0.5618301630020142, 0.10460390150547028, 0.0839630588889122], "conf": 0.569572925567627}, {"class_name": "B1", "bbox_yolo": [0.6112061738967896, 0.5604945421218872, 0.09927763044834137, 0.08665700256824493], "conf": 0.5589962005615234}], "count_per_class": {"B1": 1, "B2": 0, "B3": 2, "B4": 0}, "side_index": 2}