{"image": "DAMIMAS_A21B_0713_3.jpg", "detector": "y26n", "detections": [{"class_name": "B4", "bbox_yolo": [0.47105154395103455, 0.14125563204288483, 0.13428336381912231, 0.12716858088970184], "conf": 0.5150139331817627}, {"class_name": "B1", "bbox_yolo": [0.39353203773498535, 0.29285335540771484, 0.24714362621307373, 0.23006418347358704], "conf": 0.47801506519317627}, {"class_name": "B1", "bbox_yolo": [0.3890697956085205, 0.2912057340145111, 0.24713879823684692, 0.22312839329242706], "conf": 0.4069715440273285}, {"class_name": "B3", "bbox_yolo": [0.7089688777923584, 0.23774762451648712, 0.2530899941921234, 0.2146792709827423], "conf": 0.3313734531402588}], "count_per_class": {"B1": 2, "B2": 0, "B3": 1, "B4": 1}, "side_index": 2}