{"image": "DAMIMAS_A21B_0135_4.jpg", "detector": "y26n", "detections": [{"class_name": "B3", "bbox_yolo": [0.5730931758880615, 0.3924688994884491, 0.12588615715503693, 0.09327836334705353], "conf": 0.7463666796684265}, {"class_name": "B3", "bbox_yolo": [0.43079495429992676, 0.43112072348594666, 0.1329258680343628, 0.09478776901960373], "conf": 0.2841770648956299}, {"class_name": "B2", "bbox_yolo": [0.6595539450645447, 0.44730326533317566, 0.10771631449460983, 0.09729307144880295], "conf": 0.28195786476135254}], "count_per_class": {"B1": 0, "B2": 1, "B3": 2, "B4": 0}, "side_index": 3}