{"image": "DAMIMAS_A21B_0269_1.jpg", "detector": "y26n", "detections": [{"class_name": "B3", "bbox_yolo": [0.6807780265808105, 0.4874424934387207, 0.15368245542049408, 0.12591777741909027], "conf": 0.7536460161209106}, {"class_name": "B3", "bbox_yolo": [0.3958912193775177, 0.4757392108440399, 0.17169012129306793, 0.1443750411272049], "conf": 0.5890694260597229}], "count_per_class": {"B1": 0, "B2": 0, "B3": 2, "B4": 0}, "side_index": 0}