{"image": "DAMIMAS_A21B_0377_1.jpg", "detector": "y26n", "detections": [{"class_name": "B3", "bbox_yolo": [0.500518798828125, 0.3502148389816284, 0.1028670072555542, 0.08534178882837296], "conf": 0.5610639452934265}, {"class_name": "B1", "bbox_yolo": [0.3968167304992676, 0.4016292989253998, 0.10602675378322601, 0.07430489361286163], "conf": 0.3348420560359955}, {"class_name": "B2", "bbox_yolo": [0.3968167304992676, 0.4016292989253998, 0.10602675378322601, 0.07430489361286163], "conf": 0.29393571615219116}, {"class_name": "B2", "bbox_yolo": [0.6134399771690369, 0.3769858777523041, 0.09539254754781723, 0.06948983669281006], "conf": 0.2601548135280609}], "count_per_class": {"B1": 1, "B2": 2, "B3": 1, "B4": 0}, "side_index": 0}