{"image": "DAMIMAS_A21B_0338_2.jpg", "detector": "y26n", "detections": [{"class_name": "B3", "bbox_yolo": [0.3436659276485443, 0.42168474197387695, 0.20029622316360474, 0.14903686940670013], "conf": 0.7315470576286316}, {"class_name": "B4", "bbox_yolo": [0.33951589465141296, 0.30779629945755005, 0.13864634931087494, 0.09014489501714706], "conf": 0.5864304304122925}], "count_per_class": {"B1": 0, "B2": 0, "B3": 1, "B4": 1}, "side_index": 1}