{"image": "DAMIMAS_A21B_0839_6.jpg", "detector": "y26n", "detections": [{"class_name": "B3", "bbox_yolo": [0.6374971270561218, 0.3651307225227356, 0.15296676754951477, 0.13711576163768768], "conf": 0.6517266035079956}, {"class_name": "B1", "bbox_yolo": [0.25835782289505005, 0.465303510427475, 0.15275919437408447, 0.1684766262769699], "conf": 0.6422956585884094}, {"class_name": "B3", "bbox_yolo": [0.4249635934829712, 0.4147031009197235, 0.18964625895023346, 0.13911643624305725], "conf": 0.6300276517868042}, {"class_name": "B3", "bbox_yolo": [0.7518249750137329, 0.43485069274902344, 0.15890561044216156, 0.13142184913158417], "conf": 0.6300115585327148}], "count_per_class": {"B1": 1, "B2": 0, "B3": 3, "B4": 0}, "side_index": 5}