{"image": "DAMIMAS_A21B_0409_3.jpg", "detector": "y26n", "detections": [{"class_name": "B3", "bbox_yolo": [0.35724902153015137, 0.4173349440097809, 0.10373023897409439, 0.07211051136255264], "conf": 0.5275818109512329}, {"class_name": "B1", "bbox_yolo": [0.5145925283432007, 0.44837474822998047, 0.09331811964511871, 0.09142556041479111], "conf": 0.3963995575904846}, {"class_name": "B3", "bbox_yolo": [0.3579203486442566, 0.4200769364833832, 0.10824264585971832, 0.07949814945459366], "conf": 0.34572431445121765}], "count_per_class": {"B1": 1, "B2": 0, "B3": 2, "B4": 0}, "side_index": 2}