{"image": "DAMIMAS_A21B_0377_2.jpg", "detector": "y26n", "detections": [{"class_name": "B3", "bbox_yolo": [0.3851332366466522, 0.40251120924949646, 0.08461348712444305, 0.0647624284029007], "conf": 0.5158731937408447}, {"class_name": "B3", "bbox_yolo": [0.4976513087749481, 0.4297100007534027, 0.09437666088342667, 0.0859312042593956], "conf": 0.45587366819381714}], "count_per_class": {"B1": 0, "B2": 0, "B3": 2, "B4": 0}, "side_index": 1}