{"image": "DAMIMAS_A21B_0190_1.jpg", "detector": "y26n", "detections": [{"class_name": "B2", "bbox_yolo": [0.6031386852264404, 0.3856246769428253, 0.12818413972854614, 0.1091863140463829], "conf": 0.7785671353340149}, {"class_name": "B3", "bbox_yolo": [0.38312089443206787, 0.3518542945384979, 0.1470130980014801, 0.11430817097425461], "conf": 0.5546518564224243}, {"class_name": "B3", "bbox_yolo": [0.49825841188430786, 0.326903760433197, 0.09454088658094406, 0.090863898396492], "conf": 0.2994621992111206}], "count_per_class": {"B1": 0, "B2": 1, "B3": 2, "B4": 0}, "side_index": 0}