{"image": "DAMIMAS_A21B_0064_4.jpg", "detector": "y26n", "detections": [{"class_name": "B3", "bbox_yolo": [0.3753095269203186, 0.4403369128704071, 0.14214888215065002, 0.10023083537817001], "conf": 0.6317398548126221}, {"class_name": "B2", "bbox_yolo": [0.6585440039634705, 0.4605846405029297, 0.14219322800636292, 0.12445463985204697], "conf": 0.5920873284339905}, {"class_name": "B4", "bbox_yolo": [0.2659345865249634, 0.3656574785709381, 0.12409655749797821, 0.07899551838636398], "conf": 0.3723275363445282}], "count_per_class": {"B1": 0, "B2": 1, "B3": 1, "B4": 1}, "side_index": 3}