{"image": "DAMIMAS_A21B_0463_3.jpg", "detector": "y26n", "detections": [{"class_name": "B3", "bbox_yolo": [0.4373452067375183, 0.46370530128479004, 0.08101435005664825, 0.06506776809692383], "conf": 0.3739853501319885}, {"class_name": "B1", "bbox_yolo": [0.5335676670074463, 0.47176310420036316, 0.08483963459730148, 0.06589803844690323], "conf": 0.37073764204978943}], "count_per_class": {"B1": 1, "B2": 0, "B3": 1, "B4": 0}, "side_index": 2}