{"image": "DAMIMAS_A21B_0731_1.jpg", "detector": "y26n", "detections": [{"class_name": "B3", "bbox_yolo": [0.7395774126052856, 0.18309219181537628, 0.16261616349220276, 0.11081234365701675], "conf": 0.5105576515197754}], "count_per_class": {"B1": 0, "B2": 0, "B3": 1, "B4": 0}, "side_index": 0}