{"image": "DAMIMAS_A21B_0184_4.jpg", "detector": "y26n", "detections": [{"class_name": "B3", "bbox_yolo": [0.3630828559398651, 0.4391896426677704, 0.18601930141448975, 0.15297582745552063], "conf": 0.780722439289093}, {"class_name": "B3", "bbox_yolo": [0.6416746377944946, 0.41033729910850525, 0.1508869230747223, 0.1244412437081337], "conf": 0.7019006609916687}], "count_per_class": {"B1": 0, "B2": 0, "B3": 2, "B4": 0}, "side_index": 3}