{"image": "DAMIMAS_A21B_0521_2.jpg", "detector": "y26n", "detections": [{"class_name": "B1", "bbox_yolo": [0.40983790159225464, 0.3884088695049286, 0.163397416472435, 0.12832608819007874], "conf": 0.8143782019615173}, {"class_name": "B2", "bbox_yolo": [0.6631799936294556, 0.3637230396270752, 0.1324291229248047, 0.11489784717559814], "conf": 0.5884110331535339}, {"class_name": "B3", "bbox_yolo": [0.5271284580230713, 0.32143592834472656, 0.14602509140968323, 0.1147865280508995], "conf": 0.4891327917575836}, {"class_name": "B4", "bbox_yolo": [0.5271284580230713, 0.32143592834472656, 0.14602509140968323, 0.1147865280508995], "conf": 0.281775563955307}], "count_per_class": {"B1": 1, "B2": 1, "B3": 1, "B4": 1}, "side_index": 1}