{"image": "DAMIMAS_A21B_0377_3.jpg", "detector": "y26n", "detections": [{"class_name": "B3", "bbox_yolo": [0.36113670468330383, 0.3953823745250702, 0.1007537916302681, 0.07525747269392014], "conf": 0.38189026713371277}, {"class_name": "B3", "bbox_yolo": [0.5685622692108154, 0.3634394705295563, 0.0919925719499588, 0.07018699496984482], "conf": 0.3566049635410309}, {"class_name": "B3", "bbox_yolo": [0.449096143245697, 0.3523007035255432, 0.0894717276096344, 0.062118079513311386], "conf": 0.28764018416404724}, {"class_name": "B3", "bbox_yolo": [0.6501601934432983, 0.3844549357891083, 0.0573095977306366, 0.049152493476867676], "conf": 0.27586448192596436}], "count_per_class": {"B1": 0, "B2": 0, "B3": 4, "B4": 0}, "side_index": 2}