{"image": "DAMIMAS_A21B_0511_4.jpg", "detector": "y26n", "detections": [{"class_name": "B1", "bbox_yolo": [0.42775124311447144, 0.26680371165275574, 0.1572013646364212, 0.15020917356014252], "conf": 0.7133922576904297}, {"class_name": "B3", "bbox_yolo": [0.38701772689819336, 0.1581183522939682, 0.20444709062576294, 0.1386273354291916], "conf": 0.6044920682907104}, {"class_name": "B2", "bbox_yolo": [0.6228901147842407, 0.24645033478736877, 0.18539060652256012, 0.16097810864448547], "conf": 0.41588276624679565}], "count_per_class": {"B1": 1, "B2": 1, "B3": 1, "B4": 0}, "side_index": 3}