{"image": "DAMIMAS_A21B_0175_1.jpg", "detector": "y26n", "detections": [{"class_name": "B2", "bbox_yolo": [0.5840725302696228, 0.5578252077102661, 0.12905356287956238, 0.11094222217798233], "conf": 0.6921071410179138}, {"class_name": "B3", "bbox_yolo": [0.6475937366485596, 0.48739153146743774, 0.08641275018453598, 0.05996580049395561], "conf": 0.580622673034668}, {"class_name": "B3", "bbox_yolo": [0.4116566479206085, 0.5349007844924927, 0.10011126846075058, 0.07861890643835068], "conf": 0.4621879756450653}], "count_per_class": {"B1": 0, "B2": 1, "B3": 2, "B4": 0}, "side_index": 0}