{"image": "DAMIMAS_A21B_0143_2.jpg", "detector": "y26n", "detections": [{"class_name": "B4", "bbox_yolo": [0.39113649725914, 0.38071534037590027, 0.10130409151315689, 0.0780722126364708], "conf": 0.5951391458511353}, {"class_name": "B3", "bbox_yolo": [0.4158051311969757, 0.47010159492492676, 0.12839826941490173, 0.09553537517786026], "conf": 0.4250868260860443}, {"class_name": "B3", "bbox_yolo": [0.4146619439125061, 0.4738128185272217, 0.13708195090293884, 0.10431146621704102], "conf": 0.40370091795921326}, {"class_name": "B3", "bbox_yolo": [0.31251299381256104, 0.4296073913574219, 0.0930141806602478, 0.0704352855682373], "conf": 0.3698270320892334}], "count_per_class": {"B1": 0, "B2": 0, "B3": 3, "B4": 1}, "side_index": 1}