{"image": "DAMIMAS_A21B_0608_3.jpg", "detector": "y26n", "detections": [{"class_name": "B3", "bbox_yolo": [0.390171080827713, 0.20397956669330597, 0.17152783274650574, 0.11990829557180405], "conf": 0.6365072727203369}, {"class_name": "B3", "bbox_yolo": [0.6154783964157104, 0.24448637664318085, 0.17420919239521027, 0.15803077816963196], "conf": 0.6229472160339355}, {"class_name": "B2", "bbox_yolo": [0.717160701751709, 0.35295820236206055, 0.15181484818458557, 0.13778717815876007], "conf": 0.5615110397338867}, {"class_name": "B4", "bbox_yolo": [0.4983770549297333, 0.15082679688930511, 0.12819555401802063, 0.09142100811004639], "conf": 0.32936951518058777}], "count_per_class": {"B1": 0, "B2": 1, "B3": 2, "B4": 1}, "side_index": 2}