{"image": "DAMIMAS_A21B_0469_4.jpg", "detector": "y26n", "detections": [{"class_name": "B3", "bbox_yolo": [0.36976638436317444, 0.4779568612575531, 0.14369060099124908, 0.11286091804504395], "conf": 0.7808637619018555}, {"class_name": "B4", "bbox_yolo": [0.36060336232185364, 0.39309030771255493, 0.10172199457883835, 0.0715121254324913], "conf": 0.6341843008995056}, {"class_name": "B3", "bbox_yolo": [0.6372471451759338, 0.4501882493495941, 0.12663015723228455, 0.09395547211170197], "conf": 0.4404645562171936}, {"class_name": "B4", "bbox_yolo": [0.4995584189891815, 0.4167797565460205, 0.11234881728887558, 0.09209849685430527], "conf": 0.3907029628753662}], "count_per_class": {"B1": 0, "B2": 0, "B3": 2, "B4": 2}, "side_index": 3}