{"image": "DAMIMAS_A21B_0736_4.jpg", "detector": "y26n", "detections": [{"class_name": "B3", "bbox_yolo": [0.37001165747642517, 0.29883062839508057, 0.2513221502304077, 0.17581228911876678], "conf": 0.7717348337173462}, {"class_name": "B3", "bbox_yolo": [0.17636580765247345, 0.3692243993282318, 0.14822493493556976, 0.11544907093048096], "conf": 0.5263156890869141}, {"class_name": "B2", "bbox_yolo": [0.7990188002586365, 0.36131811141967773, 0.1194879561662674, 0.08017685264348984], "conf": 0.4827878475189209}, {"class_name": "B4", "bbox_yolo": [0.21193815767765045, 0.21354568004608154, 0.1072733923792839, 0.08915352821350098], "conf": 0.47593891620635986}], "count_per_class": {"B1": 0, "B2": 1, "B3": 2, "B4": 1}, "side_index": 3}