{"image": "DAMIMAS_A21B_0800_3.jpg", "detector": "y26n", "detections": [{"class_name": "B3", "bbox_yolo": [0.44077059626579285, 0.3531794548034668, 0.2203279584646225, 0.16782723367214203], "conf": 0.6779876947402954}, {"class_name": "B4", "bbox_yolo": [0.39732712507247925, 0.22686146199703217, 0.1292847990989685, 0.08531784266233444], "conf": 0.5032996535301208}, {"class_name": "B3", "bbox_yolo": [0.7332027554512024, 0.3093302547931671, 0.127969428896904, 0.10985007137060165], "conf": 0.43996819853782654}, {"class_name": "B3", "bbox_yolo": [0.26184678077697754, 0.3386281728744507, 0.11499645560979843, 0.11787743866443634], "conf": 0.2988453507423401}], "count_per_class": {"B1": 0, "B2": 0, "B3": 3, "B4": 1}, "side_index": 2}