{"image": "DAMIMAS_A21B_0612_2.jpg", "detector": "y26n", "detections": [{"class_name": "B3", "bbox_yolo": [0.6830015182495117, 0.544117271900177, 0.20786617696285248, 0.16989007592201233], "conf": 0.7203723192214966}, {"class_name": "B3", "bbox_yolo": [0.48018133640289307, 0.5110442042350769, 0.15328913927078247, 0.12289752811193466], "conf": 0.5760217308998108}, {"class_name": "B3", "bbox_yolo": [0.2891116738319397, 0.526610255241394, 0.18801216781139374, 0.127131849527359], "conf": 0.5200534462928772}, {"class_name": "B3", "bbox_yolo": [0.22792945802211761, 0.43282613158226013, 0.14098310470581055, 0.07953403145074844], "conf": 0.40112388134002686}], "count_per_class": {"B1": 0, "B2": 0, "B3": 4, "B4": 0}, "side_index": 1}