{"image": "DAMIMAS_A21B_0113_4.jpg", "detector": "y26n", "detections": [{"class_name": "B3", "bbox_yolo": [0.352486252784729, 0.5082420706748962, 0.12912878394126892, 0.10129962116479874], "conf": 0.5307137966156006}, {"class_name": "B3", "bbox_yolo": [0.6283822655677795, 0.5214818120002747, 0.14743582904338837, 0.12281050533056259], "conf": 0.5270758271217346}], "count_per_class": {"B1": 0, "B2": 0, "B3": 2, "B4": 0}, "side_index": 3}