{"image": "DAMIMAS_A21B_0265_2.jpg", "detector": "y26n", "detections": [{"class_name": "B3", "bbox_yolo": [0.36487364768981934, 0.40996772050857544, 0.1683901846408844, 0.13807009160518646], "conf": 0.7366746664047241}, {"class_name": "B3", "bbox_yolo": [0.6816046833992004, 0.3794039189815521, 0.13047581911087036, 0.0901779904961586], "conf": 0.6192060112953186}, {"class_name": "B1", "bbox_yolo": [0.2725992202758789, 0.47130194306373596, 0.1366080343723297, 0.11469998210668564], "conf": 0.2976895272731781}, {"class_name": "B1", "bbox_yolo": [0.2660865783691406, 0.4635445177555084, 0.11793242394924164, 0.09861345589160919], "conf": 0.2536478042602539}], "count_per_class": {"B1": 2, "B2": 0, "B3": 2, "B4": 0}, "side_index": 1}