{"image": "DAMIMAS_A21B_0436_4.jpg", "detector": "y26n", "detections": [{"class_name": "B3", "bbox_yolo": [0.4279073178768158, 0.4637191891670227, 0.08634653687477112, 0.0712071880698204], "conf": 0.5313223004341125}, {"class_name": "B3", "bbox_yolo": [0.5226569175720215, 0.48370620608329773, 0.08778108656406403, 0.06528439372777939], "conf": 0.4122835397720337}, {"class_name": "B1", "bbox_yolo": [0.5948219895362854, 0.49384355545043945, 0.07899748533964157, 0.06718416512012482], "conf": 0.3737504780292511}, {"class_name": "B1", "bbox_yolo": [0.35043248534202576, 0.49051433801651, 0.09234073013067245, 0.0788552314043045], "conf": 0.27777352929115295}], "count_per_class": {"B1": 2, "B2": 0, "B3": 2, "B4": 0}, "side_index": 3}