{"image": "DAMIMAS_A21B_0815_4.jpg", "detector": "y26n", "detections": [{"class_name": "B3", "bbox_yolo": [0.6863899827003479, 0.3590998351573944, 0.11416582018136978, 0.09872078895568848], "conf": 0.6390301585197449}, {"class_name": "B3", "bbox_yolo": [0.34470677375793457, 0.35752958059310913, 0.09971441328525543, 0.06572127342224121], "conf": 0.5393131971359253}, {"class_name": "B2", "bbox_yolo": [0.3775581121444702, 0.4303137958049774, 0.12300688773393631, 0.10418758541345596], "conf": 0.5059973001480103}, {"class_name": "B2", "bbox_yolo": [0.5560200810432434, 0.40601450204849243, 0.1374358832836151, 0.10117080062627792], "conf": 0.4785335063934326}], "count_per_class": {"B1": 0, "B2": 2, "B3": 2, "B4": 0}, "side_index": 3}