{"image": "DAMIMAS_A21B_0186_1.jpg", "detector": "y26n", "detections": [{"class_name": "B3", "bbox_yolo": [0.6186079978942871, 0.35133516788482666, 0.109531469643116, 0.10019774734973907], "conf": 0.6691934466362}, {"class_name": "B3", "bbox_yolo": [0.49915656447410583, 0.31103044748306274, 0.1407889723777771, 0.1308581382036209], "conf": 0.5912210941314697}, {"class_name": "B3", "bbox_yolo": [0.29694411158561707, 0.3550243675708771, 0.1197756677865982, 0.11745448410511017], "conf": 0.2648034393787384}], "count_per_class": {"B1": 0, "B2": 0, "B3": 3, "B4": 0}, "side_index": 0}