{"image": "DAMIMAS_A21B_0483_1.jpg", "detector": "y26n", "detections": [{"class_name": "B1", "bbox_yolo": [0.47260594367980957, 0.4524308145046234, 0.07930959761142731, 0.059738874435424805], "conf": 0.6799306869506836}, {"class_name": "B3", "bbox_yolo": [0.5454171299934387, 0.4263925552368164, 0.0595652312040329, 0.04395098611712456], "conf": 0.38695797324180603}, {"class_name": "B3", "bbox_yolo": [0.4599098265171051, 0.4097875654697418, 0.05145925283432007, 0.03480417653918266], "conf": 0.36782583594322205}, {"class_name": "B3", "bbox_yolo": [0.4143885374069214, 0.4294504225254059, 0.041340671479701996, 0.02957749366760254], "conf": 0.3513680100440979}], "count_per_class": {"B1": 1, "B2": 0, "B3": 3, "B4": 0}, "side_index": 0}