{"image": "DAMIMAS_A21B_0402_4.jpg", "detector": "y26n", "detections": [{"class_name": "B3", "bbox_yolo": [0.3377789855003357, 0.3772820830345154, 0.13109424710273743, 0.10543236881494522], "conf": 0.709791362285614}, {"class_name": "B3", "bbox_yolo": [0.649907112121582, 0.37188348174095154, 0.11437880992889404, 0.09356498718261719], "conf": 0.42611461877822876}, {"class_name": "B4", "bbox_yolo": [0.547069251537323, 0.2558216154575348, 0.10557836294174194, 0.07412920147180557], "conf": 0.3106570243835449}], "count_per_class": {"B1": 0, "B2": 0, "B3": 2, "B4": 1}, "side_index": 3}