{"image": "DAMIMAS_A21B_0246_4.jpg", "detector": "y26n", "detections": [{"class_name": "B3", "bbox_yolo": [0.2605539560317993, 0.09096183627843857, 0.17033109068870544, 0.15193438529968262], "conf": 0.5880022048950195}, {"class_name": "B3", "bbox_yolo": [0.45049920678138733, 0.0861148089170456, 0.15894311666488647, 0.1701403707265854], "conf": 0.30615437030792236}, {"class_name": "B3", "bbox_yolo": [0.7190084457397461, 0.08642806112766266, 0.22645245492458344, 0.16677959263324738], "conf": 0.25761011242866516}], "count_per_class": {"B1": 0, "B2": 0, "B3": 3, "B4": 0}, "side_index": 3}