{"image": "DAMIMAS_A21B_0131_3.jpg", "detector": "y26n", "detections": [{"class_name": "B3", "bbox_yolo": [0.47059348225593567, 0.34588977694511414, 0.13309405744075775, 0.10469577461481094], "conf": 0.7498546838760376}, {"class_name": "B4", "bbox_yolo": [0.5722590088844299, 0.29199033975601196, 0.10615257173776627, 0.0726872906088829], "conf": 0.5275188088417053}, {"class_name": "B3", "bbox_yolo": [0.3512454330921173, 0.3524647653102875, 0.0978609099984169, 0.08539648354053497], "conf": 0.4771822988986969}], "count_per_class": {"B1": 0, "B2": 0, "B3": 2, "B4": 1}, "side_index": 2}