{"image": "DAMIMAS_A21B_0521_4.jpg", "detector": "y26n", "detections": [{"class_name": "B3", "bbox_yolo": [0.40180787444114685, 0.4286282956600189, 0.12668810784816742, 0.1080237403512001], "conf": 0.5954313278198242}, {"class_name": "B2", "bbox_yolo": [0.554645299911499, 0.4516873359680176, 0.14921729266643524, 0.11613893508911133], "conf": 0.5892446637153625}, {"class_name": "B3", "bbox_yolo": [0.6305783987045288, 0.39045006036758423, 0.08181209862232208, 0.06043615564703941], "conf": 0.42304527759552}], "count_per_class": {"B1": 0, "B2": 1, "B3": 2, "B4": 0}, "side_index": 3}