{"image": "DAMIMAS_A21B_0541_2.jpg", "detector": "y26n", "detections": [{"class_name": "B1", "bbox_yolo": [0.6452924609184265, 0.49497681856155396, 0.15077687799930573, 0.13089413940906525], "conf": 0.7542212605476379}, {"class_name": "B3", "bbox_yolo": [0.4562605917453766, 0.4662895202636719, 0.13394352793693542, 0.1098855510354042], "conf": 0.5834030508995056}], "count_per_class": {"B1": 1, "B2": 0, "B3": 1, "B4": 0}, "side_index": 1}