{"image": "DAMIMAS_A21B_0816_8.jpg", "detector": "y26n", "detections": [{"class_name": "B3", "bbox_yolo": [0.3798200786113739, 0.34445568919181824, 0.10647618770599365, 0.10231214016675949], "conf": 0.6259775757789612}, {"class_name": "B2", "bbox_yolo": [0.3216772675514221, 0.4122873842716217, 0.0964391753077507, 0.09525368362665176], "conf": 0.5415626168251038}, {"class_name": "B3", "bbox_yolo": [0.6435644030570984, 0.31921419501304626, 0.11513590067625046, 0.09544594585895538], "conf": 0.4027641713619232}, {"class_name": "B4", "bbox_yolo": [0.4851740002632141, 0.2842407822608948, 0.0907738134264946, 0.07435286045074463], "conf": 0.3316021263599396}], "count_per_class": {"B1": 0, "B2": 1, "B3": 2, "B4": 1}, "side_index": 7}