{"image": "DAMIMAS_A21B_0412_2.jpg", "detector": "y26n", "detections": [{"class_name": "B3", "bbox_yolo": [0.36934229731559753, 0.46651750802993774, 0.1278182417154312, 0.1050456091761589], "conf": 0.7051947116851807}, {"class_name": "B3", "bbox_yolo": [0.26807087659835815, 0.526971161365509, 0.11309711635112762, 0.09089618176221848], "conf": 0.579379141330719}, {"class_name": "B3", "bbox_yolo": [0.5170446634292603, 0.48444730043411255, 0.12013750523328781, 0.10408983379602432], "conf": 0.31656596064567566}], "count_per_class": {"B1": 0, "B2": 0, "B3": 3, "B4": 0}, "side_index": 1}