{"image": "DAMIMAS_A21B_0435_2.jpg", "detector": "y26n", "detections": [{"class_name": "B3", "bbox_yolo": [0.4650031626224518, 0.4609736502170563, 0.08300120383501053, 0.06487693637609482], "conf": 0.45361000299453735}, {"class_name": "B3", "bbox_yolo": [0.5714125037193298, 0.4304450452327728, 0.05950228497385979, 0.04677324369549751], "conf": 0.41657760739326477}, {"class_name": "B2", "bbox_yolo": [0.5492480397224426, 0.4851997494697571, 0.07554356753826141, 0.06555920094251633], "conf": 0.32080569863319397}, {"class_name": "B1", "bbox_yolo": [0.6430655121803284, 0.49995923042297363, 0.07001660764217377, 0.05900726467370987], "conf": 0.25959891080856323}], "count_per_class": {"B1": 1, "B2": 1, "B3": 2, "B4": 0}, "side_index": 1}