{"image": "DAMIMAS_A21B_0241_1.jpg", "detector": "y26n", "detections": [{"class_name": "B2", "bbox_yolo": [0.5315532088279724, 0.4650192856788635, 0.1323361098766327, 0.10682649910449982], "conf": 0.4393426775932312}, {"class_name": "B3", "bbox_yolo": [0.636663556098938, 0.41691580414772034, 0.08126132190227509, 0.07202019542455673], "conf": 0.3927054703235626}, {"class_name": "B1", "bbox_yolo": [0.5315532088279724, 0.4650192856788635, 0.1323361098766327, 0.10682649910449982], "conf": 0.34323757886886597}, {"class_name": "B3", "bbox_yolo": [0.3693416118621826, 0.4252963066101074, 0.09409730136394501, 0.07653059810400009], "conf": 0.2601330280303955}], "count_per_class": {"B1": 1, "B2": 1, "B3": 2, "B4": 0}, "side_index": 0}