{"image": "DAMIMAS_A21B_0114_3.jpg", "detector": "y26n", "detections": [{"class_name": "B3", "bbox_yolo": [0.5988327860832214, 0.39145827293395996, 0.12304357439279556, 0.09343784302473068], "conf": 0.74156653881073}, {"class_name": "B2", "bbox_yolo": [0.34817659854888916, 0.42298194766044617, 0.119162917137146, 0.08551976829767227], "conf": 0.4662535488605499}], "count_per_class": {"B1": 0, "B2": 1, "B3": 1, "B4": 0}, "side_index": 2}