{"image": "DAMIMAS_A21B_0476_3.jpg", "detector": "y26n", "detections": [{"class_name": "B3", "bbox_yolo": [0.4790446162223816, 0.4813499450683594, 0.08340247720479965, 0.06009063869714737], "conf": 0.36554160714149475}, {"class_name": "B3", "bbox_yolo": [0.4778236746788025, 0.4782218933105469, 0.06863816827535629, 0.05077486112713814], "conf": 0.30184072256088257}], "count_per_class": {"B1": 0, "B2": 0, "B3": 2, "B4": 0}, "side_index": 2}