{"image": "DAMIMAS_A21B_0767_1.jpg", "detector": "y26n", "detections": [{"class_name": "B2", "bbox_yolo": [0.328217089176178, 0.4425056576728821, 0.17608100175857544, 0.12625804543495178], "conf": 0.7668373584747314}, {"class_name": "B3", "bbox_yolo": [0.7002056241035461, 0.36054763197898865, 0.14175796508789062, 0.10205989331007004], "conf": 0.7249338030815125}, {"class_name": "B3", "bbox_yolo": [0.500276505947113, 0.38250184059143066, 0.14171123504638672, 0.11488554626703262], "conf": 0.3681507408618927}, {"class_name": "B2", "bbox_yolo": [0.7538025379180908, 0.4532908499240875, 0.09381898492574692, 0.08011870831251144], "conf": 0.3302805721759796}], "count_per_class": {"B1": 0, "B2": 2, "B3": 2, "B4": 0}, "side_index": 0}