{"image": "DAMIMAS_A21B_0560_4.jpg", "detector": "y26n", "detections": [{"class_name": "B3", "bbox_yolo": [0.46567705273628235, 0.24011793732643127, 0.1707850843667984, 0.14901088178157806], "conf": 0.5874369144439697}, {"class_name": "B3", "bbox_yolo": [0.6684353351593018, 0.23158302903175354, 0.17939409613609314, 0.13452325761318207], "conf": 0.5368136167526245}, {"class_name": "B4", "bbox_yolo": [0.366012305021286, 0.16078579425811768, 0.10066382586956024, 0.07185093313455582], "conf": 0.3597380220890045}], "count_per_class": {"B1": 0, "B2": 0, "B3": 2, "B4": 1}, "side_index": 3}