{"image": "DAMIMAS_A21B_0266_4.jpg", "detector": "y26n", "detections": [{"class_name": "B3", "bbox_yolo": [0.34274938702583313, 0.36755284667015076, 0.12503261864185333, 0.09238844364881516], "conf": 0.5218170881271362}, {"class_name": "B3", "bbox_yolo": [0.5153898596763611, 0.3869519531726837, 0.1430434286594391, 0.11726470291614532], "conf": 0.4685496687889099}, {"class_name": "B1", "bbox_yolo": [0.6792501211166382, 0.42415696382522583, 0.12992903590202332, 0.10887265205383301], "conf": 0.4536999464035034}, {"class_name": "B3", "bbox_yolo": [0.2909031808376312, 0.45577478408813477, 0.0989338606595993, 0.09210758656263351], "conf": 0.30119651556015015}], "count_per_class": {"B1": 1, "B2": 0, "B3": 3, "B4": 0}, "side_index": 3}