{"image": "DAMIMAS_A21B_0750_4.jpg", "detector": "y26n", "detections": [{"class_name": "B3", "bbox_yolo": [0.5690252184867859, 0.5031978487968445, 0.18378980457782745, 0.14958839118480682], "conf": 0.7622110247612}, {"class_name": "B4", "bbox_yolo": [0.6076290607452393, 0.36624494194984436, 0.11946888267993927, 0.09007866680622101], "conf": 0.6187039017677307}, {"class_name": "B3", "bbox_yolo": [0.28339993953704834, 0.4303325116634369, 0.13164302706718445, 0.10568380355834961], "conf": 0.5844030380249023}, {"class_name": "B3", "bbox_yolo": [0.7702823877334595, 0.40681323409080505, 0.11951402574777603, 0.0898287296295166], "conf": 0.25822779536247253}], "count_per_class": {"B1": 0, "B2": 0, "B3": 3, "B4": 1}, "side_index": 3}