{"image": "DAMIMAS_A21B_0278_3.jpg", "detector": "y26n", "detections": [{"class_name": "B1", "bbox_yolo": [0.43744993209838867, 0.40566346049308777, 0.11846072226762772, 0.1162036880850792], "conf": 0.6461654901504517}, {"class_name": "B1", "bbox_yolo": [0.6960089206695557, 0.45456281304359436, 0.09340350329875946, 0.07600336521863937], "conf": 0.3454592823982239}, {"class_name": "B4", "bbox_yolo": [0.47245070338249207, 0.3082098662853241, 0.11399568617343903, 0.08123026043176651], "conf": 0.3243578374385834}, {"class_name": "B3", "bbox_yolo": [0.5725671648979187, 0.37909024953842163, 0.1331973522901535, 0.09235472977161407], "conf": 0.3163423538208008}], "count_per_class": {"B1": 2, "B2": 0, "B3": 1, "B4": 1}, "side_index": 2}