{"image": "DAMIMAS_A21B_0010_4.jpg", "detector": "y26n", "detections": [{"class_name": "B3", "bbox_yolo": [0.4803122580051422, 0.49891147017478943, 0.11381928622722626, 0.10273652523756027], "conf": 0.6746877431869507}, {"class_name": "B3", "bbox_yolo": [0.6040890216827393, 0.47744590044021606, 0.10034555196762085, 0.09118719398975372], "conf": 0.62506502866745}, {"class_name": "B4", "bbox_yolo": [0.3992639183998108, 0.4460372030735016, 0.08940096199512482, 0.06669812649488449], "conf": 0.3671131730079651}, {"class_name": "B2", "bbox_yolo": [0.361166775226593, 0.5238732695579529, 0.10872920602560043, 0.0996425673365593], "conf": 0.2833808958530426}], "count_per_class": {"B1": 0, "B2": 1, "B3": 2, "B4": 1}, "side_index": 3}