{"image": "DAMIMAS_A21B_0742_1.jpg", "detector": "y26n", "detections": [{"class_name": "B2", "bbox_yolo": [0.406681090593338, 0.47535067796707153, 0.11730792373418808, 0.14125266671180725], "conf": 0.49400442838668823}, {"class_name": "B3", "bbox_yolo": [0.6354129314422607, 0.43186160922050476, 0.14928056299686432, 0.11373934894800186], "conf": 0.4302148222923279}], "count_per_class": {"B1": 0, "B2": 1, "B3": 1, "B4": 0}, "side_index": 0}