{"image": "DAMIMAS_A21B_0056_3.jpg", "detector": "y26n", "detections": [{"class_name": "B3", "bbox_yolo": [0.3495081067085266, 0.4548867344856262, 0.12389574944972992, 0.08935417979955673], "conf": 0.6471401453018188}, {"class_name": "B3", "bbox_yolo": [0.6646885871887207, 0.46220269799232483, 0.10430743545293808, 0.08970880508422852], "conf": 0.5250879526138306}, {"class_name": "B3", "bbox_yolo": [0.5985008478164673, 0.4125121533870697, 0.09366627037525177, 0.07262296974658966], "conf": 0.3351866602897644}, {"class_name": "B3", "bbox_yolo": [0.3023780882358551, 0.5153536796569824, 0.10853017866611481, 0.08096446841955185], "conf": 0.25359079241752625}], "count_per_class": {"B1": 0, "B2": 0, "B3": 4, "B4": 0}, "side_index": 2}