{"image": "DAMIMAS_A21B_0522_1.jpg", "detector": "y26n", "detections": [{"class_name": "B1", "bbox_yolo": [0.5327006578445435, 0.4138837456703186, 0.11960525810718536, 0.07633151859045029], "conf": 0.452062726020813}, {"class_name": "B3", "bbox_yolo": [0.6401842832565308, 0.3860347867012024, 0.09078547358512878, 0.08266275376081467], "conf": 0.43162137269973755}, {"class_name": "B3", "bbox_yolo": [0.4178428053855896, 0.3798186480998993, 0.09288909286260605, 0.08184194564819336], "conf": 0.39484453201293945}], "count_per_class": {"B1": 1, "B2": 0, "B3": 2, "B4": 0}, "side_index": 0}