{"image": "DAMIMAS_A21B_0194_4.jpg", "detector": "y26n", "detections": [{"class_name": "B3", "bbox_yolo": [0.4002748727798462, 0.2806002199649811, 0.1260443776845932, 0.09347674995660782], "conf": 0.7121331095695496}, {"class_name": "B3", "bbox_yolo": [0.6108814477920532, 0.30364641547203064, 0.10635510087013245, 0.07589232921600342], "conf": 0.5080389976501465}], "count_per_class": {"B1": 0, "B2": 0, "B3": 2, "B4": 0}, "side_index": 3}