{"image": "DAMIMAS_A21B_0226_4.jpg", "detector": "y26n", "detections": [{"class_name": "B3", "bbox_yolo": [0.39086565375328064, 0.21610097587108612, 0.11657121032476425, 0.1324913054704666], "conf": 0.3421390652656555}], "count_per_class": {"B1": 0, "B2": 0, "B3": 1, "B4": 0}, "side_index": 3}