{"image": "DAMIMAS_A21B_0534_3.jpg", "detector": "y26n", "detections": [{"class_name": "B2", "bbox_yolo": [0.3400513827800751, 0.5079226493835449, 0.1297314465045929, 0.11404843628406525], "conf": 0.669967770576477}, {"class_name": "B3", "bbox_yolo": [0.4584806263446808, 0.4789276123046875, 0.13026034832000732, 0.11945977061986923], "conf": 0.6599642634391785}, {"class_name": "B4", "bbox_yolo": [0.5464057922363281, 0.4296114146709442, 0.10828378051519394, 0.07732027024030685], "conf": 0.37323424220085144}, {"class_name": "B3", "bbox_yolo": [0.6167024374008179, 0.4985513389110565, 0.13792948424816132, 0.10675020515918732], "conf": 0.317783921957016}], "count_per_class": {"B1": 0, "B2": 1, "B3": 2, "B4": 1}, "side_index": 2}