{"image": "DAMIMAS_A21B_0194_2.jpg", "detector": "y26n", "detections": [{"class_name": "B3", "bbox_yolo": [0.37521791458129883, 0.3937652111053467, 0.13060300052165985, 0.08562224358320236], "conf": 0.647499680519104}, {"class_name": "B3", "bbox_yolo": [0.6424643397331238, 0.38977208733558655, 0.08498033136129379, 0.07345447689294815], "conf": 0.28312844038009644}], "count_per_class": {"B1": 0, "B2": 0, "B3": 2, "B4": 0}, "side_index": 1}