{"image": "DAMIMAS_A21B_0108_4.jpg", "detector": "y26n", "detections": [{"class_name": "B2", "bbox_yolo": [0.33894219994544983, 0.5387498140335083, 0.10384776443243027, 0.08253269642591476], "conf": 0.6744394898414612}, {"class_name": "B3", "bbox_yolo": [0.5531104207038879, 0.526769757270813, 0.09846761077642441, 0.08402018994092941], "conf": 0.6466631889343262}, {"class_name": "B3", "bbox_yolo": [0.422850638628006, 0.5044261813163757, 0.10163482278585434, 0.08724122494459152], "conf": 0.591111958026886}], "count_per_class": {"B1": 0, "B2": 1, "B3": 2, "B4": 0}, "side_index": 3}