{"image": "DAMIMAS_A21B_0001_3.jpg", "detector": "y26n", "detections": [{"class_name": "B3", "bbox_yolo": [0.6109760403633118, 0.28298062086105347, 0.11537844687700272, 0.11157002300024033], "conf": 0.7460631132125854}, {"class_name": "B3", "bbox_yolo": [0.47721293568611145, 0.29364657402038574, 0.11336705833673477, 0.11883842945098877], "conf": 0.6954551935195923}, {"class_name": "B2", "bbox_yolo": [0.34628042578697205, 0.34158334136009216, 0.13852329552173615, 0.13011382520198822], "conf": 0.6131247282028198}, {"class_name": "B3", "bbox_yolo": [0.682279646396637, 0.3398509621620178, 0.10526721179485321, 0.10298969596624374], "conf": 0.3028993010520935}], "count_per_class": {"B1": 0, "B2": 1, "B3": 3, "B4": 0}, "side_index": 2}