{"image": "DAMIMAS_A21B_0752_2.jpg", "detector": "y26n", "detections": [{"class_name": "B3", "bbox_yolo": [0.4184442162513733, 0.33800211548805237, 0.12432633340358734, 0.11644630879163742], "conf": 0.6644784212112427}, {"class_name": "B2", "bbox_yolo": [0.6466063261032104, 0.4202291667461395, 0.11243871599435806, 0.09847378730773926], "conf": 0.33040064573287964}, {"class_name": "B2", "bbox_yolo": [0.5487779378890991, 0.37319275736808777, 0.1259428709745407, 0.10887341946363449], "conf": 0.25757938623428345}], "count_per_class": {"B1": 0, "B2": 2, "B3": 1, "B4": 0}, "side_index": 1}