{"image": "DAMIMAS_A21B_0013_1.jpg", "detector": "y26n", "detections": [{"class_name": "B2", "bbox_yolo": [0.6169536709785461, 0.5357975959777832, 0.08326943963766098, 0.06643595546483994], "conf": 0.2806900143623352}, {"class_name": "B3", "bbox_yolo": [0.41240230202674866, 0.5419896245002747, 0.09562769532203674, 0.07024188339710236], "conf": 0.2651589512825012}], "count_per_class": {"B1": 0, "B2": 1, "B3": 1, "B4": 0}, "side_index": 0}