{"image": "DAMIMAS_A21B_0192_2.jpg", "detector": "y26n", "detections": [{"class_name": "B3", "bbox_yolo": [0.4093259274959564, 0.43777990341186523, 0.10052147507667542, 0.07835841178894043], "conf": 0.45816874504089355}, {"class_name": "B4", "bbox_yolo": [0.5074566602706909, 0.40208005905151367, 0.09487101435661316, 0.08029957115650177], "conf": 0.29518914222717285}], "count_per_class": {"B1": 0, "B2": 0, "B3": 1, "B4": 1}, "side_index": 1}