{"image": "DAMIMAS_A21B_0171_2.jpg", "detector": "y26n", "detections": [{"class_name": "B3", "bbox_yolo": [0.5545786619186401, 0.5154202580451965, 0.11279755085706711, 0.09364672005176544], "conf": 0.5548753142356873}, {"class_name": "B3", "bbox_yolo": [0.34198102355003357, 0.5102554559707642, 0.09558668732643127, 0.07679986953735352], "conf": 0.32908865809440613}, {"class_name": "B3", "bbox_yolo": [0.44343823194503784, 0.5310227274894714, 0.0963805541396141, 0.07575692981481552], "conf": 0.2537033259868622}], "count_per_class": {"B1": 0, "B2": 0, "B3": 3, "B4": 0}, "side_index": 1}