{"image": "DAMIMAS_A21B_0734_1.jpg", "detector": "y26n", "detections": [{"class_name": "B2", "bbox_yolo": [0.6481618881225586, 0.380882203578949, 0.1990591138601303, 0.1411847621202469], "conf": 0.4184194505214691}, {"class_name": "B3", "bbox_yolo": [0.5703486204147339, 0.2726109027862549, 0.15521225333213806, 0.0940759927034378], "conf": 0.4101111590862274}, {"class_name": "B4", "bbox_yolo": [0.4105208218097687, 0.25865182280540466, 0.10722628235816956, 0.08301036804914474], "conf": 0.40055251121520996}, {"class_name": "B3", "bbox_yolo": [0.25686749815940857, 0.39897653460502625, 0.13794974982738495, 0.1080842986702919], "conf": 0.3560875654220581}], "count_per_class": {"B1": 0, "B2": 1, "B3": 2, "B4": 1}, "side_index": 0}