{"image": "DAMIMAS_A21B_0201_3.jpg", "detector": "y26n", "detections": [{"class_name": "B3", "bbox_yolo": [0.5140920281410217, 0.45452332496643066, 0.08960594236850739, 0.07565221935510635], "conf": 0.5752744078636169}, {"class_name": "B3", "bbox_yolo": [0.43419337272644043, 0.484562486410141, 0.09630950540304184, 0.07313647121191025], "conf": 0.5564826726913452}, {"class_name": "B1", "bbox_yolo": [0.6643861532211304, 0.4781174659729004, 0.08301550894975662, 0.06989679485559464], "conf": 0.48802992701530457}], "count_per_class": {"B1": 1, "B2": 0, "B3": 2, "B4": 0}, "side_index": 2}