{"image": "DAMIMAS_A21B_0046_4.jpg", "detector": "y26n", "detections": [{"class_name": "B4", "bbox_yolo": [0.6065285801887512, 0.4269343316555023, 0.13596993684768677, 0.09399371594190598], "conf": 0.6071737408638}, {"class_name": "B3", "bbox_yolo": [0.5796753168106079, 0.5236248970031738, 0.14576086401939392, 0.10970721393823624], "conf": 0.5232589244842529}, {"class_name": "B3", "bbox_yolo": [0.40286093950271606, 0.4966707229614258, 0.1329919844865799, 0.1315331906080246], "conf": 0.38062459230422974}, {"class_name": "B3", "bbox_yolo": [0.4007118046283722, 0.500766396522522, 0.1487480252981186, 0.14146533608436584], "conf": 0.27727457880973816}], "count_per_class": {"B1": 0, "B2": 0, "B3": 3, "B4": 1}, "side_index": 3}