{"image": "DAMIMAS_A21B_0425_2.jpg", "detector": "y26n", "detections": [{"class_name": "B3", "bbox_yolo": [0.5984686017036438, 0.3812609612941742, 0.10102438181638718, 0.07648012787103653], "conf": 0.34892889857292175}], "count_per_class": {"B1": 0, "B2": 0, "B3": 1, "B4": 0}, "side_index": 1}