{"image": "DAMIMAS_A21B_0388_4.jpg", "detector": "y26n", "detections": [{"class_name": "B1", "bbox_yolo": [0.4473018944263458, 0.4590015411376953, 0.1015692800283432, 0.09906258434057236], "conf": 0.8119981288909912}, {"class_name": "B3", "bbox_yolo": [0.37228038907051086, 0.39833784103393555, 0.08272960036993027, 0.06698262691497803], "conf": 0.3181515634059906}, {"class_name": "B3", "bbox_yolo": [0.37359195947647095, 0.39370471239089966, 0.0648706778883934, 0.05447075515985489], "conf": 0.29421141743659973}], "count_per_class": {"B1": 1, "B2": 0, "B3": 2, "B4": 0}, "side_index": 3}