{"image": "DAMIMAS_A21B_0042_1.jpg", "detector": "y26n", "detections": [{"class_name": "B1", "bbox_yolo": [0.633060097694397, 0.590278685092926, 0.09291617572307587, 0.09182129055261612], "conf": 0.760830819606781}, {"class_name": "B3", "bbox_yolo": [0.4402836859226227, 0.5734910368919373, 0.10043427348136902, 0.07751579582691193], "conf": 0.6463251113891602}, {"class_name": "B2", "bbox_yolo": [0.35451674461364746, 0.5987961888313293, 0.09763813763856888, 0.09152036160230637], "conf": 0.6325578689575195}, {"class_name": "B3", "bbox_yolo": [0.5454122424125671, 0.5801810622215271, 0.08456993848085403, 0.07681307941675186], "conf": 0.35495901107788086}], "count_per_class": {"B1": 1, "B2": 1, "B3": 2, "B4": 0}, "side_index": 0}