{"image": "DAMIMAS_A21B_0425_1.jpg", "detector": "y26n", "detections": [{"class_name": "B3", "bbox_yolo": [0.6573311686515808, 0.37304067611694336, 0.12875239551067352, 0.10693903267383575], "conf": 0.326498419046402}, {"class_name": "B3", "bbox_yolo": [0.6779711842536926, 0.3028240501880646, 0.07377605885267258, 0.05126242712140083], "conf": 0.3239475190639496}, {"class_name": "B3", "bbox_yolo": [0.3734111487865448, 0.36388227343559265, 0.10819705575704575, 0.09042232483625412], "conf": 0.30841487646102905}], "count_per_class": {"B1": 0, "B2": 0, "B3": 3, "B4": 0}, "side_index": 0}