{"image": "DAMIMAS_A21B_0370_3.jpg", "detector": "y26n", "detections": [{"class_name": "B4", "bbox_yolo": [0.6336446404457092, 0.32778504490852356, 0.10149441659450531, 0.06794128566980362], "conf": 0.44434604048728943}, {"class_name": "B2", "bbox_yolo": [0.5970947742462158, 0.4182121753692627, 0.142573744058609, 0.1078667864203453], "conf": 0.41228678822517395}, {"class_name": "B3", "bbox_yolo": [0.3730657696723938, 0.39885225892066956, 0.10344521701335907, 0.08282309025526047], "conf": 0.39422670006752014}, {"class_name": "B3", "bbox_yolo": [0.5970947742462158, 0.4182121753692627, 0.142573744058609, 0.1078667864203453], "conf": 0.34394264221191406}], "count_per_class": {"B1": 0, "B2": 1, "B3": 2, "B4": 1}, "side_index": 2}