{"image": "DAMIMAS_A21B_0362_3.jpg", "detector": "y26n", "detections": [{"class_name": "B3", "bbox_yolo": [0.4769876003265381, 0.4298883378505707, 0.1156742125749588, 0.08566518127918243], "conf": 0.4953713119029999}, {"class_name": "B3", "bbox_yolo": [0.6111987233161926, 0.4197408854961395, 0.10251866281032562, 0.08340372890233994], "conf": 0.4841974079608917}, {"class_name": "B3", "bbox_yolo": [0.6117404103279114, 0.4183407723903656, 0.09538072347640991, 0.07760882377624512], "conf": 0.3913367688655853}, {"class_name": "B3", "bbox_yolo": [0.3539797067642212, 0.42436227202415466, 0.07830852270126343, 0.07064387947320938], "conf": 0.2668384611606598}], "count_per_class": {"B1": 0, "B2": 0, "B3": 4, "B4": 0}, "side_index": 2}