{"image": "DAMIMAS_A21B_0750_1.jpg", "detector": "y26n", "detections": [{"class_name": "B3", "bbox_yolo": [0.6321248412132263, 0.4495646059513092, 0.19681492447853088, 0.15240953862667084], "conf": 0.6241819858551025}, {"class_name": "B4", "bbox_yolo": [0.7811746001243591, 0.3795705735683441, 0.12212232500314713, 0.1143190860748291], "conf": 0.5017169713973999}, {"class_name": "B3", "bbox_yolo": [0.3837394416332245, 0.47899800539016724, 0.17791980504989624, 0.10049033164978027], "conf": 0.3868265748023987}, {"class_name": "B3", "bbox_yolo": [0.3775714933872223, 0.4653386175632477, 0.1607939749956131, 0.07272382080554962], "conf": 0.34892889857292175}], "count_per_class": {"B1": 0, "B2": 0, "B3": 3, "B4": 1}, "side_index": 0}