{"image": "DAMIMAS_A21B_0451_3.jpg", "detector": "y26n", "detections": [{"class_name": "B1", "bbox_yolo": [0.4290996789932251, 0.4943159222602844, 0.10713332891464233, 0.09171467274427414], "conf": 0.6209307312965393}, {"class_name": "B3", "bbox_yolo": [0.6772624850273132, 0.4772619903087616, 0.08921471238136292, 0.06645403057336807], "conf": 0.4563613533973694}, {"class_name": "B2", "bbox_yolo": [0.7456838488578796, 0.5025212168693542, 0.07824726402759552, 0.06733818352222443], "conf": 0.3770204186439514}, {"class_name": "B1", "bbox_yolo": [0.42869552969932556, 0.49264708161354065, 0.10111434012651443, 0.08355932682752609], "conf": 0.3603883385658264}], "count_per_class": {"B1": 2, "B2": 1, "B3": 1, "B4": 0}, "side_index": 2}