{"image": "DAMIMAS_A21B_0548_3.jpg", "detector": "y26n", "detections": [{"class_name": "B4", "bbox_yolo": [0.6575391888618469, 0.19265946745872498, 0.14005497097969055, 0.09781744331121445], "conf": 0.6921469569206238}, {"class_name": "B3", "bbox_yolo": [0.3141323924064636, 0.24048300087451935, 0.12597566843032837, 0.13043487071990967], "conf": 0.6695271134376526}, {"class_name": "B2", "bbox_yolo": [0.6390514969825745, 0.2931141257286072, 0.1699042022228241, 0.12115778774023056], "conf": 0.5611768960952759}], "count_per_class": {"B1": 0, "B2": 1, "B3": 1, "B4": 1}, "side_index": 2}