{"image": "DAMIMAS_A21B_0799_3.jpg", "detector": "y26n", "detections": [{"class_name": "B3", "bbox_yolo": [0.5891357064247131, 0.29112622141838074, 0.2178087681531906, 0.18091540038585663], "conf": 0.7187820076942444}, {"class_name": "B4", "bbox_yolo": [0.4059564173221588, 0.21525008976459503, 0.19741444289684296, 0.12529225647449493], "conf": 0.5589573979377747}, {"class_name": "B3", "bbox_yolo": [0.7872843742370605, 0.2575576603412628, 0.1365046203136444, 0.16482697427272797], "conf": 0.4985608756542206}, {"class_name": "B3", "bbox_yolo": [0.23300836980342865, 0.29785725474357605, 0.16064338386058807, 0.15076079964637756], "conf": 0.4644598662853241}], "count_per_class": {"B1": 0, "B2": 0, "B3": 3, "B4": 1}, "side_index": 2}