{"image": "DAMIMAS_A21B_0663_4.jpg", "detector": "y26n", "detections": [{"class_name": "B3", "bbox_yolo": [0.28640246391296387, 0.3262196183204651, 0.16096757352352142, 0.12784545123577118], "conf": 0.7023105621337891}, {"class_name": "B3", "bbox_yolo": [0.485761821269989, 0.30855122208595276, 0.1802680492401123, 0.13666658103466034], "conf": 0.4780503809452057}, {"class_name": "B3", "bbox_yolo": [0.6821576952934265, 0.2574106752872467, 0.1507832258939743, 0.11776472628116608], "conf": 0.3646075129508972}, {"class_name": "B3", "bbox_yolo": [0.48520365357398987, 0.3086925446987152, 0.1713944524526596, 0.1332019567489624], "conf": 0.282446026802063}], "count_per_class": {"B1": 0, "B2": 0, "B3": 4, "B4": 0}, "side_index": 3}