{"image": "DAMIMAS_A21B_0624_1.jpg", "detector": "y26n", "detections": [{"class_name": "B1", "bbox_yolo": [0.405402272939682, 0.5823612213134766, 0.19280850887298584, 0.12368283420801163], "conf": 0.8109123706817627}, {"class_name": "B3", "bbox_yolo": [0.28889161348342896, 0.5038930773735046, 0.15633459389209747, 0.12446828186511993], "conf": 0.3255188763141632}, {"class_name": "B3", "bbox_yolo": [0.6054375767707825, 0.5354467630386353, 0.1472499668598175, 0.11078991740942001], "conf": 0.26022467017173767}], "count_per_class": {"B1": 1, "B2": 0, "B3": 2, "B4": 0}, "side_index": 0}