{"image": "DAMIMAS_A21B_0239_2.jpg", "detector": "y26n", "detections": [{"class_name": "B3", "bbox_yolo": [0.6439006328582764, 0.5285928845405579, 0.1582861691713333, 0.12104778736829758], "conf": 0.762551486492157}, {"class_name": "B3", "bbox_yolo": [0.5068532228469849, 0.47781679034233093, 0.127261683344841, 0.11297521740198135], "conf": 0.6698920726776123}, {"class_name": "B3", "bbox_yolo": [0.3605245351791382, 0.4930291175842285, 0.11568890511989594, 0.0878075584769249], "conf": 0.5675404071807861}], "count_per_class": {"B1": 0, "B2": 0, "B3": 3, "B4": 0}, "side_index": 1}