{"image": "DAMIMAS_A21B_0302_2.jpg", "detector": "y26n", "detections": [{"class_name": "B3", "bbox_yolo": [0.5609690546989441, 0.39705193042755127, 0.15662795305252075, 0.12282862514257431], "conf": 0.7243965864181519}, {"class_name": "B3", "bbox_yolo": [0.322015643119812, 0.3830591142177582, 0.10847622901201248, 0.07327459007501602], "conf": 0.42364370822906494}, {"class_name": "B3", "bbox_yolo": [0.6755787134170532, 0.41296109557151794, 0.08784059435129166, 0.09059472382068634], "conf": 0.4001690149307251}, {"class_name": "B1", "bbox_yolo": [0.3004049062728882, 0.4814918041229248, 0.09190178662538528, 0.07533693313598633], "conf": 0.322035014629364}], "count_per_class": {"B1": 1, "B2": 0, "B3": 3, "B4": 0}, "side_index": 1}