{"image": "DAMIMAS_A21B_0846_7.jpg", "detector": "y26n", "detections": [{"class_name": "B3", "bbox_yolo": [0.5377018451690674, 0.31953975558280945, 0.16271382570266724, 0.15579739212989807], "conf": 0.6132890582084656}, {"class_name": "B3", "bbox_yolo": [0.35543087124824524, 0.3509969413280487, 0.17579299211502075, 0.13511310517787933], "conf": 0.5616161227226257}, {"class_name": "B3", "bbox_yolo": [0.7121158838272095, 0.3106495440006256, 0.11903522163629532, 0.10680174827575684], "conf": 0.31870099902153015}, {"class_name": "B3", "bbox_yolo": [0.27456894516944885, 0.28364986181259155, 0.12005361914634705, 0.11881847679615021], "conf": 0.30694419145584106}], "count_per_class": {"B1": 0, "B2": 0, "B3": 4, "B4": 0}, "side_index": 6}