{"image": "DAMIMAS_A21B_0849_1.jpg", "detector": "y26n", "detections": [{"class_name": "B3", "bbox_yolo": [0.35217124223709106, 0.27729615569114685, 0.1883983016014099, 0.15972308814525604], "conf": 0.5930549502372742}, {"class_name": "B3", "bbox_yolo": [0.7555814385414124, 0.3180696666240692, 0.14798890054225922, 0.15075719356536865], "conf": 0.4231758415699005}, {"class_name": "B2", "bbox_yolo": [0.7555814385414124, 0.3180696666240692, 0.14798890054225922, 0.15075719356536865], "conf": 0.27267298102378845}, {"class_name": "B4", "bbox_yolo": [0.676645815372467, 0.19016550481319427, 0.12005679309368134, 0.09220452606678009], "conf": 0.26590365171432495}], "count_per_class": {"B1": 0, "B2": 1, "B3": 2, "B4": 1}, "side_index": 0}