{"image": "DAMIMAS_A21B_0053_1.jpg", "detector": "y26n", "detections": [{"class_name": "B3", "bbox_yolo": [0.3439454138278961, 0.5163869261741638, 0.11669941246509552, 0.09482031315565109], "conf": 0.6089941263198853}, {"class_name": "B3", "bbox_yolo": [0.537139892578125, 0.46642810106277466, 0.1128319501876831, 0.0770929828286171], "conf": 0.39373815059661865}, {"class_name": "B3", "bbox_yolo": [0.6259208917617798, 0.5286557078361511, 0.12907150387763977, 0.10452556610107422], "conf": 0.36748960614204407}], "count_per_class": {"B1": 0, "B2": 0, "B3": 3, "B4": 0}, "side_index": 0}