{"image": "DAMIMAS_A21B_0192_1.jpg", "detector": "y26n", "detections": [{"class_name": "B3", "bbox_yolo": [0.37999677658081055, 0.47954684495925903, 0.09345579892396927, 0.07264437526464462], "conf": 0.4396533668041229}], "count_per_class": {"B1": 0, "B2": 0, "B3": 1, "B4": 0}, "side_index": 0}