{"image": "DAMIMAS_A21B_0666_3.jpg", "detector": "y26n", "detections": [{"class_name": "B3", "bbox_yolo": [0.4436262547969818, 0.307687908411026, 0.11623656749725342, 0.08806353062391281], "conf": 0.6190812587738037}, {"class_name": "B3", "bbox_yolo": [0.6540617942810059, 0.35474053025245667, 0.10552578419446945, 0.09043464809656143], "conf": 0.49522438645362854}], "count_per_class": {"B1": 0, "B2": 0, "B3": 2, "B4": 0}, "side_index": 2}