{"image": "DAMIMAS_A21B_0110_1.jpg", "detector": "y26n", "detections": [{"class_name": "B3", "bbox_yolo": [0.4306395351886749, 0.35351860523223877, 0.11361376941204071, 0.08951812237501144], "conf": 0.6557216644287109}, {"class_name": "B4", "bbox_yolo": [0.4491257071495056, 0.2837563753128052, 0.09583210200071335, 0.06490116566419601], "conf": 0.2971436083316803}], "count_per_class": {"B1": 0, "B2": 0, "B3": 1, "B4": 1}, "side_index": 0}