{"image": "DAMIMAS_A21B_0252_2.jpg", "detector": "y26n", "detections": [{"class_name": "B3", "bbox_yolo": [0.6981779932975769, 0.27866145968437195, 0.12762382626533508, 0.09739654511213303], "conf": 0.3988325595855713}, {"class_name": "B3", "bbox_yolo": [0.31724125146865845, 0.2976590394973755, 0.12691712379455566, 0.09441342204809189], "conf": 0.3322644829750061}, {"class_name": "B4", "bbox_yolo": [0.41090667247772217, 0.2170867919921875, 0.12133900821208954, 0.090681292116642], "conf": 0.3177850544452667}, {"class_name": "B4", "bbox_yolo": [0.4132956862449646, 0.22831736505031586, 0.1375330090522766, 0.11600037664175034], "conf": 0.2875628173351288}], "count_per_class": {"B1": 0, "B2": 0, "B3": 2, "B4": 2}, "side_index": 1}