{"image": "DAMIMAS_A21B_0277_3.jpg", "detector": "y26n", "detections": [{"class_name": "B3", "bbox_yolo": [0.365363210439682, 0.4578969478607178, 0.13464924693107605, 0.11896660178899765], "conf": 0.5942406058311462}, {"class_name": "B3", "bbox_yolo": [0.5261257290840149, 0.47976070642471313, 0.13775572180747986, 0.12896481156349182], "conf": 0.49356332421302795}], "count_per_class": {"B1": 0, "B2": 0, "B3": 2, "B4": 0}, "side_index": 2}