{"image": "DAMIMAS_A21B_0594_2.jpg", "detector": "y26n", "detections": [{"class_name": "B1", "bbox_yolo": [0.34324944019317627, 0.434069961309433, 0.1893301159143448, 0.14304254949092865], "conf": 0.6916934251785278}, {"class_name": "B4", "bbox_yolo": [0.58901447057724, 0.2841944694519043, 0.14531072974205017, 0.09221412986516953], "conf": 0.6044241189956665}, {"class_name": "B3", "bbox_yolo": [0.571025550365448, 0.39290672540664673, 0.19250158965587616, 0.13425521552562714], "conf": 0.5263152718544006}], "count_per_class": {"B1": 1, "B2": 0, "B3": 1, "B4": 1}, "side_index": 1}