{"image": "DAMIMAS_A21B_0447_3.jpg", "detector": "y26n", "detections": [{"class_name": "B3", "bbox_yolo": [0.5989565849304199, 0.4476453959941864, 0.08545482158660889, 0.06953668594360352], "conf": 0.3771643340587616}, {"class_name": "B3", "bbox_yolo": [0.5076929330825806, 0.449284166097641, 0.08240941911935806, 0.06522732228040695], "conf": 0.3259809613227844}, {"class_name": "B3", "bbox_yolo": [0.4302741587162018, 0.46469709277153015, 0.07307415455579758, 0.054526280611753464], "conf": 0.25737297534942627}], "count_per_class": {"B1": 0, "B2": 0, "B3": 3, "B4": 0}, "side_index": 2}