{"image": "DAMIMAS_A21B_0408_1.jpg", "detector": "y26n", "detections": [{"class_name": "B1", "bbox_yolo": [0.5164098739624023, 0.36896607279777527, 0.1365620344877243, 0.10525911301374435], "conf": 0.7822955250740051}, {"class_name": "B3", "bbox_yolo": [0.2800675928592682, 0.35855743288993835, 0.0967690497636795, 0.08751580864191055], "conf": 0.4474301338195801}, {"class_name": "B3", "bbox_yolo": [0.6516590714454651, 0.3409269452095032, 0.093598373234272, 0.08118953555822372], "conf": 0.25588104128837585}], "count_per_class": {"B1": 1, "B2": 0, "B3": 2, "B4": 0}, "side_index": 0}