{"image": "DAMIMAS_A21B_0775_2.jpg", "detector": "y26n", "detections": [{"class_name": "B2", "bbox_yolo": [0.3978258967399597, 0.3581523895263672, 0.18838003277778625, 0.17040757834911346], "conf": 0.7597090005874634}, {"class_name": "B3", "bbox_yolo": [0.2678086757659912, 0.30534419417381287, 0.11244110018014908, 0.09708535671234131], "conf": 0.6147629618644714}], "count_per_class": {"B1": 0, "B2": 1, "B3": 1, "B4": 0}, "side_index": 1}