{"image": "DAMIMAS_A21B_0543_3.jpg", "detector": "y26n", "detections": [{"class_name": "B3", "bbox_yolo": [0.7220235466957092, 0.20872250199317932, 0.13758476078510284, 0.09437953680753708], "conf": 0.3647240400314331}], "count_per_class": {"B1": 0, "B2": 0, "B3": 1, "B4": 0}, "side_index": 2}