{"image": "DAMIMAS_A21B_0378_2.jpg", "detector": "y26n", "detections": [{"class_name": "B1", "bbox_yolo": [0.3710194528102875, 0.5409760475158691, 0.11604449898004532, 0.0892183780670166], "conf": 0.7997632622718811}, {"class_name": "B3", "bbox_yolo": [0.603721022605896, 0.509678065776825, 0.09463310986757278, 0.07579231262207031], "conf": 0.3972470164299011}, {"class_name": "B1", "bbox_yolo": [0.6763032674789429, 0.5180193781852722, 0.08934733271598816, 0.08427820354700089], "conf": 0.38751497864723206}, {"class_name": "B3", "bbox_yolo": [0.3633299767971039, 0.4672076404094696, 0.05944528803229332, 0.054679252207279205], "conf": 0.3758639395236969}], "count_per_class": {"B1": 2, "B2": 0, "B3": 2, "B4": 0}, "side_index": 1}