{"image": "DAMIMAS_A21B_0243_4.jpg", "detector": "y26n", "detections": [{"class_name": "B1", "bbox_yolo": [0.3572436273097992, 0.4875645637512207, 0.11406857520341873, 0.09550700336694717], "conf": 0.7874869108200073}, {"class_name": "B3", "bbox_yolo": [0.6161113381385803, 0.4332220256328583, 0.09293302148580551, 0.07475819438695908], "conf": 0.32548120617866516}, {"class_name": "B3", "bbox_yolo": [0.33666491508483887, 0.4225237965583801, 0.06226959452033043, 0.04485626146197319], "conf": 0.2785446345806122}], "count_per_class": {"B1": 1, "B2": 0, "B3": 2, "B4": 0}, "side_index": 3}