{"image": "DAMIMAS_A21B_0306_2.jpg", "detector": "y26n", "detections": [{"class_name": "B3", "bbox_yolo": [0.5680536031723022, 0.5207236409187317, 0.14478200674057007, 0.1050758883357048], "conf": 0.376283198595047}, {"class_name": "B3", "bbox_yolo": [0.32479599118232727, 0.5289582014083862, 0.1292916238307953, 0.11182699352502823], "conf": 0.3494245111942291}], "count_per_class": {"B1": 0, "B2": 0, "B3": 2, "B4": 0}, "side_index": 1}