{"image": "DAMIMAS_A21B_0843_7.jpg", "detector": "y26n", "detections": [{"class_name": "B3", "bbox_yolo": [0.5620594024658203, 0.4940420091152191, 0.12116152793169022, 0.09372954815626144], "conf": 0.6143353581428528}, {"class_name": "B3", "bbox_yolo": [0.6928524374961853, 0.5437105894088745, 0.11676490306854248, 0.1024622917175293], "conf": 0.4717552363872528}], "count_per_class": {"B1": 0, "B2": 0, "B3": 2, "B4": 0}, "side_index": 6}