{"image": "DAMIMAS_A21B_0835_6.jpg", "detector": "y26n", "detections": [{"class_name": "B3", "bbox_yolo": [0.5945021510124207, 0.13596609234809875, 0.182293102145195, 0.148464635014534], "conf": 0.7434625625610352}, {"class_name": "B3", "bbox_yolo": [0.2552989423274994, 0.2238711565732956, 0.14614465832710266, 0.13258673250675201], "conf": 0.4519615173339844}, {"class_name": "B3", "bbox_yolo": [0.2600260376930237, 0.22613739967346191, 0.15803353488445282, 0.13897769153118134], "conf": 0.4099428355693817}, {"class_name": "B2", "bbox_yolo": [0.45247170329093933, 0.24900250136852264, 0.16366183757781982, 0.13295888900756836], "conf": 0.3360326588153839}], "count_per_class": {"B1": 0, "B2": 1, "B3": 3, "B4": 0}, "side_index": 5}