{"image": "DAMIMAS_A21B_0373_3.jpg", "detector": "y26n", "detections": [{"class_name": "B3", "bbox_yolo": [0.3979841470718384, 0.4157477915287018, 0.11932020634412766, 0.08805062621831894], "conf": 0.6672366261482239}, {"class_name": "B1", "bbox_yolo": [0.6449768543243408, 0.4499448835849762, 0.09002628922462463, 0.0746973529458046], "conf": 0.41205477714538574}, {"class_name": "B2", "bbox_yolo": [0.34119901061058044, 0.4715474545955658, 0.10436961054801941, 0.0934290885925293], "conf": 0.29643920063972473}, {"class_name": "B3", "bbox_yolo": [0.6026074886322021, 0.38098230957984924, 0.09490343928337097, 0.06862296909093857], "conf": 0.255675733089447}], "count_per_class": {"B1": 1, "B2": 1, "B3": 2, "B4": 0}, "side_index": 2}