{"image": "DAMIMAS_A21B_0142_4.jpg", "detector": "y26n", "detections": [{"class_name": "B3", "bbox_yolo": [0.4568255543708801, 0.42940932512283325, 0.12600219249725342, 0.09903579205274582], "conf": 0.5477277636528015}], "count_per_class": {"B1": 0, "B2": 0, "B3": 1, "B4": 0}, "side_index": 3}