{"image": "DAMIMAS_A21B_0242_1.jpg", "detector": "y26n", "detections": [{"class_name": "B3", "bbox_yolo": [0.5825029611587524, 0.43006768822669983, 0.09602267295122147, 0.07219097763299942], "conf": 0.4776082932949066}, {"class_name": "B3", "bbox_yolo": [0.48207584023475647, 0.4035768508911133, 0.08563140779733658, 0.07050895690917969], "conf": 0.39963266253471375}, {"class_name": "B3", "bbox_yolo": [0.40854018926620483, 0.438143253326416, 0.08031632751226425, 0.06858434528112411], "conf": 0.2637031674385071}], "count_per_class": {"B1": 0, "B2": 0, "B3": 3, "B4": 0}, "side_index": 0}