{"image": "DAMIMAS_A21B_0207_2.jpg", "detector": "y26n", "detections": [{"class_name": "B1", "bbox_yolo": [0.28663119673728943, 0.39593759179115295, 0.10286910086870193, 0.09695472568273544], "conf": 0.691223680973053}, {"class_name": "B3", "bbox_yolo": [0.3438476622104645, 0.3105231821537018, 0.14065413177013397, 0.14226941764354706], "conf": 0.6409953236579895}, {"class_name": "B3", "bbox_yolo": [0.6637036800384521, 0.35810527205467224, 0.11398786306381226, 0.09007804840803146], "conf": 0.4558678865432739}, {"class_name": "B3", "bbox_yolo": [0.5946773886680603, 0.3057651221752167, 0.11525040119886398, 0.09769337624311447], "conf": 0.3534267544746399}], "count_per_class": {"B1": 1, "B2": 0, "B3": 3, "B4": 0}, "side_index": 1}