{"image": "DAMIMAS_A21B_0372_1.jpg", "detector": "y26n", "detections": [{"class_name": "B1", "bbox_yolo": [0.6882938742637634, 0.4373740255832672, 0.1132686659693718, 0.09780099242925644], "conf": 0.6828914284706116}, {"class_name": "B3", "bbox_yolo": [0.4758445918560028, 0.3841873109340668, 0.12307971715927124, 0.11027698963880539], "conf": 0.6715061068534851}, {"class_name": "B2", "bbox_yolo": [0.3683893084526062, 0.43214693665504456, 0.12948481738567352, 0.11301195621490479], "conf": 0.5241637229919434}, {"class_name": "B3", "bbox_yolo": [0.3683893084526062, 0.43214693665504456, 0.12948481738567352, 0.11301195621490479], "conf": 0.4553241431713104}], "count_per_class": {"B1": 1, "B2": 1, "B3": 2, "B4": 0}, "side_index": 0}