{"image": "DAMIMAS_A21B_0254_3.jpg", "detector": "y26n", "detections": [{"class_name": "B3", "bbox_yolo": [0.7288171648979187, 0.16809867322444916, 0.1823725551366806, 0.15750814974308014], "conf": 0.6091795563697815}, {"class_name": "B4", "bbox_yolo": [0.6479882001876831, 0.035636093467473984, 0.12912166118621826, 0.07127141207456589], "conf": 0.4015071988105774}, {"class_name": "B3", "bbox_yolo": [0.5468471646308899, 0.11718591302633286, 0.15137149393558502, 0.1533539593219757], "conf": 0.3319399952888489}], "count_per_class": {"B1": 0, "B2": 0, "B3": 2, "B4": 1}, "side_index": 2}