{"image": "DAMIMAS_A21B_0387_4.jpg", "detector": "y26n", "detections": [{"class_name": "B1", "bbox_yolo": [0.6165720224380493, 0.433922678232193, 0.1255386471748352, 0.08970804512500763], "conf": 0.5766868591308594}, {"class_name": "B3", "bbox_yolo": [0.4653909206390381, 0.4199267327785492, 0.1253453642129898, 0.10145781189203262], "conf": 0.4738127291202545}, {"class_name": "B2", "bbox_yolo": [0.3177662491798401, 0.43485602736473083, 0.09893538802862167, 0.0766964703798294], "conf": 0.3361833393573761}], "count_per_class": {"B1": 1, "B2": 1, "B3": 1, "B4": 0}, "side_index": 3}