{"image": "DAMIMAS_A21B_0719_4.jpg", "detector": "y26n", "detections": [{"class_name": "B3", "bbox_yolo": [0.6501498222351074, 0.3278423249721527, 0.2462618052959442, 0.18457280099391937], "conf": 0.777466893196106}, {"class_name": "B1", "bbox_yolo": [0.33840763568878174, 0.36789241433143616, 0.2330302894115448, 0.17235492169857025], "conf": 0.6961046457290649}, {"class_name": "B4", "bbox_yolo": [0.46349236369132996, 0.21958379447460175, 0.20718209445476532, 0.12111007422208786], "conf": 0.3269417881965637}, {"class_name": "B4", "bbox_yolo": [0.671460747718811, 0.17608055472373962, 0.14140377938747406, 0.1109151616692543], "conf": 0.3123208284378052}], "count_per_class": {"B1": 1, "B2": 0, "B3": 1, "B4": 2}, "side_index": 3}