{"image": "DAMIMAS_A21B_0674_3.jpg", "detector": "y26n", "detections": [{"class_name": "B3", "bbox_yolo": [0.5852089524269104, 0.34523510932922363, 0.15943725407123566, 0.1404961794614792], "conf": 0.6533625721931458}, {"class_name": "B2", "bbox_yolo": [0.37087899446487427, 0.348104864358902, 0.2011941373348236, 0.1642095297574997], "conf": 0.3301953673362732}], "count_per_class": {"B1": 0, "B2": 1, "B3": 1, "B4": 0}, "side_index": 2}