{"image": "DAMIMAS_A21B_0040_2.jpg", "detector": "y26n", "detections": [{"class_name": "B3", "bbox_yolo": [0.5558568239212036, 0.5576686859130859, 0.10825904458761215, 0.0839197188615799], "conf": 0.7677488327026367}, {"class_name": "B1", "bbox_yolo": [0.6488878130912781, 0.5956717729568481, 0.11275266855955124, 0.0975712314248085], "conf": 0.5547394752502441}, {"class_name": "B3", "bbox_yolo": [0.43969443440437317, 0.5927876830101013, 0.10827545076608658, 0.0743371993303299], "conf": 0.40656179189682007}, {"class_name": "B4", "bbox_yolo": [0.6343148946762085, 0.5216156840324402, 0.07461376488208771, 0.06025223806500435], "conf": 0.28090938925743103}], "count_per_class": {"B1": 1, "B2": 0, "B3": 2, "B4": 1}, "side_index": 1}