{"image": "DAMIMAS_A21B_0248_1.jpg", "detector": "y26n", "detections": [{"class_name": "B3", "bbox_yolo": [0.4225616753101349, 0.3524028956890106, 0.13162928819656372, 0.07035493850708008], "conf": 0.4195903539657593}, {"class_name": "B2", "bbox_yolo": [0.4459590017795563, 0.4193193018436432, 0.12901075184345245, 0.08744945377111435], "conf": 0.3095269203186035}, {"class_name": "B3", "bbox_yolo": [0.5824614763259888, 0.3957834243774414, 0.11519260704517365, 0.09080133587121964], "conf": 0.2747404873371124}], "count_per_class": {"B1": 0, "B2": 1, "B3": 2, "B4": 0}, "side_index": 0}