{"image": "DAMIMAS_A21B_0852_7.jpg", "detector": "y26n", "detections": [{"class_name": "B3", "bbox_yolo": [0.42076757550239563, 0.6577112078666687, 0.12818413972854614, 0.12547016143798828], "conf": 0.6524495482444763}], "count_per_class": {"B1": 0, "B2": 0, "B3": 1, "B4": 0}, "side_index": 6}