{"image": "DAMIMAS_A21B_0754_4.jpg", "detector": "y26n", "detections": [{"class_name": "B2", "bbox_yolo": [0.3419806957244873, 0.39140284061431885, 0.12208494544029236, 0.10756240040063858], "conf": 0.3675624132156372}, {"class_name": "B1", "bbox_yolo": [0.3419806957244873, 0.39140284061431885, 0.12208494544029236, 0.10756240040063858], "conf": 0.30453187227249146}], "count_per_class": {"B1": 1, "B2": 1, "B3": 0, "B4": 0}, "side_index": 3}