{"image": "DAMIMAS_A21B_0084_3.jpg", "detector": "y26n", "detections": [{"class_name": "B3", "bbox_yolo": [0.48052847385406494, 0.49828168749809265, 0.14618848264217377, 0.12776613235473633], "conf": 0.6468414068222046}, {"class_name": "B3", "bbox_yolo": [0.27747416496276855, 0.4692807197570801, 0.11676027625799179, 0.09804368019104004], "conf": 0.5309558510780334}, {"class_name": "B3", "bbox_yolo": [0.6326006054878235, 0.46277377009391785, 0.10167033225297928, 0.09548759460449219], "conf": 0.4927380383014679}, {"class_name": "B3", "bbox_yolo": [0.2780578136444092, 0.4729782044887543, 0.12914414703845978, 0.10932359844446182], "conf": 0.39972493052482605}], "count_per_class": {"B1": 0, "B2": 0, "B3": 4, "B4": 0}, "side_index": 2}