{"image": "DAMIMAS_A21B_0662_3.jpg", "detector": "y26n", "detections": [{"class_name": "B3", "bbox_yolo": [0.5940677523612976, 0.3897058665752411, 0.13412892818450928, 0.12262966483831406], "conf": 0.624545693397522}, {"class_name": "B3", "bbox_yolo": [0.7081801295280457, 0.3596402108669281, 0.11198820173740387, 0.09740948677062988], "conf": 0.3040330111980438}, {"class_name": "B3", "bbox_yolo": [0.37723618745803833, 0.3674618601799011, 0.12192624807357788, 0.08582263439893723], "conf": 0.273078590631485}], "count_per_class": {"B1": 0, "B2": 0, "B3": 3, "B4": 0}, "side_index": 2}