{"image": "DAMIMAS_A21B_0692_4.jpg", "detector": "y26n", "detections": [{"class_name": "B3", "bbox_yolo": [0.8375474810600281, 0.367358922958374, 0.22204050421714783, 0.176744744181633], "conf": 0.7636579871177673}, {"class_name": "B4", "bbox_yolo": [0.6760812401771545, 0.24690519273281097, 0.2596808969974518, 0.15200865268707275], "conf": 0.6629893779754639}, {"class_name": "B1", "bbox_yolo": [0.21119312942028046, 0.4348836839199066, 0.3519495129585266, 0.22672609984874725], "conf": 0.6124904155731201}, {"class_name": "B3", "bbox_yolo": [0.23669369518756866, 0.26871317625045776, 0.1501041203737259, 0.10841651260852814], "conf": 0.31153231859207153}], "count_per_class": {"B1": 1, "B2": 0, "B3": 2, "B4": 1}, "side_index": 3}