{"image": "DAMIMAS_A21B_0414_3.jpg", "detector": "y26n", "detections": [{"class_name": "B3", "bbox_yolo": [0.41084304451942444, 0.3442886769771576, 0.14191904664039612, 0.10569920390844345], "conf": 0.6520964503288269}, {"class_name": "B3", "bbox_yolo": [0.6590627431869507, 0.32636722922325134, 0.1462673842906952, 0.11435174942016602], "conf": 0.28649625182151794}], "count_per_class": {"B1": 0, "B2": 0, "B3": 2, "B4": 0}, "side_index": 2}