{"image": "DAMIMAS_A21B_0037_4.jpg", "detector": "y26n", "detections": [{"class_name": "B3", "bbox_yolo": [0.5361828804016113, 0.5040488839149475, 0.10754722356796265, 0.0925760269165039], "conf": 0.6802788376808167}, {"class_name": "B3", "bbox_yolo": [0.6316472887992859, 0.5318737030029297, 0.09263408184051514, 0.09408750385046005], "conf": 0.652323305606842}, {"class_name": "B3", "bbox_yolo": [0.3627542555332184, 0.5269730091094971, 0.10100457072257996, 0.08769197762012482], "conf": 0.6129827499389648}], "count_per_class": {"B1": 0, "B2": 0, "B3": 3, "B4": 0}, "side_index": 3}