{"image": "DAMIMAS_A21B_0117_4.jpg", "detector": "y26n", "detections": [{"class_name": "B3", "bbox_yolo": [0.6019918918609619, 0.5331435799598694, 0.14086203277111053, 0.13697214424610138], "conf": 0.40078186988830566}, {"class_name": "B3", "bbox_yolo": [0.6056351065635681, 0.5235438346862793, 0.13055604696273804, 0.11382937431335449], "conf": 0.3038589656352997}], "count_per_class": {"B1": 0, "B2": 0, "B3": 2, "B4": 0}, "side_index": 3}