{"image": "DAMIMAS_A21B_0080_2.jpg", "detector": "y26n", "detections": [{"class_name": "B1", "bbox_yolo": [0.664807915687561, 0.5397356152534485, 0.1266280561685562, 0.11579623073339462], "conf": 0.7809231877326965}, {"class_name": "B3", "bbox_yolo": [0.5720223188400269, 0.49593019485473633, 0.12463608384132385, 0.10091672092676163], "conf": 0.6601220369338989}, {"class_name": "B4", "bbox_yolo": [0.46775537729263306, 0.4536549150943756, 0.11114515364170074, 0.07327470928430557], "conf": 0.2662377655506134}], "count_per_class": {"B1": 1, "B2": 0, "B3": 1, "B4": 1}, "side_index": 1}