{"image": "DAMIMAS_A21B_0821_4.jpg", "detector": "y26n", "detections": [{"class_name": "B1", "bbox_yolo": [0.6666140556335449, 0.3551410138607025, 0.22601020336151123, 0.19564330577850342], "conf": 0.7428026795387268}, {"class_name": "B3", "bbox_yolo": [0.26305919885635376, 0.33589836955070496, 0.20796239376068115, 0.17957960069179535], "conf": 0.6706862449645996}, {"class_name": "B3", "bbox_yolo": [0.4657193422317505, 0.2727853059768677, 0.1838105022907257, 0.14638672769069672], "conf": 0.3746204078197479}], "count_per_class": {"B1": 1, "B2": 0, "B3": 2, "B4": 0}, "side_index": 3}