{"image": "DAMIMAS_A21B_0350_1.jpg", "detector": "y26n", "detections": [{"class_name": "B1", "bbox_yolo": [0.4470730125904083, 0.4104984402656555, 0.10869719833135605, 0.10136549919843674], "conf": 0.8212690353393555}, {"class_name": "B3", "bbox_yolo": [0.5884625911712646, 0.3978581130504608, 0.10264378041028976, 0.07986459881067276], "conf": 0.4898615777492523}], "count_per_class": {"B1": 1, "B2": 0, "B3": 1, "B4": 0}, "side_index": 0}