{"image": "DAMIMAS_A21B_0346_2.jpg", "detector": "y26n", "detections": [{"class_name": "B3", "bbox_yolo": [0.4794287383556366, 0.3328474462032318, 0.11532764881849289, 0.10045953094959259], "conf": 0.7143696546554565}, {"class_name": "B2", "bbox_yolo": [0.35332193970680237, 0.386599600315094, 0.137942835688591, 0.10873871296644211], "conf": 0.4894530177116394}, {"class_name": "B1", "bbox_yolo": [0.35332193970680237, 0.386599600315094, 0.137942835688591, 0.10873871296644211], "conf": 0.36026570200920105}, {"class_name": "B4", "bbox_yolo": [0.3448616862297058, 0.3094680905342102, 0.08735743165016174, 0.06191670894622803], "conf": 0.2638213336467743}], "count_per_class": {"B1": 1, "B2": 1, "B3": 1, "B4": 1}, "side_index": 1}