{"image": "DAMIMAS_A21B_0787_2.jpg", "detector": "y26n", "detections": [{"class_name": "B3", "bbox_yolo": [0.4440796375274658, 0.14108960330486298, 0.13655593991279602, 0.12418118864297867], "conf": 0.5412836074829102}, {"class_name": "B1", "bbox_yolo": [0.3467094302177429, 0.23922744393348694, 0.09920667856931686, 0.10119751840829849], "conf": 0.37111613154411316}, {"class_name": "B2", "bbox_yolo": [0.3467094302177429, 0.23922744393348694, 0.09920667856931686, 0.10119751840829849], "conf": 0.31060075759887695}, {"class_name": "B2", "bbox_yolo": [0.630631148815155, 0.22805121541023254, 0.08816007524728775, 0.07794804871082306], "conf": 0.27512744069099426}], "count_per_class": {"B1": 1, "B2": 2, "B3": 1, "B4": 0}, "side_index": 1}