{"image": "DAMIMAS_A21B_0073_4.jpg", "detector": "y26n", "detections": [{"class_name": "B4", "bbox_yolo": [0.34855252504348755, 0.43685564398765564, 0.09206101298332214, 0.06852159649133682], "conf": 0.35746869444847107}], "count_per_class": {"B1": 0, "B2": 0, "B3": 0, "B4": 1}, "side_index": 3}