{"image": "DAMIMAS_A21B_0299_3.jpg", "detector": "y26n", "detections": [{"class_name": "B3", "bbox_yolo": [0.3740062415599823, 0.31085705757141113, 0.14635516703128815, 0.10848093032836914], "conf": 0.5874302387237549}, {"class_name": "B3", "bbox_yolo": [0.6420826315879822, 0.3645555078983307, 0.09770680218935013, 0.07723762840032578], "conf": 0.4770702123641968}], "count_per_class": {"B1": 0, "B2": 0, "B3": 2, "B4": 0}, "side_index": 2}