{"image": "DAMIMAS_A21B_0521_3.jpg", "detector": "y26n", "detections": [{"class_name": "B3", "bbox_yolo": [0.3913845121860504, 0.3642277717590332, 0.12903305888175964, 0.11458108574151993], "conf": 0.6218178868293762}, {"class_name": "B3", "bbox_yolo": [0.3094664514064789, 0.4131042957305908, 0.11556707322597504, 0.1043502613902092], "conf": 0.47310468554496765}, {"class_name": "B3", "bbox_yolo": [0.5361562967300415, 0.3827765882015228, 0.12287404388189316, 0.10153279453516006], "conf": 0.44792601466178894}], "count_per_class": {"B1": 0, "B2": 0, "B3": 3, "B4": 0}, "side_index": 2}