{"image": "DAMIMAS_A21B_0476_4.jpg", "detector": "y26n", "detections": [{"class_name": "B3", "bbox_yolo": [0.4510818123817444, 0.40172892808914185, 0.11260169744491577, 0.08204183727502823], "conf": 0.605897068977356}, {"class_name": "B3", "bbox_yolo": [0.6774230003356934, 0.4338788092136383, 0.09326992183923721, 0.07285790890455246], "conf": 0.4716041684150696}, {"class_name": "B3", "bbox_yolo": [0.5804942846298218, 0.415119469165802, 0.08822492510080338, 0.08291985839605331], "conf": 0.26329144835472107}], "count_per_class": {"B1": 0, "B2": 0, "B3": 3, "B4": 0}, "side_index": 3}