{"image": "DAMIMAS_A21B_0011_1.jpg", "detector": "y26n", "detections": [{"class_name": "B1", "bbox_yolo": [0.6381077170372009, 0.5460467338562012, 0.10152416676282883, 0.09677167236804962], "conf": 0.7710123062133789}, {"class_name": "B3", "bbox_yolo": [0.5386912226676941, 0.5263117551803589, 0.09070336818695068, 0.08103819191455841], "conf": 0.43798375129699707}], "count_per_class": {"B1": 1, "B2": 0, "B3": 1, "B4": 0}, "side_index": 0}