{"image": "DAMIMAS_A21B_0636_2.jpg", "detector": "y26n", "detections": [{"class_name": "B3", "bbox_yolo": [0.6572970151901245, 0.46625271439552307, 0.27839919924736023, 0.22924275696277618], "conf": 0.6588845252990723}, {"class_name": "B3", "bbox_yolo": [0.18213704228401184, 0.48740148544311523, 0.2743333578109741, 0.2217407077550888], "conf": 0.5071110725402832}, {"class_name": "B3", "bbox_yolo": [0.17405714094638824, 0.47801777720451355, 0.25469914078712463, 0.2017422765493393], "conf": 0.4108864665031433}, {"class_name": "B3", "bbox_yolo": [0.16711032390594482, 0.3241991698741913, 0.1532774269580841, 0.09988202899694443], "conf": 0.3990899920463562}], "count_per_class": {"B1": 0, "B2": 0, "B3": 4, "B4": 0}, "side_index": 1}