{"image": "DAMIMAS_A21B_0381_4.jpg", "detector": "y26n", "detections": [{"class_name": "B1", "bbox_yolo": [0.658433198928833, 0.39674869179725647, 0.10643330216407776, 0.0817950963973999], "conf": 0.4356801509857178}, {"class_name": "B1", "bbox_yolo": [0.350689172744751, 0.42096462845802307, 0.09566059708595276, 0.0758543536067009], "conf": 0.3562587797641754}], "count_per_class": {"B1": 2, "B2": 0, "B3": 0, "B4": 0}, "side_index": 3}