{"image": "DAMIMAS_A21B_0086_2.jpg", "detector": "y26n", "detections": [{"class_name": "B3", "bbox_yolo": [0.3711235523223877, 0.509719967842102, 0.10242749005556107, 0.09235987812280655], "conf": 0.5809130668640137}, {"class_name": "B4", "bbox_yolo": [0.4645841121673584, 0.46406289935112, 0.08935073763132095, 0.06742515414953232], "conf": 0.36745724081993103}, {"class_name": "B2", "bbox_yolo": [0.6198337078094482, 0.5603044629096985, 0.10290553420782089, 0.08263426274061203], "conf": 0.3603448271751404}, {"class_name": "B1", "bbox_yolo": [0.6198337078094482, 0.5603044629096985, 0.10290553420782089, 0.08263426274061203], "conf": 0.326087087392807}], "count_per_class": {"B1": 1, "B2": 1, "B3": 1, "B4": 1}, "side_index": 1}