{"image": "DAMIMAS_A21B_0088_2.jpg", "detector": "y26n", "detections": [{"class_name": "B3", "bbox_yolo": [0.5995674729347229, 0.5041734576225281, 0.1404329389333725, 0.11064925044775009], "conf": 0.7156190872192383}, {"class_name": "B2", "bbox_yolo": [0.2975700795650482, 0.5250377655029297, 0.13510501384735107, 0.10640473663806915], "conf": 0.32568010687828064}, {"class_name": "B3", "bbox_yolo": [0.4250597357749939, 0.4749593436717987, 0.15335296094417572, 0.1143246665596962], "conf": 0.32244712114334106}, {"class_name": "B3", "bbox_yolo": [0.4274606704711914, 0.47583484649658203, 0.15692833065986633, 0.11601047962903976], "conf": 0.2676260471343994}], "count_per_class": {"B1": 0, "B2": 1, "B3": 3, "B4": 0}, "side_index": 1}