{"image": "DAMIMAS_A21B_0535_2.jpg", "detector": "y26n", "detections": [{"class_name": "B1", "bbox_yolo": [0.4708575904369354, 0.48023539781570435, 0.1657252013683319, 0.1372876614332199], "conf": 0.8112494945526123}, {"class_name": "B2", "bbox_yolo": [0.6720775365829468, 0.450782835483551, 0.13516566157341003, 0.10566206276416779], "conf": 0.7040053606033325}, {"class_name": "B4", "bbox_yolo": [0.5289652347564697, 0.3791205585002899, 0.12022648751735687, 0.08452625572681427], "conf": 0.35965070128440857}, {"class_name": "B4", "bbox_yolo": [0.6741172075271606, 0.37457919120788574, 0.11062546074390411, 0.07226107269525528], "conf": 0.27960532903671265}], "count_per_class": {"B1": 1, "B2": 1, "B3": 0, "B4": 2}, "side_index": 1}