{"image": "DAMIMAS_A21B_0461_1.jpg", "detector": "y26n", "detections": [{"class_name": "B3", "bbox_yolo": [0.4457283616065979, 0.3881344497203827, 0.054144036024808884, 0.043058063834905624], "conf": 0.41696447134017944}, {"class_name": "B3", "bbox_yolo": [0.5293048620223999, 0.3858078718185425, 0.07494764775037766, 0.05572161823511124], "conf": 0.33967575430870056}], "count_per_class": {"B1": 0, "B2": 0, "B3": 2, "B4": 0}, "side_index": 0}