{"image": "DAMIMAS_A21B_0817_4.jpg", "detector": "y26n", "detections": [{"class_name": "B2", "bbox_yolo": [0.27300187945365906, 0.38287341594696045, 0.1451791524887085, 0.12278924137353897], "conf": 0.6685810685157776}, {"class_name": "B3", "bbox_yolo": [0.41431695222854614, 0.368571013212204, 0.10731799155473709, 0.10836885124444962], "conf": 0.5865464806556702}, {"class_name": "B2", "bbox_yolo": [0.25208696722984314, 0.4738019108772278, 0.09108921885490417, 0.07538904994726181], "conf": 0.27124518156051636}], "count_per_class": {"B1": 0, "B2": 2, "B3": 1, "B4": 0}, "side_index": 3}