{"image": "DAMIMAS_A21B_0309_2.jpg", "detector": "y26n", "detections": [{"class_name": "B3", "bbox_yolo": [0.2857811748981476, 0.3689649999141693, 0.11952655017375946, 0.11337154358625412], "conf": 0.6041439771652222}, {"class_name": "B3", "bbox_yolo": [0.622352659702301, 0.31722602248191833, 0.16846181452274323, 0.12711410224437714], "conf": 0.5143588781356812}, {"class_name": "B1", "bbox_yolo": [0.42538556456565857, 0.3479195237159729, 0.14148865640163422, 0.11253531277179718], "conf": 0.4291122853755951}, {"class_name": "B2", "bbox_yolo": [0.7641472220420837, 0.3737132251262665, 0.1317967176437378, 0.10924136638641357], "conf": 0.29705846309661865}], "count_per_class": {"B1": 1, "B2": 1, "B3": 2, "B4": 0}, "side_index": 1}