{"image": "DAMIMAS_A21B_0742_4.jpg", "detector": "y26n", "detections": [{"class_name": "B3", "bbox_yolo": [0.5747907757759094, 0.550347089767456, 0.10418476164340973, 0.08155441284179688], "conf": 0.2670922577381134}], "count_per_class": {"B1": 0, "B2": 0, "B3": 1, "B4": 0}, "side_index": 3}