{"image": "DAMIMAS_A21B_0312_4.jpg", "detector": "y26n", "detections": [{"class_name": "B3", "bbox_yolo": [0.5566771030426025, 0.45451050996780396, 0.12060277163982391, 0.10854154080152512], "conf": 0.6352165937423706}, {"class_name": "B3", "bbox_yolo": [0.41916337609291077, 0.48063036799430847, 0.13930149376392365, 0.10699921101331711], "conf": 0.6074175834655762}, {"class_name": "B2", "bbox_yolo": [0.6589133143424988, 0.49160081148147583, 0.11131535470485687, 0.10214972496032715], "conf": 0.4664483070373535}], "count_per_class": {"B1": 0, "B2": 1, "B3": 2, "B4": 0}, "side_index": 3}