{"image": "DAMIMAS_A21B_0398_4.jpg", "detector": "y26n", "detections": [{"class_name": "B1", "bbox_yolo": [0.3150891065597534, 0.4206729531288147, 0.10652393102645874, 0.08755846321582794], "conf": 0.4462195336818695}, {"class_name": "B3", "bbox_yolo": [0.40803778171539307, 0.3602689206600189, 0.09746243804693222, 0.08095905929803848], "conf": 0.4276111125946045}], "count_per_class": {"B1": 1, "B2": 0, "B3": 1, "B4": 0}, "side_index": 3}