{"image": "DAMIMAS_A21B_0743_1.jpg", "detector": "y26n", "detections": [{"class_name": "B3", "bbox_yolo": [0.717362642288208, 0.38278383016586304, 0.12402331829071045, 0.10568118095397949], "conf": 0.4544259309768677}, {"class_name": "B3", "bbox_yolo": [0.31998419761657715, 0.31540781259536743, 0.10356995463371277, 0.08534157276153564], "conf": 0.26366743445396423}, {"class_name": "B4", "bbox_yolo": [0.5170392990112305, 0.2546384930610657, 0.10468722134828568, 0.0950801894068718], "conf": 0.25836068391799927}], "count_per_class": {"B1": 0, "B2": 0, "B3": 2, "B4": 1}, "side_index": 0}