{"image": "DAMIMAS_A21B_0311_3.jpg", "detector": "y26n", "detections": [{"class_name": "B3", "bbox_yolo": [0.5750216245651245, 0.48807087540626526, 0.11688697338104248, 0.10303916782140732], "conf": 0.7322339415550232}], "count_per_class": {"B1": 0, "B2": 0, "B3": 1, "B4": 0}, "side_index": 2}