{"image": "DAMIMAS_A21B_0766_2.jpg", "detector": "y26n", "detections": [{"class_name": "B2", "bbox_yolo": [0.6464532017707825, 0.3488209843635559, 0.12502887845039368, 0.09419222176074982], "conf": 0.49953052401542664}], "count_per_class": {"B1": 0, "B2": 1, "B3": 0, "B4": 0}, "side_index": 1}