{"image": "DAMIMAS_A21B_0834_1.jpg", "detector": "y26n", "detections": [{"class_name": "B2", "bbox_yolo": [0.4269944131374359, 0.33818939328193665, 0.12026062607765198, 0.08840074390172958], "conf": 0.5940326452255249}, {"class_name": "B2", "bbox_yolo": [0.5792660117149353, 0.3582812249660492, 0.1180102750658989, 0.0989779457449913], "conf": 0.454433411359787}, {"class_name": "B3", "bbox_yolo": [0.5181691646575928, 0.2737569808959961, 0.11534980684518814, 0.08598881214857101], "conf": 0.2735261619091034}, {"class_name": "B3", "bbox_yolo": [0.5192741751670837, 0.270018994808197, 0.10753956437110901, 0.0770086795091629], "conf": 0.2588580548763275}], "count_per_class": {"B1": 0, "B2": 2, "B3": 2, "B4": 0}, "side_index": 0}