{"image": "DAMIMAS_A21B_0245_4.jpg", "detector": "y26n", "detections": [{"class_name": "B3", "bbox_yolo": [0.47331488132476807, 0.17555037140846252, 0.1649901121854782, 0.14975878596305847], "conf": 0.49198269844055176}, {"class_name": "B3", "bbox_yolo": [0.47865062952041626, 0.16885054111480713, 0.14530186355113983, 0.13664908707141876], "conf": 0.3163459300994873}], "count_per_class": {"B1": 0, "B2": 0, "B3": 2, "B4": 0}, "side_index": 3}