{"image": "DAMIMAS_A21B_0492_4.jpg", "detector": "y26n", "detections": [{"class_name": "B3", "bbox_yolo": [0.48106443881988525, 0.2701503336429596, 0.1539081335067749, 0.14690101146697998], "conf": 0.6820073127746582}, {"class_name": "B1", "bbox_yolo": [0.2995609939098358, 0.2991867959499359, 0.15129582583904266, 0.15193472802639008], "conf": 0.5851348638534546}, {"class_name": "B4", "bbox_yolo": [0.4309449791908264, 0.15319965779781342, 0.1295352727174759, 0.0937914028763771], "conf": 0.4725750684738159}, {"class_name": "B3", "bbox_yolo": [0.4309449791908264, 0.15319965779781342, 0.1295352727174759, 0.0937914028763771], "conf": 0.3687829077243805}], "count_per_class": {"B1": 1, "B2": 0, "B3": 2, "B4": 1}, "side_index": 3}