{"image": "DAMIMAS_A21B_0310_1.jpg", "detector": "y26n", "detections": [{"class_name": "B1", "bbox_yolo": [0.3332688808441162, 0.45197397470474243, 0.10934814065694809, 0.09232749789953232], "conf": 0.7048859596252441}, {"class_name": "B3", "bbox_yolo": [0.4428884983062744, 0.3906041383743286, 0.0976131483912468, 0.08532185852527618], "conf": 0.5882349610328674}, {"class_name": "B3", "bbox_yolo": [0.6607863306999207, 0.3568591773509979, 0.09219913929700851, 0.06587109714746475], "conf": 0.5108651518821716}], "count_per_class": {"B1": 1, "B2": 0, "B3": 2, "B4": 0}, "side_index": 0}