{"image": "DAMIMAS_A21B_0725_4.jpg", "detector": "y26n", "detections": [{"class_name": "B3", "bbox_yolo": [0.7228341698646545, 0.3160042464733124, 0.2371281385421753, 0.1543358862400055], "conf": 0.8101373910903931}, {"class_name": "B2", "bbox_yolo": [0.404491126537323, 0.3502313196659088, 0.25977352261543274, 0.20564642548561096], "conf": 0.3137780725955963}, {"class_name": "B3", "bbox_yolo": [0.404491126537323, 0.3502313196659088, 0.25977352261543274, 0.20564642548561096], "conf": 0.25163334608078003}], "count_per_class": {"B1": 0, "B2": 1, "B3": 2, "B4": 0}, "side_index": 3}