{"image": "DAMIMAS_A21B_0388_2.jpg", "detector": "y26n", "detections": [{"class_name": "B3", "bbox_yolo": [0.6029584407806396, 0.35319584608078003, 0.10550658404827118, 0.08002066612243652], "conf": 0.4931800961494446}, {"class_name": "B3", "bbox_yolo": [0.3753965497016907, 0.331064909696579, 0.07320232689380646, 0.06725414097309113], "conf": 0.27108997106552124}, {"class_name": "B3", "bbox_yolo": [0.31619536876678467, 0.4040586054325104, 0.11336877197027206, 0.09413184970617294], "conf": 0.2510537803173065}], "count_per_class": {"B1": 0, "B2": 0, "B3": 3, "B4": 0}, "side_index": 1}