{"image": "DAMIMAS_A21B_0697_4.jpg", "detector": "y26n", "detections": [{"class_name": "B1", "bbox_yolo": [0.7158075571060181, 0.40575742721557617, 0.17936770617961884, 0.17366395890712738], "conf": 0.8039546012878418}, {"class_name": "B1", "bbox_yolo": [0.18978488445281982, 0.3775790333747864, 0.1873820275068283, 0.1720607727766037], "conf": 0.7624978423118591}, {"class_name": "B3", "bbox_yolo": [0.3244604468345642, 0.2699003219604492, 0.1984739899635315, 0.1867128610610962], "conf": 0.6338445544242859}, {"class_name": "B3", "bbox_yolo": [0.5538207292556763, 0.3371293544769287, 0.1929180920124054, 0.16781015694141388], "conf": 0.5856330394744873}], "count_per_class": {"B1": 2, "B2": 0, "B3": 2, "B4": 0}, "side_index": 3}