{"image": "DAMIMAS_A21B_0841_8.jpg", "detector": "y26n", "detections": [{"class_name": "B3", "bbox_yolo": [0.34533217549324036, 0.3886251151561737, 0.10352186113595963, 0.09455490112304688], "conf": 0.618944525718689}, {"class_name": "B3", "bbox_yolo": [0.5686459541320801, 0.3609122037887573, 0.1024184301495552, 0.09626336395740509], "conf": 0.609164297580719}, {"class_name": "B2", "bbox_yolo": [0.47580868005752563, 0.4060386121273041, 0.11480827629566193, 0.09924240410327911], "conf": 0.5128602981567383}, {"class_name": "B3", "bbox_yolo": [0.44200536608695984, 0.31840774416923523, 0.09818322211503983, 0.07778728008270264], "conf": 0.45897987484931946}], "count_per_class": {"B1": 0, "B2": 1, "B3": 3, "B4": 0}, "side_index": 7}