{"image": "DAMIMAS_A21B_0248_3.jpg", "detector": "y26n", "detections": [{"class_name": "B3", "bbox_yolo": [0.3148464262485504, 0.28719156980514526, 0.18933053314685822, 0.14875207841396332], "conf": 0.46924853324890137}, {"class_name": "B2", "bbox_yolo": [0.5188441276550293, 0.30361732840538025, 0.15594933927059174, 0.11678700894117355], "conf": 0.25791844725608826}], "count_per_class": {"B1": 0, "B2": 1, "B3": 1, "B4": 0}, "side_index": 2}