{"image": "DAMIMAS_A21B_0770_3.jpg", "detector": "y26n", "detections": [{"class_name": "B3", "bbox_yolo": [0.5690121054649353, 0.3622167706489563, 0.17475536465644836, 0.12485599517822266], "conf": 0.5995564460754395}, {"class_name": "B2", "bbox_yolo": [0.3733304440975189, 0.4114634096622467, 0.1662772297859192, 0.12893541157245636], "conf": 0.46565958857536316}, {"class_name": "B3", "bbox_yolo": [0.7224762439727783, 0.3564022481441498, 0.10030454397201538, 0.0887528657913208], "conf": 0.3457898199558258}, {"class_name": "B3", "bbox_yolo": [0.3733304440975189, 0.4114634096622467, 0.1662772297859192, 0.12893541157245636], "conf": 0.25302302837371826}], "count_per_class": {"B1": 0, "B2": 1, "B3": 3, "B4": 0}, "side_index": 2}