{"image": "DAMIMAS_A21B_0027_1.jpg", "detector": "y26n", "detections": [{"class_name": "B1", "bbox_yolo": [0.5163493156433105, 0.46860581636428833, 0.11822615563869476, 0.09635453671216965], "conf": 0.5361518859863281}, {"class_name": "B3", "bbox_yolo": [0.3920702040195465, 0.46257343888282776, 0.11219638586044312, 0.08486008644104004], "conf": 0.4507608413696289}, {"class_name": "B3", "bbox_yolo": [0.3902357220649719, 0.46324965357780457, 0.11306356638669968, 0.08768901973962784], "conf": 0.2903473377227783}], "count_per_class": {"B1": 1, "B2": 0, "B3": 2, "B4": 0}, "side_index": 0}