{"image": "DAMIMAS_A21B_0434_4.jpg", "detector": "y26n", "detections": [{"class_name": "B3", "bbox_yolo": [0.6024528741836548, 0.46146461367607117, 0.07816518843173981, 0.06366916000843048], "conf": 0.4221884310245514}, {"class_name": "B3", "bbox_yolo": [0.44481754302978516, 0.4298560321331024, 0.05530071631073952, 0.05050845071673393], "conf": 0.3790135681629181}, {"class_name": "B3", "bbox_yolo": [0.6552011370658875, 0.4323766827583313, 0.04868711158633232, 0.04326677322387695], "conf": 0.2598815858364105}], "count_per_class": {"B1": 0, "B2": 0, "B3": 3, "B4": 0}, "side_index": 3}