{"image": "DAMIMAS_A21B_0252_1.jpg", "detector": "y26n", "detections": [{"class_name": "B3", "bbox_yolo": [0.42343053221702576, 0.257900208234787, 0.13648198544979095, 0.08362636715173721], "conf": 0.5715683698654175}, {"class_name": "B3", "bbox_yolo": [0.6895697712898254, 0.33657583594322205, 0.1302393078804016, 0.1167060136795044], "conf": 0.4573889374732971}, {"class_name": "B3", "bbox_yolo": [0.4532757103443146, 0.35471826791763306, 0.16352616250514984, 0.13016502559185028], "conf": 0.2974437177181244}], "count_per_class": {"B1": 0, "B2": 0, "B3": 3, "B4": 0}, "side_index": 0}