{"image": "DAMIMAS_A21B_0405_2.jpg", "detector": "y26n", "detections": [{"class_name": "B3", "bbox_yolo": [0.5013973712921143, 0.36411142349243164, 0.1012243926525116, 0.0929742082953453], "conf": 0.48670127987861633}, {"class_name": "B4", "bbox_yolo": [0.6098406314849854, 0.3112046718597412, 0.07478994131088257, 0.05889539793133736], "conf": 0.2507549226284027}], "count_per_class": {"B1": 0, "B2": 0, "B3": 1, "B4": 1}, "side_index": 1}