{"image": "DAMIMAS_A21B_0323_3.jpg", "detector": "y26n", "detections": [{"class_name": "B3", "bbox_yolo": [0.34540048241615295, 0.29573720693588257, 0.14657333493232727, 0.13114266097545624], "conf": 0.4683394134044647}, {"class_name": "B3", "bbox_yolo": [0.5116564035415649, 0.3040963113307953, 0.16587093472480774, 0.1292877197265625], "conf": 0.39966657757759094}, {"class_name": "B3", "bbox_yolo": [0.6955527067184448, 0.32373833656311035, 0.12499930709600449, 0.10092749446630478], "conf": 0.2962382435798645}, {"class_name": "B3", "bbox_yolo": [0.5088489651679993, 0.29697075486183167, 0.1529368758201599, 0.11485278606414795], "conf": 0.25550952553749084}], "count_per_class": {"B1": 0, "B2": 0, "B3": 4, "B4": 0}, "side_index": 2}