{"image": "DAMIMAS_A21B_0574_4.jpg", "detector": "y26n", "detections": [{"class_name": "B3", "bbox_yolo": [0.33166199922561646, 0.3547062873840332, 0.2095964103937149, 0.16811704635620117], "conf": 0.6019653677940369}, {"class_name": "B2", "bbox_yolo": [0.5432614684104919, 0.3744904398918152, 0.1826671063899994, 0.1408674716949463], "conf": 0.39865413308143616}], "count_per_class": {"B1": 0, "B2": 1, "B3": 1, "B4": 0}, "side_index": 3}