{"image": "DAMIMAS_A21B_0095_2.jpg", "detector": "y26n", "detections": [{"class_name": "B3", "bbox_yolo": [0.3480680584907532, 0.5008499026298523, 0.0919879674911499, 0.0818631649017334], "conf": 0.6278048753738403}, {"class_name": "B2", "bbox_yolo": [0.5567785501480103, 0.5272467732429504, 0.13409064710140228, 0.10687579959630966], "conf": 0.5752434134483337}, {"class_name": "B3", "bbox_yolo": [0.43960073590278625, 0.4878067970275879, 0.09644896537065506, 0.08910202980041504], "conf": 0.38186219334602356}], "count_per_class": {"B1": 0, "B2": 1, "B3": 2, "B4": 0}, "side_index": 1}