{"image": "DAMIMAS_A21B_0018_4.jpg", "detector": "y26n", "detections": [{"class_name": "B3", "bbox_yolo": [0.6259177923202515, 0.4911037087440491, 0.09380391985177994, 0.07277412712574005], "conf": 0.6372871398925781}, {"class_name": "B1", "bbox_yolo": [0.4395909905433655, 0.5105757713317871, 0.1162395253777504, 0.09796076267957687], "conf": 0.3956882953643799}, {"class_name": "B2", "bbox_yolo": [0.4395909905433655, 0.5105757713317871, 0.1162395253777504, 0.09796076267957687], "conf": 0.3124658763408661}], "count_per_class": {"B1": 1, "B2": 1, "B3": 1, "B4": 0}, "side_index": 3}