{"image": "DAMIMAS_A21B_0645_4.jpg", "detector": "y26n", "detections": [{"class_name": "B3", "bbox_yolo": [0.250972718000412, 0.34358927607536316, 0.14623868465423584, 0.14175891876220703], "conf": 0.3906974792480469}, {"class_name": "B3", "bbox_yolo": [0.44151559472084045, 0.27759382128715515, 0.23860596120357513, 0.18411222100257874], "conf": 0.35583674907684326}, {"class_name": "B3", "bbox_yolo": [0.44189706444740295, 0.27364489436149597, 0.23112405836582184, 0.17674900591373444], "conf": 0.29111814498901367}, {"class_name": "B3", "bbox_yolo": [0.6401507258415222, 0.28808996081352234, 0.14145755767822266, 0.11878664791584015], "conf": 0.2660171389579773}], "count_per_class": {"B1": 0, "B2": 0, "B3": 4, "B4": 0}, "side_index": 3}