{"image": "DAMIMAS_A21B_0399_1.jpg", "detector": "y26n", "detections": [{"class_name": "B1", "bbox_yolo": [0.6731646656990051, 0.4506964385509491, 0.1038830503821373, 0.10286913067102432], "conf": 0.7960826754570007}, {"class_name": "B1", "bbox_yolo": [0.33257901668548584, 0.4505416452884674, 0.1055765226483345, 0.09036512672901154], "conf": 0.5072980523109436}, {"class_name": "B3", "bbox_yolo": [0.41695085167884827, 0.39441192150115967, 0.11634744703769684, 0.08736119419336319], "conf": 0.3998269736766815}, {"class_name": "B3", "bbox_yolo": [0.5568058490753174, 0.40750837326049805, 0.11078755557537079, 0.08538692444562912], "conf": 0.33369433879852295}], "count_per_class": {"B1": 2, "B2": 0, "B3": 2, "B4": 0}, "side_index": 0}