{"image": "DAMIMAS_A21B_0129_4.jpg", "detector": "y26n", "detections": [{"class_name": "B3", "bbox_yolo": [0.3345511853694916, 0.48272156715393066, 0.13824030756950378, 0.11326818913221359], "conf": 0.7238345742225647}, {"class_name": "B3", "bbox_yolo": [0.49132996797561646, 0.4733811318874359, 0.1561003178358078, 0.1171625629067421], "conf": 0.27109062671661377}], "count_per_class": {"B1": 0, "B2": 0, "B3": 2, "B4": 0}, "side_index": 3}