{"image": "DAMIMAS_A21B_0568_3.jpg", "detector": "y26n", "detections": [{"class_name": "B1", "bbox_yolo": [0.42483070492744446, 0.4492388367652893, 0.19029341638088226, 0.13385668396949768], "conf": 0.6352002620697021}, {"class_name": "B2", "bbox_yolo": [0.6218516230583191, 0.4070373475551605, 0.15079352259635925, 0.12023749202489853], "conf": 0.6118276715278625}, {"class_name": "B3", "bbox_yolo": [0.6472383141517639, 0.3283568322658539, 0.14788049459457397, 0.08295061439275742], "conf": 0.3867417573928833}], "count_per_class": {"B1": 1, "B2": 1, "B3": 1, "B4": 0}, "side_index": 2}