{"image": "DAMIMAS_A21B_0377_4.jpg", "detector": "y26n", "detections": [{"class_name": "B3", "bbox_yolo": [0.3423692286014557, 0.45553189516067505, 0.11820660531520844, 0.0900815948843956], "conf": 0.6692086458206177}], "count_per_class": {"B1": 0, "B2": 0, "B3": 1, "B4": 0}, "side_index": 3}