{"image": "DAMIMAS_A21B_0047_3.jpg", "detector": "y26n", "detections": [{"class_name": "B3", "bbox_yolo": [0.30062639713287354, 0.532475471496582, 0.1300058662891388, 0.11381645500659943], "conf": 0.5784825086593628}, {"class_name": "B3", "bbox_yolo": [0.5147457718849182, 0.4996890723705292, 0.12854048609733582, 0.10125770419836044], "conf": 0.5314304828643799}, {"class_name": "B4", "bbox_yolo": [0.48065271973609924, 0.4099337160587311, 0.1088159903883934, 0.07618873566389084], "conf": 0.3218396306037903}], "count_per_class": {"B1": 0, "B2": 0, "B3": 2, "B4": 1}, "side_index": 2}