{"image": "DAMIMAS_A21B_0059_1.jpg", "detector": "y26n", "detections": [{"class_name": "B1", "bbox_yolo": [0.46813255548477173, 0.4808581471443176, 0.1329457312822342, 0.10687050968408585], "conf": 0.8178853392601013}, {"class_name": "B3", "bbox_yolo": [0.36522355675697327, 0.46359655261039734, 0.08239714801311493, 0.07652764767408371], "conf": 0.35987234115600586}], "count_per_class": {"B1": 1, "B2": 0, "B3": 1, "B4": 0}, "side_index": 0}