{"image": "DAMIMAS_A21B_0572_2.jpg", "detector": "y26n", "detections": [{"class_name": "B3", "bbox_yolo": [0.3973926603794098, 0.42036229372024536, 0.16431233286857605, 0.14140966534614563], "conf": 0.624459981918335}, {"class_name": "B2", "bbox_yolo": [0.5826786160469055, 0.4384732246398926, 0.1610860973596573, 0.1313602477312088], "conf": 0.4796237647533417}, {"class_name": "B1", "bbox_yolo": [0.5826786160469055, 0.4384732246398926, 0.1610860973596573, 0.1313602477312088], "conf": 0.3480638563632965}], "count_per_class": {"B1": 1, "B2": 1, "B3": 1, "B4": 0}, "side_index": 1}