{"image": "DAMIMAS_A21B_0016_4.jpg", "detector": "y26n", "detections": [{"class_name": "B1", "bbox_yolo": [0.649449348449707, 0.6019622683525085, 0.10590051859617233, 0.1085481196641922], "conf": 0.7342894673347473}, {"class_name": "B3", "bbox_yolo": [0.5497061014175415, 0.5607201457023621, 0.09126050025224686, 0.07453270256519318], "conf": 0.5777946710586548}], "count_per_class": {"B1": 1, "B2": 0, "B3": 1, "B4": 0}, "side_index": 3}