{"image": "DAMIMAS_A21B_0001_2.jpg", "detector": "y26n", "detections": [{"class_name": "B3", "bbox_yolo": [0.35679563879966736, 0.3639216423034668, 0.09562022238969803, 0.08648853749036789], "conf": 0.6253988146781921}, {"class_name": "B3", "bbox_yolo": [0.4905567169189453, 0.3554314374923706, 0.1144646406173706, 0.10998521000146866], "conf": 0.6011530160903931}, {"class_name": "B4", "bbox_yolo": [0.42160728573799133, 0.3105061650276184, 0.08888079971075058, 0.07666625827550888], "conf": 0.3919198215007782}, {"class_name": "B3", "bbox_yolo": [0.6160445809364319, 0.34667614102363586, 0.12143860757350922, 0.10698208957910538], "conf": 0.285019189119339}], "count_per_class": {"B1": 0, "B2": 0, "B3": 3, "B4": 1}, "side_index": 1}