{"image": "DAMIMAS_A21B_0129_1.jpg", "detector": "y26n", "detections": [{"class_name": "B3", "bbox_yolo": [0.6005681753158569, 0.46379947662353516, 0.11960303783416748, 0.10736632347106934], "conf": 0.6991687417030334}, {"class_name": "B3", "bbox_yolo": [0.41873496770858765, 0.43119555711746216, 0.13600654900074005, 0.10339071601629257], "conf": 0.6768642067909241}], "count_per_class": {"B1": 0, "B2": 0, "B3": 2, "B4": 0}, "side_index": 0}