{"image": "DAMIMAS_A21B_0481_3.jpg", "detector": "y26n", "detections": [{"class_name": "B3", "bbox_yolo": [0.49382463097572327, 0.42488494515419006, 0.09984557330608368, 0.08839740604162216], "conf": 0.6713401079177856}], "count_per_class": {"B1": 0, "B2": 0, "B3": 1, "B4": 0}, "side_index": 2}