{"image": "DAMIMAS_A21B_0216_2.jpg", "detector": "y26n", "detections": [{"class_name": "B3", "bbox_yolo": [0.4384758770465851, 0.38717108964920044, 0.13223938643932343, 0.11170847713947296], "conf": 0.646494448184967}, {"class_name": "B3", "bbox_yolo": [0.6015526652336121, 0.36208686232566833, 0.14590172469615936, 0.10680470615625381], "conf": 0.5977855920791626}, {"class_name": "B2", "bbox_yolo": [0.32158854603767395, 0.4095497131347656, 0.1132829561829567, 0.11008906364440918], "conf": 0.3842941224575043}, {"class_name": "B1", "bbox_yolo": [0.32158854603767395, 0.4095497131347656, 0.1132829561829567, 0.11008906364440918], "conf": 0.32196152210235596}], "count_per_class": {"B1": 1, "B2": 1, "B3": 2, "B4": 0}, "side_index": 1}