{"image": "DAMIMAS_A21B_0442_2.jpg", "detector": "y26n", "detections": [{"class_name": "B2", "bbox_yolo": [0.4870053231716156, 0.45254477858543396, 0.0767056792974472, 0.05707097053527832], "conf": 0.27388694882392883}], "count_per_class": {"B1": 0, "B2": 1, "B3": 0, "B4": 0}, "side_index": 1}