{"image": "DAMIMAS_A21B_0446_3.jpg", "detector": "y26n", "detections": [{"class_name": "B1", "bbox_yolo": [0.7041416764259338, 0.4462794363498688, 0.08495236188173294, 0.07079052925109863], "conf": 0.6047242879867554}, {"class_name": "B3", "bbox_yolo": [0.6535609364509583, 0.3977397084236145, 0.11976820975542068, 0.09856545925140381], "conf": 0.39497804641723633}, {"class_name": "B3", "bbox_yolo": [0.5127065181732178, 0.42160072922706604, 0.1039910688996315, 0.09221392124891281], "conf": 0.32758384943008423}], "count_per_class": {"B1": 1, "B2": 0, "B3": 2, "B4": 0}, "side_index": 2}