{"image": "DAMIMAS_A21B_0777_1.jpg", "detector": "y26n", "detections": [{"class_name": "B3", "bbox_yolo": [0.7317495346069336, 0.36130088567733765, 0.15919877588748932, 0.11700206249952316], "conf": 0.7599589228630066}, {"class_name": "B2", "bbox_yolo": [0.3899819850921631, 0.3536983132362366, 0.18654802441596985, 0.13181038200855255], "conf": 0.4672001302242279}, {"class_name": "B1", "bbox_yolo": [0.3899819850921631, 0.3536983132362366, 0.18654802441596985, 0.13181038200855255], "conf": 0.2657705843448639}], "count_per_class": {"B1": 1, "B2": 1, "B3": 1, "B4": 0}, "side_index": 0}