{"image": "DAMIMAS_A21B_0095_4.jpg", "detector": "y26n", "detections": [{"class_name": "B1", "bbox_yolo": [0.5827597975730896, 0.476998895406723, 0.15490733087062836, 0.14248275756835938], "conf": 0.8622090816497803}, {"class_name": "B3", "bbox_yolo": [0.33103689551353455, 0.45604023337364197, 0.12303642183542252, 0.11645872890949249], "conf": 0.5647593140602112}, {"class_name": "B3", "bbox_yolo": [0.4411170780658722, 0.44844308495521545, 0.09768734127283096, 0.10082798451185226], "conf": 0.3879844546318054}], "count_per_class": {"B1": 1, "B2": 0, "B3": 2, "B4": 0}, "side_index": 3}