{"image": "DAMIMAS_A21B_0578_3.jpg", "detector": "y26n", "detections": [{"class_name": "B2", "bbox_yolo": [0.6857783198356628, 0.3847866654396057, 0.1134302169084549, 0.08718831837177277], "conf": 0.4523235559463501}, {"class_name": "B2", "bbox_yolo": [0.28466153144836426, 0.41169291734695435, 0.08454056084156036, 0.06982574611902237], "conf": 0.3187797963619232}, {"class_name": "B3", "bbox_yolo": [0.6857783198356628, 0.3847866654396057, 0.1134302169084549, 0.08718831837177277], "conf": 0.2962297797203064}], "count_per_class": {"B1": 0, "B2": 2, "B3": 1, "B4": 0}, "side_index": 2}