{"image": "DAMIMAS_A21B_0456_4.jpg", "detector": "y26n", "detections": [{"class_name": "B1", "bbox_yolo": [0.44153350591659546, 0.4569011628627777, 0.10639245063066483, 0.07113137096166611], "conf": 0.7112534642219543}, {"class_name": "B3", "bbox_yolo": [0.6293920874595642, 0.4369544982910156, 0.0778503492474556, 0.0669989138841629], "conf": 0.4795224666595459}, {"class_name": "B3", "bbox_yolo": [0.5429733991622925, 0.42407092452049255, 0.08093519508838654, 0.07085295021533966], "conf": 0.42593130469322205}], "count_per_class": {"B1": 1, "B2": 0, "B3": 2, "B4": 0}, "side_index": 3}