{"image": "DAMIMAS_A21B_0361_3.jpg", "detector": "y26n", "detections": [{"class_name": "B1", "bbox_yolo": [0.6629984378814697, 0.4515613615512848, 0.11093966662883759, 0.08133673667907715], "conf": 0.420805424451828}, {"class_name": "B4", "bbox_yolo": [0.44678494334220886, 0.3654686510562897, 0.09088882058858871, 0.06391572952270508], "conf": 0.30880260467529297}, {"class_name": "B3", "bbox_yolo": [0.5835252404212952, 0.38806891441345215, 0.0892750471830368, 0.07981498539447784], "conf": 0.29738205671310425}], "count_per_class": {"B1": 1, "B2": 0, "B3": 1, "B4": 1}, "side_index": 2}