{"image": "DAMIMAS_A21B_0529_1.jpg", "detector": "y26n", "detections": [{"class_name": "B4", "bbox_yolo": [0.6320288777351379, 0.3555007874965668, 0.1298341155052185, 0.10049090534448624], "conf": 0.6054630875587463}, {"class_name": "B3", "bbox_yolo": [0.3939531445503235, 0.3789059519767761, 0.16332992911338806, 0.14671722054481506], "conf": 0.4219791889190674}, {"class_name": "B3", "bbox_yolo": [0.3960268497467041, 0.3749655485153198, 0.15835615992546082, 0.1382220834493637], "conf": 0.35167837142944336}, {"class_name": "B3", "bbox_yolo": [0.5279008746147156, 0.44734570384025574, 0.1619510054588318, 0.10260570049285889], "conf": 0.2836146056652069}], "count_per_class": {"B1": 0, "B2": 0, "B3": 3, "B4": 1}, "side_index": 0}