{"image": "DAMIMAS_A21B_0326_1.jpg", "detector": "y26n", "detections": [{"class_name": "B3", "bbox_yolo": [0.5429395437240601, 0.35446447134017944, 0.10164862126111984, 0.08717775344848633], "conf": 0.26865530014038086}], "count_per_class": {"B1": 0, "B2": 0, "B3": 1, "B4": 0}, "side_index": 0}