{"image": "DAMIMAS_A21B_0658_2.jpg", "detector": "y26n", "detections": [{"class_name": "B3", "bbox_yolo": [0.6455597281455994, 0.24206547439098358, 0.16808649897575378, 0.12171266227960587], "conf": 0.6383130550384521}, {"class_name": "B4", "bbox_yolo": [0.3758220970630646, 0.19057606160640717, 0.1203739196062088, 0.09568989276885986], "conf": 0.33192190527915955}], "count_per_class": {"B1": 0, "B2": 0, "B3": 1, "B4": 1}, "side_index": 1}