{"image": "DAMIMAS_A21B_0367_1.jpg", "detector": "y26n", "detections": [{"class_name": "B3", "bbox_yolo": [0.6319602131843567, 0.3148915767669678, 0.11590474843978882, 0.10037100315093994], "conf": 0.7475036382675171}, {"class_name": "B3", "bbox_yolo": [0.4821018576622009, 0.32575881481170654, 0.1414335072040558, 0.1028025671839714], "conf": 0.46080800890922546}, {"class_name": "B3", "bbox_yolo": [0.3548045754432678, 0.31186801195144653, 0.08141400665044785, 0.07011277973651886], "conf": 0.39070841670036316}], "count_per_class": {"B1": 0, "B2": 0, "B3": 3, "B4": 0}, "side_index": 0}