{"image": "DAMIMAS_A21B_0259_4.jpg", "detector": "y26n", "detections": [{"class_name": "B3", "bbox_yolo": [0.6460309624671936, 0.4563952386379242, 0.12474499642848969, 0.09394469112157822], "conf": 0.6503240466117859}, {"class_name": "B2", "bbox_yolo": [0.700640082359314, 0.5415183901786804, 0.08867671340703964, 0.08798165619373322], "conf": 0.29635047912597656}], "count_per_class": {"B1": 0, "B2": 1, "B3": 1, "B4": 0}, "side_index": 3}