{"image": "DAMIMAS_A21B_0254_2.jpg", "detector": "y26n", "detections": [{"class_name": "B3", "bbox_yolo": [0.3087078630924225, 0.040752556174993515, 0.21220125257968903, 0.08098108321428299], "conf": 0.38402968645095825}], "count_per_class": {"B1": 0, "B2": 0, "B3": 1, "B4": 0}, "side_index": 1}