{"image": "DAMIMAS_A21B_0244_3.jpg", "detector": "y26n", "detections": [{"class_name": "B3", "bbox_yolo": [0.6197395920753479, 0.31301888823509216, 0.1038573607802391, 0.07520458847284317], "conf": 0.3736964464187622}, {"class_name": "B3", "bbox_yolo": [0.32308879494667053, 0.3564639985561371, 0.11408816277980804, 0.08000002056360245], "conf": 0.3074354827404022}, {"class_name": "B3", "bbox_yolo": [0.6801802515983582, 0.3813354969024658, 0.14027132093906403, 0.09673154354095459], "conf": 0.25844806432724}], "count_per_class": {"B1": 0, "B2": 0, "B3": 3, "B4": 0}, "side_index": 2}