{"image": "DAMIMAS_A21B_0220_4.jpg", "detector": "y26n", "detections": [{"class_name": "B2", "bbox_yolo": [0.4530850052833557, 0.5030645132064819, 0.160640150308609, 0.1356036216020584], "conf": 0.7208262085914612}, {"class_name": "B3", "bbox_yolo": [0.6250383257865906, 0.4653056263923645, 0.13299217820167542, 0.1077505573630333], "conf": 0.5383589267730713}], "count_per_class": {"B1": 0, "B2": 1, "B3": 1, "B4": 0}, "side_index": 3}