{"image": "DAMIMAS_A21B_0009_2.jpg", "detector": "y26n", "detections": [{"class_name": "B3", "bbox_yolo": [0.5955502390861511, 0.4502859115600586, 0.09593340754508972, 0.07983789592981339], "conf": 0.5781967639923096}], "count_per_class": {"B1": 0, "B2": 0, "B3": 1, "B4": 0}, "side_index": 1}