{"image": "DAMIMAS_A21B_0732_1.jpg", "detector": "y26n", "detections": [{"class_name": "B3", "bbox_yolo": [0.7655202746391296, 0.1958955079317093, 0.16159051656723022, 0.11463737487792969], "conf": 0.4619196057319641}, {"class_name": "B3", "bbox_yolo": [0.7537327408790588, 0.20230403542518616, 0.1938742995262146, 0.12761829793453217], "conf": 0.25971871614456177}], "count_per_class": {"B1": 0, "B2": 0, "B3": 2, "B4": 0}, "side_index": 0}