{"image": "DAMIMAS_A21B_0836_3.jpg", "detector": "y26n", "detections": [{"class_name": "B1", "bbox_yolo": [0.5147913694381714, 0.5298691391944885, 0.16929151117801666, 0.13003472983837128], "conf": 0.8218503594398499}, {"class_name": "B3", "bbox_yolo": [0.653610110282898, 0.5019944310188293, 0.11047668755054474, 0.10283122211694717], "conf": 0.65345698595047}, {"class_name": "B3", "bbox_yolo": [0.3978101909160614, 0.47200044989585876, 0.12191502749919891, 0.10117759555578232], "conf": 0.45333024859428406}, {"class_name": "B2", "bbox_yolo": [0.30352023243904114, 0.517680823802948, 0.11657578498125076, 0.11095209419727325], "conf": 0.4497493505477905}], "count_per_class": {"B1": 1, "B2": 1, "B3": 2, "B4": 0}, "side_index": 2}