{"image": "DAMIMAS_A21B_0764_3.jpg", "detector": "y26n", "detections": [{"class_name": "B2", "bbox_yolo": [0.34454798698425293, 0.46217623353004456, 0.11668552458286285, 0.08761896938085556], "conf": 0.5582472681999207}, {"class_name": "B3", "bbox_yolo": [0.732428789138794, 0.438464492559433, 0.11242498457431793, 0.0890439972281456], "conf": 0.5414701104164124}], "count_per_class": {"B1": 0, "B2": 1, "B3": 1, "B4": 0}, "side_index": 2}