{"image": "DAMIMAS_A21B_0403_2.jpg", "detector": "y26n", "detections": [{"class_name": "B1", "bbox_yolo": [0.590023934841156, 0.4290667176246643, 0.1624823957681656, 0.10348861664533615], "conf": 0.7427340149879456}, {"class_name": "B3", "bbox_yolo": [0.30013859272003174, 0.40616852045059204, 0.12917748093605042, 0.1068178191781044], "conf": 0.41421085596084595}, {"class_name": "B3", "bbox_yolo": [0.4245683252811432, 0.3878321349620819, 0.11988605558872223, 0.10996716469526291], "conf": 0.3432542383670807}, {"class_name": "B4", "bbox_yolo": [0.36426666378974915, 0.3155011832714081, 0.0970846563577652, 0.06763892620801926], "conf": 0.27740541100502014}], "count_per_class": {"B1": 1, "B2": 0, "B3": 2, "B4": 1}, "side_index": 1}