{"image": "DAMIMAS_A21B_0452_3.jpg", "detector": "y26n", "detections": [{"class_name": "B3", "bbox_yolo": [0.7289890646934509, 0.3882271647453308, 0.08500347286462784, 0.07486186176538467], "conf": 0.36402004957199097}, {"class_name": "B1", "bbox_yolo": [0.46254295110702515, 0.40029478073120117, 0.10246503353118896, 0.07801351696252823], "conf": 0.33928823471069336}, {"class_name": "B4", "bbox_yolo": [0.479051798582077, 0.3290461599826813, 0.09971565008163452, 0.07284905761480331], "conf": 0.33788272738456726}, {"class_name": "B3", "bbox_yolo": [0.5439550280570984, 0.372088760137558, 0.09364122152328491, 0.07741806656122208], "conf": 0.26402679085731506}], "count_per_class": {"B1": 1, "B2": 0, "B3": 2, "B4": 1}, "side_index": 2}