{"image": "DAMIMAS_A21B_0466_1.jpg", "detector": "y26n", "detections": [{"class_name": "B3", "bbox_yolo": [0.6104019284248352, 0.3537294566631317, 0.05408459156751633, 0.048705149441957474], "conf": 0.5005016326904297}], "count_per_class": {"B1": 0, "B2": 0, "B3": 1, "B4": 0}, "side_index": 0}