{"image": "DAMIMAS_A21B_0149_1.jpg", "detector": "y26n", "detections": [{"class_name": "B3", "bbox_yolo": [0.5418469905853271, 0.45419618487358093, 0.1295442283153534, 0.10001397132873535], "conf": 0.6546481251716614}, {"class_name": "B4", "bbox_yolo": [0.56400465965271, 0.36388516426086426, 0.1054900512099266, 0.0730806365609169], "conf": 0.6198360919952393}, {"class_name": "B3", "bbox_yolo": [0.3287282884120941, 0.4111209511756897, 0.10059738904237747, 0.07997989654541016], "conf": 0.45015791058540344}, {"class_name": "B3", "bbox_yolo": [0.45007944107055664, 0.39381274580955505, 0.10819622874259949, 0.07854247093200684], "conf": 0.4165678322315216}], "count_per_class": {"B1": 0, "B2": 0, "B3": 3, "B4": 1}, "side_index": 0}