{"image": "DAMIMAS_A21B_0372_4.jpg", "detector": "y26n", "detections": [{"class_name": "B1", "bbox_yolo": [0.4816030263900757, 0.36089441180229187, 0.12457377463579178, 0.09561324119567871], "conf": 0.7421489953994751}, {"class_name": "B3", "bbox_yolo": [0.4413205683231354, 0.2774686813354492, 0.0896819457411766, 0.06945645809173584], "conf": 0.5810579657554626}, {"class_name": "B3", "bbox_yolo": [0.6263372302055359, 0.3405240476131439, 0.09375865012407303, 0.0996960923075676], "conf": 0.5144364833831787}], "count_per_class": {"B1": 1, "B2": 0, "B3": 2, "B4": 0}, "side_index": 3}