{"image": "DAMIMAS_A21B_0318_1.jpg", "detector": "y26n", "detections": [{"class_name": "B3", "bbox_yolo": [0.7514446377754211, 0.377061665058136, 0.15000998973846436, 0.10327308624982834], "conf": 0.6160427331924438}, {"class_name": "B3", "bbox_yolo": [0.329897403717041, 0.3579276204109192, 0.1978982388973236, 0.13140229880809784], "conf": 0.4450035095214844}, {"class_name": "B3", "bbox_yolo": [0.3215838074684143, 0.3458251953125, 0.1837923675775528, 0.1082848533987999], "conf": 0.403344988822937}], "count_per_class": {"B1": 0, "B2": 0, "B3": 3, "B4": 0}, "side_index": 0}