{"image": "DAMIMAS_A21B_0006_1.jpg", "detector": "y26n", "detections": [{"class_name": "B3", "bbox_yolo": [0.4379701316356659, 0.493687242269516, 0.12939545512199402, 0.10512786358594894], "conf": 0.7762183547019958}, {"class_name": "B4", "bbox_yolo": [0.5085875988006592, 0.42972278594970703, 0.09916229546070099, 0.06529493629932404], "conf": 0.4476909935474396}, {"class_name": "B3", "bbox_yolo": [0.5687631368637085, 0.5053948760032654, 0.09384728223085403, 0.08636937290430069], "conf": 0.43028926849365234}, {"class_name": "B4", "bbox_yolo": [0.33262157440185547, 0.4577082693576813, 0.0853116363286972, 0.06980915367603302], "conf": 0.28269341588020325}], "count_per_class": {"B1": 0, "B2": 0, "B3": 2, "B4": 2}, "side_index": 0}