{"image": "DAMIMAS_A21B_0458_4.jpg", "detector": "y26n", "detections": [{"class_name": "B3", "bbox_yolo": [0.4609770178794861, 0.4413782060146332, 0.08803848177194595, 0.07801642268896103], "conf": 0.5627619028091431}, {"class_name": "B3", "bbox_yolo": [0.5882138609886169, 0.4516754150390625, 0.08480104058980942, 0.06743841618299484], "conf": 0.38632655143737793}, {"class_name": "B2", "bbox_yolo": [0.36909517645835876, 0.4686948359012604, 0.09757830947637558, 0.07851648330688477], "conf": 0.3718611001968384}, {"class_name": "B4", "bbox_yolo": [0.6434645652770996, 0.4089372754096985, 0.07608585804700851, 0.05850379541516304], "conf": 0.2698031961917877}], "count_per_class": {"B1": 0, "B2": 1, "B3": 2, "B4": 1}, "side_index": 3}