{"image": "DAMIMAS_A21B_0459_1.jpg", "detector": "y26n", "detections": [{"class_name": "B1", "bbox_yolo": [0.508000373840332, 0.42260390520095825, 0.07760677486658096, 0.06930515915155411], "conf": 0.6145191788673401}, {"class_name": "B3", "bbox_yolo": [0.41150692105293274, 0.41098877787590027, 0.08331232517957687, 0.06159515306353569], "conf": 0.5079023241996765}, {"class_name": "B3", "bbox_yolo": [0.5878474712371826, 0.40652456879615784, 0.04819577932357788, 0.04858722910284996], "conf": 0.37324804067611694}, {"class_name": "B3", "bbox_yolo": [0.5517374873161316, 0.3837761878967285, 0.050984129309654236, 0.04116823896765709], "conf": 0.25307467579841614}], "count_per_class": {"B1": 1, "B2": 0, "B3": 3, "B4": 0}, "side_index": 0}