{"image": "LONSUM_A21A_0029_2.jpg", "detector": "y26n", "detections": [{"class_name": "B2", "bbox_yolo": [0.3341773748397827, 0.4027880132198334, 0.11117719858884811, 0.09278523921966553], "conf": 0.4075506329536438}, {"class_name": "B3", "bbox_yolo": [0.5766171216964722, 0.3492366075515747, 0.12844988703727722, 0.08732996135950089], "conf": 0.3812355399131775}, {"class_name": "B3", "bbox_yolo": [0.4496401846408844, 0.349060982465744, 0.11169939488172531, 0.08651502430438995], "conf": 0.274730384349823}], "count_per_class": {"B1": 0, "B2": 1, "B3": 2, "B4": 0}, "side_index": 1}