{"image": "LONSUM_A21A_0065_1.jpg", "detector": "y26n", "detections": [{"class_name": "B3", "bbox_yolo": [0.3813156187534332, 0.4370949864387512, 0.14947329461574554, 0.1637929528951645], "conf": 0.5722686648368835}, {"class_name": "B3", "bbox_yolo": [0.6668422818183899, 0.40891167521476746, 0.16989918053150177, 0.13875773549079895], "conf": 0.5647642016410828}], "count_per_class": {"B1": 0, "B2": 0, "B3": 2, "B4": 0}, "side_index": 0}