{"image": "LONSUM_A21A_0042_4.jpg", "detector": "y26n", "detections": [{"class_name": "B3", "bbox_yolo": [0.5758020281791687, 0.3772565424442291, 0.09443620592355728, 0.07993771880865097], "conf": 0.3353476822376251}], "count_per_class": {"B1": 0, "B2": 0, "B3": 1, "B4": 0}, "side_index": 3}