{"image": "LONSUM_A21A_0064_1.jpg", "detector": "y26n", "detections": [{"class_name": "B3", "bbox_yolo": [0.6168910264968872, 0.4030199944972992, 0.1592828780412674, 0.11735186725854874], "conf": 0.6067599654197693}, {"class_name": "B3", "bbox_yolo": [0.7022473812103271, 0.4749087393283844, 0.12730096280574799, 0.10856924206018448], "conf": 0.30628201365470886}], "count_per_class": {"B1": 0, "B2": 0, "B3": 2, "B4": 0}, "side_index": 0}