{"image": "LONSUM_A21A_0025_2.jpg", "detector": "y26n", "detections": [{"class_name": "B3", "bbox_yolo": [0.4328134059906006, 0.4360927641391754, 0.0958784818649292, 0.08442511409521103], "conf": 0.4515337347984314}, {"class_name": "B3", "bbox_yolo": [0.573388397693634, 0.416631281375885, 0.08595934510231018, 0.06641151756048203], "conf": 0.2539411187171936}], "count_per_class": {"B1": 0, "B2": 0, "B3": 2, "B4": 0}, "side_index": 1}