{"image": "LONSUM_A21A_0083_3.jpg", "detector": "y26n", "detections": [{"class_name": "B3", "bbox_yolo": [0.4555467963218689, 0.06109164282679558, 0.08172725141048431, 0.07578014582395554], "conf": 0.30234673619270325}, {"class_name": "B3", "bbox_yolo": [0.5788716673851013, 0.07196928560733795, 0.08612976223230362, 0.07061812281608582], "conf": 0.2782764434814453}, {"class_name": "B3", "bbox_yolo": [0.4586738049983978, 0.05846141651272774, 0.06574983894824982, 0.06899576634168625], "conf": 0.27060478925704956}], "count_per_class": {"B1": 0, "B2": 0, "B3": 3, "B4": 0}, "side_index": 2}