{"image": "LONSUM_A21A_0095_2.jpg", "detector": "y26n", "detections": [{"class_name": "B3", "bbox_yolo": [0.5971516966819763, 0.12744049727916718, 0.056657541543245316, 0.045729853212833405], "conf": 0.2993858754634857}], "count_per_class": {"B1": 0, "B2": 0, "B3": 1, "B4": 0}, "side_index": 1}