{"image": "LONSUM_A21A_0029_3.jpg", "detector": "y26n", "detections": [{"class_name": "B3", "bbox_yolo": [0.6010270714759827, 0.37374910712242126, 0.10157579183578491, 0.08504064381122589], "conf": 0.2645987868309021}], "count_per_class": {"B1": 0, "B2": 0, "B3": 1, "B4": 0}, "side_index": 2}