{"image": "LONSUM_A21A_0071_3.jpg", "detector": "y26n", "detections": [{"class_name": "B3", "bbox_yolo": [0.1747373342514038, 0.9819081425666809, 0.04088346287608147, 0.03253498300909996], "conf": 0.2635749578475952}], "count_per_class": {"B1": 0, "B2": 0, "B3": 1, "B4": 0}, "side_index": 2}