{"image": "LONSUM_A21A_0054_1.jpg", "detector": "y26n", "detections": [{"class_name": "B3", "bbox_yolo": [0.4073946177959442, 0.4315807521343231, 0.11529213935136795, 0.0917045846581459], "conf": 0.35958316922187805}, {"class_name": "B3", "bbox_yolo": [0.49957647919654846, 0.35601598024368286, 0.10349566489458084, 0.0896964818239212], "conf": 0.2897115647792816}], "count_per_class": {"B1": 0, "B2": 0, "B3": 2, "B4": 0}, "side_index": 0}