{"image": "LONSUM_A21A_0061_2.jpg", "detector": "y26n", "detections": [{"class_name": "B3", "bbox_yolo": [0.532095730304718, 0.5232771039009094, 0.141789510846138, 0.1346665918827057], "conf": 0.6697389483451843}, {"class_name": "B1", "bbox_yolo": [0.38148245215415955, 0.551095187664032, 0.13324503600597382, 0.11076083034276962], "conf": 0.6624251008033752}, {"class_name": "B2", "bbox_yolo": [0.6510433554649353, 0.5617020726203918, 0.09551627188920975, 0.08232932537794113], "conf": 0.3649529218673706}], "count_per_class": {"B1": 1, "B2": 1, "B3": 1, "B4": 0}, "side_index": 1}