{"image": "LONSUM_A21A_0049_1.jpg", "detector": "y26n", "detections": [{"class_name": "B3", "bbox_yolo": [0.4224076271057129, 0.46401920914649963, 0.09325332939624786, 0.07191591709852219], "conf": 0.3186742663383484}], "count_per_class": {"B1": 0, "B2": 0, "B3": 1, "B4": 0}, "side_index": 0}