{"image": "LONSUM_A21A_0045_3.jpg", "detector": "y26n", "detections": [{"class_name": "B3", "bbox_yolo": [0.40094688534736633, 0.46381840109825134, 0.0918530523777008, 0.07582054287195206], "conf": 0.4359603524208069}, {"class_name": "B1", "bbox_yolo": [0.5073133111000061, 0.4358305037021637, 0.10688130557537079, 0.09714370220899582], "conf": 0.27685415744781494}, {"class_name": "B3", "bbox_yolo": [0.6475794911384583, 0.4865346848964691, 0.0929829329252243, 0.06722374260425568], "conf": 0.2647269666194916}], "count_per_class": {"B1": 1, "B2": 0, "B3": 2, "B4": 0}, "side_index": 2}