{"image": "LONSUM_A21A_0008_1.jpg", "detector": "y26n", "detections": [{"class_name": "B3", "bbox_yolo": [0.3081320524215698, 0.4830555021762848, 0.15379808843135834, 0.11428236961364746], "conf": 0.5490332245826721}], "count_per_class": {"B1": 0, "B2": 0, "B3": 1, "B4": 0}, "side_index": 0}