{"image": "LONSUM_A21A_0037_4.jpg", "detector": "y26n", "detections": [{"class_name": "B3", "bbox_yolo": [0.5699789524078369, 0.4484822452068329, 0.09355634450912476, 0.07269177585840225], "conf": 0.28383877873420715}], "count_per_class": {"B1": 0, "B2": 0, "B3": 1, "B4": 0}, "side_index": 3}