{"image": "LONSUM_A21A_0075_4.jpg", "detector": "y26n", "detections": [{"class_name": "B3", "bbox_yolo": [0.6128243207931519, 0.4389800727367401, 0.0850982740521431, 0.06435509026050568], "conf": 0.33535265922546387}], "count_per_class": {"B1": 0, "B2": 0, "B3": 1, "B4": 0}, "side_index": 3}