{"image": "LONSUM_A21A_0031_4.jpg", "detector": "y26n", "detections": [{"class_name": "B3", "bbox_yolo": [0.3172837197780609, 0.4065779745578766, 0.11761599034070969, 0.07366170734167099], "conf": 0.5689104199409485}, {"class_name": "B3", "bbox_yolo": [0.45042484998703003, 0.34669145941734314, 0.15275909006595612, 0.11515390872955322], "conf": 0.5685214400291443}], "count_per_class": {"B1": 0, "B2": 0, "B3": 2, "B4": 0}, "side_index": 3}