{"image": "LONSUM_A21A_0056_3.jpg", "detector": "y26n", "detections": [{"class_name": "B3", "bbox_yolo": [0.37827232480049133, 0.3846195638179779, 0.11866700649261475, 0.1091807633638382], "conf": 0.34969839453697205}], "count_per_class": {"B1": 0, "B2": 0, "B3": 1, "B4": 0}, "side_index": 2}