{"image": "LONSUM_A21A_0068_2.jpg", "detector": "y26n", "detections": [{"class_name": "B3", "bbox_yolo": [0.5843596458435059, 0.2528551518917084, 0.09247595816850662, 0.06965787708759308], "conf": 0.2502264380455017}], "count_per_class": {"B1": 0, "B2": 0, "B3": 1, "B4": 0}, "side_index": 1}