{"image": "LONSUM_A21A_0003_4.jpg", "detector": "y26n", "detections": [{"class_name": "B3", "bbox_yolo": [0.6840976476669312, 0.39427003264427185, 0.10940501093864441, 0.09007926285266876], "conf": 0.4773026704788208}, {"class_name": "B3", "bbox_yolo": [0.6787298917770386, 0.39626792073249817, 0.12223365157842636, 0.09910760074853897], "conf": 0.35585644841194153}, {"class_name": "B3", "bbox_yolo": [0.32290199398994446, 0.39965543150901794, 0.10606082528829575, 0.08087742328643799], "conf": 0.35429564118385315}], "count_per_class": {"B1": 0, "B2": 0, "B3": 3, "B4": 0}, "side_index": 3}