{"image": "LONSUM_A21A_0068_4.jpg", "detector": "y26n", "detections": [{"class_name": "B3", "bbox_yolo": [0.37695175409317017, 0.32153937220573425, 0.10808528959751129, 0.07857737690210342], "conf": 0.3437427282333374}], "count_per_class": {"B1": 0, "B2": 0, "B3": 1, "B4": 0}, "side_index": 3}