{"image": "LONSUM_A21A_0039_3.jpg", "detector": "y26n", "detections": [{"class_name": "B3", "bbox_yolo": [0.5842486023902893, 0.4098029136657715, 0.1590307652950287, 0.1245088130235672], "conf": 0.7487807273864746}, {"class_name": "B4", "bbox_yolo": [0.6007749438285828, 0.333464115858078, 0.11790663748979568, 0.05918712541460991], "conf": 0.45158594846725464}, {"class_name": "B3", "bbox_yolo": [0.3405326306819916, 0.4521312415599823, 0.15370258688926697, 0.12055797874927521], "conf": 0.3726678192615509}], "count_per_class": {"B1": 0, "B2": 0, "B3": 2, "B4": 1}, "side_index": 2}