{"image": "LONSUM_A21A_0040_1.jpg", "detector": "y26n", "detections": [{"class_name": "B3", "bbox_yolo": [0.5209704637527466, 0.23227666318416595, 0.13975869119167328, 0.11332998424768448], "conf": 0.6709633469581604}, {"class_name": "B3", "bbox_yolo": [0.3436071574687958, 0.2725106179714203, 0.10684001445770264, 0.09793692082166672], "conf": 0.48543089628219604}, {"class_name": "B3", "bbox_yolo": [0.6083133816719055, 0.27687549591064453, 0.09400806576013565, 0.06675141304731369], "conf": 0.2790636420249939}], "count_per_class": {"B1": 0, "B2": 0, "B3": 3, "B4": 0}, "side_index": 0}