{"image": "LONSUM_A21A_0071_4.jpg", "detector": "y26n", "detections": [{"class_name": "B3", "bbox_yolo": [0.4418671131134033, 0.2767077088356018, 0.09545847773551941, 0.07126472145318985], "conf": 0.46348169445991516}], "count_per_class": {"B1": 0, "B2": 0, "B3": 1, "B4": 0}, "side_index": 3}