{"image": "LONSUM_A21A_0020_4.jpg", "detector": "y26n", "detections": [{"class_name": "B3", "bbox_yolo": [0.414787620306015, 0.5118137001991272, 0.12442192435264587, 0.09915304183959961], "conf": 0.667405366897583}], "count_per_class": {"B1": 0, "B2": 0, "B3": 1, "B4": 0}, "side_index": 3}