{"image": "LONSUM_A21A_0012_1.jpg", "detector": "y26n", "detections": [{"class_name": "B3", "bbox_yolo": [0.38778287172317505, 0.3911454677581787, 0.12079064548015594, 0.09603817760944366], "conf": 0.5221621990203857}, {"class_name": "B3", "bbox_yolo": [0.6017813682556152, 0.3770253360271454, 0.11273689568042755, 0.09867703914642334], "conf": 0.3573399484157562}], "count_per_class": {"B1": 0, "B2": 0, "B3": 2, "B4": 0}, "side_index": 0}