{"image": "LONSUM_A21A_0019_1.jpg", "detector": "y26n", "detections": [{"class_name": "B3", "bbox_yolo": [0.5028168559074402, 0.4378321170806885, 0.15642577409744263, 0.11343145370483398], "conf": 0.6157726645469666}, {"class_name": "B2", "bbox_yolo": [0.2824726104736328, 0.4957503378391266, 0.11831468343734741, 0.10999498516321182], "conf": 0.5645939111709595}, {"class_name": "B4", "bbox_yolo": [0.3467598855495453, 0.4067349433898926, 0.12896618247032166, 0.0883239284157753], "conf": 0.4958422780036926}, {"class_name": "B3", "bbox_yolo": [0.3467598855495453, 0.4067349433898926, 0.12896618247032166, 0.0883239284157753], "conf": 0.383353590965271}], "count_per_class": {"B1": 0, "B2": 1, "B3": 2, "B4": 1}, "side_index": 0}