{"image": "LONSUM_A21A_0050_3.jpg", "detector": "y26n", "detections": [{"class_name": "B3", "bbox_yolo": [0.5809198021888733, 0.4593135416507721, 0.10276521742343903, 0.0804864913225174], "conf": 0.4953179657459259}, {"class_name": "B3", "bbox_yolo": [0.47169527411460876, 0.4385860562324524, 0.0988166555762291, 0.07962260395288467], "conf": 0.2986053228378296}, {"class_name": "B3", "bbox_yolo": [0.6303974390029907, 0.5495589375495911, 0.0887427031993866, 0.07144661247730255], "conf": 0.25284460186958313}], "count_per_class": {"B1": 0, "B2": 0, "B3": 3, "B4": 0}, "side_index": 2}