{"image": "LONSUM_A21A_0017_1.jpg", "detector": "y26n", "detections": [{"class_name": "B3", "bbox_yolo": [0.5381348133087158, 0.542971134185791, 0.10353724658489227, 0.11006908863782883], "conf": 0.38831397891044617}, {"class_name": "B3", "bbox_yolo": [0.5339977741241455, 0.5449901819229126, 0.12244768440723419, 0.11938529461622238], "conf": 0.33888566493988037}], "count_per_class": {"B1": 0, "B2": 0, "B3": 2, "B4": 0}, "side_index": 0}