{"image": "LONSUM_A21A_0059_3.jpg", "detector": "y26n", "detections": [{"class_name": "B3", "bbox_yolo": [0.6784110069274902, 0.3651561141014099, 0.1558726727962494, 0.10115361213684082], "conf": 0.3655921220779419}], "count_per_class": {"B1": 0, "B2": 0, "B3": 1, "B4": 0}, "side_index": 2}