{"image": "LONSUM_A21A_0076_4.jpg", "detector": "y26n", "detections": [{"class_name": "B3", "bbox_yolo": [0.3865806460380554, 0.1316729038953781, 0.09775499254465103, 0.08687398582696915], "conf": 0.595587432384491}, {"class_name": "B3", "bbox_yolo": [0.4752427041530609, 0.06591048091650009, 0.09427189081907272, 0.08154722303152084], "conf": 0.5261874198913574}], "count_per_class": {"B1": 0, "B2": 0, "B3": 2, "B4": 0}, "side_index": 3}