{"image": "LONSUM_A21A_0012_2.jpg", "detector": "y26n", "detections": [{"class_name": "B3", "bbox_yolo": [0.5811878442764282, 0.46154865622520447, 0.09945285320281982, 0.08812465518712997], "conf": 0.42186686396598816}], "count_per_class": {"B1": 0, "B2": 0, "B3": 1, "B4": 0}, "side_index": 1}