{"image": "LONSUM_A21A_0046_3.jpg", "detector": "y26n", "detections": [{"class_name": "B3", "bbox_yolo": [0.567372739315033, 0.3626349866390228, 0.08624620735645294, 0.07053401321172714], "conf": 0.2682303488254547}], "count_per_class": {"B1": 0, "B2": 0, "B3": 1, "B4": 0}, "side_index": 2}