{"image": "LONSUM_A21A_0065_3.jpg", "detector": "y26n", "detections": [{"class_name": "B3", "bbox_yolo": [0.4425453245639801, 0.4113544523715973, 0.2178860455751419, 0.16852550208568573], "conf": 0.6976537108421326}, {"class_name": "B3", "bbox_yolo": [0.6374505162239075, 0.4015418589115143, 0.14464175701141357, 0.1277049332857132], "conf": 0.6838961243629456}, {"class_name": "B3", "bbox_yolo": [0.2888912856578827, 0.5005648136138916, 0.11896537989377975, 0.10942983627319336], "conf": 0.38931989669799805}], "count_per_class": {"B1": 0, "B2": 0, "B3": 3, "B4": 0}, "side_index": 2}