{"image": "LONSUM_A21A_0031_2.jpg", "detector": "y26n", "detections": [{"class_name": "B3", "bbox_yolo": [0.5845455527305603, 0.4713660180568695, 0.09497833997011185, 0.07360181957483292], "conf": 0.2914921045303345}], "count_per_class": {"B1": 0, "B2": 0, "B3": 1, "B4": 0}, "side_index": 1}