{"image": "LONSUM_A21A_0096_2.jpg", "detector": "y26n", "detections": [{"class_name": "B3", "bbox_yolo": [0.45538949966430664, 0.08775155246257782, 0.08282557129859924, 0.06088186427950859], "conf": 0.34904807806015015}, {"class_name": "B3", "bbox_yolo": [0.45576387643814087, 0.08282351493835449, 0.07043947279453278, 0.05259256437420845], "conf": 0.2791290879249573}], "count_per_class": {"B1": 0, "B2": 0, "B3": 2, "B4": 0}, "side_index": 1}