{"image": "LONSUM_A21A_0076_1.jpg", "detector": "y26n", "detections": [{"class_name": "B3", "bbox_yolo": [0.44955968856811523, 0.06656871736049652, 0.09310992807149887, 0.09242571890354156], "conf": 0.2993425726890564}, {"class_name": "B3", "bbox_yolo": [0.34457600116729736, 0.10263179987668991, 0.09199467301368713, 0.07758800685405731], "conf": 0.2870435118675232}], "count_per_class": {"B1": 0, "B2": 0, "B3": 2, "B4": 0}, "side_index": 0}