{"image": "LONSUM_A21A_0036_2.jpg", "detector": "y26n", "detections": [{"class_name": "B3", "bbox_yolo": [0.5739378333091736, 0.4540458619594574, 0.09307496249675751, 0.07244010269641876], "conf": 0.5020861625671387}, {"class_name": "B3", "bbox_yolo": [0.409469336271286, 0.43436428904533386, 0.10151488333940506, 0.08447287231683731], "conf": 0.38300973176956177}], "count_per_class": {"B1": 0, "B2": 0, "B3": 2, "B4": 0}, "side_index": 1}