{"image": "LONSUM_A21A_0032_4.jpg", "detector": "y26n", "detections": [{"class_name": "B3", "bbox_yolo": [0.5400320887565613, 0.39035680890083313, 0.07742755115032196, 0.06170926243066788], "conf": 0.2712075710296631}], "count_per_class": {"B1": 0, "B2": 0, "B3": 1, "B4": 0}, "side_index": 3}