{"image": "LONSUM_A21A_0062_3.jpg", "detector": "y26n", "detections": [{"class_name": "B2", "bbox_yolo": [0.3869374096393585, 0.29624101519584656, 0.17385061085224152, 0.16423463821411133], "conf": 0.32826903462409973}], "count_per_class": {"B1": 0, "B2": 1, "B3": 0, "B4": 0}, "side_index": 2}