{"image": "LONSUM_A21A_0060_2.jpg", "detector": "y26n", "detections": [{"class_name": "B3", "bbox_yolo": [0.6655732989311218, 0.4942553639411926, 0.16624388098716736, 0.14890733361244202], "conf": 0.5598448514938354}, {"class_name": "B3", "bbox_yolo": [0.45287853479385376, 0.4545350968837738, 0.17274516820907593, 0.13516779243946075], "conf": 0.31683096289634705}], "count_per_class": {"B1": 0, "B2": 0, "B3": 2, "B4": 0}, "side_index": 1}