feature,importance
naive_sum_B3,0.16506758307960978
mean_per_side_B3,0.14205772037004105
max_per_side_B3,0.09346418542327928
mean_per_side_B2,0.09232904323560069
naive_sum_B4,0.08656614509166495
mean_per_side_B1,0.0843428285760211
mean_per_side_B4,0.08351146080715122
naive_sum_B2,0.06690574179033522
naive_sum_B1,0.0659103045657155
max_per_side_B4,0.04818334745209698
max_per_side_B2,0.03875584202330814
max_per_side_B1,0.030821834147949017
n_sides,0.0020839634372270587
