{
  "test": {
    "MAE_B1": 0.5894736842105263,
    "bias_B1": -0.042105263157894736,
    "acc_pm1_B1": 0.9052631578947369,
    "MAE_B2": 1.1578947368421053,
    "bias_B2": -0.021052631578947368,
    "acc_pm1_B2": 0.6842105263157895,
    "MAE_B3": 1.5894736842105264,
    "bias_B3": 0.22105263157894736,
    "acc_pm1_B3": 0.5473684210526316,
    "MAE_B4": 1.5368421052631578,
    "bias_B4": 0.29473684210526313,
    "acc_pm1_B4": 0.5894736842105263,
    "macro_class_mae": 1.2184210526315788,
    "macro_acc_pm1": 0.6815789473684211,
    "exact_profile_acc": 0.0,
    "total_count_mae": 2.2421052631578946,
    "total_pm1_acc": 0.37894736842105264,
    "split": "test"
  },
  "val": {
    "MAE_B1": 0.42105263157894735,
    "bias_B1": -0.042105263157894736,
    "acc_pm1_B1": 0.968421052631579,
    "MAE_B2": 1.0105263157894737,
    "bias_B2": 0.14736842105263157,
    "acc_pm1_B2": 0.7368421052631579,
    "MAE_B3": 1.768421052631579,
    "bias_B3": -0.10526315789473684,
    "acc_pm1_B3": 0.5157894736842106,
    "MAE_B4": 1.4210526315789473,
    "bias_B4": 0.09473684210526316,
    "acc_pm1_B4": 0.6421052631578947,
    "macro_class_mae": 1.155263157894737,
    "macro_acc_pm1": 0.7157894736842105,
    "exact_profile_acc": 0.0,
    "total_count_mae": 1.9473684210526316,
    "total_pm1_acc": 0.42105263157894735,
    "split": "val"
  }
}