feature,importance
mean_per_side_B3,0.2186878300064715
max_per_side_B3,0.11738975726973028
naive_sum_B3,0.11260611380455299
mean_per_side_B2,0.10003851763037423
naive_sum_B2,0.0777523933726312
mean_per_side_B1,0.06998615299904405
mean_per_side_B4,0.06845917887659676
naive_sum_B4,0.06114775732673274
naive_sum_B1,0.05946518440515274
max_per_side_B2,0.04367701205855556
max_per_side_B4,0.03708397701553505
max_per_side_B1,0.031052025272542184
n_sides,0.0026540999620806565
