{"image": "DAMIMAS_A21B_0289_3.jpg", "detector": "y26n_vanilla_local", "detections": [{"box_index": 0, "class_id": 0, "class_name": "B1", "bbox_yolo": [0.3542986512184143, 0.6190921068191528, 0.058671191334724426, 0.05537829548120499], "conf": 0.3649130165576935}, {"box_index": 1, "class_id": 0, "class_name": "B1", "bbox_yolo": [0.3565848767757416, 0.6255581974983215, 0.07817313075065613, 0.07145857810974121], "conf": 0.2770151197910309}], "count_per_class": {"B1": 2, "B2": 0, "B3": 0, "B4": 0}, "side_index": 2}