{"image": "DAMIMAS_A21B_0222_2.jpg", "detector": "y26n_vanilla_local", "detections": [{"box_index": 0, "class_id": 2, "class_name": "B3", "bbox_yolo": [0.28421923518180847, 0.32697921991348267, 0.11539405584335327, 0.09681808948516846], "conf": 0.6220418214797974}, {"box_index": 1, "class_id": 3, "class_name": "B4", "bbox_yolo": [0.6542242765426636, 0.26856371760368347, 0.14059220254421234, 0.09965415298938751], "conf": 0.5815809369087219}, {"box_index": 2, "class_id": 1, "class_name": "B2", "bbox_yolo": [0.6347612142562866, 0.37771135568618774, 0.1642872542142868, 0.12939481437206268], "conf": 0.4241601824760437}, {"box_index": 3, "class_id": 2, "class_name": "B3", "bbox_yolo": [0.4553268849849701, 0.30660364031791687, 0.16851572692394257, 0.1284714937210083], "conf": 0.3400011658668518}], "count_per_class": {"B1": 0, "B2": 1, "B3": 2, "B4": 1}, "side_index": 1}