{"image": "DAMIMAS_A21B_0345_4.jpg", "detector": "y26n_vanilla_local", "detections": [{"box_index": 0, "class_id": 1, "class_name": "B2", "bbox_yolo": [0.6435744166374207, 0.3664640188217163, 0.07102019339799881, 0.06210694462060928], "conf": 0.4154351055622101}, {"box_index": 1, "class_id": 2, "class_name": "B3", "bbox_yolo": [0.5732672810554504, 0.331515371799469, 0.06464507430791855, 0.04725685343146324], "conf": 0.4064953923225403}, {"box_index": 2, "class_id": 0, "class_name": "B1", "bbox_yolo": [0.3589862585067749, 0.3683551847934723, 0.09553293138742447, 0.0811520591378212], "conf": 0.27219200134277344}], "count_per_class": {"B1": 1, "B2": 1, "B3": 1, "B4": 0}, "side_index": 3}