{"image": "DAMIMAS_A21B_0116_2.jpg", "detector": "y26n_vanilla_local", "detections": [{"box_index": 0, "class_id": 2, "class_name": "B3", "bbox_yolo": [0.5863569974899292, 0.4531037509441376, 0.12501253187656403, 0.09870276600122452], "conf": 0.6049367189407349}, {"box_index": 1, "class_id": 2, "class_name": "B3", "bbox_yolo": [0.3092810809612274, 0.4655781388282776, 0.11185222119092941, 0.0884624496102333], "conf": 0.4913388788700104}, {"box_index": 2, "class_id": 3, "class_name": "B4", "bbox_yolo": [0.47777482867240906, 0.36104363203048706, 0.11240282654762268, 0.08073296397924423], "conf": 0.4164396822452545}, {"box_index": 3, "class_id": 2, "class_name": "B3", "bbox_yolo": [0.4499680995941162, 0.45575591921806335, 0.1458483785390854, 0.10923027992248535], "conf": 0.3408082127571106}], "count_per_class": {"B1": 0, "B2": 0, "B3": 3, "B4": 1}, "side_index": 1}