{"image": "DAMIMAS_A21B_0648_2.jpg", "detector": "y26n_vanilla_local", "detections": [{"box_index": 0, "class_id": 2, "class_name": "B3", "bbox_yolo": [0.2889351546764374, 0.37670406699180603, 0.13017500936985016, 0.11062955856323242], "conf": 0.6352907419204712}, {"box_index": 1, "class_id": 2, "class_name": "B3", "bbox_yolo": [0.7522354125976562, 0.3513856828212738, 0.13951823115348816, 0.10523705929517746], "conf": 0.5102368593215942}, {"box_index": 2, "class_id": 2, "class_name": "B3", "bbox_yolo": [0.5821164846420288, 0.33335399627685547, 0.17368610203266144, 0.11115038394927979], "conf": 0.35282281041145325}], "count_per_class": {"B1": 0, "B2": 0, "B3": 3, "B4": 0}, "side_index": 1}