{"image": "DAMIMAS_A21B_0124_3.jpg", "detector": "y26n_vanilla_local", "detections": [{"box_index": 0, "class_id": 2, "class_name": "B3", "bbox_yolo": [0.6586780548095703, 0.35899344086647034, 0.114651620388031, 0.11238124221563339], "conf": 0.7334669828414917}, {"box_index": 1, "class_id": 2, "class_name": "B3", "bbox_yolo": [0.3095870316028595, 0.39233797788619995, 0.13411204516887665, 0.09994702786207199], "conf": 0.7064440846443176}, {"box_index": 2, "class_id": 2, "class_name": "B3", "bbox_yolo": [0.5122081637382507, 0.378502756357193, 0.15238304436206818, 0.1119917631149292], "conf": 0.41134902834892273}, {"box_index": 3, "class_id": 3, "class_name": "B4", "bbox_yolo": [0.33707374334335327, 0.28471556305885315, 0.11309083551168442, 0.08868851512670517], "conf": 0.4096801280975342}], "count_per_class": {"B1": 0, "B2": 0, "B3": 3, "B4": 1}, "side_index": 2}