{"image": "DAMIMAS_A21B_0818_5.jpg", "detector": "y26n_vanilla_local", "detections": [{"box_index": 0, "class_id": 2, "class_name": "B3", "bbox_yolo": [0.29660946130752563, 0.38042208552360535, 0.1153155192732811, 0.10563316196203232], "conf": 0.6854563355445862}, {"box_index": 1, "class_id": 1, "class_name": "B2", "bbox_yolo": [0.5416973233222961, 0.4019180238246918, 0.14971084892749786, 0.09524061530828476], "conf": 0.6121547818183899}, {"box_index": 2, "class_id": 2, "class_name": "B3", "bbox_yolo": [0.6698476672172546, 0.4021446704864502, 0.09892896562814713, 0.0910012498497963], "conf": 0.4714885950088501}, {"box_index": 3, "class_id": 2, "class_name": "B3", "bbox_yolo": [0.43433693051338196, 0.3522435128688812, 0.11930768191814423, 0.07999201118946075], "conf": 0.30493465065956116}], "count_per_class": {"B1": 0, "B2": 1, "B3": 3, "B4": 0}, "side_index": 4}