{"image": "DAMIMAS_A21B_0122_3.jpg", "detector": "y26n_vanilla_local", "detections": [{"box_index": 0, "class_id": 2, "class_name": "B3", "bbox_yolo": [0.37726208567619324, 0.49078065156936646, 0.12408711761236191, 0.08999615162611008], "conf": 0.7664886116981506}], "count_per_class": {"B1": 0, "B2": 0, "B3": 1, "B4": 0}, "side_index": 2}