{"image": "DAMIMAS_A21B_0818_1.jpg", "detector": "y26n_vanilla_local", "detections": [{"box_index": 0, "class_id": 2, "class_name": "B3", "bbox_yolo": [0.6001175045967102, 0.4411443769931793, 0.15116146206855774, 0.1201896220445633], "conf": 0.8069233298301697}, {"box_index": 1, "class_id": 0, "class_name": "B1", "bbox_yolo": [0.7200592160224915, 0.4852403700351715, 0.14715532958507538, 0.10957860946655273], "conf": 0.7347916960716248}, {"box_index": 2, "class_id": 1, "class_name": "B2", "bbox_yolo": [0.4371006190776825, 0.4788294732570648, 0.13322941958904266, 0.08557768166065216], "conf": 0.5690127611160278}], "count_per_class": {"B1": 1, "B2": 1, "B3": 1, "B4": 0}, "side_index": 0}