{"image": "DAMIMAS_A21B_0317_1.jpg", "detector": "y26n_vanilla_local", "detections": [{"box_index": 0, "class_id": 2, "class_name": "B3", "bbox_yolo": [0.36996182799339294, 0.36618149280548096, 0.12184026092290878, 0.09970355033874512], "conf": 0.6401059031486511}, {"box_index": 1, "class_id": 2, "class_name": "B3", "bbox_yolo": [0.31677642464637756, 0.4628952443599701, 0.09793031215667725, 0.10230179131031036], "conf": 0.445644348859787}], "count_per_class": {"B1": 0, "B2": 0, "B3": 2, "B4": 0}, "side_index": 0}