{"image": "DAMIMAS_A21B_0843_2.jpg", "detector": "y26n_vanilla_local", "detections": [{"box_index": 0, "class_id": 0, "class_name": "B1", "bbox_yolo": [0.37424588203430176, 0.5033227801322937, 0.09331042319536209, 0.0683584213256836], "conf": 0.3592493236064911}], "count_per_class": {"B1": 1, "B2": 0, "B3": 0, "B4": 0}, "side_index": 1}