{"image": "DAMIMAS_A21B_0826_2.jpg", "detector": "y26n_vanilla_local", "detections": [{"box_index": 0, "class_id": 1, "class_name": "B2", "bbox_yolo": [0.6478877663612366, 0.45338091254234314, 0.11052870005369186, 0.1052694320678711], "conf": 0.5270052552223206}, {"box_index": 1, "class_id": 1, "class_name": "B2", "bbox_yolo": [0.3705165982246399, 0.4388570785522461, 0.133528932929039, 0.1191401481628418], "conf": 0.47323712706565857}, {"box_index": 2, "class_id": 2, "class_name": "B3", "bbox_yolo": [0.3705165982246399, 0.4388570785522461, 0.133528932929039, 0.1191401481628418], "conf": 0.3667353689670563}, {"box_index": 3, "class_id": 2, "class_name": "B3", "bbox_yolo": [0.5916022062301636, 0.40606236457824707, 0.10534802079200745, 0.09172070026397705], "conf": 0.3194648325443268}], "count_per_class": {"B1": 0, "B2": 2, "B3": 2, "B4": 0}, "side_index": 1}