{"image": "DAMIMAS_A21B_0037_2.jpg", "detector": "y26n_vanilla_local", "detections": [{"box_index": 0, "class_id": 2, "class_name": "B3", "bbox_yolo": [0.606289803981781, 0.4920223355293274, 0.09701818227767944, 0.0831906795501709], "conf": 0.7277642488479614}, {"box_index": 1, "class_id": 2, "class_name": "B3", "bbox_yolo": [0.5167760252952576, 0.4642057418823242, 0.09446748346090317, 0.06939806789159775], "conf": 0.6371587514877319}, {"box_index": 2, "class_id": 2, "class_name": "B3", "bbox_yolo": [0.4370473325252533, 0.5185447931289673, 0.11388664692640305, 0.08676953613758087], "conf": 0.5122591853141785}, {"box_index": 3, "class_id": 2, "class_name": "B3", "bbox_yolo": [0.3484136462211609, 0.47991296648979187, 0.08949210494756699, 0.08126711845397949], "conf": 0.4434071481227875}], "count_per_class": {"B1": 0, "B2": 0, "B3": 4, "B4": 0}, "side_index": 1}