{"image": "DAMIMAS_A21B_0282_2.jpg", "detector": "y26n_vanilla_local", "detections": [{"box_index": 0, "class_id": 2, "class_name": "B3", "bbox_yolo": [0.5541351437568665, 0.4307916760444641, 0.15094885230064392, 0.10901685059070587], "conf": 0.6081655025482178}, {"box_index": 1, "class_id": 2, "class_name": "B3", "bbox_yolo": [0.6842988729476929, 0.43196558952331543, 0.09886640310287476, 0.08825023472309113], "conf": 0.33776208758354187}], "count_per_class": {"B1": 0, "B2": 0, "B3": 2, "B4": 0}, "side_index": 1}