{"image": "DAMIMAS_A21B_0404_3.jpg", "detector": "y26n_vanilla_local", "detections": [{"box_index": 0, "class_id": 2, "class_name": "B3", "bbox_yolo": [0.3880324363708496, 0.44331103563308716, 0.10411609709262848, 0.06832461804151535], "conf": 0.3021090030670166}, {"box_index": 1, "class_id": 2, "class_name": "B3", "bbox_yolo": [0.39321792125701904, 0.44031190872192383, 0.09301701188087463, 0.055501844733953476], "conf": 0.2904079556465149}], "count_per_class": {"B1": 0, "B2": 0, "B3": 2, "B4": 0}, "side_index": 2}