{"image": "DAMIMAS_A21B_0526_1.jpg", "detector": "y26n_vanilla_local", "detections": [{"box_index": 0, "class_id": 2, "class_name": "B3", "bbox_yolo": [0.38979920744895935, 0.3930497169494629, 0.11019118875265121, 0.08275728672742844], "conf": 0.6520575284957886}, {"box_index": 1, "class_id": 2, "class_name": "B3", "bbox_yolo": [0.40377408266067505, 0.4874432682991028, 0.1378762274980545, 0.11424584686756134], "conf": 0.568747878074646}, {"box_index": 2, "class_id": 1, "class_name": "B2", "bbox_yolo": [0.40377408266067505, 0.4874432682991028, 0.1378762274980545, 0.11424584686756134], "conf": 0.3897021412849426}], "count_per_class": {"B1": 0, "B2": 1, "B3": 2, "B4": 0}, "side_index": 0}