{"image": "DAMIMAS_A21B_0297_1.jpg", "detector": "y26n_vanilla_local", "detections": [{"box_index": 0, "class_id": 2, "class_name": "B3", "bbox_yolo": [0.43206554651260376, 0.3961225748062134, 0.14344660937786102, 0.11239828914403915], "conf": 0.8117403388023376}], "count_per_class": {"B1": 0, "B2": 0, "B3": 1, "B4": 0}, "side_index": 0}