{"image": "DAMIMAS_A21B_0189_2.jpg", "detector": "y26n_vanilla_local", "detections": [{"box_index": 0, "class_id": 2, "class_name": "B3", "bbox_yolo": [0.6433138847351074, 0.38786622881889343, 0.09554971754550934, 0.08926504105329514], "conf": 0.5956056118011475}, {"box_index": 1, "class_id": 1, "class_name": "B2", "bbox_yolo": [0.35468780994415283, 0.4254532754421234, 0.10970764607191086, 0.07878952473402023], "conf": 0.49454838037490845}, {"box_index": 2, "class_id": 0, "class_name": "B1", "bbox_yolo": [0.5042130947113037, 0.42818424105644226, 0.10667922347784042, 0.10219226032495499], "conf": 0.3296486735343933}], "count_per_class": {"B1": 1, "B2": 1, "B3": 1, "B4": 0}, "side_index": 1}