{"image": "DAMIMAS_A21B_0337_2.jpg", "detector": "y26n_vanilla_local", "detections": [{"box_index": 0, "class_id": 2, "class_name": "B3", "bbox_yolo": [0.639534056186676, 0.46058088541030884, 0.18163231015205383, 0.1333237737417221], "conf": 0.8198792934417725}, {"box_index": 1, "class_id": 2, "class_name": "B3", "bbox_yolo": [0.22329482436180115, 0.5300163626670837, 0.14794480800628662, 0.11515288800001144], "conf": 0.6106588840484619}, {"box_index": 2, "class_id": 2, "class_name": "B3", "bbox_yolo": [0.7631804347038269, 0.5495709776878357, 0.13291411101818085, 0.11662612110376358], "conf": 0.47283536195755005}, {"box_index": 3, "class_id": 2, "class_name": "B3", "bbox_yolo": [0.7617195248603821, 0.5513573288917542, 0.14344489574432373, 0.12097244709730148], "conf": 0.27019238471984863}], "count_per_class": {"B1": 0, "B2": 0, "B3": 4, "B4": 0}, "side_index": 1}