{"image": "DAMIMAS_A21B_0378_2.jpg", "detector": "y26n_vanilla_local", "detections": [{"box_index": 0, "class_id": 0, "class_name": "B1", "bbox_yolo": [0.36964017152786255, 0.542134702205658, 0.12443806976079941, 0.09672202914953232], "conf": 0.8347479104995728}, {"box_index": 1, "class_id": 0, "class_name": "B1", "bbox_yolo": [0.6722496747970581, 0.5199536085128784, 0.09583918750286102, 0.08986206352710724], "conf": 0.48265013098716736}, {"box_index": 2, "class_id": 2, "class_name": "B3", "bbox_yolo": [0.4606219232082367, 0.4908258616924286, 0.09975475072860718, 0.08500971645116806], "conf": 0.41074487566947937}, {"box_index": 3, "class_id": 2, "class_name": "B3", "bbox_yolo": [0.3641991913318634, 0.4676123559474945, 0.06576487421989441, 0.05637073516845703], "conf": 0.4094504415988922}], "count_per_class": {"B1": 2, "B2": 0, "B3": 2, "B4": 0}, "side_index": 1}