{"image": "DAMIMAS_A21B_0084_2.jpg", "detector": "y26n_vanilla_local", "detections": [{"box_index": 0, "class_id": 2, "class_name": "B3", "bbox_yolo": [0.37970373034477234, 0.5143787264823914, 0.093887560069561, 0.08689694851636887], "conf": 0.35118740797042847}], "count_per_class": {"B1": 0, "B2": 0, "B3": 1, "B4": 0}, "side_index": 1}