{"image": "DAMIMAS_A21B_0029_1.jpg", "detector": "y26n_vanilla_local", "detections": [{"box_index": 0, "class_id": 1, "class_name": "B2", "bbox_yolo": [0.5127097964286804, 0.484154611825943, 0.1327264904975891, 0.10152788460254669], "conf": 0.6997178792953491}, {"box_index": 1, "class_id": 2, "class_name": "B3", "bbox_yolo": [0.5650352835655212, 0.40917664766311646, 0.10760047286748886, 0.06594055145978928], "conf": 0.5696265697479248}, {"box_index": 2, "class_id": 2, "class_name": "B3", "bbox_yolo": [0.4095238447189331, 0.4537482261657715, 0.10795275866985321, 0.08238106220960617], "conf": 0.5641659498214722}], "count_per_class": {"B1": 0, "B2": 1, "B3": 2, "B4": 0}, "side_index": 0}