{"image": "DAMIMAS_A21B_0086_4.jpg", "detector": "y26n_vanilla_local", "detections": [{"box_index": 0, "class_id": 2, "class_name": "B3", "bbox_yolo": [0.4088667631149292, 0.5486181378364563, 0.10880480706691742, 0.08900952339172363], "conf": 0.3774091303348541}, {"box_index": 1, "class_id": 2, "class_name": "B3", "bbox_yolo": [0.5436317324638367, 0.5784204602241516, 0.10909360647201538, 0.09375148266553879], "conf": 0.37012213468551636}, {"box_index": 2, "class_id": 1, "class_name": "B2", "bbox_yolo": [0.6694154739379883, 0.5963055491447449, 0.11232052743434906, 0.08921851962804794], "conf": 0.3410920202732086}], "count_per_class": {"B1": 0, "B2": 1, "B3": 2, "B4": 0}, "side_index": 3}