{"image": "DAMIMAS_A21B_0838_8.jpg", "detector": "y26n_vanilla_local", "detections": [{"box_index": 0, "class_id": 3, "class_name": "B4", "bbox_yolo": [0.44034603238105774, 0.36365923285484314, 0.1239522397518158, 0.09190478175878525], "conf": 0.39255741238594055}, {"box_index": 1, "class_id": 2, "class_name": "B3", "bbox_yolo": [0.5459901690483093, 0.44005632400512695, 0.13546903431415558, 0.10089819878339767], "conf": 0.3272567391395569}, {"box_index": 2, "class_id": 3, "class_name": "B4", "bbox_yolo": [0.4405565559864044, 0.3754776120185852, 0.14181074500083923, 0.11349485069513321], "conf": 0.28893446922302246}, {"box_index": 3, "class_id": 3, "class_name": "B4", "bbox_yolo": [0.3331449627876282, 0.4043399393558502, 0.12556499242782593, 0.09586954116821289], "conf": 0.25476881861686707}], "count_per_class": {"B1": 0, "B2": 0, "B3": 1, "B4": 3}, "side_index": 7}