{"image": "DAMIMAS_A21B_0445_1.jpg", "detector": "y26n_vanilla_local", "detections": [{"box_index": 0, "class_id": 0, "class_name": "B1", "bbox_yolo": [0.5888339281082153, 0.4334978759288788, 0.08927841484546661, 0.06878125667572021], "conf": 0.6856551766395569}, {"box_index": 1, "class_id": 2, "class_name": "B3", "bbox_yolo": [0.5909896492958069, 0.3807341754436493, 0.05668831244111061, 0.039844561368227005], "conf": 0.4550611972808838}, {"box_index": 2, "class_id": 2, "class_name": "B3", "bbox_yolo": [0.4218413829803467, 0.4088902473449707, 0.05459865182638168, 0.04044382646679878], "conf": 0.2510146200656891}], "count_per_class": {"B1": 1, "B2": 0, "B3": 2, "B4": 0}, "side_index": 0}