{"image": "DAMIMAS_A21B_0631_2.jpg", "detector": "y26n_vanilla_local", "detections": [{"box_index": 0, "class_id": 2, "class_name": "B3", "bbox_yolo": [0.1783747375011444, 0.20625615119934082, 0.12802155315876007, 0.11017618328332901], "conf": 0.41279488801956177}, {"box_index": 1, "class_id": 1, "class_name": "B2", "bbox_yolo": [0.7457860708236694, 0.2858246862888336, 0.13741792738437653, 0.13090287148952484], "conf": 0.3613586127758026}], "count_per_class": {"B1": 0, "B2": 1, "B3": 1, "B4": 0}, "side_index": 1}