{"image": "DAMIMAS_A21B_0323_3.jpg", "detector": "y26n_vanilla_local", "detections": [{"box_index": 0, "class_id": 2, "class_name": "B3", "bbox_yolo": [0.34616950154304504, 0.2961849868297577, 0.14097322523593903, 0.12457263469696045], "conf": 0.43506380915641785}, {"box_index": 1, "class_id": 2, "class_name": "B3", "bbox_yolo": [0.6981443166732788, 0.3263903558254242, 0.10997823625802994, 0.09670431911945343], "conf": 0.37876299023628235}, {"box_index": 2, "class_id": 2, "class_name": "B3", "bbox_yolo": [0.5110591053962708, 0.30763909220695496, 0.15948322415351868, 0.12664949893951416], "conf": 0.3449289798736572}], "count_per_class": {"B1": 0, "B2": 0, "B3": 3, "B4": 0}, "side_index": 2}