{"image": "DAMIMAS_A21B_0204_1.jpg", "detector": "y26n_vanilla_local", "detections": [{"box_index": 0, "class_id": 2, "class_name": "B3", "bbox_yolo": [0.4527120292186737, 0.4332329332828522, 0.10464847087860107, 0.0838748961687088], "conf": 0.6398794651031494}, {"box_index": 1, "class_id": 0, "class_name": "B1", "bbox_yolo": [0.5708966851234436, 0.4520223140716553, 0.11674124747514725, 0.08961143344640732], "conf": 0.5907815098762512}, {"box_index": 2, "class_id": 3, "class_name": "B4", "bbox_yolo": [0.5358952879905701, 0.38674649596214294, 0.0931643545627594, 0.06208221986889839], "conf": 0.28486502170562744}], "count_per_class": {"B1": 1, "B2": 0, "B3": 1, "B4": 1}, "side_index": 0}