{"image": "DAMIMAS_A21B_0027_1.jpg", "detector": "y26n_vanilla_local", "detections": [{"box_index": 0, "class_id": 2, "class_name": "B3", "bbox_yolo": [0.38999056816101074, 0.4616345465183258, 0.10700811445713043, 0.08447647094726562], "conf": 0.7848620414733887}, {"box_index": 1, "class_id": 0, "class_name": "B1", "bbox_yolo": [0.512442946434021, 0.47047159075737, 0.12315766513347626, 0.10396285355091095], "conf": 0.7117845416069031}], "count_per_class": {"B1": 1, "B2": 0, "B3": 1, "B4": 0}, "side_index": 0}