{"image": "DAMIMAS_A21B_0818_4.jpg", "detector": "y26n_vanilla_local", "detections": [{"box_index": 0, "class_id": 1, "class_name": "B2", "bbox_yolo": [0.40631359815597534, 0.506400465965271, 0.15176814794540405, 0.10274048149585724], "conf": 0.7734617590904236}, {"box_index": 1, "class_id": 2, "class_name": "B3", "bbox_yolo": [0.6001057028770447, 0.4914236068725586, 0.16264261305332184, 0.11453595012426376], "conf": 0.6828165054321289}, {"box_index": 2, "class_id": 2, "class_name": "B3", "bbox_yolo": [0.4773925542831421, 0.4197467267513275, 0.13968467712402344, 0.0808527022600174], "conf": 0.4132910966873169}], "count_per_class": {"B1": 0, "B2": 1, "B3": 2, "B4": 0}, "side_index": 3}