{"image": "DAMIMAS_A21B_0779_3.jpg", "detector": "y26n_vanilla_local", "detections": [{"box_index": 0, "class_id": 1, "class_name": "B2", "bbox_yolo": [0.3518535792827606, 0.3632681369781494, 0.11255255341529846, 0.09025030583143234], "conf": 0.4175315797328949}, {"box_index": 1, "class_id": 2, "class_name": "B3", "bbox_yolo": [0.681530773639679, 0.3143584430217743, 0.09186764061450958, 0.07812552899122238], "conf": 0.40240782499313354}, {"box_index": 2, "class_id": 0, "class_name": "B1", "bbox_yolo": [0.6858538389205933, 0.3996782898902893, 0.09665114432573318, 0.08468141406774521], "conf": 0.3930320739746094}], "count_per_class": {"B1": 1, "B2": 1, "B3": 1, "B4": 0}, "side_index": 2}