{"image": "DAMIMAS_A21B_0309_1.jpg", "detector": "y26n_vanilla_local", "detections": [{"box_index": 0, "class_id": 0, "class_name": "B1", "bbox_yolo": [0.6065480709075928, 0.44234833121299744, 0.1627139449119568, 0.11746008694171906], "conf": 0.7214157581329346}, {"box_index": 1, "class_id": 2, "class_name": "B3", "bbox_yolo": [0.4254634380340576, 0.41945990920066833, 0.16365869343280792, 0.1294979602098465], "conf": 0.6273667812347412}, {"box_index": 2, "class_id": 2, "class_name": "B3", "bbox_yolo": [0.28156113624572754, 0.4011092185974121, 0.11392560601234436, 0.10186686366796494], "conf": 0.2510354220867157}], "count_per_class": {"B1": 1, "B2": 0, "B3": 2, "B4": 0}, "side_index": 0}