{"image": "DAMIMAS_A21B_0138_2.jpg", "detector": "y26n_vanilla_local", "detections": [{"box_index": 0, "class_id": 1, "class_name": "B2", "bbox_yolo": [0.6660516262054443, 0.34742647409439087, 0.09901638329029083, 0.08959176391363144], "conf": 0.5291199684143066}, {"box_index": 1, "class_id": 1, "class_name": "B2", "bbox_yolo": [0.6674862504005432, 0.3457021415233612, 0.09686069935560226, 0.08668150752782822], "conf": 0.49803826212882996}, {"box_index": 2, "class_id": 2, "class_name": "B3", "bbox_yolo": [0.36365753412246704, 0.35871171951293945, 0.09631627798080444, 0.08719368278980255], "conf": 0.45711764693260193}, {"box_index": 3, "class_id": 2, "class_name": "B3", "bbox_yolo": [0.433841735124588, 0.295319527387619, 0.0887860357761383, 0.07422351837158203], "conf": 0.42652419209480286}], "count_per_class": {"B1": 0, "B2": 2, "B3": 2, "B4": 0}, "side_index": 1}