{"image": "DAMIMAS_A21B_0469_4.jpg", "detector": "y26n_vanilla_local", "detections": [{"box_index": 0, "class_id": 2, "class_name": "B3", "bbox_yolo": [0.36739206314086914, 0.47844916582107544, 0.15303806960582733, 0.11037959903478622], "conf": 0.5371557474136353}, {"box_index": 1, "class_id": 3, "class_name": "B4", "bbox_yolo": [0.3608565330505371, 0.3935178220272064, 0.10465206205844879, 0.07524283230304718], "conf": 0.36774587631225586}, {"box_index": 2, "class_id": 2, "class_name": "B3", "bbox_yolo": [0.6419905424118042, 0.45319709181785583, 0.13140355050563812, 0.09686508029699326], "conf": 0.28474900126457214}, {"box_index": 3, "class_id": 1, "class_name": "B2", "bbox_yolo": [0.36739206314086914, 0.47844916582107544, 0.15303806960582733, 0.11037959903478622], "conf": 0.27409353852272034}], "count_per_class": {"B1": 0, "B2": 1, "B3": 2, "B4": 1}, "side_index": 3}