{"image": "DAMIMAS_A21B_0479_4.jpg", "detector": "y26n_vanilla_local", "detections": [{"box_index": 0, "class_id": 2, "class_name": "B3", "bbox_yolo": [0.44673895835876465, 0.41473445296287537, 0.10199665278196335, 0.07703199237585068], "conf": 0.6698988080024719}, {"box_index": 1, "class_id": 0, "class_name": "B1", "bbox_yolo": [0.25367480516433716, 0.4538130760192871, 0.09757735580205917, 0.07897181808948517], "conf": 0.5461987853050232}, {"box_index": 2, "class_id": 2, "class_name": "B3", "bbox_yolo": [0.3301866352558136, 0.428955078125, 0.09866467118263245, 0.07638268917798996], "conf": 0.38423874974250793}], "count_per_class": {"B1": 1, "B2": 0, "B3": 2, "B4": 0}, "side_index": 3}