{"image": "DAMIMAS_A21B_0203_1.jpg", "detector": "y26n_vanilla_local", "detections": [{"box_index": 0, "class_id": 2, "class_name": "B3", "bbox_yolo": [0.37842848896980286, 0.3851966857910156, 0.09150107949972153, 0.08005847781896591], "conf": 0.5325630903244019}, {"box_index": 1, "class_id": 2, "class_name": "B3", "bbox_yolo": [0.37671956419944763, 0.3818056881427765, 0.07298123091459274, 0.0668342113494873], "conf": 0.3381403088569641}, {"box_index": 2, "class_id": 2, "class_name": "B3", "bbox_yolo": [0.6192021369934082, 0.3936377465724945, 0.05865555256605148, 0.050197530537843704], "conf": 0.25003522634506226}], "count_per_class": {"B1": 0, "B2": 0, "B3": 3, "B4": 0}, "side_index": 0}