{"image": "DAMIMAS_A21B_0296_2.jpg", "detector": "y26n_vanilla_local", "detections": [{"box_index": 0, "class_id": 2, "class_name": "B3", "bbox_yolo": [0.3518598675727844, 0.5089079737663269, 0.17682918906211853, 0.12881354987621307], "conf": 0.7922483682632446}, {"box_index": 1, "class_id": 0, "class_name": "B1", "bbox_yolo": [0.5907196402549744, 0.5189240574836731, 0.11666826158761978, 0.16468539834022522], "conf": 0.5914773941040039}, {"box_index": 2, "class_id": 2, "class_name": "B3", "bbox_yolo": [0.7455304861068726, 0.5493552684783936, 0.11108043044805527, 0.10140352696180344], "conf": 0.27547916769981384}], "count_per_class": {"B1": 1, "B2": 0, "B3": 2, "B4": 0}, "side_index": 1}