{"image": "DAMIMAS_A21B_0030_2.jpg", "detector": "y26n_vanilla_local", "detections": [{"box_index": 0, "class_id": 2, "class_name": "B3", "bbox_yolo": [0.6162964105606079, 0.4816388785839081, 0.12115803360939026, 0.09609861671924591], "conf": 0.7654827833175659}, {"box_index": 1, "class_id": 2, "class_name": "B3", "bbox_yolo": [0.4642830193042755, 0.4948628842830658, 0.11186063289642334, 0.09555482864379883], "conf": 0.40684884786605835}, {"box_index": 2, "class_id": 3, "class_name": "B4", "bbox_yolo": [0.5141229629516602, 0.4178159236907959, 0.11033669114112854, 0.07099075615406036], "conf": 0.37231889367103577}, {"box_index": 3, "class_id": 2, "class_name": "B3", "bbox_yolo": [0.4666382074356079, 0.5001234412193298, 0.12453712522983551, 0.10490927845239639], "conf": 0.2530314028263092}], "count_per_class": {"B1": 0, "B2": 0, "B3": 3, "B4": 1}, "side_index": 1}