{"image": "DAMIMAS_A21B_0465_3.jpg", "detector": "y26n_vanilla_local", "detections": [{"box_index": 0, "class_id": 1, "class_name": "B2", "bbox_yolo": [0.6278012990951538, 0.41467520594596863, 0.09294440597295761, 0.08134973049163818], "conf": 0.5933191180229187}, {"box_index": 1, "class_id": 0, "class_name": "B1", "bbox_yolo": [0.39954453706741333, 0.40086182951927185, 0.09423939883708954, 0.08576257526874542], "conf": 0.4588349759578705}, {"box_index": 2, "class_id": 2, "class_name": "B3", "bbox_yolo": [0.5484243631362915, 0.3852942883968353, 0.08197883516550064, 0.06985010951757431], "conf": 0.32043367624282837}], "count_per_class": {"B1": 1, "B2": 1, "B3": 1, "B4": 0}, "side_index": 2}