{"image": "DAMIMAS_A21B_0187_2.jpg", "detector": "y26n_vanilla_local", "detections": [{"box_index": 0, "class_id": 1, "class_name": "B2", "bbox_yolo": [0.5752369165420532, 0.3500501811504364, 0.09108515083789825, 0.09087860584259033], "conf": 0.7411125302314758}, {"box_index": 1, "class_id": 2, "class_name": "B3", "bbox_yolo": [0.39286234974861145, 0.2950383424758911, 0.0548979789018631, 0.05964312702417374], "conf": 0.27847814559936523}], "count_per_class": {"B1": 0, "B2": 1, "B3": 1, "B4": 0}, "side_index": 1}