{"image": "DAMIMAS_A21B_0560_2.jpg", "detector": "y26n_vanilla_local", "detections": [{"box_index": 0, "class_id": 2, "class_name": "B3", "bbox_yolo": [0.48853734135627747, 0.23218417167663574, 0.10813503712415695, 0.10071251541376114], "conf": 0.4096665382385254}, {"box_index": 1, "class_id": 2, "class_name": "B3", "bbox_yolo": [0.49820399284362793, 0.23114123940467834, 0.12668956816196442, 0.10489656776189804], "conf": 0.39770013093948364}], "count_per_class": {"B1": 0, "B2": 0, "B3": 2, "B4": 0}, "side_index": 1}