{"image": "DAMIMAS_A21B_0302_2.jpg", "detector": "y26n_vanilla_local", "detections": [{"box_index": 0, "class_id": 2, "class_name": "B3", "bbox_yolo": [0.559628427028656, 0.3937157690525055, 0.15764039754867554, 0.11930501461029053], "conf": 0.6413494944572449}, {"box_index": 1, "class_id": 0, "class_name": "B1", "bbox_yolo": [0.30308279395103455, 0.4836769104003906, 0.10753902047872543, 0.09884943813085556], "conf": 0.5689468383789062}, {"box_index": 2, "class_id": 2, "class_name": "B3", "bbox_yolo": [0.6728280186653137, 0.40907812118530273, 0.0962393507361412, 0.0892907902598381], "conf": 0.5291951894760132}, {"box_index": 3, "class_id": 2, "class_name": "B3", "bbox_yolo": [0.3149021863937378, 0.38308438658714294, 0.10632222890853882, 0.07574951648712158], "conf": 0.31966930627822876}], "count_per_class": {"B1": 1, "B2": 0, "B3": 3, "B4": 0}, "side_index": 1}