{"image": "DAMIMAS_A21B_0508_4.jpg", "detector": "y26n_vanilla_local", "detections": [{"box_index": 0, "class_id": 2, "class_name": "B3", "bbox_yolo": [0.4695647358894348, 0.501589298248291, 0.12230320274829865, 0.09444775432348251], "conf": 0.38657721877098083}, {"box_index": 1, "class_id": 2, "class_name": "B3", "bbox_yolo": [0.4044509530067444, 0.4184008538722992, 0.075303815305233, 0.055463410913944244], "conf": 0.28883612155914307}], "count_per_class": {"B1": 0, "B2": 0, "B3": 2, "B4": 0}, "side_index": 3}