{"image": "DAMIMAS_A21B_0601_2.jpg", "detector": "y26n_vanilla_local", "detections": [{"box_index": 0, "class_id": 2, "class_name": "B3", "bbox_yolo": [0.27621862292289734, 0.4278964102268219, 0.17876332998275757, 0.12825293838977814], "conf": 0.618192195892334}, {"box_index": 1, "class_id": 2, "class_name": "B3", "bbox_yolo": [0.7085503339767456, 0.4559188783168793, 0.23827630281448364, 0.1427406370639801], "conf": 0.2986335754394531}, {"box_index": 2, "class_id": 2, "class_name": "B3", "bbox_yolo": [0.8104143738746643, 0.37514981627464294, 0.08046506345272064, 0.059304025024175644], "conf": 0.2665293216705322}, {"box_index": 3, "class_id": 3, "class_name": "B4", "bbox_yolo": [0.5112712383270264, 0.3656655550003052, 0.20444795489311218, 0.12179980427026749], "conf": 0.26539409160614014}], "count_per_class": {"B1": 0, "B2": 0, "B3": 3, "B4": 1}, "side_index": 1}