{"image": "DAMIMAS_A21B_0317_2.jpg", "detector": "y26n_vanilla_local", "detections": [{"box_index": 0, "class_id": 2, "class_name": "B3", "bbox_yolo": [0.5810233354568481, 0.3843187689781189, 0.11055387556552887, 0.08308082073926926], "conf": 0.7741233706474304}, {"box_index": 1, "class_id": 2, "class_name": "B3", "bbox_yolo": [0.3732732832431793, 0.42245036363601685, 0.1397746205329895, 0.11008448898792267], "conf": 0.6845219135284424}, {"box_index": 2, "class_id": 2, "class_name": "B3", "bbox_yolo": [0.5475195646286011, 0.4759993255138397, 0.11460094898939133, 0.10458698123693466], "conf": 0.5037781000137329}], "count_per_class": {"B1": 0, "B2": 0, "B3": 3, "B4": 0}, "side_index": 1}