{"image": "DAMIMAS_A21B_0215_4.jpg", "detector": "y26n_vanilla_local", "detections": [{"box_index": 0, "class_id": 0, "class_name": "B1", "bbox_yolo": [0.6948418021202087, 0.43808212876319885, 0.12034232169389725, 0.11359424889087677], "conf": 0.8152748942375183}, {"box_index": 1, "class_id": 0, "class_name": "B1", "bbox_yolo": [0.31372442841529846, 0.41140875220298767, 0.12880122661590576, 0.11127179116010666], "conf": 0.6395556926727295}, {"box_index": 2, "class_id": 2, "class_name": "B3", "bbox_yolo": [0.5905250906944275, 0.40174752473831177, 0.1408117413520813, 0.1154673621058464], "conf": 0.4827359616756439}, {"box_index": 3, "class_id": 2, "class_name": "B3", "bbox_yolo": [0.43842095136642456, 0.37519779801368713, 0.12263454496860504, 0.11029579490423203], "conf": 0.3737097382545471}], "count_per_class": {"B1": 2, "B2": 0, "B3": 2, "B4": 0}, "side_index": 3}