{"image": "DAMIMAS_A21B_0852_1.jpg", "detector": "y26n_vanilla_local", "detections": [{"box_index": 0, "class_id": 1, "class_name": "B2", "bbox_yolo": [0.5166189074516296, 0.5969346165657043, 0.10500367730855942, 0.08761896938085556], "conf": 0.3791365921497345}, {"box_index": 1, "class_id": 0, "class_name": "B1", "bbox_yolo": [0.5166189074516296, 0.5969346165657043, 0.10500367730855942, 0.08761896938085556], "conf": 0.30479106307029724}], "count_per_class": {"B1": 1, "B2": 1, "B3": 0, "B4": 0}, "side_index": 0}