{"image": "DAMIMAS_A21B_0488_3.jpg", "detector": "y26n_vanilla_local", "detections": [{"box_index": 0, "class_id": 2, "class_name": "B3", "bbox_yolo": [0.5045944452285767, 0.2500092089176178, 0.13061435520648956, 0.09816443920135498], "conf": 0.4613315761089325}, {"box_index": 1, "class_id": 2, "class_name": "B3", "bbox_yolo": [0.5917394161224365, 0.20060208439826965, 0.10447191447019577, 0.07929053157567978], "conf": 0.44677719473838806}, {"box_index": 2, "class_id": 1, "class_name": "B2", "bbox_yolo": [0.324011892080307, 0.290565550327301, 0.11441440880298615, 0.09481599181890488], "conf": 0.38628527522087097}, {"box_index": 3, "class_id": 2, "class_name": "B3", "bbox_yolo": [0.3568616509437561, 0.210453063249588, 0.1089903861284256, 0.07272829860448837], "conf": 0.3719252645969391}], "count_per_class": {"B1": 0, "B2": 1, "B3": 3, "B4": 0}, "side_index": 2}