{"image": "DAMIMAS_A21B_0013_1.jpg", "detector": "y26n_vanilla_local", "detections": [{"box_index": 0, "class_id": 2, "class_name": "B3", "bbox_yolo": [0.4122217893600464, 0.5383657217025757, 0.08600505441427231, 0.06780033558607101], "conf": 0.35420748591423035}, {"box_index": 1, "class_id": 1, "class_name": "B2", "bbox_yolo": [0.6145593523979187, 0.5379720330238342, 0.08264357596635818, 0.0682516098022461], "conf": 0.29659733176231384}, {"box_index": 2, "class_id": 1, "class_name": "B2", "bbox_yolo": [0.6193456053733826, 0.5322703719139099, 0.06668758392333984, 0.05747285112738609], "conf": 0.26567918062210083}], "count_per_class": {"B1": 0, "B2": 2, "B3": 1, "B4": 0}, "side_index": 0}