{"image": "DAMIMAS_A21B_0052_1.jpg", "detector": "y26n_vanilla_local", "detections": [{"box_index": 0, "class_id": 2, "class_name": "B3", "bbox_yolo": [0.48411041498184204, 0.5290296673774719, 0.09671252965927124, 0.07779321819543839], "conf": 0.7650555372238159}, {"box_index": 1, "class_id": 2, "class_name": "B3", "bbox_yolo": [0.5735335350036621, 0.49345263838768005, 0.05957800894975662, 0.053580284118652344], "conf": 0.38171976804733276}, {"box_index": 2, "class_id": 2, "class_name": "B3", "bbox_yolo": [0.3921138048171997, 0.5081309080123901, 0.0498313307762146, 0.0463530533015728], "conf": 0.3107597529888153}], "count_per_class": {"B1": 0, "B2": 0, "B3": 3, "B4": 0}, "side_index": 0}