{"image": "DAMIMAS_A21B_0785_3.jpg", "detector": "y26n_vanilla_local", "detections": [{"box_index": 0, "class_id": 2, "class_name": "B3", "bbox_yolo": [0.7394506335258484, 0.21466708183288574, 0.19891110062599182, 0.15135255455970764], "conf": 0.6917218565940857}, {"box_index": 1, "class_id": 3, "class_name": "B4", "bbox_yolo": [0.40032920241355896, 0.16517765820026398, 0.13050314784049988, 0.11097768694162369], "conf": 0.27446815371513367}], "count_per_class": {"B1": 0, "B2": 0, "B3": 1, "B4": 1}, "side_index": 2}