{"image": "DAMIMAS_A21B_0063_4.jpg", "detector": "y26n_vanilla_local", "detections": [{"box_index": 0, "class_id": 2, "class_name": "B3", "bbox_yolo": [0.4636004865169525, 0.6284065246582031, 0.13732513785362244, 0.10102367401123047], "conf": 0.723242998123169}, {"box_index": 1, "class_id": 2, "class_name": "B3", "bbox_yolo": [0.3288075625896454, 0.6096107363700867, 0.11027610301971436, 0.08547639846801758], "conf": 0.6647754907608032}, {"box_index": 2, "class_id": 2, "class_name": "B3", "bbox_yolo": [0.6519542336463928, 0.6051841974258423, 0.09780006855726242, 0.09000988304615021], "conf": 0.5028545260429382}], "count_per_class": {"B1": 0, "B2": 0, "B3": 3, "B4": 0}, "side_index": 3}