{"image": "DAMIMAS_A21B_0665_3.jpg", "detector": "y26n_vanilla_local", "detections": [{"box_index": 0, "class_id": 1, "class_name": "B2", "bbox_yolo": [0.6009844541549683, 0.41974908113479614, 0.16170330345630646, 0.12054949253797531], "conf": 0.7107818126678467}, {"box_index": 1, "class_id": 0, "class_name": "B1", "bbox_yolo": [0.4078957736492157, 0.4380982518196106, 0.1644725203514099, 0.11248941719532013], "conf": 0.5837531089782715}], "count_per_class": {"B1": 1, "B2": 1, "B3": 0, "B4": 0}, "side_index": 2}