{"image": "DAMIMAS_A21B_0052_2.jpg", "detector": "y26n_vanilla_local", "detections": [{"box_index": 0, "class_id": 0, "class_name": "B1", "bbox_yolo": [0.3411477208137512, 0.5063372850418091, 0.14971588551998138, 0.11733966320753098], "conf": 0.659569263458252}, {"box_index": 1, "class_id": 2, "class_name": "B3", "bbox_yolo": [0.46103766560554504, 0.4444844424724579, 0.10997623205184937, 0.09673281013965607], "conf": 0.3479325473308563}, {"box_index": 2, "class_id": 2, "class_name": "B3", "bbox_yolo": [0.5972376465797424, 0.4855852723121643, 0.1433555632829666, 0.11289872974157333], "conf": 0.2884424328804016}], "count_per_class": {"B1": 1, "B2": 0, "B3": 2, "B4": 0}, "side_index": 1}