{"image": "DAMIMAS_A21B_0631_1.jpg", "detector": "y26n_vanilla_local", "detections": [{"box_index": 0, "class_id": 1, "class_name": "B2", "bbox_yolo": [0.681036651134491, 0.31884580850601196, 0.12274469435214996, 0.12352140247821808], "conf": 0.42278945446014404}, {"box_index": 1, "class_id": 1, "class_name": "B2", "bbox_yolo": [0.24870270490646362, 0.38001543283462524, 0.10574899613857269, 0.09332702308893204], "conf": 0.27878081798553467}, {"box_index": 2, "class_id": 2, "class_name": "B3", "bbox_yolo": [0.681036651134491, 0.31884580850601196, 0.12274469435214996, 0.12352140247821808], "conf": 0.2714991867542267}], "count_per_class": {"B1": 0, "B2": 2, "B3": 1, "B4": 0}, "side_index": 0}