{"image": "DAMIMAS_A21B_0797_1.jpg", "detector": "y26n_vanilla_local", "detections": [{"box_index": 0, "class_id": 1, "class_name": "B2", "bbox_yolo": [0.40758299827575684, 0.32616955041885376, 0.14759735763072968, 0.10691063851118088], "conf": 0.5750716328620911}, {"box_index": 1, "class_id": 2, "class_name": "B3", "bbox_yolo": [0.5413163900375366, 0.29212892055511475, 0.10828428715467453, 0.10817966610193253], "conf": 0.46859219670295715}], "count_per_class": {"B1": 0, "B2": 1, "B3": 1, "B4": 0}, "side_index": 0}