{"image": "DAMIMAS_A21B_0792_1.jpg", "detector": "y26n_vanilla_local", "detections": [{"box_index": 0, "class_id": 2, "class_name": "B3", "bbox_yolo": [0.6588072776794434, 0.3384419083595276, 0.23910847306251526, 0.18112574517726898], "conf": 0.7587772607803345}, {"box_index": 1, "class_id": 1, "class_name": "B2", "bbox_yolo": [0.8129449486732483, 0.4080939292907715, 0.18423660099506378, 0.17063955962657928], "conf": 0.5408448576927185}, {"box_index": 2, "class_id": 2, "class_name": "B3", "bbox_yolo": [0.41200849413871765, 0.3894312083721161, 0.20668339729309082, 0.14326444268226624], "conf": 0.4957236051559448}, {"box_index": 3, "class_id": 2, "class_name": "B3", "bbox_yolo": [0.31672927737236023, 0.27506494522094727, 0.13593122363090515, 0.08378179371356964], "conf": 0.48033881187438965}], "count_per_class": {"B1": 0, "B2": 1, "B3": 3, "B4": 0}, "side_index": 0}