{"image": "DAMIMAS_A21B_0561_1.jpg", "detector": "y26n_vanilla_local", "detections": [{"box_index": 0, "class_id": 0, "class_name": "B1", "bbox_yolo": [0.4103613495826721, 0.3094414174556732, 0.18290488421916962, 0.13225138187408447], "conf": 0.8776671886444092}, {"box_index": 1, "class_id": 2, "class_name": "B3", "bbox_yolo": [0.38705793023109436, 0.21542978286743164, 0.11168912798166275, 0.07265929132699966], "conf": 0.5744129419326782}, {"box_index": 2, "class_id": 1, "class_name": "B2", "bbox_yolo": [0.2650872468948364, 0.3271666467189789, 0.10938336700201035, 0.09009430557489395], "conf": 0.49766185879707336}, {"box_index": 3, "class_id": 2, "class_name": "B3", "bbox_yolo": [0.675419807434082, 0.2939736843109131, 0.07711881399154663, 0.05852239206433296], "conf": 0.268465131521225}], "count_per_class": {"B1": 1, "B2": 1, "B3": 2, "B4": 0}, "side_index": 0}