{"image": "DAMIMAS_A21B_0095_4.jpg", "detector": "y26n_vanilla_local", "detections": [{"box_index": 0, "class_id": 0, "class_name": "B1", "bbox_yolo": [0.5844212174415588, 0.4767695367336273, 0.16380813717842102, 0.1500878781080246], "conf": 0.682490885257721}, {"box_index": 1, "class_id": 2, "class_name": "B3", "bbox_yolo": [0.4391769766807556, 0.438350111246109, 0.09343672543764114, 0.09589379280805588], "conf": 0.606669008731842}], "count_per_class": {"B1": 1, "B2": 0, "B3": 1, "B4": 0}, "side_index": 3}