{"image": "DAMIMAS_A21B_0388_4.jpg", "detector": "y26n_vanilla_local", "detections": [{"box_index": 0, "class_id": 0, "class_name": "B1", "bbox_yolo": [0.44870567321777344, 0.4568820893764496, 0.10982272773981094, 0.1013738140463829], "conf": 0.7419806718826294}, {"box_index": 1, "class_id": 2, "class_name": "B3", "bbox_yolo": [0.3746921122074127, 0.39359721541404724, 0.07278890907764435, 0.059171080589294434], "conf": 0.3745670020580292}, {"box_index": 2, "class_id": 2, "class_name": "B3", "bbox_yolo": [0.4722628891468048, 0.3805767893791199, 0.06488031148910522, 0.05312028154730797], "conf": 0.27089178562164307}], "count_per_class": {"B1": 1, "B2": 0, "B3": 2, "B4": 0}, "side_index": 3}