{"image": "DAMIMAS_A21B_0398_2.jpg", "detector": "y26n_vanilla_local", "detections": [{"box_index": 0, "class_id": 2, "class_name": "B3", "bbox_yolo": [0.5335707664489746, 0.35507428646087646, 0.1392401158809662, 0.11644158512353897], "conf": 0.6626313328742981}, {"box_index": 1, "class_id": 2, "class_name": "B3", "bbox_yolo": [0.3756527006626129, 0.36775848269462585, 0.1166476309299469, 0.09032609313726425], "conf": 0.47049352526664734}, {"box_index": 2, "class_id": 1, "class_name": "B2", "bbox_yolo": [0.6639392971992493, 0.37950441241264343, 0.13153712451457977, 0.10329830646514893], "conf": 0.4609522521495819}, {"box_index": 3, "class_id": 2, "class_name": "B3", "bbox_yolo": [0.34267428517341614, 0.30350586771965027, 0.07414179295301437, 0.05020713806152344], "conf": 0.39768415689468384}], "count_per_class": {"B1": 0, "B2": 1, "B3": 3, "B4": 0}, "side_index": 1}