{"image": "DAMIMAS_A21B_0765_1.jpg", "detector": "y26n_vanilla_local", "detections": [{"box_index": 0, "class_id": 0, "class_name": "B1", "bbox_yolo": [0.6618922352790833, 0.508350670337677, 0.20347481966018677, 0.1402658075094223], "conf": 0.8394241333007812}, {"box_index": 1, "class_id": 2, "class_name": "B3", "bbox_yolo": [0.45752793550491333, 0.4835756719112396, 0.15621641278266907, 0.11780538409948349], "conf": 0.670444130897522}, {"box_index": 2, "class_id": 2, "class_name": "B3", "bbox_yolo": [0.8059378862380981, 0.4630095660686493, 0.13438041508197784, 0.11921773105859756], "conf": 0.3966883420944214}], "count_per_class": {"B1": 1, "B2": 0, "B3": 2, "B4": 0}, "side_index": 0}