{"image": "DAMIMAS_A21B_0276_1.jpg", "detector": "y26n_vanilla_local", "detections": [{"box_index": 0, "class_id": 2, "class_name": "B3", "bbox_yolo": [0.5557258725166321, 0.48594579100608826, 0.17872881889343262, 0.1285177320241928], "conf": 0.5498144626617432}, {"box_index": 1, "class_id": 2, "class_name": "B3", "bbox_yolo": [0.290556937456131, 0.44708433747291565, 0.1101018637418747, 0.09866821765899658], "conf": 0.46524038910865784}, {"box_index": 2, "class_id": 2, "class_name": "B3", "bbox_yolo": [0.4107590615749359, 0.4587208330631256, 0.1323825865983963, 0.09898843616247177], "conf": 0.3722630441188812}, {"box_index": 3, "class_id": 2, "class_name": "B3", "bbox_yolo": [0.7021516561508179, 0.4474864602088928, 0.10250556468963623, 0.10525200515985489], "conf": 0.3554131090641022}], "count_per_class": {"B1": 0, "B2": 0, "B3": 4, "B4": 0}, "side_index": 0}