{"image": "DAMIMAS_A21B_0475_1.jpg", "detector": "y26n_vanilla_local", "detections": [{"box_index": 0, "class_id": 2, "class_name": "B3", "bbox_yolo": [0.697102427482605, 0.3903460204601288, 0.09078039228916168, 0.07289236038923264], "conf": 0.4274151623249054}, {"box_index": 1, "class_id": 3, "class_name": "B4", "bbox_yolo": [0.6158923506736755, 0.3431766927242279, 0.08579610288143158, 0.0688304677605629], "conf": 0.33624592423439026}], "count_per_class": {"B1": 0, "B2": 0, "B3": 1, "B4": 1}, "side_index": 0}