{"image": "DAMIMAS_A21B_0382_2.jpg", "detector": "y26n_vanilla_local", "detections": [{"box_index": 0, "class_id": 0, "class_name": "B1", "bbox_yolo": [0.5492900609970093, 0.4110397398471832, 0.16913606226444244, 0.12486763298511505], "conf": 0.8485517501831055}, {"box_index": 1, "class_id": 3, "class_name": "B4", "bbox_yolo": [0.328660786151886, 0.30173230171203613, 0.11328068375587463, 0.07980626076459885], "conf": 0.2727217972278595}], "count_per_class": {"B1": 1, "B2": 0, "B3": 0, "B4": 1}, "side_index": 1}