{"image": "DAMIMAS_A21B_0275_2.jpg", "detector": "y26n_vanilla_local", "detections": [{"box_index": 0, "class_id": 2, "class_name": "B3", "bbox_yolo": [0.5010659098625183, 0.42838817834854126, 0.1429092437028885, 0.10709428787231445], "conf": 0.5869835019111633}, {"box_index": 1, "class_id": 1, "class_name": "B2", "bbox_yolo": [0.6230473518371582, 0.4868285357952118, 0.13717855513095856, 0.1020703837275505], "conf": 0.4232569932937622}, {"box_index": 2, "class_id": 2, "class_name": "B3", "bbox_yolo": [0.6484814286231995, 0.39542871713638306, 0.1191825270652771, 0.07758405059576035], "conf": 0.3647964298725128}], "count_per_class": {"B1": 0, "B2": 1, "B3": 2, "B4": 0}, "side_index": 1}