{"image": "DAMIMAS_A21B_0743_2.jpg", "detector": "y26n_vanilla_local", "detections": [{"box_index": 0, "class_id": 2, "class_name": "B3", "bbox_yolo": [0.6669156551361084, 0.45302626490592957, 0.12310753762722015, 0.09823799133300781], "conf": 0.5403080582618713}], "count_per_class": {"B1": 0, "B2": 0, "B3": 1, "B4": 0}, "side_index": 1}