{"image": "DAMIMAS_A21B_0136_4.jpg", "detector": "y26n_vanilla_local", "detections": [{"box_index": 0, "class_id": 2, "class_name": "B3", "bbox_yolo": [0.6333211064338684, 0.47744637727737427, 0.11461766809225082, 0.08740907162427902], "conf": 0.5675011277198792}, {"box_index": 1, "class_id": 2, "class_name": "B3", "bbox_yolo": [0.5618276000022888, 0.4350847899913788, 0.1089550107717514, 0.09695015102624893], "conf": 0.5482447147369385}, {"box_index": 2, "class_id": 2, "class_name": "B3", "bbox_yolo": [0.4414874017238617, 0.45753636956214905, 0.11328361183404922, 0.08443985134363174], "conf": 0.4596762955188751}, {"box_index": 3, "class_id": 2, "class_name": "B3", "bbox_yolo": [0.35651811957359314, 0.41441354155540466, 0.10332651436328888, 0.08623428642749786], "conf": 0.27056244015693665}], "count_per_class": {"B1": 0, "B2": 0, "B3": 4, "B4": 0}, "side_index": 3}