{"image": "DAMIMAS_A21B_0344_2.jpg", "detector": "y26n_vanilla_local", "detections": [{"box_index": 0, "class_id": 2, "class_name": "B3", "bbox_yolo": [0.5369994044303894, 0.38791608810424805, 0.09229209274053574, 0.08517096191644669], "conf": 0.5752946734428406}, {"box_index": 1, "class_id": 2, "class_name": "B3", "bbox_yolo": [0.42864635586738586, 0.3398914039134979, 0.07878771424293518, 0.05579974874854088], "conf": 0.45187559723854065}, {"box_index": 2, "class_id": 2, "class_name": "B3", "bbox_yolo": [0.44492045044898987, 0.4037453234195709, 0.097674660384655, 0.07989318668842316], "conf": 0.3305074870586395}, {"box_index": 3, "class_id": 1, "class_name": "B2", "bbox_yolo": [0.44492045044898987, 0.4037453234195709, 0.097674660384655, 0.07989318668842316], "conf": 0.26850390434265137}], "count_per_class": {"B1": 0, "B2": 1, "B3": 3, "B4": 0}, "side_index": 1}