{"image": "DAMIMAS_A21B_0196_3.jpg", "detector": "y26n_vanilla_local", "detections": [{"box_index": 0, "class_id": 1, "class_name": "B2", "bbox_yolo": [0.5463339686393738, 0.3721263110637665, 0.09568990767002106, 0.0774962455034256], "conf": 0.6618402600288391}, {"box_index": 1, "class_id": 2, "class_name": "B3", "bbox_yolo": [0.3798941373825073, 0.37577149271965027, 0.08759047836065292, 0.07621090859174728], "conf": 0.5324674844741821}, {"box_index": 2, "class_id": 2, "class_name": "B3", "bbox_yolo": [0.37943771481513977, 0.36774155497550964, 0.07469377666711807, 0.06132486090064049], "conf": 0.32118651270866394}], "count_per_class": {"B1": 0, "B2": 1, "B3": 2, "B4": 0}, "side_index": 2}