{"image": "DAMIMAS_A21B_0483_3.jpg", "detector": "y26n_vanilla_local", "detections": [{"box_index": 0, "class_id": 1, "class_name": "B2", "bbox_yolo": [0.6771501302719116, 0.4519345462322235, 0.0917430892586708, 0.07422957569360733], "conf": 0.38449206948280334}, {"box_index": 1, "class_id": 2, "class_name": "B3", "bbox_yolo": [0.6356003284454346, 0.39248737692832947, 0.07136542350053787, 0.048250842839479446], "conf": 0.25654760003089905}], "count_per_class": {"B1": 0, "B2": 1, "B3": 1, "B4": 0}, "side_index": 2}