{"image": "DAMIMAS_A21B_0100_2.jpg", "detector": "y26n_vanilla_local", "detections": [{"box_index": 0, "class_id": 2, "class_name": "B3", "bbox_yolo": [0.40881937742233276, 0.4691474139690399, 0.11866550892591476, 0.09272003173828125], "conf": 0.6034044027328491}, {"box_index": 1, "class_id": 3, "class_name": "B4", "bbox_yolo": [0.3800460696220398, 0.3916996419429779, 0.11400808393955231, 0.07508349418640137], "conf": 0.5550635457038879}, {"box_index": 2, "class_id": 2, "class_name": "B3", "bbox_yolo": [0.5560887455940247, 0.49228954315185547, 0.12923982739448547, 0.09645304828882217], "conf": 0.31836646795272827}, {"box_index": 3, "class_id": 1, "class_name": "B2", "bbox_yolo": [0.31275254487991333, 0.520684540271759, 0.14332720637321472, 0.11795125156641006], "conf": 0.30513712763786316}], "count_per_class": {"B1": 0, "B2": 1, "B3": 2, "B4": 1}, "side_index": 1}