{"image": "DAMIMAS_A21B_0222_3.jpg", "detector": "y26n_vanilla_local", "detections": [{"box_index": 0, "class_id": 2, "class_name": "B3", "bbox_yolo": [0.626279354095459, 0.44109317660331726, 0.1598624587059021, 0.12969692051410675], "conf": 0.6822734475135803}, {"box_index": 1, "class_id": 0, "class_name": "B1", "bbox_yolo": [0.3977951109409332, 0.458586186170578, 0.1882275938987732, 0.1339665651321411], "conf": 0.6183827519416809}, {"box_index": 2, "class_id": 2, "class_name": "B3", "bbox_yolo": [0.2755599915981293, 0.37833458185195923, 0.12467747181653976, 0.09538698196411133], "conf": 0.44062721729278564}], "count_per_class": {"B1": 1, "B2": 0, "B3": 2, "B4": 0}, "side_index": 2}