{"image": "DAMIMAS_A21B_0374_1.jpg", "detector": "y26n_vanilla_local", "detections": [{"box_index": 0, "class_id": 2, "class_name": "B3", "bbox_yolo": [0.45963436365127563, 0.35349875688552856, 0.10438795387744904, 0.07936401665210724], "conf": 0.5991687178611755}, {"box_index": 1, "class_id": 3, "class_name": "B4", "bbox_yolo": [0.5497774481773376, 0.3150486648082733, 0.09454317390918732, 0.06247711181640625], "conf": 0.34610021114349365}, {"box_index": 2, "class_id": 2, "class_name": "B3", "bbox_yolo": [0.33716660737991333, 0.3330312669277191, 0.06280581653118134, 0.054674841463565826], "conf": 0.34295329451560974}, {"box_index": 3, "class_id": 2, "class_name": "B3", "bbox_yolo": [0.5934779047966003, 0.37881213426589966, 0.09438686817884445, 0.07489278167486191], "conf": 0.25095903873443604}], "count_per_class": {"B1": 0, "B2": 0, "B3": 3, "B4": 1}, "side_index": 0}