{"image": "DAMIMAS_A21B_0184_3.jpg", "detector": "y26n_vanilla_local", "detections": [{"box_index": 0, "class_id": 2, "class_name": "B3", "bbox_yolo": [0.39253759384155273, 0.4634615480899811, 0.13060840964317322, 0.12117605656385422], "conf": 0.8208354711532593}, {"box_index": 1, "class_id": 2, "class_name": "B3", "bbox_yolo": [0.5835720896720886, 0.43225082755088806, 0.09922905266284943, 0.08734770119190216], "conf": 0.7498835325241089}, {"box_index": 2, "class_id": 2, "class_name": "B3", "bbox_yolo": [0.6482831239700317, 0.4759502410888672, 0.09141655266284943, 0.09333682060241699], "conf": 0.39970663189888}, {"box_index": 3, "class_id": 2, "class_name": "B3", "bbox_yolo": [0.6491072773933411, 0.4708777368068695, 0.0834817960858345, 0.0832788497209549], "conf": 0.3257688283920288}], "count_per_class": {"B1": 0, "B2": 0, "B3": 4, "B4": 0}, "side_index": 2}