{"image": "DAMIMAS_A21B_0758_2.jpg", "detector": "y26n_vanilla_local", "detections": [{"box_index": 0, "class_id": 0, "class_name": "B1", "bbox_yolo": [0.38686463236808777, 0.4207368791103363, 0.12838122248649597, 0.12114415317773819], "conf": 0.8017203211784363}, {"box_index": 1, "class_id": 1, "class_name": "B2", "bbox_yolo": [0.6969312429428101, 0.4205401837825775, 0.10042159259319305, 0.09098052978515625], "conf": 0.4485286474227905}, {"box_index": 2, "class_id": 2, "class_name": "B3", "bbox_yolo": [0.6214194893836975, 0.35805028676986694, 0.10389888286590576, 0.08481211960315704], "conf": 0.4270976483821869}], "count_per_class": {"B1": 1, "B2": 1, "B3": 1, "B4": 0}, "side_index": 1}