{"image": "DAMIMAS_A21B_0049_4.jpg", "detector": "y26n_vanilla_local", "detections": [{"box_index": 0, "class_id": 2, "class_name": "B3", "bbox_yolo": [0.3725288510322571, 0.45670706033706665, 0.16062800586223602, 0.12138006836175919], "conf": 0.6774948835372925}, {"box_index": 1, "class_id": 3, "class_name": "B4", "bbox_yolo": [0.3479047417640686, 0.35484206676483154, 0.1646958738565445, 0.09806685894727707], "conf": 0.6300058364868164}], "count_per_class": {"B1": 0, "B2": 0, "B3": 1, "B4": 1}, "side_index": 3}