{"image": "DAMIMAS_A21B_0316_1.jpg", "detector": "y26n_vanilla_local", "detections": [{"box_index": 0, "class_id": 2, "class_name": "B3", "bbox_yolo": [0.4772934913635254, 0.494042307138443, 0.10641063749790192, 0.1030811294913292], "conf": 0.5867491364479065}, {"box_index": 1, "class_id": 2, "class_name": "B3", "bbox_yolo": [0.5588668584823608, 0.44312992691993713, 0.10045404732227325, 0.08764510601758957], "conf": 0.47855129837989807}, {"box_index": 2, "class_id": 2, "class_name": "B3", "bbox_yolo": [0.33721545338630676, 0.5022210478782654, 0.11387939751148224, 0.09997835010290146], "conf": 0.417121559381485}, {"box_index": 3, "class_id": 3, "class_name": "B4", "bbox_yolo": [0.43902233242988586, 0.41024476289749146, 0.067244753241539, 0.05388076230883598], "conf": 0.2843342423439026}], "count_per_class": {"B1": 0, "B2": 0, "B3": 3, "B4": 1}, "side_index": 0}