{"image": "DAMIMAS_A21B_0239_3.jpg", "detector": "y26n_vanilla_local", "detections": [{"box_index": 0, "class_id": 0, "class_name": "B1", "bbox_yolo": [0.4351819157600403, 0.46221819519996643, 0.14025931060314178, 0.13346345722675323], "conf": 0.7947149872779846}, {"box_index": 1, "class_id": 2, "class_name": "B3", "bbox_yolo": [0.6509091854095459, 0.44583186507225037, 0.17020919919013977, 0.12833581864833832], "conf": 0.6299062967300415}, {"box_index": 2, "class_id": 2, "class_name": "B3", "bbox_yolo": [0.353523850440979, 0.3916088044643402, 0.08486538380384445, 0.06007981300354004], "conf": 0.37603533267974854}, {"box_index": 3, "class_id": 2, "class_name": "B3", "bbox_yolo": [0.32638299465179443, 0.41728201508522034, 0.11991005390882492, 0.11265027523040771], "conf": 0.3263508975505829}], "count_per_class": {"B1": 1, "B2": 0, "B3": 3, "B4": 0}, "side_index": 2}