{"image": "DAMIMAS_A21B_0570_4.jpg", "detector": "y26n_vanilla_local", "detections": [{"box_index": 0, "class_id": 1, "class_name": "B2", "bbox_yolo": [0.49945542216300964, 0.3676977753639221, 0.1755804717540741, 0.11720120906829834], "conf": 0.583743691444397}, {"box_index": 1, "class_id": 2, "class_name": "B3", "bbox_yolo": [0.6211894154548645, 0.2969789206981659, 0.13971106708049774, 0.10105989128351212], "conf": 0.4288465976715088}, {"box_index": 2, "class_id": 2, "class_name": "B3", "bbox_yolo": [0.3495648205280304, 0.34133756160736084, 0.11762832850217819, 0.08889651298522949], "conf": 0.41153573989868164}, {"box_index": 3, "class_id": 2, "class_name": "B3", "bbox_yolo": [0.7306300401687622, 0.36613383889198303, 0.1241338774561882, 0.08824751526117325], "conf": 0.35590583086013794}], "count_per_class": {"B1": 0, "B2": 1, "B3": 3, "B4": 0}, "side_index": 3}