{"image": "DAMIMAS_A21B_0849_1.jpg", "detector": "y26n_vanilla_local", "detections": [{"box_index": 0, "class_id": 2, "class_name": "B3", "bbox_yolo": [0.3512688875198364, 0.282699316740036, 0.1918957382440567, 0.16046114265918732], "conf": 0.7519307732582092}, {"box_index": 1, "class_id": 1, "class_name": "B2", "bbox_yolo": [0.7671647071838379, 0.28908488154411316, 0.11419080942869186, 0.09316220134496689], "conf": 0.3821282684803009}], "count_per_class": {"B1": 0, "B2": 1, "B3": 1, "B4": 0}, "side_index": 0}