{"image": "DAMIMAS_A21B_0003_3.jpg", "detector": "y26n_vanilla_local", "detections": [{"box_index": 0, "class_id": 2, "class_name": "B3", "bbox_yolo": [0.534243106842041, 0.46104463934898376, 0.14096082746982574, 0.10310602188110352], "conf": 0.6736262440681458}, {"box_index": 1, "class_id": 2, "class_name": "B3", "bbox_yolo": [0.6706264019012451, 0.45613041520118713, 0.10598844289779663, 0.08663854748010635], "conf": 0.566895067691803}, {"box_index": 2, "class_id": 2, "class_name": "B3", "bbox_yolo": [0.3402455747127533, 0.4787657856941223, 0.11947667598724365, 0.08538194000720978], "conf": 0.3210005462169647}, {"box_index": 3, "class_id": 3, "class_name": "B4", "bbox_yolo": [0.3986112177371979, 0.4296857416629791, 0.1126706525683403, 0.0788615271449089], "conf": 0.2539921700954437}], "count_per_class": {"B1": 0, "B2": 0, "B3": 3, "B4": 1}, "side_index": 2}