{"image": "DAMIMAS_A21B_0549_2.jpg", "detector": "y26n_vanilla_local", "detections": [{"box_index": 0, "class_id": 2, "class_name": "B3", "bbox_yolo": [0.548340380191803, 0.42708349227905273, 0.11151155084371567, 0.0975424274802208], "conf": 0.4923628270626068}, {"box_index": 1, "class_id": 2, "class_name": "B3", "bbox_yolo": [0.37096577882766724, 0.4475220739841461, 0.06967739015817642, 0.07496299594640732], "conf": 0.3327764868736267}], "count_per_class": {"B1": 0, "B2": 0, "B3": 2, "B4": 0}, "side_index": 1}