{"image": "DAMIMAS_A21B_0733_1.jpg", "detector": "y26n_vanilla_local", "detections": [{"box_index": 0, "class_id": 2, "class_name": "B3", "bbox_yolo": [0.24644361436367035, 0.2242075502872467, 0.12532581388950348, 0.12693384289741516], "conf": 0.5428615212440491}, {"box_index": 1, "class_id": 3, "class_name": "B4", "bbox_yolo": [0.6999585628509521, 0.13820166885852814, 0.11614539474248886, 0.12020190060138702], "conf": 0.5386783480644226}, {"box_index": 2, "class_id": 2, "class_name": "B3", "bbox_yolo": [0.5014520883560181, 0.2382090538740158, 0.1322249174118042, 0.14764124155044556], "conf": 0.3659716844558716}], "count_per_class": {"B1": 0, "B2": 0, "B3": 2, "B4": 1}, "side_index": 0}