{"image": "DAMIMAS_A21B_0431_3.jpg", "detector": "y26n_vanilla_local", "detections": [{"box_index": 0, "class_id": 2, "class_name": "B3", "bbox_yolo": [0.615797221660614, 0.3954971432685852, 0.09686095267534256, 0.08768727630376816], "conf": 0.4756251275539398}, {"box_index": 1, "class_id": 2, "class_name": "B3", "bbox_yolo": [0.4022082984447479, 0.405895471572876, 0.09285701811313629, 0.0769222304224968], "conf": 0.35839134454727173}, {"box_index": 2, "class_id": 2, "class_name": "B3", "bbox_yolo": [0.487270325422287, 0.35733333230018616, 0.08999469131231308, 0.07812078297138214], "conf": 0.2666235864162445}], "count_per_class": {"B1": 0, "B2": 0, "B3": 3, "B4": 0}, "side_index": 2}