{"image": "DAMIMAS_A21B_0362_2.jpg", "detector": "y26n_vanilla_local", "detections": [{"box_index": 0, "class_id": 2, "class_name": "B3", "bbox_yolo": [0.6670463681221008, 0.39556145668029785, 0.14752496778964996, 0.10765037685632706], "conf": 0.6239285469055176}, {"box_index": 1, "class_id": 0, "class_name": "B1", "bbox_yolo": [0.49355828762054443, 0.3981388509273529, 0.14412394165992737, 0.11570741981267929], "conf": 0.47769489884376526}, {"box_index": 2, "class_id": 3, "class_name": "B4", "bbox_yolo": [0.6946184635162354, 0.31139931082725525, 0.09716186672449112, 0.0652555450797081], "conf": 0.33210527896881104}, {"box_index": 3, "class_id": 2, "class_name": "B3", "bbox_yolo": [0.33939266204833984, 0.3839460015296936, 0.07042007893323898, 0.0693696066737175], "conf": 0.27122125029563904}], "count_per_class": {"B1": 1, "B2": 0, "B3": 2, "B4": 1}, "side_index": 1}