{"image": "DAMIMAS_A21B_0132_2.jpg", "detector": "y26n_vanilla_local", "detections": [{"box_index": 0, "class_id": 1, "class_name": "B2", "bbox_yolo": [0.45568403601646423, 0.3021092414855957, 0.1003820151090622, 0.10380041599273682], "conf": 0.6036978960037231}, {"box_index": 1, "class_id": 2, "class_name": "B3", "bbox_yolo": [0.35268640518188477, 0.3405572772026062, 0.0837739035487175, 0.07692527770996094], "conf": 0.5121486186981201}, {"box_index": 2, "class_id": 1, "class_name": "B2", "bbox_yolo": [0.4645310342311859, 0.30167004466056824, 0.11850220710039139, 0.10943188518285751], "conf": 0.4870980679988861}, {"box_index": 3, "class_id": 2, "class_name": "B3", "bbox_yolo": [0.6108332872390747, 0.29423195123672485, 0.11803030222654343, 0.10157816857099533], "conf": 0.25922462344169617}], "count_per_class": {"B1": 0, "B2": 2, "B3": 2, "B4": 0}, "side_index": 1}