{"image": "DAMIMAS_A21B_0064_2.jpg", "detector": "y26n_vanilla_local", "detections": [{"box_index": 0, "class_id": 2, "class_name": "B3", "bbox_yolo": [0.39322593808174133, 0.4910479187965393, 0.10651233047246933, 0.08025675266981125], "conf": 0.5684514045715332}, {"box_index": 1, "class_id": 2, "class_name": "B3", "bbox_yolo": [0.6182158589363098, 0.5028039216995239, 0.13946108520030975, 0.10275059193372726], "conf": 0.5282407402992249}], "count_per_class": {"B1": 0, "B2": 0, "B3": 2, "B4": 0}, "side_index": 1}