{"image": "DAMIMAS_A21B_0507_3.jpg", "detector": "y26n_vanilla_local", "detections": [{"box_index": 0, "class_id": 1, "class_name": "B2", "bbox_yolo": [0.3718402683734894, 0.430901437997818, 0.11558069288730621, 0.08147010952234268], "conf": 0.6686544418334961}, {"box_index": 1, "class_id": 2, "class_name": "B3", "bbox_yolo": [0.33964622020721436, 0.36883828043937683, 0.0854891836643219, 0.05427093431353569], "conf": 0.4643210470676422}, {"box_index": 2, "class_id": 1, "class_name": "B2", "bbox_yolo": [0.5070291757583618, 0.428148090839386, 0.13556022942066193, 0.08807604759931564], "conf": 0.32400691509246826}, {"box_index": 3, "class_id": 2, "class_name": "B3", "bbox_yolo": [0.612446665763855, 0.40497612953186035, 0.14251646399497986, 0.10776474326848984], "conf": 0.27429595589637756}], "count_per_class": {"B1": 0, "B2": 2, "B3": 2, "B4": 0}, "side_index": 2}