{"image": "DAMIMAS_A21B_0382_1.jpg", "detector": "y26n_vanilla_local", "detections": [{"box_index": 0, "class_id": 0, "class_name": "B1", "bbox_yolo": [0.5477431416511536, 0.3635486960411072, 0.14881452918052673, 0.11132168769836426], "conf": 0.7132832407951355}, {"box_index": 1, "class_id": 0, "class_name": "B1", "bbox_yolo": [0.2936750650405884, 0.3387574553489685, 0.10493642836809158, 0.08514857292175293], "conf": 0.5780039429664612}, {"box_index": 2, "class_id": 2, "class_name": "B3", "bbox_yolo": [0.41856321692466736, 0.3271494507789612, 0.12265314161777496, 0.08955492824316025], "conf": 0.4667420983314514}, {"box_index": 3, "class_id": 3, "class_name": "B4", "bbox_yolo": [0.5135880708694458, 0.25953197479248047, 0.15230312943458557, 0.09923284500837326], "conf": 0.360286682844162}], "count_per_class": {"B1": 2, "B2": 0, "B3": 1, "B4": 1}, "side_index": 0}