{"image": "DAMIMAS_A21B_0332_2.jpg", "detector": "y26n_vanilla_local", "detections": [{"box_index": 0, "class_id": 2, "class_name": "B3", "bbox_yolo": [0.40614449977874756, 0.4602144658565521, 0.1106184720993042, 0.07466831058263779], "conf": 0.5467877984046936}, {"box_index": 1, "class_id": 2, "class_name": "B3", "bbox_yolo": [0.6161215901374817, 0.43350401520729065, 0.06724097579717636, 0.05271553993225098], "conf": 0.2799113392829895}], "count_per_class": {"B1": 0, "B2": 0, "B3": 2, "B4": 0}, "side_index": 1}