{"image": "DAMIMAS_A21B_0762_4.jpg", "detector": "y26n_vanilla_local", "detections": [{"box_index": 0, "class_id": 1, "class_name": "B2", "bbox_yolo": [0.4875570833683014, 0.36292216181755066, 0.11600743234157562, 0.10488720238208771], "conf": 0.45712608098983765}, {"box_index": 1, "class_id": 2, "class_name": "B3", "bbox_yolo": [0.2880145013332367, 0.3617083430290222, 0.12339780479669571, 0.09555955231189728], "conf": 0.33256903290748596}], "count_per_class": {"B1": 0, "B2": 1, "B3": 1, "B4": 0}, "side_index": 3}