{"image": "DAMIMAS_A21B_0624_1.jpg", "detector": "y26n_vanilla_local", "detections": [{"box_index": 0, "class_id": 0, "class_name": "B1", "bbox_yolo": [0.4078545868396759, 0.5834961533546448, 0.1994519680738449, 0.13099947571754456], "conf": 0.6905631422996521}, {"box_index": 1, "class_id": 2, "class_name": "B3", "bbox_yolo": [0.3036904036998749, 0.5018539428710938, 0.12206628173589706, 0.10451187938451767], "conf": 0.5657992362976074}, {"box_index": 2, "class_id": 2, "class_name": "B3", "bbox_yolo": [0.6008186936378479, 0.5358229875564575, 0.13663750886917114, 0.11074882000684738], "conf": 0.5003303289413452}], "count_per_class": {"B1": 1, "B2": 0, "B3": 2, "B4": 0}, "side_index": 0}