{"image": "DAMIMAS_A21B_0004_3.jpg", "detector": "y26n_vanilla_local", "detections": [{"box_index": 0, "class_id": 2, "class_name": "B3", "bbox_yolo": [0.5862497687339783, 0.4627450406551361, 0.10708910971879959, 0.0873023048043251], "conf": 0.6720593571662903}, {"box_index": 1, "class_id": 2, "class_name": "B3", "bbox_yolo": [0.377001017332077, 0.5155906081199646, 0.10858765244483948, 0.08488426357507706], "conf": 0.4431156814098358}, {"box_index": 2, "class_id": 2, "class_name": "B3", "bbox_yolo": [0.479526549577713, 0.483328253030777, 0.10258853435516357, 0.0835227519273758], "conf": 0.2627500295639038}], "count_per_class": {"B1": 0, "B2": 0, "B3": 3, "B4": 0}, "side_index": 2}