{"image": "DAMIMAS_A21B_0023_1.jpg", "detector": "y26n_vanilla_local", "detections": [{"box_index": 0, "class_id": 0, "class_name": "B1", "bbox_yolo": [0.48108699917793274, 0.5288482904434204, 0.13620606064796448, 0.10963592678308487], "conf": 0.7007198333740234}, {"box_index": 1, "class_id": 2, "class_name": "B3", "bbox_yolo": [0.35219135880470276, 0.5289754867553711, 0.11213039606809616, 0.0988193079829216], "conf": 0.6973286271095276}], "count_per_class": {"B1": 1, "B2": 0, "B3": 1, "B4": 0}, "side_index": 0}