{"image": "DAMIMAS_A21B_0835_5.jpg", "detector": "y26n_vanilla_local", "detections": [{"box_index": 0, "class_id": 2, "class_name": "B3", "bbox_yolo": [0.24877138435840607, 0.32624655961990356, 0.12868554890155792, 0.13012345135211945], "conf": 0.7306822538375854}, {"box_index": 1, "class_id": 2, "class_name": "B3", "bbox_yolo": [0.42076489329338074, 0.30961376428604126, 0.17400199174880981, 0.15043173730373383], "conf": 0.642595648765564}, {"box_index": 2, "class_id": 2, "class_name": "B3", "bbox_yolo": [0.35545045137405396, 0.20529870688915253, 0.18460188806056976, 0.12270640581846237], "conf": 0.6197280287742615}], "count_per_class": {"B1": 0, "B2": 0, "B3": 3, "B4": 0}, "side_index": 4}