{"image": "DAMIMAS_A21B_0211_2.jpg", "detector": "y26n_vanilla_local", "detections": [{"box_index": 0, "class_id": 0, "class_name": "B1", "bbox_yolo": [0.38929250836372375, 0.4757497012615204, 0.14895300567150116, 0.11293420940637589], "conf": 0.7710077166557312}, {"box_index": 1, "class_id": 2, "class_name": "B3", "bbox_yolo": [0.5244856476783752, 0.415400892496109, 0.09920508414506912, 0.1073305606842041], "conf": 0.5043066740036011}, {"box_index": 2, "class_id": 2, "class_name": "B3", "bbox_yolo": [0.37873151898384094, 0.3826383054256439, 0.10326710343360901, 0.07596266269683838], "conf": 0.489200234413147}, {"box_index": 3, "class_id": 1, "class_name": "B2", "bbox_yolo": [0.6463592648506165, 0.4375554025173187, 0.11469708383083344, 0.08814831078052521], "conf": 0.4336887001991272}], "count_per_class": {"B1": 1, "B2": 1, "B3": 2, "B4": 0}, "side_index": 1}