{"image": "DAMIMAS_A21B_0387_2.jpg", "detector": "y26n_vanilla_local", "detections": [{"box_index": 0, "class_id": 1, "class_name": "B2", "bbox_yolo": [0.34531062841415405, 0.4540517032146454, 0.11793970316648483, 0.09061522781848907], "conf": 0.4394158124923706}, {"box_index": 1, "class_id": 2, "class_name": "B3", "bbox_yolo": [0.34531062841415405, 0.4540517032146454, 0.11793970316648483, 0.09061522781848907], "conf": 0.28939640522003174}], "count_per_class": {"B1": 0, "B2": 1, "B3": 1, "B4": 0}, "side_index": 1}