{"image": "DAMIMAS_A21B_0090_3.jpg", "detector": "y26n_vanilla_local", "detections": [{"box_index": 0, "class_id": 2, "class_name": "B3", "bbox_yolo": [0.6065240502357483, 0.4952794015407562, 0.11468620598316193, 0.09120173752307892], "conf": 0.664491593837738}, {"box_index": 1, "class_id": 1, "class_name": "B2", "bbox_yolo": [0.31456151604652405, 0.5094882249832153, 0.10808029770851135, 0.09278474003076553], "conf": 0.3077951967716217}, {"box_index": 2, "class_id": 3, "class_name": "B4", "bbox_yolo": [0.4861268699169159, 0.46675220131874084, 0.09546970576047897, 0.072911836206913], "conf": 0.2681654989719391}], "count_per_class": {"B1": 0, "B2": 1, "B3": 1, "B4": 1}, "side_index": 2}