{"image": "DAMIMAS_A21B_0477_3.jpg", "detector": "y26n_vanilla_local", "detections": [{"box_index": 0, "class_id": 2, "class_name": "B3", "bbox_yolo": [0.3727297782897949, 0.4577139914035797, 0.09754496067762375, 0.07133126258850098], "conf": 0.26148852705955505}, {"box_index": 1, "class_id": 2, "class_name": "B3", "bbox_yolo": [0.3733867406845093, 0.45482760667800903, 0.08204822987318039, 0.056464243680238724], "conf": 0.25969398021698}], "count_per_class": {"B1": 0, "B2": 0, "B3": 2, "B4": 0}, "side_index": 2}