{"image": "DAMIMAS_A21B_0849_8.jpg", "detector": "y26n_vanilla_local", "detections": [{"box_index": 0, "class_id": 1, "class_name": "B2", "bbox_yolo": [0.6062830686569214, 0.29441723227500916, 0.11191273480653763, 0.086552195250988], "conf": 0.5542076826095581}, {"box_index": 1, "class_id": 2, "class_name": "B3", "bbox_yolo": [0.31027236580848694, 0.30659595131874084, 0.09604664146900177, 0.08987279236316681], "conf": 0.37996023893356323}, {"box_index": 2, "class_id": 2, "class_name": "B3", "bbox_yolo": [0.6062830686569214, 0.29441723227500916, 0.11191273480653763, 0.086552195250988], "conf": 0.34796661138534546}], "count_per_class": {"B1": 0, "B2": 1, "B3": 2, "B4": 0}, "side_index": 7}