{"image": "DAMIMAS_A21B_0760_1.jpg", "detector": "y26n_vanilla_local", "detections": [{"box_index": 0, "class_id": 2, "class_name": "B3", "bbox_yolo": [0.3313828408718109, 0.35655948519706726, 0.16423547267913818, 0.13286975026130676], "conf": 0.6879939436912537}, {"box_index": 1, "class_id": 2, "class_name": "B3", "bbox_yolo": [0.6627079248428345, 0.35293540358543396, 0.1852988600730896, 0.11949403584003448], "conf": 0.5756375193595886}, {"box_index": 2, "class_id": 3, "class_name": "B4", "bbox_yolo": [0.6770946979522705, 0.258120596408844, 0.13019244372844696, 0.08232443779706955], "conf": 0.5262007117271423}, {"box_index": 3, "class_id": 2, "class_name": "B3", "bbox_yolo": [0.499080091714859, 0.30703821778297424, 0.16845189034938812, 0.11320104449987411], "conf": 0.3056744635105133}], "count_per_class": {"B1": 0, "B2": 0, "B3": 3, "B4": 1}, "side_index": 0}