{"image": "DAMIMAS_A21B_0286_2.jpg", "detector": "y26n_vanilla_local", "detections": [{"box_index": 0, "class_id": 2, "class_name": "B3", "bbox_yolo": [0.6747857928276062, 0.5108680129051208, 0.10754109174013138, 0.08917827904224396], "conf": 0.42186057567596436}, {"box_index": 1, "class_id": 1, "class_name": "B2", "bbox_yolo": [0.4034099578857422, 0.5329852104187012, 0.15147407352924347, 0.11660023033618927], "conf": 0.3154876232147217}, {"box_index": 2, "class_id": 2, "class_name": "B3", "bbox_yolo": [0.5442208051681519, 0.4973669946193695, 0.13326798379421234, 0.09337697178125381], "conf": 0.2609069049358368}], "count_per_class": {"B1": 0, "B2": 1, "B3": 2, "B4": 0}, "side_index": 1}