{"image": "DAMIMAS_A21B_0279_2.jpg", "detector": "y26n_vanilla_local", "detections": [{"box_index": 0, "class_id": 2, "class_name": "B3", "bbox_yolo": [0.5041365623474121, 0.44796234369277954, 0.1412200927734375, 0.11411704868078232], "conf": 0.6765000820159912}, {"box_index": 1, "class_id": 2, "class_name": "B3", "bbox_yolo": [0.3678031265735626, 0.43104496598243713, 0.10932522267103195, 0.0781775489449501], "conf": 0.4738119840621948}, {"box_index": 2, "class_id": 2, "class_name": "B3", "bbox_yolo": [0.36699584126472473, 0.5149843096733093, 0.15257088840007782, 0.09861946105957031], "conf": 0.4607684314250946}, {"box_index": 3, "class_id": 2, "class_name": "B3", "bbox_yolo": [0.6538926959037781, 0.47655144333839417, 0.1301918774843216, 0.09510035812854767], "conf": 0.3534872829914093}], "count_per_class": {"B1": 0, "B2": 0, "B3": 4, "B4": 0}, "side_index": 1}