{"image": "DAMIMAS_A21B_0725_3.jpg", "detector": "y26n_vanilla_local", "detections": [{"box_index": 0, "class_id": 2, "class_name": "B3", "bbox_yolo": [0.272611141204834, 0.4064534306526184, 0.2374868541955948, 0.18243174254894257], "conf": 0.7078437209129333}, {"box_index": 1, "class_id": 1, "class_name": "B2", "bbox_yolo": [0.7476171851158142, 0.45621296763420105, 0.2747626006603241, 0.22450962662696838], "conf": 0.6092473864555359}, {"box_index": 2, "class_id": 2, "class_name": "B3", "bbox_yolo": [0.8489500880241394, 0.3445647358894348, 0.15579865872859955, 0.14678505063056946], "conf": 0.505656361579895}, {"box_index": 3, "class_id": 2, "class_name": "B3", "bbox_yolo": [0.5184362530708313, 0.38958287239074707, 0.1845186948776245, 0.1482984870672226], "conf": 0.4205186069011688}], "count_per_class": {"B1": 0, "B2": 1, "B3": 3, "B4": 0}, "side_index": 2}