{"image": "DAMIMAS_A21B_0817_7.jpg", "detector": "y26n_vanilla_local", "detections": [{"box_index": 0, "class_id": 0, "class_name": "B1", "bbox_yolo": [0.5743793249130249, 0.5304030776023865, 0.14875257015228271, 0.10505633801221848], "conf": 0.7899377942085266}, {"box_index": 1, "class_id": 2, "class_name": "B3", "bbox_yolo": [0.4211137294769287, 0.45907002687454224, 0.12227589637041092, 0.10810365527868271], "conf": 0.5829141736030579}, {"box_index": 2, "class_id": 2, "class_name": "B3", "bbox_yolo": [0.7184291481971741, 0.4874131381511688, 0.11032409965991974, 0.11108946800231934], "conf": 0.5148548483848572}, {"box_index": 3, "class_id": 2, "class_name": "B3", "bbox_yolo": [0.6321188807487488, 0.43048810958862305, 0.11553122848272324, 0.09101831912994385], "conf": 0.5093859434127808}], "count_per_class": {"B1": 1, "B2": 0, "B3": 3, "B4": 0}, "side_index": 6}