{"image": "DAMIMAS_A21B_0348_3.jpg", "detector": "y26n_vanilla_local", "detections": [{"box_index": 0, "class_id": 0, "class_name": "B1", "bbox_yolo": [0.30804869532585144, 0.38579633831977844, 0.1227034479379654, 0.10044818371534348], "conf": 0.7696358561515808}, {"box_index": 1, "class_id": 2, "class_name": "B3", "bbox_yolo": [0.3866790235042572, 0.32861003279685974, 0.11788569390773773, 0.0895160436630249], "conf": 0.7179486751556396}, {"box_index": 2, "class_id": 1, "class_name": "B2", "bbox_yolo": [0.5354187488555908, 0.344257116317749, 0.10650835931301117, 0.1000678539276123], "conf": 0.27514827251434326}, {"box_index": 3, "class_id": 2, "class_name": "B3", "bbox_yolo": [0.6563540697097778, 0.3426743745803833, 0.0808279737830162, 0.06682457774877548], "conf": 0.25198766589164734}], "count_per_class": {"B1": 1, "B2": 1, "B3": 2, "B4": 0}, "side_index": 2}