{"image": "DAMIMAS_A21B_0473_4.jpg", "detector": "y26n_vanilla_local", "detections": [{"box_index": 0, "class_id": 0, "class_name": "B1", "bbox_yolo": [0.5074344873428345, 0.4570624828338623, 0.1451140195131302, 0.13312481343746185], "conf": 0.7120705246925354}, {"box_index": 1, "class_id": 2, "class_name": "B3", "bbox_yolo": [0.3843391239643097, 0.4264860153198242, 0.0993858352303505, 0.08872330188751221], "conf": 0.36708348989486694}, {"box_index": 2, "class_id": 2, "class_name": "B3", "bbox_yolo": [0.6162310838699341, 0.4205404222011566, 0.10208213329315186, 0.09323535114526749], "conf": 0.3510664105415344}, {"box_index": 3, "class_id": 2, "class_name": "B3", "bbox_yolo": [0.7037264704704285, 0.43134862184524536, 0.09117782115936279, 0.07334654778242111], "conf": 0.3413029611110687}], "count_per_class": {"B1": 1, "B2": 0, "B3": 3, "B4": 0}, "side_index": 3}