{"image": "DAMIMAS_A21B_0725_1.jpg", "detector": "y26n_vanilla_local", "detections": [{"box_index": 0, "class_id": 1, "class_name": "B2", "bbox_yolo": [0.7986981868743896, 0.38844820857048035, 0.15834631025791168, 0.15310363471508026], "conf": 0.5830093026161194}, {"box_index": 1, "class_id": 2, "class_name": "B3", "bbox_yolo": [0.3934575021266937, 0.3619476854801178, 0.23567579686641693, 0.19584313035011292], "conf": 0.45474115014076233}, {"box_index": 2, "class_id": 2, "class_name": "B3", "bbox_yolo": [0.6644527316093445, 0.32799264788627625, 0.18028044700622559, 0.1357182115316391], "conf": 0.3025045692920685}], "count_per_class": {"B1": 0, "B2": 1, "B3": 2, "B4": 0}, "side_index": 0}