{"image": "DAMIMAS_A21B_0611_1.jpg", "detector": "y26n_vanilla_local", "detections": [{"box_index": 0, "class_id": 2, "class_name": "B3", "bbox_yolo": [0.5549247860908508, 0.35882246494293213, 0.17996150255203247, 0.15825581550598145], "conf": 0.5777592062950134}, {"box_index": 1, "class_id": 2, "class_name": "B3", "bbox_yolo": [0.3180828392505646, 0.3658313751220703, 0.1629030704498291, 0.11490573734045029], "conf": 0.5036363005638123}], "count_per_class": {"B1": 0, "B2": 0, "B3": 2, "B4": 0}, "side_index": 0}