{"image": "DAMIMAS_A21B_0672_3.jpg", "detector": "y26n_vanilla_local", "detections": [{"box_index": 0, "class_id": 0, "class_name": "B1", "bbox_yolo": [0.2976709008216858, 0.4132802486419678, 0.22599460184574127, 0.17104732990264893], "conf": 0.8467077612876892}, {"box_index": 1, "class_id": 2, "class_name": "B3", "bbox_yolo": [0.5008805394172668, 0.35613855719566345, 0.17279444634914398, 0.15148793160915375], "conf": 0.7286286354064941}, {"box_index": 2, "class_id": 3, "class_name": "B4", "bbox_yolo": [0.44985175132751465, 0.21808822453022003, 0.13846324384212494, 0.11402497440576553], "conf": 0.4773074686527252}, {"box_index": 3, "class_id": 2, "class_name": "B3", "bbox_yolo": [0.7178943157196045, 0.369352787733078, 0.15589168667793274, 0.12698698043823242], "conf": 0.32484719157218933}], "count_per_class": {"B1": 1, "B2": 0, "B3": 2, "B4": 1}, "side_index": 2}