{"image": "DAMIMAS_A21B_0768_2.jpg", "detector": "y26n_vanilla_local", "detections": [{"box_index": 0, "class_id": 0, "class_name": "B1", "bbox_yolo": [0.6680060625076294, 0.41349607706069946, 0.1313493847846985, 0.11221247166395187], "conf": 0.7978907227516174}, {"box_index": 1, "class_id": 2, "class_name": "B3", "bbox_yolo": [0.3965398669242859, 0.3819669187068939, 0.11270854622125626, 0.10614147037267685], "conf": 0.6197326183319092}, {"box_index": 2, "class_id": 2, "class_name": "B3", "bbox_yolo": [0.5422319173812866, 0.3832555115222931, 0.11317046731710434, 0.11017251014709473], "conf": 0.5174753665924072}, {"box_index": 3, "class_id": 0, "class_name": "B1", "bbox_yolo": [0.3418418765068054, 0.4381314218044281, 0.09573746472597122, 0.07648744434118271], "conf": 0.38762572407722473}], "count_per_class": {"B1": 2, "B2": 0, "B3": 2, "B4": 0}, "side_index": 1}