{"image": "DAMIMAS_A21B_0232_4.jpg", "detector": "y26n_vanilla_local", "detections": [{"box_index": 0, "class_id": 3, "class_name": "B4", "bbox_yolo": [0.27347445487976074, 0.1332322061061859, 0.1325814574956894, 0.10578572750091553], "conf": 0.3985710144042969}, {"box_index": 1, "class_id": 3, "class_name": "B4", "bbox_yolo": [0.5857236385345459, 0.1932835876941681, 0.15219081938266754, 0.12861037254333496], "conf": 0.2524884343147278}], "count_per_class": {"B1": 0, "B2": 0, "B3": 0, "B4": 2}, "side_index": 3}