{"image": "DAMIMAS_A21B_0012_4.jpg", "detector": "y26n_vanilla_local", "detections": [{"box_index": 0, "class_id": 2, "class_name": "B3", "bbox_yolo": [0.4552868902683258, 0.5655360221862793, 0.07878056168556213, 0.0695062205195427], "conf": 0.3224220871925354}], "count_per_class": {"B1": 0, "B2": 0, "B3": 1, "B4": 0}, "side_index": 3}