{"image": "DAMIMAS_A21B_0841_7.jpg", "detector": "y26n_vanilla_local", "detections": [{"box_index": 0, "class_id": 2, "class_name": "B3", "bbox_yolo": [0.477232426404953, 0.3579420745372772, 0.10916093736886978, 0.09262776374816895], "conf": 0.7503713369369507}, {"box_index": 1, "class_id": 1, "class_name": "B2", "bbox_yolo": [0.37658095359802246, 0.41041046380996704, 0.12410850822925568, 0.09915294498205185], "conf": 0.46300509572029114}, {"box_index": 2, "class_id": 0, "class_name": "B1", "bbox_yolo": [0.37658095359802246, 0.41041046380996704, 0.12410850822925568, 0.09915294498205185], "conf": 0.42742007970809937}, {"box_index": 3, "class_id": 2, "class_name": "B3", "bbox_yolo": [0.6676785945892334, 0.3180067539215088, 0.07008253782987595, 0.056797146797180176], "conf": 0.26527175307273865}], "count_per_class": {"B1": 1, "B2": 1, "B3": 2, "B4": 0}, "side_index": 6}