{"image": "DAMIMAS_A21B_0057_3.jpg", "detector": "y26n_vanilla_local", "detections": [{"box_index": 0, "class_id": 2, "class_name": "B3", "bbox_yolo": [0.6357519626617432, 0.5080488324165344, 0.12163951247930527, 0.0961238369345665], "conf": 0.538059651851654}, {"box_index": 1, "class_id": 3, "class_name": "B4", "bbox_yolo": [0.5475485920906067, 0.41226354241371155, 0.12700428068637848, 0.09580443054437637], "conf": 0.43375784158706665}, {"box_index": 2, "class_id": 1, "class_name": "B2", "bbox_yolo": [0.41315120458602905, 0.5595035552978516, 0.11681846529245377, 0.09299707412719727], "conf": 0.2619776129722595}, {"box_index": 3, "class_id": 2, "class_name": "B3", "bbox_yolo": [0.30553901195526123, 0.5552959442138672, 0.1283949315547943, 0.09886188805103302], "conf": 0.2612304389476776}], "count_per_class": {"B1": 0, "B2": 1, "B3": 2, "B4": 1}, "side_index": 2}