{"image": "DAMIMAS_A21B_0117_4.jpg", "detector": "y26n_vanilla_local", "detections": [{"box_index": 0, "class_id": 2, "class_name": "B3", "bbox_yolo": [0.6048791408538818, 0.5275670289993286, 0.12237314134836197, 0.11977076530456543], "conf": 0.4810013771057129}, {"box_index": 1, "class_id": 2, "class_name": "B3", "bbox_yolo": [0.6041432023048401, 0.5335633158683777, 0.128031924366951, 0.13192200660705566], "conf": 0.40930238366127014}], "count_per_class": {"B1": 0, "B2": 0, "B3": 2, "B4": 0}, "side_index": 3}