{"image": "DAMIMAS_A21B_0011_1.jpg", "detector": "y26n_vanilla_local", "detections": [{"box_index": 0, "class_id": 0, "class_name": "B1", "bbox_yolo": [0.6358733177185059, 0.5460833311080933, 0.09561017900705338, 0.09460773319005966], "conf": 0.6920715570449829}, {"box_index": 1, "class_id": 2, "class_name": "B3", "bbox_yolo": [0.5405362844467163, 0.5203298330307007, 0.09041182696819305, 0.07923650741577148], "conf": 0.35024145245552063}], "count_per_class": {"B1": 1, "B2": 0, "B3": 1, "B4": 0}, "side_index": 0}