{"image": "DAMIMAS_A21B_0331_1.jpg", "detector": "y26n_vanilla_local", "detections": [{"box_index": 0, "class_id": 2, "class_name": "B3", "bbox_yolo": [0.40705710649490356, 0.4131077229976654, 0.14287205040454865, 0.10541007667779922], "conf": 0.3469896614551544}, {"box_index": 1, "class_id": 2, "class_name": "B3", "bbox_yolo": [0.5176941752433777, 0.36412501335144043, 0.12845195829868317, 0.09768407791852951], "conf": 0.3421136736869812}, {"box_index": 2, "class_id": 2, "class_name": "B3", "bbox_yolo": [0.2856673002243042, 0.4198872745037079, 0.10788819193840027, 0.09545667469501495], "conf": 0.2749396562576294}], "count_per_class": {"B1": 0, "B2": 0, "B3": 3, "B4": 0}, "side_index": 0}