{"image": "DAMIMAS_A21B_0370_2.jpg", "detector": "y26n_vanilla_local", "detections": [{"box_index": 0, "class_id": 0, "class_name": "B1", "bbox_yolo": [0.5546674132347107, 0.4514255225658417, 0.13171669840812683, 0.1144024133682251], "conf": 0.8015444278717041}], "count_per_class": {"B1": 1, "B2": 0, "B3": 0, "B4": 0}, "side_index": 1}