{"image": "DAMIMAS_A21B_0522_2.jpg", "detector": "y26n_vanilla_local", "detections": [{"box_index": 0, "class_id": 2, "class_name": "B3", "bbox_yolo": [0.6097387671470642, 0.3682314157485962, 0.10532061755657196, 0.0867895632982254], "conf": 0.6237123608589172}, {"box_index": 1, "class_id": 1, "class_name": "B2", "bbox_yolo": [0.5182491540908813, 0.38892805576324463, 0.09649286419153214, 0.09186911582946777], "conf": 0.25725632905960083}], "count_per_class": {"B1": 0, "B2": 1, "B3": 1, "B4": 0}, "side_index": 1}