{"image": "DAMIMAS_A21B_0210_4.jpg", "detector": "y26n_vanilla_local", "detections": [{"box_index": 0, "class_id": 0, "class_name": "B1", "bbox_yolo": [0.6117221117019653, 0.36958685517311096, 0.16778571903705597, 0.11938698589801788], "conf": 0.7554379105567932}, {"box_index": 1, "class_id": 2, "class_name": "B3", "bbox_yolo": [0.4279218316078186, 0.32906290888786316, 0.15127195417881012, 0.11242709308862686], "conf": 0.6190528273582458}, {"box_index": 2, "class_id": 3, "class_name": "B4", "bbox_yolo": [0.42251697182655334, 0.23822756111621857, 0.1105286031961441, 0.07533977180719376], "conf": 0.36801567673683167}], "count_per_class": {"B1": 1, "B2": 0, "B3": 1, "B4": 1}, "side_index": 3}