{"image": "DAMIMAS_A21B_0137_2.jpg", "detector": "y26n_vanilla_local", "detections": [{"box_index": 0, "class_id": 2, "class_name": "B3", "bbox_yolo": [0.37844353914260864, 0.42195674777030945, 0.12361018359661102, 0.10541396588087082], "conf": 0.7703792452812195}, {"box_index": 1, "class_id": 3, "class_name": "B4", "bbox_yolo": [0.35963132977485657, 0.3448869585990906, 0.06908754259347916, 0.04438657686114311], "conf": 0.29752135276794434}, {"box_index": 2, "class_id": 1, "class_name": "B2", "bbox_yolo": [0.6531875729560852, 0.45191246271133423, 0.09519914537668228, 0.08282547444105148], "conf": 0.28516659140586853}, {"box_index": 3, "class_id": 2, "class_name": "B3", "bbox_yolo": [0.6531875729560852, 0.45191246271133423, 0.09519914537668228, 0.08282547444105148], "conf": 0.27730751037597656}], "count_per_class": {"B1": 0, "B2": 1, "B3": 2, "B4": 1}, "side_index": 1}