{"image": "DAMIMAS_A21B_0295_2.jpg", "detector": "y26n_vanilla_local", "detections": [{"box_index": 0, "class_id": 2, "class_name": "B3", "bbox_yolo": [0.6002293229103088, 0.47608479857444763, 0.10788911581039429, 0.08298487961292267], "conf": 0.2994464933872223}, {"box_index": 1, "class_id": 2, "class_name": "B3", "bbox_yolo": [0.3401613235473633, 0.49864673614501953, 0.12204176932573318, 0.0853722095489502], "conf": 0.2719654440879822}], "count_per_class": {"B1": 0, "B2": 0, "B3": 2, "B4": 0}, "side_index": 1}