{"image": "DAMIMAS_A21B_0455_2.jpg", "detector": "y26n_vanilla_local", "detections": [{"box_index": 0, "class_id": 2, "class_name": "B3", "bbox_yolo": [0.6141812205314636, 0.42118406295776367, 0.1303456723690033, 0.09230559319257736], "conf": 0.6981735229492188}, {"box_index": 1, "class_id": 2, "class_name": "B3", "bbox_yolo": [0.35191455483436584, 0.43934574723243713, 0.10483097285032272, 0.0859975591301918], "conf": 0.5364363193511963}, {"box_index": 2, "class_id": 2, "class_name": "B3", "bbox_yolo": [0.4710414707660675, 0.38447028398513794, 0.11097317188978195, 0.07651541382074356], "conf": 0.5203837752342224}, {"box_index": 3, "class_id": 2, "class_name": "B3", "bbox_yolo": [0.4788174629211426, 0.3804762363433838, 0.0877685621380806, 0.06485986709594727], "conf": 0.3226521611213684}], "count_per_class": {"B1": 0, "B2": 0, "B3": 4, "B4": 0}, "side_index": 1}