{"image": "DAMIMAS_A21B_0068_1.jpg", "detector": "y26n_vanilla_local", "detections": [{"box_index": 0, "class_id": 2, "class_name": "B3", "bbox_yolo": [0.5145087242126465, 0.5148422122001648, 0.10649039596319199, 0.09470925480127335], "conf": 0.8182768225669861}, {"box_index": 1, "class_id": 1, "class_name": "B2", "bbox_yolo": [0.38109394907951355, 0.5344059467315674, 0.11440996080636978, 0.09752893447875977], "conf": 0.5057190656661987}, {"box_index": 2, "class_id": 3, "class_name": "B4", "bbox_yolo": [0.539190411567688, 0.44598695635795593, 0.06629244983196259, 0.04209446907043457], "conf": 0.39986658096313477}, {"box_index": 3, "class_id": 0, "class_name": "B1", "bbox_yolo": [0.38109394907951355, 0.5344059467315674, 0.11440996080636978, 0.09752893447875977], "conf": 0.2818196415901184}], "count_per_class": {"B1": 1, "B2": 1, "B3": 1, "B4": 1}, "side_index": 0}