{"image": "DAMIMAS_A21B_0132_1.jpg", "detector": "y26n_vanilla_local", "detections": [{"box_index": 0, "class_id": 2, "class_name": "B3", "bbox_yolo": [0.566689670085907, 0.4038885533809662, 0.10364393144845963, 0.09228020161390305], "conf": 0.646980881690979}, {"box_index": 1, "class_id": 3, "class_name": "B4", "bbox_yolo": [0.4693157374858856, 0.36621713638305664, 0.09714305400848389, 0.07605297863483429], "conf": 0.38232293725013733}, {"box_index": 2, "class_id": 0, "class_name": "B1", "bbox_yolo": [0.638748824596405, 0.47606945037841797, 0.0809798613190651, 0.06893930584192276], "conf": 0.26197105646133423}], "count_per_class": {"B1": 1, "B2": 0, "B3": 1, "B4": 1}, "side_index": 0}