{"image": "DAMIMAS_A21B_0235_1.jpg", "detector": "y26n_vanilla_local", "detections": [{"box_index": 0, "class_id": 0, "class_name": "B1", "bbox_yolo": [0.5750115513801575, 0.40410366654396057, 0.14246003329753876, 0.1025320515036583], "conf": 0.4093050956726074}, {"box_index": 1, "class_id": 3, "class_name": "B4", "bbox_yolo": [0.5823203921318054, 0.32090845704078674, 0.10692180693149567, 0.07805591076612473], "conf": 0.27887850999832153}, {"box_index": 2, "class_id": 3, "class_name": "B4", "bbox_yolo": [0.5825603008270264, 0.3256551921367645, 0.1166452169418335, 0.08853554725646973], "conf": 0.26289984583854675}, {"box_index": 3, "class_id": 2, "class_name": "B3", "bbox_yolo": [0.4638156592845917, 0.3495977222919464, 0.12009242922067642, 0.09241499751806259], "conf": 0.25949370861053467}], "count_per_class": {"B1": 1, "B2": 0, "B3": 1, "B4": 2}, "side_index": 0}