{"image": "DAMIMAS_A21B_0356_4.jpg", "detector": "y26n_vanilla_local", "detections": [{"box_index": 0, "class_id": 2, "class_name": "B3", "bbox_yolo": [0.3570811152458191, 0.3792140483856201, 0.11288869380950928, 0.11177454143762589], "conf": 0.4066448211669922}, {"box_index": 1, "class_id": 2, "class_name": "B3", "bbox_yolo": [0.5846148729324341, 0.4113200306892395, 0.12491236627101898, 0.08626170456409454], "conf": 0.3198380470275879}], "count_per_class": {"B1": 0, "B2": 0, "B3": 2, "B4": 0}, "side_index": 3}