{"image": "DAMIMAS_A21B_0123_2.jpg", "detector": "y26n_vanilla_local", "detections": [{"box_index": 0, "class_id": 2, "class_name": "B3", "bbox_yolo": [0.36187902092933655, 0.45172929763793945, 0.12356886267662048, 0.09564514458179474], "conf": 0.5343709588050842}, {"box_index": 1, "class_id": 1, "class_name": "B2", "bbox_yolo": [0.5045315027236938, 0.4325478672981262, 0.13179901242256165, 0.10603411495685577], "conf": 0.39860087633132935}, {"box_index": 2, "class_id": 1, "class_name": "B2", "bbox_yolo": [0.6742538809776306, 0.4304600656032562, 0.1193683072924614, 0.0851585641503334], "conf": 0.3626309037208557}], "count_per_class": {"B1": 0, "B2": 2, "B3": 1, "B4": 0}, "side_index": 1}