{"image": "DAMIMAS_A21B_0484_4.jpg", "detector": "y26n_vanilla_local", "detections": [{"box_index": 0, "class_id": 2, "class_name": "B3", "bbox_yolo": [0.6447952389717102, 0.3374519646167755, 0.20287756621837616, 0.15175004303455353], "conf": 0.7881991267204285}, {"box_index": 1, "class_id": 2, "class_name": "B3", "bbox_yolo": [0.23656226694583893, 0.2511293590068817, 0.20692946016788483, 0.16045567393302917], "conf": 0.7294354438781738}, {"box_index": 2, "class_id": 2, "class_name": "B3", "bbox_yolo": [0.11064764112234116, 0.36548885703086853, 0.18425779044628143, 0.13402728736400604], "conf": 0.6748470067977905}, {"box_index": 3, "class_id": 2, "class_name": "B3", "bbox_yolo": [0.47623685002326965, 0.2338304966688156, 0.18048128485679626, 0.13224156200885773], "conf": 0.5211222767829895}], "count_per_class": {"B1": 0, "B2": 0, "B3": 4, "B4": 0}, "side_index": 3}