{"image": "DAMIMAS_A21B_0289_4.jpg", "detector": "y26n_vanilla_local", "detections": [{"box_index": 0, "class_id": 0, "class_name": "B1", "bbox_yolo": [0.5286775231361389, 0.4481634199619293, 0.11360817402601242, 0.09494280815124512], "conf": 0.5526613593101501}, {"box_index": 1, "class_id": 2, "class_name": "B3", "bbox_yolo": [0.39902082085609436, 0.4374803602695465, 0.10941823571920395, 0.08132865279912949], "conf": 0.5432790517807007}], "count_per_class": {"B1": 1, "B2": 0, "B3": 1, "B4": 0}, "side_index": 3}