{"image": "DAMIMAS_A21B_0405_4.jpg", "detector": "y26n_vanilla_local", "detections": [{"box_index": 0, "class_id": 2, "class_name": "B3", "bbox_yolo": [0.6377594470977783, 0.39700958132743835, 0.09850496053695679, 0.0755319818854332], "conf": 0.38788050413131714}, {"box_index": 1, "class_id": 0, "class_name": "B1", "bbox_yolo": [0.5514465570449829, 0.4721997380256653, 0.07163280248641968, 0.05998940393328667], "conf": 0.37944507598876953}], "count_per_class": {"B1": 1, "B2": 0, "B3": 1, "B4": 0}, "side_index": 3}