{"image": "DAMIMAS_A21B_0265_3.jpg", "detector": "y26n_vanilla_local", "detections": [{"box_index": 0, "class_id": 0, "class_name": "B1", "bbox_yolo": [0.586665689945221, 0.4921571910381317, 0.12072611600160599, 0.14400863647460938], "conf": 0.7516106367111206}, {"box_index": 1, "class_id": 2, "class_name": "B3", "bbox_yolo": [0.3642265498638153, 0.48757320642471313, 0.14563411474227905, 0.10988855361938477], "conf": 0.6557131409645081}, {"box_index": 2, "class_id": 2, "class_name": "B3", "bbox_yolo": [0.7267423272132874, 0.5069548487663269, 0.1120946928858757, 0.08917265385389328], "conf": 0.3757505416870117}, {"box_index": 3, "class_id": 2, "class_name": "B3", "bbox_yolo": [0.6693002581596375, 0.428087443113327, 0.09044380486011505, 0.058280255645513535], "conf": 0.25927022099494934}], "count_per_class": {"B1": 1, "B2": 0, "B3": 3, "B4": 0}, "side_index": 2}