{"image": "DAMIMAS_A21B_0412_1.jpg", "detector": "y26n_vanilla_local", "detections": [{"box_index": 0, "class_id": 0, "class_name": "B1", "bbox_yolo": [0.5971570014953613, 0.40091609954833984, 0.12000618875026703, 0.09002065658569336], "conf": 0.7416723370552063}, {"box_index": 1, "class_id": 2, "class_name": "B3", "bbox_yolo": [0.4600464701652527, 0.38799479603767395, 0.11828655004501343, 0.10968031734228134], "conf": 0.6486219763755798}], "count_per_class": {"B1": 1, "B2": 0, "B3": 1, "B4": 0}, "side_index": 0}