{"image": "DAMIMAS_A21B_0299_2.jpg", "detector": "y26n_vanilla_local", "detections": [{"box_index": 0, "class_id": 2, "class_name": "B3", "bbox_yolo": [0.3577386140823364, 0.2849005162715912, 0.10728321969509125, 0.08239813148975372], "conf": 0.2753230035305023}], "count_per_class": {"B1": 0, "B2": 0, "B3": 1, "B4": 0}, "side_index": 1}