{"image": "DAMIMAS_A21B_0514_4.jpg", "detector": "y26n_vanilla_local", "detections": [{"box_index": 0, "class_id": 2, "class_name": "B3", "bbox_yolo": [0.46310171484947205, 0.4128095805644989, 0.14112775027751923, 0.11872132122516632], "conf": 0.7015455961227417}, {"box_index": 1, "class_id": 2, "class_name": "B3", "bbox_yolo": [0.6108211278915405, 0.3819117248058319, 0.12447892129421234, 0.10579299926757812], "conf": 0.6315624117851257}, {"box_index": 2, "class_id": 3, "class_name": "B4", "bbox_yolo": [0.3657973110675812, 0.3525647819042206, 0.10925480723381042, 0.08172845840454102], "conf": 0.42193394899368286}], "count_per_class": {"B1": 0, "B2": 0, "B3": 2, "B4": 1}, "side_index": 3}