{"image": "DAMIMAS_A21B_0102_2.jpg", "detector": "y26n_vanilla_local", "detections": [{"box_index": 0, "class_id": 2, "class_name": "B3", "bbox_yolo": [0.6531488299369812, 0.5609223246574402, 0.13575954735279083, 0.12493439018726349], "conf": 0.6828505396842957}, {"box_index": 1, "class_id": 2, "class_name": "B3", "bbox_yolo": [0.5278112888336182, 0.520611047744751, 0.11558142304420471, 0.08217030018568039], "conf": 0.6618345975875854}, {"box_index": 2, "class_id": 2, "class_name": "B3", "bbox_yolo": [0.32528185844421387, 0.5646589398384094, 0.09028047323226929, 0.09038925170898438], "conf": 0.3846096098423004}, {"box_index": 3, "class_id": 2, "class_name": "B3", "bbox_yolo": [0.39346686005592346, 0.5340272188186646, 0.1073492094874382, 0.08516965061426163], "conf": 0.26391950249671936}], "count_per_class": {"B1": 0, "B2": 0, "B3": 4, "B4": 0}, "side_index": 1}