{"image": "DAMIMAS_A21B_0053_3.jpg", "detector": "y26n_vanilla_local", "detections": [{"box_index": 0, "class_id": 1, "class_name": "B2", "bbox_yolo": [0.3741922676563263, 0.5019738078117371, 0.1344497799873352, 0.09415898472070694], "conf": 0.6472550630569458}, {"box_index": 1, "class_id": 2, "class_name": "B3", "bbox_yolo": [0.5927808880805969, 0.47956568002700806, 0.11241277307271957, 0.08536720275878906], "conf": 0.38418829441070557}, {"box_index": 2, "class_id": 2, "class_name": "B3", "bbox_yolo": [0.37077245116233826, 0.4269542694091797, 0.12061606347560883, 0.078731469810009], "conf": 0.37811020016670227}, {"box_index": 3, "class_id": 3, "class_name": "B4", "bbox_yolo": [0.37077245116233826, 0.4269542694091797, 0.12061606347560883, 0.078731469810009], "conf": 0.292274534702301}], "count_per_class": {"B1": 0, "B2": 1, "B3": 2, "B4": 1}, "side_index": 2}