{"image": "DAMIMAS_A21B_0554_4.jpg", "detector": "y26n_vanilla_local", "detections": [{"box_index": 0, "class_id": 0, "class_name": "B1", "bbox_yolo": [0.6095994710922241, 0.373396635055542, 0.12818877398967743, 0.1032942533493042], "conf": 0.5360831022262573}, {"box_index": 1, "class_id": 2, "class_name": "B3", "bbox_yolo": [0.3757898509502411, 0.3425450026988983, 0.131644606590271, 0.12037515640258789], "conf": 0.5335482358932495}, {"box_index": 2, "class_id": 1, "class_name": "B2", "bbox_yolo": [0.2347317934036255, 0.38643142580986023, 0.1413383185863495, 0.10478203743696213], "conf": 0.4585927128791809}, {"box_index": 3, "class_id": 2, "class_name": "B3", "bbox_yolo": [0.3018411695957184, 0.26911860704421997, 0.11400442570447922, 0.07271766662597656], "conf": 0.3231537342071533}], "count_per_class": {"B1": 1, "B2": 1, "B3": 2, "B4": 0}, "side_index": 3}