{"image": "DAMIMAS_A21B_0257_2.jpg", "detector": "y26n_vanilla_local", "detections": [{"box_index": 0, "class_id": 3, "class_name": "B4", "bbox_yolo": [0.38635769486427307, 0.3073025047779083, 0.09523732215166092, 0.07603674381971359], "conf": 0.31258678436279297}, {"box_index": 1, "class_id": 2, "class_name": "B3", "bbox_yolo": [0.3332758843898773, 0.38091111183166504, 0.09209712594747543, 0.08206205815076828], "conf": 0.2777683734893799}], "count_per_class": {"B1": 0, "B2": 0, "B3": 1, "B4": 1}, "side_index": 1}