{"image": "DAMIMAS_A21B_0018_4.jpg", "detector": "y26n_vanilla_local", "detections": [{"box_index": 0, "class_id": 2, "class_name": "B3", "bbox_yolo": [0.6272786259651184, 0.4892116189002991, 0.09063123911619186, 0.07200632244348526], "conf": 0.5997568368911743}, {"box_index": 1, "class_id": 0, "class_name": "B1", "bbox_yolo": [0.43987131118774414, 0.5031163096427917, 0.1045970618724823, 0.0845409408211708], "conf": 0.36583414673805237}, {"box_index": 2, "class_id": 1, "class_name": "B2", "bbox_yolo": [0.43987131118774414, 0.5031163096427917, 0.1045970618724823, 0.0845409408211708], "conf": 0.32591086626052856}, {"box_index": 3, "class_id": 2, "class_name": "B3", "bbox_yolo": [0.36217787861824036, 0.49113988876342773, 0.05267331004142761, 0.04997706413269043], "conf": 0.2805767059326172}], "count_per_class": {"B1": 1, "B2": 1, "B3": 2, "B4": 0}, "side_index": 3}