{"image": "DAMIMAS_A21B_0256_2.jpg", "detector": "y26n_vanilla_local", "detections": [{"box_index": 0, "class_id": 2, "class_name": "B3", "bbox_yolo": [0.674357533454895, 0.42830315232276917, 0.1355552077293396, 0.1097482219338417], "conf": 0.3333418071269989}], "count_per_class": {"B1": 0, "B2": 0, "B3": 1, "B4": 0}, "side_index": 1}