{"image": "DAMIMAS_A21B_0545_1.jpg", "detector": "y26n_vanilla_local", "detections": [{"box_index": 0, "class_id": 2, "class_name": "B3", "bbox_yolo": [0.5524111986160278, 0.4628507196903229, 0.14811469614505768, 0.10591354221105576], "conf": 0.6671326756477356}, {"box_index": 1, "class_id": 2, "class_name": "B3", "bbox_yolo": [0.37509098649024963, 0.4830196499824524, 0.1381070911884308, 0.10613995045423508], "conf": 0.41551145911216736}, {"box_index": 2, "class_id": 1, "class_name": "B2", "bbox_yolo": [0.6776221394538879, 0.5155373811721802, 0.1421089917421341, 0.1228356882929802], "conf": 0.406841516494751}, {"box_index": 3, "class_id": 2, "class_name": "B3", "bbox_yolo": [0.6776221394538879, 0.5155373811721802, 0.1421089917421341, 0.1228356882929802], "conf": 0.3519192039966583}], "count_per_class": {"B1": 0, "B2": 1, "B3": 3, "B4": 0}, "side_index": 0}