{"image": "DAMIMAS_A21B_0212_1.jpg", "detector": "y26n_vanilla_local", "detections": [{"box_index": 0, "class_id": 2, "class_name": "B3", "bbox_yolo": [0.4415178894996643, 0.5150894522666931, 0.10015170276165009, 0.08100777119398117], "conf": 0.4309263825416565}, {"box_index": 1, "class_id": 2, "class_name": "B3", "bbox_yolo": [0.3846066892147064, 0.4702642858028412, 0.06352097541093826, 0.05177192762494087], "conf": 0.34706711769104004}, {"box_index": 2, "class_id": 2, "class_name": "B3", "bbox_yolo": [0.5396231412887573, 0.47096386551856995, 0.06826280057430267, 0.05530395731329918], "conf": 0.2693704664707184}, {"box_index": 3, "class_id": 2, "class_name": "B3", "bbox_yolo": [0.6356462240219116, 0.4885675013065338, 0.08996079862117767, 0.07175493240356445], "conf": 0.26383984088897705}], "count_per_class": {"B1": 0, "B2": 0, "B3": 4, "B4": 0}, "side_index": 0}