{"image": "DAMIMAS_A21B_0402_4.jpg", "detector": "y26n_vanilla_local", "detections": [{"box_index": 0, "class_id": 2, "class_name": "B3", "bbox_yolo": [0.3368983268737793, 0.3736274838447571, 0.1316554844379425, 0.1097695380449295], "conf": 0.3717048466205597}], "count_per_class": {"B1": 0, "B2": 0, "B3": 1, "B4": 0}, "side_index": 3}