{"image": "DAMIMAS_A21B_0077_1.jpg", "detector": "y26n_vanilla_local", "detections": [{"box_index": 0, "class_id": 0, "class_name": "B1", "bbox_yolo": [0.6772700548171997, 0.5102715492248535, 0.11539014428853989, 0.10909447818994522], "conf": 0.7375727295875549}, {"box_index": 1, "class_id": 0, "class_name": "B1", "bbox_yolo": [0.30984237790107727, 0.5091812014579773, 0.13831263780593872, 0.1202448382973671], "conf": 0.6727168560028076}, {"box_index": 2, "class_id": 1, "class_name": "B2", "bbox_yolo": [0.5452678799629211, 0.4568938910961151, 0.10187054425477982, 0.08483371883630753], "conf": 0.49123045802116394}], "count_per_class": {"B1": 2, "B2": 1, "B3": 0, "B4": 0}, "side_index": 0}