{"image": "DAMIMAS_A21B_0670_1.jpg", "detector": "y26n_vanilla_local", "detections": [{"box_index": 0, "class_id": 2, "class_name": "B3", "bbox_yolo": [0.36434298753738403, 0.42273828387260437, 0.19583658874034882, 0.16865701973438263], "conf": 0.4059041440486908}, {"box_index": 1, "class_id": 1, "class_name": "B2", "bbox_yolo": [0.36434298753738403, 0.42273828387260437, 0.19583658874034882, 0.16865701973438263], "conf": 0.3376840353012085}, {"box_index": 2, "class_id": 2, "class_name": "B3", "bbox_yolo": [0.2539767920970917, 0.3596890866756439, 0.06650242954492569, 0.0712134838104248], "conf": 0.3003986179828644}], "count_per_class": {"B1": 0, "B2": 1, "B3": 2, "B4": 0}, "side_index": 0}