{"image": "DAMIMAS_A21B_0563_2.jpg", "detector": "y26n_vanilla_local", "detections": [{"box_index": 0, "class_id": 2, "class_name": "B3", "bbox_yolo": [0.437335729598999, 0.18254025280475616, 0.15523430705070496, 0.15438972413539886], "conf": 0.685505747795105}, {"box_index": 1, "class_id": 0, "class_name": "B1", "bbox_yolo": [0.6164470314979553, 0.22442074120044708, 0.16527558863162994, 0.1925646811723709], "conf": 0.6811133623123169}, {"box_index": 2, "class_id": 2, "class_name": "B3", "bbox_yolo": [0.29278579354286194, 0.172230526804924, 0.1041453406214714, 0.10163968056440353], "conf": 0.4915798604488373}], "count_per_class": {"B1": 1, "B2": 0, "B3": 2, "B4": 0}, "side_index": 1}