{"image": "DAMIMAS_A21B_0048_4.jpg", "detector": "y26n_vanilla_local", "detections": [{"box_index": 0, "class_id": 2, "class_name": "B3", "bbox_yolo": [0.44230425357818604, 0.5689863562583923, 0.16935642063617706, 0.1380731165409088], "conf": 0.7267076969146729}, {"box_index": 1, "class_id": 2, "class_name": "B3", "bbox_yolo": [0.63505619764328, 0.5805043578147888, 0.16543637216091156, 0.14224982261657715], "conf": 0.4788903295993805}, {"box_index": 2, "class_id": 1, "class_name": "B2", "bbox_yolo": [0.63505619764328, 0.5805043578147888, 0.16543637216091156, 0.14224982261657715], "conf": 0.30839675664901733}], "count_per_class": {"B1": 0, "B2": 1, "B3": 2, "B4": 0}, "side_index": 3}