{"image": "DAMIMAS_A21B_0756_3.jpg", "detector": "y26n_vanilla_local", "detections": [{"box_index": 0, "class_id": 2, "class_name": "B3", "bbox_yolo": [0.45589736104011536, 0.3654737174510956, 0.15933406352996826, 0.11651487648487091], "conf": 0.5453638434410095}, {"box_index": 1, "class_id": 2, "class_name": "B3", "bbox_yolo": [0.7054701447486877, 0.4030877649784088, 0.1728609800338745, 0.13307181000709534], "conf": 0.4679378569126129}, {"box_index": 2, "class_id": 2, "class_name": "B3", "bbox_yolo": [0.3035658001899719, 0.40912365913391113, 0.12955132126808167, 0.09763457626104355], "conf": 0.37110424041748047}, {"box_index": 3, "class_id": 1, "class_name": "B2", "bbox_yolo": [0.3035658001899719, 0.40912365913391113, 0.12955132126808167, 0.09763457626104355], "conf": 0.25090643763542175}], "count_per_class": {"B1": 0, "B2": 1, "B3": 3, "B4": 0}, "side_index": 2}