{"image": "DAMIMAS_A21B_0047_2.jpg", "detector": "y26n_vanilla_local", "detections": [{"box_index": 0, "class_id": 2, "class_name": "B3", "bbox_yolo": [0.6232163310050964, 0.5534297823905945, 0.13617897033691406, 0.10865011066198349], "conf": 0.6434709429740906}, {"box_index": 1, "class_id": 3, "class_name": "B4", "bbox_yolo": [0.5490313768386841, 0.474796861410141, 0.11274125427007675, 0.09762149304151535], "conf": 0.2828419506549835}, {"box_index": 2, "class_id": 3, "class_name": "B4", "bbox_yolo": [0.5479472279548645, 0.47002753615379333, 0.10179685801267624, 0.08907613903284073], "conf": 0.25562700629234314}], "count_per_class": {"B1": 0, "B2": 0, "B3": 1, "B4": 2}, "side_index": 1}