{"image": "DAMIMAS_A21B_0841_5.jpg", "detector": "y26n_vanilla_local", "detections": [{"box_index": 0, "class_id": 2, "class_name": "B3", "bbox_yolo": [0.46224987506866455, 0.219333216547966, 0.1338607221841812, 0.10797728598117828], "conf": 0.500645637512207}, {"box_index": 1, "class_id": 2, "class_name": "B3", "bbox_yolo": [0.6369720697402954, 0.2659111022949219, 0.15283146500587463, 0.12488367408514023], "conf": 0.40194395184516907}, {"box_index": 2, "class_id": 0, "class_name": "B1", "bbox_yolo": [0.7671501636505127, 0.3273046314716339, 0.1253335326910019, 0.09727206081151962], "conf": 0.3225265145301819}, {"box_index": 3, "class_id": 1, "class_name": "B2", "bbox_yolo": [0.7671501636505127, 0.3273046314716339, 0.1253335326910019, 0.09727206081151962], "conf": 0.30837133526802063}], "count_per_class": {"B1": 1, "B2": 1, "B3": 2, "B4": 0}, "side_index": 4}