{"image": "DAMIMAS_A21B_0110_2.jpg", "detector": "y26n_vanilla_local", "detections": [{"box_index": 0, "class_id": 2, "class_name": "B3", "bbox_yolo": [0.4430789351463318, 0.3028058409690857, 0.11290837079286575, 0.1011575236916542], "conf": 0.5283157229423523}, {"box_index": 1, "class_id": 2, "class_name": "B3", "bbox_yolo": [0.360309362411499, 0.3168366551399231, 0.06510166078805923, 0.05957944318652153], "conf": 0.2637382745742798}], "count_per_class": {"B1": 0, "B2": 0, "B3": 2, "B4": 0}, "side_index": 1}