{"image": "DAMIMAS_A21B_0584_3.jpg", "detector": "y26n_vanilla_local", "detections": [{"box_index": 0, "class_id": 2, "class_name": "B3", "bbox_yolo": [0.5446768999099731, 0.3321077823638916, 0.12042345106601715, 0.10065402835607529], "conf": 0.6526649594306946}, {"box_index": 1, "class_id": 1, "class_name": "B2", "bbox_yolo": [0.3828955590724945, 0.39936885237693787, 0.16031710803508759, 0.13577596843242645], "conf": 0.3464351296424866}, {"box_index": 2, "class_id": 3, "class_name": "B4", "bbox_yolo": [0.6256372332572937, 0.2904275059700012, 0.09524199366569519, 0.08265369385480881], "conf": 0.321008563041687}, {"box_index": 3, "class_id": 3, "class_name": "B4", "bbox_yolo": [0.3588828444480896, 0.3128175735473633, 0.10697820037603378, 0.06866343319416046], "conf": 0.2837149202823639}], "count_per_class": {"B1": 0, "B2": 1, "B3": 1, "B4": 2}, "side_index": 2}