{"image": "DAMIMAS_A21B_0834_2.jpg", "detector": "y26n_vanilla_local", "detections": [{"box_index": 0, "class_id": 2, "class_name": "B3", "bbox_yolo": [0.3995775878429413, 0.26032912731170654, 0.12264817953109741, 0.08291754871606827], "conf": 0.5225940942764282}, {"box_index": 1, "class_id": 1, "class_name": "B2", "bbox_yolo": [0.7229398488998413, 0.33939477801322937, 0.12583421170711517, 0.09713931381702423], "conf": 0.5144187808036804}, {"box_index": 2, "class_id": 2, "class_name": "B3", "bbox_yolo": [0.6573461294174194, 0.2397715300321579, 0.10825215280056, 0.10110992193222046], "conf": 0.500375509262085}, {"box_index": 3, "class_id": 1, "class_name": "B2", "bbox_yolo": [0.34811753034591675, 0.33641335368156433, 0.10805924981832504, 0.08224077522754669], "conf": 0.25954246520996094}], "count_per_class": {"B1": 0, "B2": 2, "B3": 2, "B4": 0}, "side_index": 1}