{"image": "DAMIMAS_A21B_0631_4.jpg", "detector": "y26n_vanilla_local", "detections": [{"box_index": 0, "class_id": 2, "class_name": "B3", "bbox_yolo": [0.4466668665409088, 0.3387172222137451, 0.16743847727775574, 0.11969878524541855], "conf": 0.5786173343658447}, {"box_index": 1, "class_id": 2, "class_name": "B3", "bbox_yolo": [0.32894110679626465, 0.4166138768196106, 0.12627725303173065, 0.11902997642755508], "conf": 0.5695662498474121}, {"box_index": 2, "class_id": 2, "class_name": "B3", "bbox_yolo": [0.7005141377449036, 0.31060123443603516, 0.11397845298051834, 0.07074244320392609], "conf": 0.3020758330821991}, {"box_index": 3, "class_id": 1, "class_name": "B2", "bbox_yolo": [0.6498534679412842, 0.4023148715496063, 0.12717552483081818, 0.12411313503980637], "conf": 0.2714042365550995}], "count_per_class": {"B1": 0, "B2": 1, "B3": 3, "B4": 0}, "side_index": 3}