{"image": "DAMIMAS_A21B_0581_1.jpg", "detector": "y26n_vanilla_local", "detections": [{"box_index": 0, "class_id": 0, "class_name": "B1", "bbox_yolo": [0.27299219369888306, 0.45526862144470215, 0.19299815595149994, 0.17939388751983643], "conf": 0.8220835328102112}, {"box_index": 1, "class_id": 2, "class_name": "B3", "bbox_yolo": [0.6934119462966919, 0.3896622061729431, 0.16388754546642303, 0.12233138084411621], "conf": 0.5445096492767334}, {"box_index": 2, "class_id": 1, "class_name": "B2", "bbox_yolo": [0.470084011554718, 0.43299928307533264, 0.18681861460208893, 0.14138126373291016], "conf": 0.35645759105682373}], "count_per_class": {"B1": 1, "B2": 1, "B3": 1, "B4": 0}, "side_index": 0}