{"image": "DAMIMAS_A21B_0113_4.jpg", "detector": "y26n_vanilla_local", "detections": [{"box_index": 0, "class_id": 2, "class_name": "B3", "bbox_yolo": [0.6202951073646545, 0.5201011896133423, 0.14220575988292694, 0.1232185885310173], "conf": 0.6569751501083374}, {"box_index": 1, "class_id": 2, "class_name": "B3", "bbox_yolo": [0.35283544659614563, 0.5067811608314514, 0.14430803060531616, 0.11154556274414062], "conf": 0.497891902923584}, {"box_index": 2, "class_id": 3, "class_name": "B4", "bbox_yolo": [0.2746075987815857, 0.4112892746925354, 0.11819162964820862, 0.08246564865112305], "conf": 0.29226526618003845}], "count_per_class": {"B1": 0, "B2": 0, "B3": 2, "B4": 1}, "side_index": 3}