{"image": "DAMIMAS_A21B_0377_3.jpg", "detector": "y26n_vanilla_local", "detections": [{"box_index": 0, "class_id": 2, "class_name": "B3", "bbox_yolo": [0.4958631694316864, 0.4217893183231354, 0.09496215730905533, 0.09089648723602295], "conf": 0.35755646228790283}, {"box_index": 1, "class_id": 2, "class_name": "B3", "bbox_yolo": [0.6445972919464111, 0.3882741928100586, 0.06773917376995087, 0.05274064466357231], "conf": 0.3340325355529785}, {"box_index": 2, "class_id": 2, "class_name": "B3", "bbox_yolo": [0.6476466059684753, 0.38437530398368835, 0.061270590871572495, 0.04897346720099449], "conf": 0.3103680908679962}, {"box_index": 3, "class_id": 2, "class_name": "B3", "bbox_yolo": [0.353108674287796, 0.39104267954826355, 0.08144687116146088, 0.05652422830462456], "conf": 0.26662200689315796}], "count_per_class": {"B1": 0, "B2": 0, "B3": 4, "B4": 0}, "side_index": 2}