{"image": "DAMIMAS_A21B_0540_4.jpg", "detector": "y26n_vanilla_local", "detections": [{"box_index": 0, "class_id": 0, "class_name": "B1", "bbox_yolo": [0.3738435208797455, 0.3882865905761719, 0.16523247957229614, 0.13571281731128693], "conf": 0.7482211589813232}, {"box_index": 1, "class_id": 0, "class_name": "B1", "bbox_yolo": [0.6366347670555115, 0.37177330255508423, 0.12938818335533142, 0.1046772226691246], "conf": 0.6681339740753174}, {"box_index": 2, "class_id": 2, "class_name": "B3", "bbox_yolo": [0.5102337002754211, 0.3550075888633728, 0.11573699861764908, 0.09685998409986496], "conf": 0.5471188426017761}, {"box_index": 3, "class_id": 2, "class_name": "B3", "bbox_yolo": [0.27198129892349243, 0.3505875766277313, 0.06066367030143738, 0.06365909427404404], "conf": 0.25920939445495605}], "count_per_class": {"B1": 2, "B2": 0, "B3": 2, "B4": 0}, "side_index": 3}