{"image": "DAMIMAS_A21B_0445_2.jpg", "detector": "y26n_vanilla_local", "detections": [{"box_index": 0, "class_id": 0, "class_name": "B1", "bbox_yolo": [0.4881044328212738, 0.4198150634765625, 0.14024131000041962, 0.09558551758527756], "conf": 0.7844299674034119}, {"box_index": 1, "class_id": 2, "class_name": "B3", "bbox_yolo": [0.6131554245948792, 0.3997372090816498, 0.09766636043787003, 0.0774177834391594], "conf": 0.6282166242599487}, {"box_index": 2, "class_id": 2, "class_name": "B3", "bbox_yolo": [0.42041462659835815, 0.3597874045372009, 0.05796051397919655, 0.05061173439025879], "conf": 0.4235474467277527}], "count_per_class": {"B1": 1, "B2": 0, "B3": 2, "B4": 0}, "side_index": 1}