{"image": "DAMIMAS_A21B_0267_3.jpg", "detector": "y26n_vanilla_local", "detections": [{"box_index": 0, "class_id": 2, "class_name": "B3", "bbox_yolo": [0.39721083641052246, 0.34621140360832214, 0.1292288601398468, 0.09561250358819962], "conf": 0.638370931148529}, {"box_index": 1, "class_id": 2, "class_name": "B3", "bbox_yolo": [0.31962037086486816, 0.42144808173179626, 0.1044057235121727, 0.07671935856342316], "conf": 0.4575645625591278}, {"box_index": 2, "class_id": 2, "class_name": "B3", "bbox_yolo": [0.5594392418861389, 0.3688368499279022, 0.09842068701982498, 0.10409968346357346], "conf": 0.41076377034187317}], "count_per_class": {"B1": 0, "B2": 0, "B3": 3, "B4": 0}, "side_index": 2}