{"image": "DAMIMAS_A21B_0543_1.jpg", "detector": "y26n_vanilla_local", "detections": [{"box_index": 0, "class_id": 2, "class_name": "B3", "bbox_yolo": [0.3684405982494354, 0.4047665297985077, 0.14031025767326355, 0.08744042366743088], "conf": 0.44112297892570496}, {"box_index": 1, "class_id": 1, "class_name": "B2", "bbox_yolo": [0.5332853198051453, 0.41859981417655945, 0.1353261023759842, 0.09705760329961777], "conf": 0.36780810356140137}], "count_per_class": {"B1": 0, "B2": 1, "B3": 1, "B4": 0}, "side_index": 0}