{"image": "DAMIMAS_A21B_0176_2.jpg", "detector": "y26n_vanilla_local", "detections": [{"box_index": 0, "class_id": 2, "class_name": "B3", "bbox_yolo": [0.5296348333358765, 0.4221857190132141, 0.11672811955213547, 0.11848216503858566], "conf": 0.7014277577400208}, {"box_index": 1, "class_id": 2, "class_name": "B3", "bbox_yolo": [0.3728853762149811, 0.4597800374031067, 0.13967998325824738, 0.1098078265786171], "conf": 0.4534376859664917}, {"box_index": 2, "class_id": 0, "class_name": "B1", "bbox_yolo": [0.6515207886695862, 0.4432157576084137, 0.11510811746120453, 0.09906893223524094], "conf": 0.3958835005760193}, {"box_index": 3, "class_id": 2, "class_name": "B3", "bbox_yolo": [0.30335718393325806, 0.4040646553039551, 0.09388499706983566, 0.07579412311315536], "conf": 0.2588941156864166}], "count_per_class": {"B1": 1, "B2": 0, "B3": 3, "B4": 0}, "side_index": 1}