{"image": "DAMIMAS_A21B_0478_2.jpg", "detector": "y26n_vanilla_local", "detections": [{"box_index": 0, "class_id": 0, "class_name": "B1", "bbox_yolo": [0.5423004031181335, 0.4703240394592285, 0.09856469184160233, 0.08227787166833878], "conf": 0.45444512367248535}, {"box_index": 1, "class_id": 2, "class_name": "B3", "bbox_yolo": [0.6070122122764587, 0.44114452600479126, 0.07081706076860428, 0.055231381207704544], "conf": 0.2672710716724396}], "count_per_class": {"B1": 1, "B2": 0, "B3": 1, "B4": 0}, "side_index": 1}