{"image": "DAMIMAS_A21B_0242_2.jpg", "detector": "y26n_vanilla_local", "detections": [{"box_index": 0, "class_id": 1, "class_name": "B2", "bbox_yolo": [0.6178927421569824, 0.3741835057735443, 0.12488677352666855, 0.10549920052289963], "conf": 0.4065430164337158}], "count_per_class": {"B1": 0, "B2": 1, "B3": 0, "B4": 0}, "side_index": 1}