{"image": "DAMIMAS_A21B_0839_8.jpg", "detector": "y26n_vanilla_local", "detections": [{"box_index": 0, "class_id": 0, "class_name": "B1", "bbox_yolo": [0.6033543944358826, 0.4688543379306793, 0.17063501477241516, 0.12725768983364105], "conf": 0.7608219981193542}, {"box_index": 1, "class_id": 1, "class_name": "B2", "bbox_yolo": [0.3449289798736572, 0.4444611668586731, 0.1173311322927475, 0.10225944966077805], "conf": 0.5546664595603943}, {"box_index": 2, "class_id": 2, "class_name": "B3", "bbox_yolo": [0.4501752257347107, 0.40742960572242737, 0.06866690516471863, 0.06567452102899551], "conf": 0.2941962480545044}], "count_per_class": {"B1": 1, "B2": 1, "B3": 1, "B4": 0}, "side_index": 7}