{"image": "DAMIMAS_A21B_0816_5.jpg", "detector": "y26n_vanilla_local", "detections": [{"box_index": 0, "class_id": 0, "class_name": "B1", "bbox_yolo": [0.5150448083877563, 0.412180632352829, 0.1438601315021515, 0.10254325717687607], "conf": 0.5540622472763062}, {"box_index": 1, "class_id": 2, "class_name": "B3", "bbox_yolo": [0.43450212478637695, 0.3040434718132019, 0.17445911467075348, 0.1315837949514389], "conf": 0.2785729169845581}], "count_per_class": {"B1": 1, "B2": 0, "B3": 1, "B4": 0}, "side_index": 4}