{"image": "DAMIMAS_A21B_0369_2.jpg", "detector": "y26n_vanilla_local", "detections": [{"box_index": 0, "class_id": 2, "class_name": "B3", "bbox_yolo": [0.43567001819610596, 0.4451993405818939, 0.11512546986341476, 0.09462709724903107], "conf": 0.49547067284584045}], "count_per_class": {"B1": 0, "B2": 0, "B3": 1, "B4": 0}, "side_index": 1}