{"image": "DAMIMAS_A21B_0011_3.jpg", "detector": "y26n_vanilla_local", "detections": [{"box_index": 0, "class_id": 2, "class_name": "B3", "bbox_yolo": [0.5540876388549805, 0.46814218163490295, 0.06886415928602219, 0.05292520672082901], "conf": 0.4206130802631378}], "count_per_class": {"B1": 0, "B2": 0, "B3": 1, "B4": 0}, "side_index": 2}