{"image": "DAMIMAS_A21B_0439_1.jpg", "detector": "y26n_vanilla_local", "detections": [{"box_index": 0, "class_id": 1, "class_name": "B2", "bbox_yolo": [0.40928924083709717, 0.4243699014186859, 0.10244802385568619, 0.09048600494861603], "conf": 0.4421081244945526}, {"box_index": 1, "class_id": 0, "class_name": "B1", "bbox_yolo": [0.40928924083709717, 0.4243699014186859, 0.10244802385568619, 0.09048600494861603], "conf": 0.2755497694015503}], "count_per_class": {"B1": 1, "B2": 1, "B3": 0, "B4": 0}, "side_index": 0}