{"image": "DAMIMAS_A21B_0278_1.jpg", "detector": "y26n_vanilla_local", "detections": [{"box_index": 0, "class_id": 0, "class_name": "B1", "bbox_yolo": [0.3460208475589752, 0.487823486328125, 0.1332859992980957, 0.10193286091089249], "conf": 0.8061750531196594}, {"box_index": 1, "class_id": 2, "class_name": "B3", "bbox_yolo": [0.5850950479507446, 0.4182765483856201, 0.1294890195131302, 0.10595505684614182], "conf": 0.6454836130142212}, {"box_index": 2, "class_id": 1, "class_name": "B2", "bbox_yolo": [0.6793263554573059, 0.48351821303367615, 0.12618473172187805, 0.10419612377882004], "conf": 0.5933699607849121}, {"box_index": 3, "class_id": 2, "class_name": "B3", "bbox_yolo": [0.44004881381988525, 0.4163607060909271, 0.1214284673333168, 0.09556148201227188], "conf": 0.45649221539497375}], "count_per_class": {"B1": 1, "B2": 1, "B3": 2, "B4": 0}, "side_index": 0}