{"image": "DAMIMAS_A21B_0449_4.jpg", "detector": "y26n_vanilla_local", "detections": [{"box_index": 0, "class_id": 2, "class_name": "B3", "bbox_yolo": [0.6041200160980225, 0.4710189402103424, 0.10671526938676834, 0.07875318825244904], "conf": 0.31349560618400574}, {"box_index": 1, "class_id": 0, "class_name": "B1", "bbox_yolo": [0.4726770222187042, 0.46785926818847656, 0.10073776543140411, 0.07255864143371582], "conf": 0.27521806955337524}, {"box_index": 2, "class_id": 2, "class_name": "B3", "bbox_yolo": [0.3742557168006897, 0.4531112611293793, 0.0802120566368103, 0.05911831930279732], "conf": 0.2739333212375641}], "count_per_class": {"B1": 1, "B2": 0, "B3": 2, "B4": 0}, "side_index": 3}