{"image": "DAMIMAS_A21B_0148_3.jpg", "detector": "y26n_vanilla_local", "detections": [{"box_index": 0, "class_id": 2, "class_name": "B3", "bbox_yolo": [0.4483969509601593, 0.3988792896270752, 0.12024972587823868, 0.09746749699115753], "conf": 0.7306257486343384}, {"box_index": 1, "class_id": 1, "class_name": "B2", "bbox_yolo": [0.583896815776825, 0.41947460174560547, 0.11222893744707108, 0.0949462428689003], "conf": 0.6838427186012268}, {"box_index": 2, "class_id": 2, "class_name": "B3", "bbox_yolo": [0.6260719895362854, 0.3579714298248291, 0.06718394160270691, 0.04630925878882408], "conf": 0.3794502317905426}, {"box_index": 3, "class_id": 2, "class_name": "B3", "bbox_yolo": [0.33395734429359436, 0.3768324851989746, 0.09463870525360107, 0.0903858169913292], "conf": 0.34504449367523193}], "count_per_class": {"B1": 0, "B2": 1, "B3": 3, "B4": 0}, "side_index": 2}