{"image": "DAMIMAS_A21B_0388_1.jpg", "detector": "y26n_vanilla_local", "detections": [{"box_index": 0, "class_id": 0, "class_name": "B1", "bbox_yolo": [0.6787467002868652, 0.41399097442626953, 0.09794369339942932, 0.09615359455347061], "conf": 0.8032352924346924}, {"box_index": 1, "class_id": 2, "class_name": "B3", "bbox_yolo": [0.6033938527107239, 0.3703688681125641, 0.10518163442611694, 0.0936427116394043], "conf": 0.5773621797561646}, {"box_index": 2, "class_id": 2, "class_name": "B3", "bbox_yolo": [0.38440337777137756, 0.3346477746963501, 0.07202323526144028, 0.05135469511151314], "conf": 0.2996167838573456}, {"box_index": 3, "class_id": 1, "class_name": "B2", "bbox_yolo": [0.4475060999393463, 0.3848082721233368, 0.09407997876405716, 0.08690784126520157], "conf": 0.25570249557495117}], "count_per_class": {"B1": 1, "B2": 1, "B3": 2, "B4": 0}, "side_index": 0}