{"image": "DAMIMAS_A21B_0294_2.jpg", "detector": "y26n_vanilla_local", "detections": [{"box_index": 0, "class_id": 2, "class_name": "B3", "bbox_yolo": [0.4941190779209137, 0.4791812002658844, 0.12619127333164215, 0.11995654553174973], "conf": 0.6683499217033386}, {"box_index": 1, "class_id": 2, "class_name": "B3", "bbox_yolo": [0.6217500567436218, 0.5577892661094666, 0.11463063955307007, 0.10368432849645615], "conf": 0.4889765679836273}, {"box_index": 2, "class_id": 2, "class_name": "B3", "bbox_yolo": [0.3654634654521942, 0.5260729193687439, 0.11205016076564789, 0.08146395534276962], "conf": 0.28253766894340515}], "count_per_class": {"B1": 0, "B2": 0, "B3": 3, "B4": 0}, "side_index": 1}