{"image": "DAMIMAS_A21B_0487_1.jpg", "detector": "y26n_vanilla_local", "detections": [{"box_index": 0, "class_id": 2, "class_name": "B3", "bbox_yolo": [0.5502849817276001, 0.35990938544273376, 0.08690135180950165, 0.07120905071496964], "conf": 0.2892268896102905}], "count_per_class": {"B1": 0, "B2": 0, "B3": 1, "B4": 0}, "side_index": 0}