{"image": "DAMIMAS_A21B_0188_3.jpg", "detector": "y26n_vanilla_local", "detections": [{"box_index": 0, "class_id": 1, "class_name": "B2", "bbox_yolo": [0.4344474971294403, 0.47751522064208984, 0.13636767864227295, 0.10321688652038574], "conf": 0.631179690361023}, {"box_index": 1, "class_id": 2, "class_name": "B3", "bbox_yolo": [0.615564227104187, 0.45028558373451233, 0.10742582380771637, 0.08416461944580078], "conf": 0.331259161233902}], "count_per_class": {"B1": 0, "B2": 1, "B3": 1, "B4": 0}, "side_index": 2}