{"image": "DAMIMAS_A21B_0367_3.jpg", "detector": "y26n_vanilla_local", "detections": [{"box_index": 0, "class_id": 0, "class_name": "B1", "bbox_yolo": [0.5947825312614441, 0.4070332646369934, 0.12039484083652496, 0.09153766930103302], "conf": 0.6806390285491943}, {"box_index": 1, "class_id": 2, "class_name": "B3", "bbox_yolo": [0.6232364177703857, 0.3438360095024109, 0.07119230180978775, 0.04246559366583824], "conf": 0.6347069144248962}, {"box_index": 2, "class_id": 2, "class_name": "B3", "bbox_yolo": [0.37546205520629883, 0.36535418033599854, 0.07636842876672745, 0.05732893943786621], "conf": 0.358614057302475}], "count_per_class": {"B1": 1, "B2": 0, "B3": 2, "B4": 0}, "side_index": 2}