{"image": "DAMIMAS_A21B_0839_7.jpg", "detector": "y26n_vanilla_local", "detections": [{"box_index": 0, "class_id": 0, "class_name": "B1", "bbox_yolo": [0.44936370849609375, 0.4338425099849701, 0.17409344017505646, 0.13872213661670685], "conf": 0.7439619302749634}, {"box_index": 1, "class_id": 2, "class_name": "B3", "bbox_yolo": [0.3384028375148773, 0.3455570340156555, 0.07626479864120483, 0.06687407940626144], "conf": 0.2569306492805481}], "count_per_class": {"B1": 1, "B2": 0, "B3": 1, "B4": 0}, "side_index": 6}