{"image": "DAMIMAS_A21B_0303_4.jpg", "detector": "y26n_vanilla_local", "detections": [{"box_index": 0, "class_id": 2, "class_name": "B3", "bbox_yolo": [0.5534263253211975, 0.479600727558136, 0.13784562051296234, 0.09778928756713867], "conf": 0.5844262838363647}, {"box_index": 1, "class_id": 2, "class_name": "B3", "bbox_yolo": [0.6954783201217651, 0.5363473892211914, 0.1271856427192688, 0.12937545776367188], "conf": 0.3237297236919403}, {"box_index": 2, "class_id": 2, "class_name": "B3", "bbox_yolo": [0.30325350165367126, 0.526111900806427, 0.11645206063985825, 0.09091448783874512], "conf": 0.29101529717445374}], "count_per_class": {"B1": 0, "B2": 0, "B3": 3, "B4": 0}, "side_index": 3}