{"image": "DAMIMAS_A21B_0835_8.jpg", "detector": "y26n_vanilla_local", "detections": [{"box_index": 0, "class_id": 2, "class_name": "B3", "bbox_yolo": [0.2979035973548889, 0.30766668915748596, 0.18532855808734894, 0.15091083943843842], "conf": 0.6950820088386536}, {"box_index": 1, "class_id": 2, "class_name": "B3", "bbox_yolo": [0.6779472827911377, 0.22563576698303223, 0.17399916052818298, 0.11975391954183578], "conf": 0.6681801080703735}, {"box_index": 2, "class_id": 2, "class_name": "B3", "bbox_yolo": [0.4033597707748413, 0.17492370307445526, 0.1124776229262352, 0.13499872386455536], "conf": 0.41368138790130615}], "count_per_class": {"B1": 0, "B2": 0, "B3": 3, "B4": 0}, "side_index": 7}