{"image": "DAMIMAS_A21B_0006_1.jpg", "detector": "y26n_vanilla_local", "detections": [{"box_index": 0, "class_id": 2, "class_name": "B3", "bbox_yolo": [0.43346700072288513, 0.4933663010597229, 0.12929141521453857, 0.10503530502319336], "conf": 0.795596718788147}, {"box_index": 1, "class_id": 1, "class_name": "B2", "bbox_yolo": [0.5678898096084595, 0.5046517252922058, 0.09973831474781036, 0.08997049182653427], "conf": 0.30854669213294983}, {"box_index": 2, "class_id": 3, "class_name": "B4", "bbox_yolo": [0.5137362480163574, 0.43010377883911133, 0.10562795400619507, 0.06798005104064941], "conf": 0.28201115131378174}], "count_per_class": {"B1": 0, "B2": 1, "B3": 1, "B4": 1}, "side_index": 0}