{"image": "DAMIMAS_A21B_0346_1.jpg", "detector": "y26n_vanilla_local", "detections": [{"box_index": 0, "class_id": 0, "class_name": "B1", "bbox_yolo": [0.5015004873275757, 0.41602301597595215, 0.12149089574813843, 0.0939444825053215], "conf": 0.7705448865890503}, {"box_index": 1, "class_id": 2, "class_name": "B3", "bbox_yolo": [0.37254196405410767, 0.4093916416168213, 0.10009343177080154, 0.08718063682317734], "conf": 0.6373326182365417}, {"box_index": 2, "class_id": 2, "class_name": "B3", "bbox_yolo": [0.6359715461730957, 0.3926504850387573, 0.058952588587999344, 0.04748654365539551], "conf": 0.4398025870323181}, {"box_index": 3, "class_id": 2, "class_name": "B3", "bbox_yolo": [0.5745896697044373, 0.3686189353466034, 0.06481253355741501, 0.04719076305627823], "conf": 0.2812955975532532}], "count_per_class": {"B1": 1, "B2": 0, "B3": 3, "B4": 0}, "side_index": 0}