{"image": "DAMIMAS_A21B_0158_3.jpg", "detector": "y26n_vanilla_local", "detections": [{"box_index": 0, "class_id": 2, "class_name": "B3", "bbox_yolo": [0.3648006021976471, 0.47983333468437195, 0.109894759953022, 0.08493800461292267], "conf": 0.6981937885284424}, {"box_index": 1, "class_id": 1, "class_name": "B2", "bbox_yolo": [0.4763772487640381, 0.4851549565792084, 0.10653747618198395, 0.0901835486292839], "conf": 0.6585129499435425}, {"box_index": 2, "class_id": 2, "class_name": "B3", "bbox_yolo": [0.5551013946533203, 0.44600677490234375, 0.08662205189466476, 0.07885723561048508], "conf": 0.39573949575424194}], "count_per_class": {"B1": 0, "B2": 1, "B3": 2, "B4": 0}, "side_index": 2}