{"image": "DAMIMAS_A21B_0058_1.jpg", "detector": "y26n_vanilla_local", "detections": [{"box_index": 0, "class_id": 2, "class_name": "B3", "bbox_yolo": [0.45017051696777344, 0.5049864649772644, 0.11384081095457077, 0.08795013278722763], "conf": 0.540961742401123}], "count_per_class": {"B1": 0, "B2": 0, "B3": 1, "B4": 0}, "side_index": 0}