{"image": "DAMIMAS_A21B_0800_2.jpg", "detector": "y26n_vanilla_local", "detections": [{"box_index": 0, "class_id": 2, "class_name": "B3", "bbox_yolo": [0.3725857734680176, 0.15515007078647614, 0.22882698476314545, 0.20170262455940247], "conf": 0.6755532622337341}, {"box_index": 1, "class_id": 1, "class_name": "B2", "bbox_yolo": [0.66571444272995, 0.20869413018226624, 0.2766275107860565, 0.22489702701568604], "conf": 0.34118494391441345}], "count_per_class": {"B1": 0, "B2": 1, "B3": 1, "B4": 0}, "side_index": 1}