{"image": "DAMIMAS_A21B_0167_3.jpg", "detector": "y26n_vanilla_local", "detections": [{"box_index": 0, "class_id": 2, "class_name": "B3", "bbox_yolo": [0.4401799738407135, 0.4086574614048004, 0.16854187846183777, 0.13899122178554535], "conf": 0.7969843149185181}, {"box_index": 1, "class_id": 1, "class_name": "B2", "bbox_yolo": [0.6219295859336853, 0.4317472577095032, 0.15694911777973175, 0.11707248538732529], "conf": 0.5105036497116089}], "count_per_class": {"B1": 0, "B2": 1, "B3": 1, "B4": 0}, "side_index": 2}