{"image": "DAMIMAS_A21B_0009_3.jpg", "detector": "y26n_vanilla_local", "detections": [{"box_index": 0, "class_id": 2, "class_name": "B3", "bbox_yolo": [0.4574275612831116, 0.40421590209007263, 0.0980851873755455, 0.10111818462610245], "conf": 0.6898229122161865}, {"box_index": 1, "class_id": 2, "class_name": "B3", "bbox_yolo": [0.5821242928504944, 0.3819243907928467, 0.08891207724809647, 0.07866420596837997], "conf": 0.5010489225387573}, {"box_index": 2, "class_id": 2, "class_name": "B3", "bbox_yolo": [0.5855928063392639, 0.3806982934474945, 0.0712825208902359, 0.06793031841516495], "conf": 0.288490891456604}], "count_per_class": {"B1": 0, "B2": 0, "B3": 3, "B4": 0}, "side_index": 2}