{"image": "DAMIMAS_A21B_0042_3.jpg", "detector": "y26n_vanilla_local", "detections": [{"box_index": 0, "class_id": 0, "class_name": "B1", "bbox_yolo": [0.3234858810901642, 0.5259379744529724, 0.09201914817094803, 0.09404592961072922], "conf": 0.8026399612426758}, {"box_index": 1, "class_id": 0, "class_name": "B1", "bbox_yolo": [0.6293564438819885, 0.5206953883171082, 0.1012103483080864, 0.09501571953296661], "conf": 0.7839052677154541}, {"box_index": 2, "class_id": 2, "class_name": "B3", "bbox_yolo": [0.3922154903411865, 0.5030558109283447, 0.09332991391420364, 0.07795868068933487], "conf": 0.591094434261322}], "count_per_class": {"B1": 2, "B2": 0, "B3": 1, "B4": 0}, "side_index": 2}