{"image": "DAMIMAS_A21B_0311_2.jpg", "detector": "y26n_vanilla_local", "detections": [{"box_index": 0, "class_id": 2, "class_name": "B3", "bbox_yolo": [0.671701192855835, 0.4819677770137787, 0.06434904783964157, 0.06391220539808273], "conf": 0.2950492799282074}], "count_per_class": {"B1": 0, "B2": 0, "B3": 1, "B4": 0}, "side_index": 1}