{"image": "DAMIMAS_A21B_0522_3.jpg", "detector": "y26n_vanilla_local", "detections": [{"box_index": 0, "class_id": 1, "class_name": "B2", "bbox_yolo": [0.5141968131065369, 0.3878219425678253, 0.11654561758041382, 0.08930449932813644], "conf": 0.5017520189285278}, {"box_index": 1, "class_id": 0, "class_name": "B1", "bbox_yolo": [0.39190199971199036, 0.4139482080936432, 0.11300478875637054, 0.0959288626909256], "conf": 0.3984444737434387}, {"box_index": 2, "class_id": 2, "class_name": "B3", "bbox_yolo": [0.5141968131065369, 0.3878219425678253, 0.11654561758041382, 0.08930449932813644], "conf": 0.34004515409469604}, {"box_index": 3, "class_id": 1, "class_name": "B2", "bbox_yolo": [0.39190199971199036, 0.4139482080936432, 0.11300478875637054, 0.0959288626909256], "conf": 0.32908329367637634}], "count_per_class": {"B1": 1, "B2": 2, "B3": 1, "B4": 0}, "side_index": 2}