{"image": "DAMIMAS_A21B_0104_3.jpg", "detector": "y26n_vanilla_local", "detections": [{"box_index": 0, "class_id": 2, "class_name": "B3", "bbox_yolo": [0.35506924986839294, 0.5734531283378601, 0.14923658967018127, 0.10987954586744308], "conf": 0.7423837780952454}, {"box_index": 1, "class_id": 2, "class_name": "B3", "bbox_yolo": [0.6689159870147705, 0.552523136138916, 0.11117833852767944, 0.09032054245471954], "conf": 0.4766394793987274}, {"box_index": 2, "class_id": 2, "class_name": "B3", "bbox_yolo": [0.3324841558933258, 0.4905255436897278, 0.11543548107147217, 0.07049756497144699], "conf": 0.4596138894557953}, {"box_index": 3, "class_id": 2, "class_name": "B3", "bbox_yolo": [0.48715683817863464, 0.4935954213142395, 0.1180209219455719, 0.08731331676244736], "conf": 0.26169902086257935}], "count_per_class": {"B1": 0, "B2": 0, "B3": 4, "B4": 0}, "side_index": 2}