{"image": "DAMIMAS_A21B_0411_1.jpg", "detector": "y26n_vanilla_local", "detections": [{"box_index": 0, "class_id": 2, "class_name": "B3", "bbox_yolo": [0.5829706788063049, 0.32186540961265564, 0.1071823462843895, 0.09159369766712189], "conf": 0.5473678112030029}, {"box_index": 1, "class_id": 0, "class_name": "B1", "bbox_yolo": [0.45577025413513184, 0.3526599705219269, 0.13441598415374756, 0.10229410976171494], "conf": 0.5266497135162354}, {"box_index": 2, "class_id": 2, "class_name": "B3", "bbox_yolo": [0.46885618567466736, 0.2643756866455078, 0.0926375463604927, 0.08185499161481857], "conf": 0.2766125798225403}, {"box_index": 3, "class_id": 2, "class_name": "B3", "bbox_yolo": [0.25554582476615906, 0.3319963216781616, 0.09222874790430069, 0.07584958523511887], "conf": 0.2651236355304718}], "count_per_class": {"B1": 1, "B2": 0, "B3": 3, "B4": 0}, "side_index": 0}