{"image": "DAMIMAS_A21B_0138_4.jpg", "detector": "y26n_vanilla_local", "detections": [{"box_index": 0, "class_id": 2, "class_name": "B3", "bbox_yolo": [0.41584664583206177, 0.4347027838230133, 0.09155881404876709, 0.07637915760278702], "conf": 0.8229867219924927}, {"box_index": 1, "class_id": 1, "class_name": "B2", "bbox_yolo": [0.5346025228500366, 0.4548679292201996, 0.13340944051742554, 0.09866652637720108], "conf": 0.7481192946434021}], "count_per_class": {"B1": 0, "B2": 1, "B3": 1, "B4": 0}, "side_index": 3}