{"image": "DAMIMAS_A21B_0136_1.jpg", "detector": "y26n_vanilla_local", "detections": [{"box_index": 0, "class_id": 2, "class_name": "B3", "bbox_yolo": [0.4341646730899811, 0.4980194568634033, 0.11670005321502686, 0.08730755001306534], "conf": 0.47774532437324524}, {"box_index": 1, "class_id": 2, "class_name": "B3", "bbox_yolo": [0.5444306135177612, 0.4637567102909088, 0.10565011203289032, 0.07595425099134445], "conf": 0.4505283832550049}, {"box_index": 2, "class_id": 2, "class_name": "B3", "bbox_yolo": [0.35173845291137695, 0.455533891916275, 0.0951032042503357, 0.07904410362243652], "conf": 0.44383475184440613}, {"box_index": 3, "class_id": 3, "class_name": "B4", "bbox_yolo": [0.4499655067920685, 0.4198000133037567, 0.09732764959335327, 0.07048888504505157], "conf": 0.29153916239738464}], "count_per_class": {"B1": 0, "B2": 0, "B3": 3, "B4": 1}, "side_index": 0}