{"image": "DAMIMAS_A21B_0470_3.jpg", "detector": "y26n_vanilla_local", "detections": [{"box_index": 0, "class_id": 0, "class_name": "B1", "bbox_yolo": [0.5517585277557373, 0.32917386293411255, 0.05891765281558037, 0.049984097480773926], "conf": 0.6213430166244507}, {"box_index": 1, "class_id": 2, "class_name": "B3", "bbox_yolo": [0.45181870460510254, 0.3050392270088196, 0.07062575221061707, 0.054252076894044876], "conf": 0.35835152864456177}, {"box_index": 2, "class_id": 2, "class_name": "B3", "bbox_yolo": [0.6219519972801208, 0.3270485997200012, 0.06335894763469696, 0.05374257639050484], "conf": 0.26647108793258667}], "count_per_class": {"B1": 1, "B2": 0, "B3": 2, "B4": 0}, "side_index": 2}