{"image": "DAMIMAS_A21B_0216_1.jpg", "detector": "y26n_vanilla_local", "detections": [{"box_index": 0, "class_id": 0, "class_name": "B1", "bbox_yolo": [0.6836953163146973, 0.4832988679409027, 0.12841975688934326, 0.11300139874219894], "conf": 0.7027133703231812}, {"box_index": 1, "class_id": 2, "class_name": "B3", "bbox_yolo": [0.5962464809417725, 0.44446101784706116, 0.11250846087932587, 0.09399957954883575], "conf": 0.5703811049461365}, {"box_index": 2, "class_id": 2, "class_name": "B3", "bbox_yolo": [0.440516859292984, 0.4583221971988678, 0.12451305985450745, 0.09514141082763672], "conf": 0.49370914697647095}, {"box_index": 3, "class_id": 2, "class_name": "B3", "bbox_yolo": [0.371614545583725, 0.40077367424964905, 0.0953795462846756, 0.07471571117639542], "conf": 0.290385365486145}], "count_per_class": {"B1": 1, "B2": 0, "B3": 3, "B4": 0}, "side_index": 0}