{"image": "DAMIMAS_A21B_0037_4.jpg", "detector": "y26n_vanilla_local", "detections": [{"box_index": 0, "class_id": 2, "class_name": "B3", "bbox_yolo": [0.535717248916626, 0.5035885572433472, 0.10331469029188156, 0.09002333134412766], "conf": 0.6074540019035339}, {"box_index": 1, "class_id": 2, "class_name": "B3", "bbox_yolo": [0.36158090829849243, 0.5253142714500427, 0.09589704126119614, 0.07941704243421555], "conf": 0.45338574051856995}, {"box_index": 2, "class_id": 1, "class_name": "B2", "bbox_yolo": [0.6290622353553772, 0.529282808303833, 0.09401360154151917, 0.09303827583789825], "conf": 0.32783693075180054}, {"box_index": 3, "class_id": 2, "class_name": "B3", "bbox_yolo": [0.6290622353553772, 0.529282808303833, 0.09401360154151917, 0.09303827583789825], "conf": 0.25477713346481323}], "count_per_class": {"B1": 0, "B2": 1, "B3": 3, "B4": 0}, "side_index": 3}