{"image": "DAMIMAS_A21B_0524_1.jpg", "detector": "y26n_vanilla_local", "detections": [{"box_index": 0, "class_id": 2, "class_name": "B3", "bbox_yolo": [0.6767725944519043, 0.40683823823928833, 0.1100311353802681, 0.09371109306812286], "conf": 0.4944547116756439}, {"box_index": 1, "class_id": 2, "class_name": "B3", "bbox_yolo": [0.34377869963645935, 0.3910524547100067, 0.10529276728630066, 0.08566031605005264], "conf": 0.4192206561565399}, {"box_index": 2, "class_id": 2, "class_name": "B3", "bbox_yolo": [0.5799337029457092, 0.3626011908054352, 0.10778357833623886, 0.08229315280914307], "conf": 0.250075101852417}], "count_per_class": {"B1": 0, "B2": 0, "B3": 3, "B4": 0}, "side_index": 0}