{"image": "DAMIMAS_A21B_0290_1.jpg", "detector": "y26n_vanilla_local", "detections": [{"box_index": 0, "class_id": 2, "class_name": "B3", "bbox_yolo": [0.5224515795707703, 0.38342365622520447, 0.10504650324583054, 0.08599048107862473], "conf": 0.4404774606227875}, {"box_index": 1, "class_id": 2, "class_name": "B3", "bbox_yolo": [0.3916723430156708, 0.3584529757499695, 0.09913378208875656, 0.07618985325098038], "conf": 0.4314052164554596}], "count_per_class": {"B1": 0, "B2": 0, "B3": 2, "B4": 0}, "side_index": 0}