{"image": "DAMIMAS_A21B_0062_1.jpg", "detector": "y26n_vanilla_local", "detections": [{"box_index": 0, "class_id": 2, "class_name": "B3", "bbox_yolo": [0.45162487030029297, 0.3085920214653015, 0.10846863687038422, 0.08992981910705566], "conf": 0.8436795473098755}, {"box_index": 1, "class_id": 2, "class_name": "B3", "bbox_yolo": [0.33652418851852417, 0.30857449769973755, 0.08911330252885818, 0.07660958915948868], "conf": 0.583154559135437}, {"box_index": 2, "class_id": 1, "class_name": "B2", "bbox_yolo": [0.5635814666748047, 0.3471023738384247, 0.11213894188404083, 0.09051354229450226], "conf": 0.5618883967399597}, {"box_index": 3, "class_id": 1, "class_name": "B2", "bbox_yolo": [0.5596045851707458, 0.34049859642982483, 0.10182724893093109, 0.08025696128606796], "conf": 0.5470914840698242}], "count_per_class": {"B1": 0, "B2": 2, "B3": 2, "B4": 0}, "side_index": 0}