{"image": "DAMIMAS_A21B_0189_3.jpg", "detector": "y26n_vanilla_local", "detections": [{"box_index": 0, "class_id": 1, "class_name": "B2", "bbox_yolo": [0.5606622099876404, 0.4367705285549164, 0.15410776436328888, 0.13504986464977264], "conf": 0.7247971892356873}, {"box_index": 1, "class_id": 1, "class_name": "B2", "bbox_yolo": [0.7001176476478577, 0.4916042387485504, 0.09607283771038055, 0.08193230628967285], "conf": 0.4688621163368225}, {"box_index": 2, "class_id": 1, "class_name": "B2", "bbox_yolo": [0.696662962436676, 0.4961939752101898, 0.10599785298109055, 0.09271054714918137], "conf": 0.3394569456577301}, {"box_index": 3, "class_id": 2, "class_name": "B3", "bbox_yolo": [0.33158689737319946, 0.4597302973270416, 0.13556379079818726, 0.08691272884607315], "conf": 0.3353787064552307}], "count_per_class": {"B1": 0, "B2": 3, "B3": 1, "B4": 0}, "side_index": 2}