{"image": "DAMIMAS_A21B_0126_4.jpg", "detector": "y26n_vanilla_local", "detections": [{"box_index": 0, "class_id": 2, "class_name": "B3", "bbox_yolo": [0.6398746967315674, 0.41650256514549255, 0.1265059858560562, 0.09917283058166504], "conf": 0.7001985907554626}, {"box_index": 1, "class_id": 1, "class_name": "B2", "bbox_yolo": [0.33621156215667725, 0.4638175070285797, 0.16342343389987946, 0.11663589626550674], "conf": 0.6545709371566772}, {"box_index": 2, "class_id": 1, "class_name": "B2", "bbox_yolo": [0.6949055194854736, 0.48635926842689514, 0.11572883278131485, 0.1032261848449707], "conf": 0.47874215245246887}, {"box_index": 3, "class_id": 3, "class_name": "B4", "bbox_yolo": [0.5332797169685364, 0.35099396109580994, 0.12064380943775177, 0.0859977975487709], "conf": 0.3853549063205719}], "count_per_class": {"B1": 0, "B2": 2, "B3": 1, "B4": 1}, "side_index": 3}