{"image": "DAMIMAS_A21B_0636_1.jpg", "detector": "y26n_vanilla_local", "detections": [{"box_index": 0, "class_id": 2, "class_name": "B3", "bbox_yolo": [0.7541322708129883, 0.4257141053676605, 0.21856652200222015, 0.20013371109962463], "conf": 0.7952796220779419}, {"box_index": 1, "class_id": 2, "class_name": "B3", "bbox_yolo": [0.19542303681373596, 0.5128301978111267, 0.16653850674629211, 0.14929862320423126], "conf": 0.6957923769950867}, {"box_index": 2, "class_id": 2, "class_name": "B3", "bbox_yolo": [0.36599236726760864, 0.46808966994285583, 0.2186199426651001, 0.157748743891716], "conf": 0.5027667880058289}], "count_per_class": {"B1": 0, "B2": 0, "B3": 3, "B4": 0}, "side_index": 0}