{"image": "DAMIMAS_A21B_0583_4.jpg", "detector": "y26n_vanilla_local", "detections": [{"box_index": 0, "class_id": 2, "class_name": "B3", "bbox_yolo": [0.28630557656288147, 0.4990091025829315, 0.127528116106987, 0.12424955517053604], "conf": 0.3811819851398468}, {"box_index": 1, "class_id": 1, "class_name": "B2", "bbox_yolo": [0.28630557656288147, 0.4990091025829315, 0.127528116106987, 0.12424955517053604], "conf": 0.3648088276386261}], "count_per_class": {"B1": 0, "B2": 1, "B3": 1, "B4": 0}, "side_index": 3}