{"image": "DAMIMAS_A21B_0806_3.jpg", "detector": "y26n_vanilla_local", "detections": [{"box_index": 0, "class_id": 2, "class_name": "B3", "bbox_yolo": [0.3230692446231842, 0.30458006262779236, 0.1361670196056366, 0.10211183875799179], "conf": 0.6337488889694214}, {"box_index": 1, "class_id": 2, "class_name": "B3", "bbox_yolo": [0.6499758958816528, 0.3145325779914856, 0.17830149829387665, 0.1254000961780548], "conf": 0.5585808753967285}, {"box_index": 2, "class_id": 2, "class_name": "B3", "bbox_yolo": [0.47988981008529663, 0.2561618983745575, 0.14046154916286469, 0.13528180122375488], "conf": 0.37851449847221375}], "count_per_class": {"B1": 0, "B2": 0, "B3": 3, "B4": 0}, "side_index": 2}