{"image": "DAMIMAS_A21B_0135_3.jpg", "detector": "y26n_vanilla_local", "detections": [{"box_index": 0, "class_id": 1, "class_name": "B2", "bbox_yolo": [0.43631893396377563, 0.4787271022796631, 0.10741415619850159, 0.08162279427051544], "conf": 0.7052441239356995}, {"box_index": 1, "class_id": 2, "class_name": "B3", "bbox_yolo": [0.5629938244819641, 0.45784831047058105, 0.10950508713722229, 0.07357320934534073], "conf": 0.43207240104675293}], "count_per_class": {"B1": 0, "B2": 1, "B3": 1, "B4": 0}, "side_index": 2}