{"image": "DAMIMAS_A21B_0587_1.jpg", "detector": "y26n_vanilla_local", "detections": [{"box_index": 0, "class_id": 1, "class_name": "B2", "bbox_yolo": [0.4703841805458069, 0.4212934672832489, 0.2149316519498825, 0.1607300341129303], "conf": 0.6232684850692749}, {"box_index": 1, "class_id": 1, "class_name": "B2", "bbox_yolo": [0.43353018164634705, 0.4217804968357086, 0.1351538449525833, 0.15271079540252686], "conf": 0.4575561285018921}], "count_per_class": {"B1": 0, "B2": 2, "B3": 0, "B4": 0}, "side_index": 0}