{"image": "DAMIMAS_A21B_0474_1.jpg", "detector": "y26n_vanilla_local", "detections": [{"box_index": 0, "class_id": 0, "class_name": "B1", "bbox_yolo": [0.4986228048801422, 0.4766944944858551, 0.09148531407117844, 0.06904377788305283], "conf": 0.4993104934692383}], "count_per_class": {"B1": 1, "B2": 0, "B3": 0, "B4": 0}, "side_index": 0}