{"image": "DAMIMAS_A21B_0071_1.jpg", "detector": "y26n_vanilla_local", "detections": [{"box_index": 0, "class_id": 0, "class_name": "B1", "bbox_yolo": [0.36342552304267883, 0.540551483631134, 0.15481498837471008, 0.12961487472057343], "conf": 0.6410328149795532}, {"box_index": 1, "class_id": 2, "class_name": "B3", "bbox_yolo": [0.3715573847293854, 0.45751237869262695, 0.07486855238676071, 0.04730043560266495], "conf": 0.43285197019577026}, {"box_index": 2, "class_id": 2, "class_name": "B3", "bbox_yolo": [0.5966916084289551, 0.501145601272583, 0.09762230515480042, 0.09884519875049591], "conf": 0.3390134871006012}, {"box_index": 3, "class_id": 2, "class_name": "B3", "bbox_yolo": [0.4951488673686981, 0.4797195494174957, 0.0672253668308258, 0.05582904815673828], "conf": 0.30256685614585876}], "count_per_class": {"B1": 1, "B2": 0, "B3": 3, "B4": 0}, "side_index": 0}