{"image": "DAMIMAS_A21B_0725_4.jpg", "detector": "y26n_vanilla_local", "detections": [{"box_index": 0, "class_id": 2, "class_name": "B3", "bbox_yolo": [0.7233648300170898, 0.3135899603366852, 0.2302095592021942, 0.1500028818845749], "conf": 0.7851532101631165}, {"box_index": 1, "class_id": 1, "class_name": "B2", "bbox_yolo": [0.40637966990470886, 0.36037078499794006, 0.27743783593177795, 0.2236946076154709], "conf": 0.5314642190933228}], "count_per_class": {"B1": 0, "B2": 1, "B3": 1, "B4": 0}, "side_index": 3}