{"image": "DAMIMAS_A21B_0121_1.jpg", "detector": "y26n_vanilla_local", "detections": [{"box_index": 0, "class_id": 1, "class_name": "B2", "bbox_yolo": [0.39853617548942566, 0.40414005517959595, 0.11417090892791748, 0.0894947275519371], "conf": 0.49777087569236755}, {"box_index": 1, "class_id": 2, "class_name": "B3", "bbox_yolo": [0.5100440979003906, 0.38790684938430786, 0.10396967828273773, 0.0832529291510582], "conf": 0.29135847091674805}], "count_per_class": {"B1": 0, "B2": 1, "B3": 1, "B4": 0}, "side_index": 0}