{"image": "DAMIMAS_A21B_0481_4.jpg", "detector": "y26n_vanilla_local", "detections": [{"box_index": 0, "class_id": 2, "class_name": "B3", "bbox_yolo": [0.48992374539375305, 0.4406583905220032, 0.10235189646482468, 0.07740169018507004], "conf": 0.6323007941246033}, {"box_index": 1, "class_id": 2, "class_name": "B3", "bbox_yolo": [0.406154602766037, 0.40899333357810974, 0.06314776837825775, 0.06035666540265083], "conf": 0.3823772072792053}, {"box_index": 2, "class_id": 2, "class_name": "B3", "bbox_yolo": [0.6374765038490295, 0.4160184860229492, 0.06597627699375153, 0.05332827568054199], "conf": 0.3042246401309967}, {"box_index": 3, "class_id": 2, "class_name": "B3", "bbox_yolo": [0.4076084792613983, 0.41231536865234375, 0.07688929885625839, 0.07002025097608566], "conf": 0.28043466806411743}], "count_per_class": {"B1": 0, "B2": 0, "B3": 4, "B4": 0}, "side_index": 3}