{"image": "DAMIMAS_A21B_0345_2.jpg", "detector": "y26n_vanilla_local", "detections": [{"box_index": 0, "class_id": 2, "class_name": "B3", "bbox_yolo": [0.3703562617301941, 0.3769080340862274, 0.10086851567029953, 0.08321785926818848], "conf": 0.3065398037433624}, {"box_index": 1, "class_id": 1, "class_name": "B2", "bbox_yolo": [0.3703562617301941, 0.3769080340862274, 0.10086851567029953, 0.08321785926818848], "conf": 0.25202712416648865}], "count_per_class": {"B1": 0, "B2": 1, "B3": 1, "B4": 0}, "side_index": 1}