{"image": "DAMIMAS_A21B_0766_2.jpg", "detector": "y26n_vanilla_local", "detections": [{"box_index": 0, "class_id": 2, "class_name": "B3", "bbox_yolo": [0.6504921913146973, 0.3504633605480194, 0.13004277646541595, 0.09848584979772568], "conf": 0.37145161628723145}, {"box_index": 1, "class_id": 2, "class_name": "B3", "bbox_yolo": [0.5064309239387512, 0.34287604689598083, 0.12197914719581604, 0.11019211262464523], "conf": 0.3069400489330292}, {"box_index": 2, "class_id": 3, "class_name": "B4", "bbox_yolo": [0.5824750661849976, 0.2716953158378601, 0.11762028187513351, 0.0883069559931755], "conf": 0.2873299717903137}], "count_per_class": {"B1": 0, "B2": 0, "B3": 2, "B4": 1}, "side_index": 1}