{"image": "DAMIMAS_A21B_0023_4.jpg", "detector": "y26n_vanilla_local", "detections": [{"box_index": 0, "class_id": 2, "class_name": "B3", "bbox_yolo": [0.3465157449245453, 0.4843713939189911, 0.11024212092161179, 0.08858952671289444], "conf": 0.4175378382205963}], "count_per_class": {"B1": 0, "B2": 0, "B3": 1, "B4": 0}, "side_index": 3}