{"image": "DAMIMAS_A21B_0625_2.jpg", "detector": "y26n_vanilla_local", "detections": [{"box_index": 0, "class_id": 3, "class_name": "B4", "bbox_yolo": [0.43212181329727173, 0.44051608443260193, 0.1342683881521225, 0.0811360627412796], "conf": 0.4836839437484741}, {"box_index": 1, "class_id": 2, "class_name": "B3", "bbox_yolo": [0.28562191128730774, 0.5139116048812866, 0.14316560328006744, 0.11315708607435226], "conf": 0.46573296189308167}, {"box_index": 2, "class_id": 1, "class_name": "B2", "bbox_yolo": [0.49558329582214355, 0.546045184135437, 0.18638169765472412, 0.12441549450159073], "conf": 0.4313504695892334}, {"box_index": 3, "class_id": 1, "class_name": "B2", "bbox_yolo": [0.49370571970939636, 0.5500356554985046, 0.19429273903369904, 0.13082657754421234], "conf": 0.27457621693611145}], "count_per_class": {"B1": 0, "B2": 2, "B3": 1, "B4": 1}, "side_index": 1}