{"image": "DAMIMAS_A21B_0593_2.jpg", "detector": "y26n_vanilla_local", "detections": [{"box_index": 0, "class_id": 2, "class_name": "B3", "bbox_yolo": [0.5917363166809082, 0.5184938311576843, 0.1961943358182907, 0.16663245856761932], "conf": 0.42021629214286804}, {"box_index": 1, "class_id": 1, "class_name": "B2", "bbox_yolo": [0.5917363166809082, 0.5184938311576843, 0.1961943358182907, 0.16663245856761932], "conf": 0.33960407972335815}], "count_per_class": {"B1": 0, "B2": 1, "B3": 1, "B4": 0}, "side_index": 1}