{"image": "DAMIMAS_A21B_0244_3.jpg", "detector": "y26n_vanilla_local", "detections": [{"box_index": 0, "class_id": 2, "class_name": "B3", "bbox_yolo": [0.3203963041305542, 0.3608715832233429, 0.13154354691505432, 0.09658417850732803], "conf": 0.4032959043979645}, {"box_index": 1, "class_id": 2, "class_name": "B3", "bbox_yolo": [0.6141585111618042, 0.31449684500694275, 0.12421945482492447, 0.08683381229639053], "conf": 0.28855234384536743}], "count_per_class": {"B1": 0, "B2": 0, "B3": 2, "B4": 0}, "side_index": 2}