{"image": "DAMIMAS_A21B_0311_3.jpg", "detector": "y26n_vanilla_local", "detections": [{"box_index": 0, "class_id": 2, "class_name": "B3", "bbox_yolo": [0.5720126032829285, 0.48384132981300354, 0.11456595361232758, 0.09783816337585449], "conf": 0.751765251159668}], "count_per_class": {"B1": 0, "B2": 0, "B3": 1, "B4": 0}, "side_index": 2}