{"image": "DAMIMAS_A21B_0608_3.jpg", "detector": "y26n_vanilla_local", "detections": [{"box_index": 0, "class_id": 2, "class_name": "B3", "bbox_yolo": [0.4007211923599243, 0.20272305607795715, 0.15516488254070282, 0.11127456277608871], "conf": 0.7198781371116638}, {"box_index": 1, "class_id": 2, "class_name": "B3", "bbox_yolo": [0.6151114702224731, 0.24131260812282562, 0.17604759335517883, 0.15216968953609467], "conf": 0.6366550922393799}, {"box_index": 2, "class_id": 1, "class_name": "B2", "bbox_yolo": [0.7147400975227356, 0.3496857285499573, 0.1320793181657791, 0.13130925595760345], "conf": 0.46615123748779297}, {"box_index": 3, "class_id": 2, "class_name": "B3", "bbox_yolo": [0.25479769706726074, 0.2907012403011322, 0.15040470659732819, 0.12022369354963303], "conf": 0.43177616596221924}], "count_per_class": {"B1": 0, "B2": 1, "B3": 3, "B4": 0}, "side_index": 2}