{"image": "DAMIMAS_A21B_0513_4.jpg", "detector": "y26n_vanilla_local", "detections": [{"box_index": 0, "class_id": 2, "class_name": "B3", "bbox_yolo": [0.28058645129203796, 0.41226711869239807, 0.1618228554725647, 0.13532844185829163], "conf": 0.5141482353210449}, {"box_index": 1, "class_id": 2, "class_name": "B3", "bbox_yolo": [0.5371255874633789, 0.37715572118759155, 0.1496366262435913, 0.11551375687122345], "conf": 0.38022077083587646}, {"box_index": 2, "class_id": 1, "class_name": "B2", "bbox_yolo": [0.28058645129203796, 0.41226711869239807, 0.1618228554725647, 0.13532844185829163], "conf": 0.32675901055336}], "count_per_class": {"B1": 0, "B2": 1, "B3": 2, "B4": 0}, "side_index": 3}