{"image": "DAMIMAS_A21B_0353_4.jpg", "detector": "y26n_vanilla_local", "detections": [{"box_index": 0, "class_id": 2, "class_name": "B3", "bbox_yolo": [0.5280582904815674, 0.45117273926734924, 0.10671994090080261, 0.08511104434728622], "conf": 0.5129887461662292}, {"box_index": 1, "class_id": 0, "class_name": "B1", "bbox_yolo": [0.6727991104125977, 0.4460792541503906, 0.08265546709299088, 0.08890128135681152], "conf": 0.36011946201324463}, {"box_index": 2, "class_id": 2, "class_name": "B3", "bbox_yolo": [0.3484577238559723, 0.43022462725639343, 0.0885748565196991, 0.07562859356403351], "conf": 0.30127087235450745}, {"box_index": 3, "class_id": 1, "class_name": "B2", "bbox_yolo": [0.5280582904815674, 0.45117273926734924, 0.10671994090080261, 0.08511104434728622], "conf": 0.28995251655578613}], "count_per_class": {"B1": 1, "B2": 1, "B3": 2, "B4": 0}, "side_index": 3}