{"image": "DAMIMAS_A21B_0737_2.jpg", "detector": "y26n_vanilla_local", "detections": [{"box_index": 0, "class_id": 2, "class_name": "B3", "bbox_yolo": [0.5798720121383667, 0.2177715301513672, 0.2401609569787979, 0.21147775650024414], "conf": 0.8388573527336121}, {"box_index": 1, "class_id": 3, "class_name": "B4", "bbox_yolo": [0.6696131825447083, 0.05655515938997269, 0.1873834729194641, 0.11183065176010132], "conf": 0.645751953125}, {"box_index": 2, "class_id": 2, "class_name": "B3", "bbox_yolo": [0.358654260635376, 0.16273871064186096, 0.16893279552459717, 0.1602642983198166], "conf": 0.5887327194213867}, {"box_index": 3, "class_id": 2, "class_name": "B3", "bbox_yolo": [0.7464914321899414, 0.1956740915775299, 0.09910062700510025, 0.13422413170337677], "conf": 0.5043609738349915}], "count_per_class": {"B1": 0, "B2": 0, "B3": 3, "B4": 1}, "side_index": 1}