{"image": "DAMIMAS_A21B_0452_2.jpg", "detector": "y26n_vanilla_local", "detections": [{"box_index": 0, "class_id": 0, "class_name": "B1", "bbox_yolo": [0.5446006059646606, 0.4496687054634094, 0.10012347251176834, 0.07519674301147461], "conf": 0.5940892100334167}, {"box_index": 1, "class_id": 0, "class_name": "B1", "bbox_yolo": [0.37806442379951477, 0.41714105010032654, 0.06699724495410919, 0.05408740043640137], "conf": 0.3945218622684479}, {"box_index": 2, "class_id": 0, "class_name": "B1", "bbox_yolo": [0.3807538151741028, 0.4263937473297119, 0.09828174114227295, 0.07838230580091476], "conf": 0.29180869460105896}], "count_per_class": {"B1": 3, "B2": 0, "B3": 0, "B4": 0}, "side_index": 1}