{"image": "DAMIMAS_A21B_0408_4.jpg", "detector": "y26n_vanilla_local", "detections": [{"box_index": 0, "class_id": 0, "class_name": "B1", "bbox_yolo": [0.6533029079437256, 0.4997227191925049, 0.10406272113323212, 0.09041871875524521], "conf": 0.8026712536811829}, {"box_index": 1, "class_id": 2, "class_name": "B3", "bbox_yolo": [0.5400683879852295, 0.46225664019584656, 0.09575694799423218, 0.0955834910273552], "conf": 0.7010141611099243}, {"box_index": 2, "class_id": 0, "class_name": "B1", "bbox_yolo": [0.3513531982898712, 0.521648108959198, 0.09690584242343903, 0.08648433536291122], "conf": 0.6963115334510803}, {"box_index": 3, "class_id": 2, "class_name": "B3", "bbox_yolo": [0.42875412106513977, 0.49146804213523865, 0.09497665613889694, 0.08503951877355576], "conf": 0.3050072491168976}], "count_per_class": {"B1": 2, "B2": 0, "B3": 2, "B4": 0}, "side_index": 3}