{"image": "DAMIMAS_A21B_0537_2.jpg", "detector": "y26n_vanilla_local", "detections": [{"box_index": 0, "class_id": 2, "class_name": "B3", "bbox_yolo": [0.47420814633369446, 0.5006954073905945, 0.11999626457691193, 0.091619111597538], "conf": 0.6855964064598083}, {"box_index": 1, "class_id": 2, "class_name": "B3", "bbox_yolo": [0.6233369708061218, 0.5149738192558289, 0.11412862688302994, 0.09275908768177032], "conf": 0.406175434589386}], "count_per_class": {"B1": 0, "B2": 0, "B3": 2, "B4": 0}, "side_index": 1}