{"image": "DAMIMAS_A21B_0063_3.jpg", "detector": "y26n_vanilla_local", "detections": [{"box_index": 0, "class_id": 0, "class_name": "B1", "bbox_yolo": [0.588016152381897, 0.5868760943412781, 0.11529891192913055, 0.08849449455738068], "conf": 0.6620666980743408}, {"box_index": 1, "class_id": 2, "class_name": "B3", "bbox_yolo": [0.4613177180290222, 0.5796850323677063, 0.10198479145765305, 0.08480973541736603], "conf": 0.624377429485321}, {"box_index": 2, "class_id": 2, "class_name": "B3", "bbox_yolo": [0.6249772906303406, 0.5302396416664124, 0.06853517144918442, 0.049196530133485794], "conf": 0.33950376510620117}], "count_per_class": {"B1": 1, "B2": 0, "B3": 2, "B4": 0}, "side_index": 2}