{"image": "DAMIMAS_A21B_0566_1.jpg", "detector": "y26n_vanilla_local", "detections": [{"box_index": 0, "class_id": 0, "class_name": "B1", "bbox_yolo": [0.5375038385391235, 0.4006020724773407, 0.15468521416187286, 0.13626836240291595], "conf": 0.6762431263923645}, {"box_index": 1, "class_id": 1, "class_name": "B2", "bbox_yolo": [0.3504023551940918, 0.3654269576072693, 0.12344376742839813, 0.10584912449121475], "conf": 0.5241519212722778}, {"box_index": 2, "class_id": 3, "class_name": "B4", "bbox_yolo": [0.33765268325805664, 0.27775511145591736, 0.10302000492811203, 0.07392384856939316], "conf": 0.4739573895931244}, {"box_index": 3, "class_id": 2, "class_name": "B3", "bbox_yolo": [0.3504023551940918, 0.3654269576072693, 0.12344376742839813, 0.10584912449121475], "conf": 0.31146755814552307}], "count_per_class": {"B1": 1, "B2": 1, "B3": 1, "B4": 1}, "side_index": 0}