{"image": "DAMIMAS_A21B_0333_3.jpg", "detector": "y26n_vanilla_local", "detections": [{"box_index": 0, "class_id": 0, "class_name": "B1", "bbox_yolo": [0.39909669756889343, 0.5065931677818298, 0.13021524250507355, 0.11018400639295578], "conf": 0.7790008783340454}, {"box_index": 1, "class_id": 2, "class_name": "B3", "bbox_yolo": [0.6254234910011292, 0.48456794023513794, 0.10130329430103302, 0.08908190578222275], "conf": 0.28420162200927734}, {"box_index": 2, "class_id": 2, "class_name": "B3", "bbox_yolo": [0.6199347376823425, 0.46796998381614685, 0.07873453199863434, 0.05511937290430069], "conf": 0.25106436014175415}], "count_per_class": {"B1": 1, "B2": 0, "B3": 2, "B4": 0}, "side_index": 2}