{"image": "DAMIMAS_A21B_0488_2.jpg", "detector": "y26n_vanilla_local", "detections": [{"box_index": 0, "class_id": 2, "class_name": "B3", "bbox_yolo": [0.5860556364059448, 0.34027960896492004, 0.07528655230998993, 0.05731253698468208], "conf": 0.25639399886131287}, {"box_index": 1, "class_id": 2, "class_name": "B3", "bbox_yolo": [0.3781642019748688, 0.30463099479675293, 0.06996364891529083, 0.04889869689941406], "conf": 0.25222331285476685}], "count_per_class": {"B1": 0, "B2": 0, "B3": 2, "B4": 0}, "side_index": 1}