{"image": "DAMIMAS_A21B_0845_7.jpg", "detector": "y26n_vanilla_local", "detections": [{"box_index": 0, "class_id": 2, "class_name": "B3", "bbox_yolo": [0.43997544050216675, 0.2841663360595703, 0.16774244606494904, 0.13286474347114563], "conf": 0.6267401576042175}, {"box_index": 1, "class_id": 1, "class_name": "B2", "bbox_yolo": [0.43997544050216675, 0.2841663360595703, 0.16774244606494904, 0.13286474347114563], "conf": 0.3388819694519043}], "count_per_class": {"B1": 0, "B2": 1, "B3": 1, "B4": 0}, "side_index": 6}