{"image": "DAMIMAS_A21B_0255_2.jpg", "detector": "y26n_vanilla_local", "detections": [{"box_index": 0, "class_id": 2, "class_name": "B3", "bbox_yolo": [0.3058452010154724, 0.19403313100337982, 0.1563856452703476, 0.11232731491327286], "conf": 0.4990486204624176}, {"box_index": 1, "class_id": 2, "class_name": "B3", "bbox_yolo": [0.26292309165000916, 0.30012527108192444, 0.12222567200660706, 0.09231777489185333], "conf": 0.26564842462539673}], "count_per_class": {"B1": 0, "B2": 0, "B3": 2, "B4": 0}, "side_index": 1}