{"image": "DAMIMAS_A21B_0692_4.jpg", "detector": "y26n_vanilla_local", "detections": [{"box_index": 0, "class_id": 2, "class_name": "B3", "bbox_yolo": [0.8204466104507446, 0.37008944153785706, 0.2497473508119583, 0.1704448014497757], "conf": 0.7768384218215942}, {"box_index": 1, "class_id": 0, "class_name": "B1", "bbox_yolo": [0.21027974784374237, 0.43971261382102966, 0.3564392626285553, 0.2465074509382248], "conf": 0.6697931289672852}, {"box_index": 2, "class_id": 2, "class_name": "B3", "bbox_yolo": [0.23071105778217316, 0.26850876212120056, 0.14624719321727753, 0.10266118496656418], "conf": 0.55743408203125}, {"box_index": 3, "class_id": 2, "class_name": "B3", "bbox_yolo": [0.6768603920936584, 0.2525320053100586, 0.25926312804222107, 0.1505284607410431], "conf": 0.5258473753929138}], "count_per_class": {"B1": 1, "B2": 0, "B3": 3, "B4": 0}, "side_index": 3}