{"image": "DAMIMAS_A21B_0371_3.jpg", "detector": "y26n_vanilla_local", "detections": [{"box_index": 0, "class_id": 2, "class_name": "B3", "bbox_yolo": [0.5487136840820312, 0.41992273926734924, 0.10916151106357574, 0.09060098975896835], "conf": 0.7289727330207825}, {"box_index": 1, "class_id": 0, "class_name": "B1", "bbox_yolo": [0.37730517983436584, 0.47898563742637634, 0.09791479259729385, 0.08779077976942062], "conf": 0.6338690519332886}, {"box_index": 2, "class_id": 1, "class_name": "B2", "bbox_yolo": [0.6667990684509277, 0.4575423300266266, 0.11687641590833664, 0.10284008830785751], "conf": 0.4460272789001465}, {"box_index": 3, "class_id": 2, "class_name": "B3", "bbox_yolo": [0.6667990684509277, 0.4575423300266266, 0.11687641590833664, 0.10284008830785751], "conf": 0.3248004615306854}], "count_per_class": {"B1": 1, "B2": 1, "B3": 2, "B4": 0}, "side_index": 2}