{"image": "DAMIMAS_A21B_0785_1.jpg", "detector": "y26n_vanilla_local", "detections": [{"box_index": 0, "class_id": 2, "class_name": "B3", "bbox_yolo": [0.5486711859703064, 0.23280929028987885, 0.152523934841156, 0.12919488549232483], "conf": 0.6128098368644714}, {"box_index": 1, "class_id": 2, "class_name": "B3", "bbox_yolo": [0.3426803648471832, 0.26626452803611755, 0.13223041594028473, 0.10796520859003067], "conf": 0.314291775226593}], "count_per_class": {"B1": 0, "B2": 0, "B3": 2, "B4": 0}, "side_index": 0}