{"image": "DAMIMAS_A21B_0218_1.jpg", "detector": "y26n_vanilla_local", "detections": [{"box_index": 0, "class_id": 0, "class_name": "B1", "bbox_yolo": [0.40143319964408875, 0.45626869797706604, 0.09933793544769287, 0.07711654156446457], "conf": 0.4867434799671173}, {"box_index": 1, "class_id": 3, "class_name": "B4", "bbox_yolo": [0.5728177428245544, 0.39522585272789, 0.08993581682443619, 0.06731214374303818], "conf": 0.2595338523387909}], "count_per_class": {"B1": 1, "B2": 0, "B3": 0, "B4": 1}, "side_index": 0}