{"image": "DAMIMAS_A21B_0829_6.jpg", "detector": "y26n_vanilla_local", "detections": [{"box_index": 0, "class_id": 0, "class_name": "B1", "bbox_yolo": [0.3582456111907959, 0.41928550601005554, 0.1742519736289978, 0.13033795356750488], "conf": 0.585099995136261}], "count_per_class": {"B1": 1, "B2": 0, "B3": 0, "B4": 0}, "side_index": 5}