{"image": "DAMIMAS_A21B_0262_2.jpg", "detector": "y26n_vanilla_local", "detections": [{"box_index": 0, "class_id": 0, "class_name": "B1", "bbox_yolo": [0.33527737855911255, 0.5368055701255798, 0.1535501331090927, 0.15144315361976624], "conf": 0.6526153683662415}, {"box_index": 1, "class_id": 2, "class_name": "B3", "bbox_yolo": [0.391968697309494, 0.4173196852207184, 0.1389426589012146, 0.09810619801282883], "conf": 0.6155133843421936}, {"box_index": 2, "class_id": 2, "class_name": "B3", "bbox_yolo": [0.5085549354553223, 0.4830577075481415, 0.15108449757099152, 0.12074770778417587], "conf": 0.5471903085708618}, {"box_index": 3, "class_id": 2, "class_name": "B3", "bbox_yolo": [0.6977815628051758, 0.46106797456741333, 0.12235190719366074, 0.09383215755224228], "conf": 0.38023290038108826}], "count_per_class": {"B1": 1, "B2": 0, "B3": 3, "B4": 0}, "side_index": 1}