{"image": "DAMIMAS_A21B_0522_4.jpg", "detector": "y26n_vanilla_local", "detections": [{"box_index": 0, "class_id": 1, "class_name": "B2", "bbox_yolo": [0.6427756547927856, 0.41074156761169434, 0.12372354418039322, 0.10514593124389648], "conf": 0.6236521005630493}, {"box_index": 1, "class_id": 2, "class_name": "B3", "bbox_yolo": [0.40792950987815857, 0.39140281081199646, 0.11257785558700562, 0.09748949855566025], "conf": 0.4573110342025757}, {"box_index": 2, "class_id": 2, "class_name": "B3", "bbox_yolo": [0.5444157123565674, 0.35985293984413147, 0.1286982297897339, 0.09011967480182648], "conf": 0.3136366307735443}], "count_per_class": {"B1": 0, "B2": 1, "B3": 2, "B4": 0}, "side_index": 3}