{"image": "DAMIMAS_A21B_0695_3.jpg", "detector": "y26n_vanilla_local", "detections": [{"box_index": 0, "class_id": 0, "class_name": "B1", "bbox_yolo": [0.6656321287155151, 0.31233808398246765, 0.18579044938087463, 0.1325773000717163], "conf": 0.5219531655311584}, {"box_index": 1, "class_id": 3, "class_name": "B4", "bbox_yolo": [0.5678659081459045, 0.18658185005187988, 0.16958053410053253, 0.12925384938716888], "conf": 0.4911937117576599}], "count_per_class": {"B1": 1, "B2": 0, "B3": 0, "B4": 1}, "side_index": 2}