{"image": "DAMIMAS_A21B_0525_4.jpg", "detector": "y26n_vanilla_local", "detections": [{"box_index": 0, "class_id": 2, "class_name": "B3", "bbox_yolo": [0.6780999898910522, 0.5390640497207642, 0.14008548855781555, 0.11060476303100586], "conf": 0.768910825252533}, {"box_index": 1, "class_id": 1, "class_name": "B2", "bbox_yolo": [0.3308587670326233, 0.531043291091919, 0.124722421169281, 0.10912656784057617], "conf": 0.5440303087234497}], "count_per_class": {"B1": 0, "B2": 1, "B3": 1, "B4": 0}, "side_index": 3}