{"image": "DAMIMAS_A21B_0699_3.jpg", "detector": "y26n_vanilla_local", "detections": [{"box_index": 0, "class_id": 2, "class_name": "B3", "bbox_yolo": [0.48339658975601196, 0.1509885936975479, 0.21175582706928253, 0.1475084125995636], "conf": 0.6745956540107727}, {"box_index": 1, "class_id": 2, "class_name": "B3", "bbox_yolo": [0.25572094321250916, 0.2332206815481186, 0.19569753110408783, 0.16022995114326477], "conf": 0.5313398838043213}, {"box_index": 2, "class_id": 2, "class_name": "B3", "bbox_yolo": [0.6582954525947571, 0.11187616735696793, 0.12664929032325745, 0.10450523346662521], "conf": 0.3162446916103363}, {"box_index": 3, "class_id": 3, "class_name": "B4", "bbox_yolo": [0.6582954525947571, 0.11187616735696793, 0.12664929032325745, 0.10450523346662521], "conf": 0.2632315456867218}], "count_per_class": {"B1": 0, "B2": 0, "B3": 3, "B4": 1}, "side_index": 2}