{"image": "DAMIMAS_A21B_0390_4.jpg", "detector": "y26n_vanilla_local", "detections": [{"box_index": 0, "class_id": 0, "class_name": "B1", "bbox_yolo": [0.445491760969162, 0.34000182151794434, 0.11640758812427521, 0.09249179810285568], "conf": 0.35729536414146423}, {"box_index": 1, "class_id": 3, "class_name": "B4", "bbox_yolo": [0.6181021928787231, 0.2677428722381592, 0.09978250414133072, 0.07399588078260422], "conf": 0.3238930106163025}, {"box_index": 2, "class_id": 2, "class_name": "B3", "bbox_yolo": [0.361148864030838, 0.30708178877830505, 0.10283562541007996, 0.07452376186847687], "conf": 0.25855180621147156}], "count_per_class": {"B1": 1, "B2": 0, "B3": 1, "B4": 1}, "side_index": 3}