{"image": "DAMIMAS_A21B_0502_3.jpg", "detector": "y26n_vanilla_local", "detections": [{"box_index": 0, "class_id": 2, "class_name": "B3", "bbox_yolo": [0.5570741295814514, 0.4678521156311035, 0.09651842713356018, 0.07522650063037872], "conf": 0.3775239586830139}, {"box_index": 1, "class_id": 2, "class_name": "B3", "bbox_yolo": [0.5549194812774658, 0.4690078794956207, 0.0872969999909401, 0.07085166126489639], "conf": 0.26036569476127625}], "count_per_class": {"B1": 0, "B2": 0, "B3": 2, "B4": 0}, "side_index": 2}