{"image": "DAMIMAS_A21B_0254_3.jpg", "detector": "y26n_vanilla_local", "detections": [{"box_index": 0, "class_id": 2, "class_name": "B3", "bbox_yolo": [0.730625331401825, 0.15471547842025757, 0.1666708141565323, 0.12980130314826965], "conf": 0.5315727591514587}, {"box_index": 1, "class_id": 2, "class_name": "B3", "bbox_yolo": [0.5502857565879822, 0.13665573298931122, 0.14605757594108582, 0.13448040187358856], "conf": 0.3857310712337494}], "count_per_class": {"B1": 0, "B2": 0, "B3": 2, "B4": 0}, "side_index": 2}