{"image": "DAMIMAS_A21B_0138_3.jpg", "detector": "y26n_vanilla_local", "detections": [{"box_index": 0, "class_id": 1, "class_name": "B2", "bbox_yolo": [0.2853173315525055, 0.38854852318763733, 0.1316971629858017, 0.11494304984807968], "conf": 0.8352053761482239}, {"box_index": 1, "class_id": 2, "class_name": "B3", "bbox_yolo": [0.4979827404022217, 0.33809778094291687, 0.12338991463184357, 0.09436025470495224], "conf": 0.6480048894882202}], "count_per_class": {"B1": 0, "B2": 1, "B3": 1, "B4": 0}, "side_index": 2}