{"image": "DAMIMAS_A21B_0330_3.jpg", "detector": "y26n_vanilla_local", "detections": [{"box_index": 0, "class_id": 0, "class_name": "B1", "bbox_yolo": [0.6802030205726624, 0.4143865704536438, 0.13359980285167694, 0.11468010395765305], "conf": 0.8620063662528992}, {"box_index": 1, "class_id": 0, "class_name": "B1", "bbox_yolo": [0.35174453258514404, 0.39839574694633484, 0.08769337832927704, 0.07153301686048508], "conf": 0.35808065533638}, {"box_index": 2, "class_id": 2, "class_name": "B3", "bbox_yolo": [0.6027575731277466, 0.31823208928108215, 0.09178473800420761, 0.08358526229858398], "conf": 0.2936159670352936}, {"box_index": 3, "class_id": 2, "class_name": "B3", "bbox_yolo": [0.40726983547210693, 0.3373333513736725, 0.08709431439638138, 0.06476853042840958], "conf": 0.27192920446395874}], "count_per_class": {"B1": 2, "B2": 0, "B3": 2, "B4": 0}, "side_index": 2}