{"image": "DAMIMAS_A21B_0660_4.jpg", "detector": "y26n_vanilla_local", "detections": [{"box_index": 0, "class_id": 2, "class_name": "B3", "bbox_yolo": [0.6560295820236206, 0.30161112546920776, 0.09796537458896637, 0.08798899501562119], "conf": 0.5938118100166321}, {"box_index": 1, "class_id": 2, "class_name": "B3", "bbox_yolo": [0.5587934851646423, 0.2500574290752411, 0.1147330030798912, 0.09763779491186142], "conf": 0.4818718433380127}, {"box_index": 2, "class_id": 2, "class_name": "B3", "bbox_yolo": [0.4122202694416046, 0.2882818877696991, 0.10727555304765701, 0.09220457077026367], "conf": 0.4645935297012329}, {"box_index": 3, "class_id": 0, "class_name": "B1", "bbox_yolo": [0.31623777747154236, 0.3108440339565277, 0.08476384729146957, 0.08560176193714142], "conf": 0.42668047547340393}], "count_per_class": {"B1": 1, "B2": 0, "B3": 3, "B4": 0}, "side_index": 3}