{"image": "DAMIMAS_A21B_0775_3.jpg", "detector": "y26n_vanilla_local", "detections": [{"box_index": 0, "class_id": 2, "class_name": "B3", "bbox_yolo": [0.2626510560512543, 0.35609063506126404, 0.1420402079820633, 0.13092713057994843], "conf": 0.5932394862174988}, {"box_index": 1, "class_id": 2, "class_name": "B3", "bbox_yolo": [0.44237545132637024, 0.22549669444561005, 0.14902128279209137, 0.1801755428314209], "conf": 0.5809558629989624}, {"box_index": 2, "class_id": 1, "class_name": "B2", "bbox_yolo": [0.7857122421264648, 0.3347301185131073, 0.1793116331100464, 0.1638094186782837], "conf": 0.49773967266082764}], "count_per_class": {"B1": 0, "B2": 1, "B3": 2, "B4": 0}, "side_index": 2}