{"image": "DAMIMAS_A21B_0474_2.jpg", "detector": "y26n_vanilla_local", "detections": [{"box_index": 0, "class_id": 2, "class_name": "B3", "bbox_yolo": [0.44778791069984436, 0.4307072162628174, 0.10755176842212677, 0.0959552749991417], "conf": 0.7622647881507874}, {"box_index": 1, "class_id": 0, "class_name": "B1", "bbox_yolo": [0.6398990750312805, 0.47399312257766724, 0.10671902447938919, 0.09217190742492676], "conf": 0.6178960204124451}, {"box_index": 2, "class_id": 2, "class_name": "B3", "bbox_yolo": [0.354905366897583, 0.4587268829345703, 0.10220197588205338, 0.08173289149999619], "conf": 0.397271990776062}, {"box_index": 3, "class_id": 1, "class_name": "B2", "bbox_yolo": [0.354905366897583, 0.4587268829345703, 0.10220197588205338, 0.08173289149999619], "conf": 0.3277318477630615}], "count_per_class": {"B1": 1, "B2": 1, "B3": 2, "B4": 0}, "side_index": 1}