{"image": "DAMIMAS_A21B_0134_3.jpg", "detector": "y26n_vanilla_local", "detections": [{"box_index": 0, "class_id": 1, "class_name": "B2", "bbox_yolo": [0.553265392780304, 0.37340301275253296, 0.0957145094871521, 0.09158797562122345], "conf": 0.5770533084869385}, {"box_index": 1, "class_id": 2, "class_name": "B3", "bbox_yolo": [0.39550989866256714, 0.3666955530643463, 0.08989594876766205, 0.06692171096801758], "conf": 0.26375892758369446}], "count_per_class": {"B1": 0, "B2": 1, "B3": 1, "B4": 0}, "side_index": 2}