{"image": "DAMIMAS_A21B_0814_3.jpg", "detector": "y26n_vanilla_local", "detections": [{"box_index": 0, "class_id": 2, "class_name": "B3", "bbox_yolo": [0.5998000502586365, 0.4081692695617676, 0.1111576110124588, 0.08606328815221786], "conf": 0.2547372877597809}, {"box_index": 1, "class_id": 1, "class_name": "B2", "bbox_yolo": [0.41956719756126404, 0.4276222288608551, 0.1180466040968895, 0.09102141857147217], "conf": 0.25188368558883667}], "count_per_class": {"B1": 0, "B2": 1, "B3": 1, "B4": 0}, "side_index": 2}