{"image": "DAMIMAS_A21B_0106_3.jpg", "detector": "y26n_vanilla_local", "detections": [{"box_index": 0, "class_id": 2, "class_name": "B3", "bbox_yolo": [0.5155534148216248, 0.5367641448974609, 0.1065976545214653, 0.08802285045385361], "conf": 0.8267030715942383}, {"box_index": 1, "class_id": 0, "class_name": "B1", "bbox_yolo": [0.6158273220062256, 0.5664197206497192, 0.11144072562456131, 0.09906525909900665], "conf": 0.7586513757705688}, {"box_index": 2, "class_id": 2, "class_name": "B3", "bbox_yolo": [0.3757003843784332, 0.5603160858154297, 0.10895399004220963, 0.0845007449388504], "conf": 0.6338769197463989}, {"box_index": 3, "class_id": 2, "class_name": "B3", "bbox_yolo": [0.6106804013252258, 0.5051338076591492, 0.06136557459831238, 0.0439058318734169], "conf": 0.27863809466362}], "count_per_class": {"B1": 1, "B2": 0, "B3": 3, "B4": 0}, "side_index": 2}