{"image": "DAMIMAS_A21B_0046_2.jpg", "detector": "y26n_vanilla_local", "detections": [{"box_index": 0, "class_id": 3, "class_name": "B4", "bbox_yolo": [0.6498308181762695, 0.4536123275756836, 0.1269795149564743, 0.08120260387659073], "conf": 0.6379290819168091}, {"box_index": 1, "class_id": 2, "class_name": "B3", "bbox_yolo": [0.43976762890815735, 0.5002976655960083, 0.1310892105102539, 0.1223599910736084], "conf": 0.6268188953399658}, {"box_index": 2, "class_id": 2, "class_name": "B3", "bbox_yolo": [0.6179231405258179, 0.5416268706321716, 0.13202476501464844, 0.09976811707019806], "conf": 0.4616093933582306}], "count_per_class": {"B1": 0, "B2": 0, "B3": 2, "B4": 1}, "side_index": 1}