{"image": "DAMIMAS_A21B_0420_3.jpg", "detector": "y26n_vanilla_local", "detections": [{"box_index": 0, "class_id": 2, "class_name": "B3", "bbox_yolo": [0.6545987725257874, 0.3882691562175751, 0.15100537240505219, 0.10756406933069229], "conf": 0.4810950458049774}, {"box_index": 1, "class_id": 1, "class_name": "B2", "bbox_yolo": [0.36439186334609985, 0.42092353105545044, 0.18762478232383728, 0.14720992743968964], "conf": 0.34561941027641296}], "count_per_class": {"B1": 0, "B2": 1, "B3": 1, "B4": 0}, "side_index": 2}