{"image": "DAMIMAS_A21B_0489_4.jpg", "detector": "y26n_vanilla_local", "detections": [{"box_index": 0, "class_id": 1, "class_name": "B2", "bbox_yolo": [0.6108132004737854, 0.32272395491600037, 0.1108013242483139, 0.08243656158447266], "conf": 0.45001932978630066}, {"box_index": 1, "class_id": 2, "class_name": "B3", "bbox_yolo": [0.6108132004737854, 0.32272395491600037, 0.1108013242483139, 0.08243656158447266], "conf": 0.2853096127510071}], "count_per_class": {"B1": 0, "B2": 1, "B3": 1, "B4": 0}, "side_index": 3}