{"image": "DAMIMAS_A21B_0261_1.jpg", "detector": "y26n_vanilla_local", "detections": [{"box_index": 0, "class_id": 0, "class_name": "B1", "bbox_yolo": [0.494404137134552, 0.5111660957336426, 0.19695594906806946, 0.15912094712257385], "conf": 0.8015981316566467}, {"box_index": 1, "class_id": 0, "class_name": "B1", "bbox_yolo": [0.29735904932022095, 0.5009580254554749, 0.16761688888072968, 0.12947188317775726], "conf": 0.5941911935806274}, {"box_index": 2, "class_id": 2, "class_name": "B3", "bbox_yolo": [0.6372708678245544, 0.44691401720046997, 0.12341951578855515, 0.09575410187244415], "conf": 0.278145432472229}], "count_per_class": {"B1": 2, "B2": 0, "B3": 1, "B4": 0}, "side_index": 0}