{"image": "DAMIMAS_A21B_0461_1.jpg", "detector": "y26n_vanilla_local", "detections": [{"box_index": 0, "class_id": 2, "class_name": "B3", "bbox_yolo": [0.4436999559402466, 0.38870635628700256, 0.056925904005765915, 0.0439489372074604], "conf": 0.33426612615585327}, {"box_index": 1, "class_id": 2, "class_name": "B3", "bbox_yolo": [0.5283782482147217, 0.3855976462364197, 0.07903674989938736, 0.05713477358222008], "conf": 0.2837306261062622}, {"box_index": 2, "class_id": 2, "class_name": "B3", "bbox_yolo": [0.526488721370697, 0.38277870416641235, 0.06677757948637009, 0.04973304271697998], "conf": 0.268476665019989}], "count_per_class": {"B1": 0, "B2": 0, "B3": 3, "B4": 0}, "side_index": 0}