{"image": "DAMIMAS_A21B_0468_2.jpg", "detector": "y26n_vanilla_local", "detections": [{"box_index": 0, "class_id": 0, "class_name": "B1", "bbox_yolo": [0.6309605836868286, 0.4642103314399719, 0.10309182107448578, 0.08911814540624619], "conf": 0.6350598335266113}, {"box_index": 1, "class_id": 2, "class_name": "B3", "bbox_yolo": [0.41560253500938416, 0.434298038482666, 0.08853728324174881, 0.07399170845746994], "conf": 0.5169565081596375}, {"box_index": 2, "class_id": 2, "class_name": "B3", "bbox_yolo": [0.5245181918144226, 0.45674869418144226, 0.10257212817668915, 0.07239518314599991], "conf": 0.40575578808784485}, {"box_index": 3, "class_id": 0, "class_name": "B1", "bbox_yolo": [0.33793845772743225, 0.45366010069847107, 0.08421440422534943, 0.07126183807849884], "conf": 0.33892565965652466}], "count_per_class": {"B1": 2, "B2": 0, "B3": 2, "B4": 0}, "side_index": 1}