{"image": "DAMIMAS_A21B_0625_1.jpg", "detector": "y26n_vanilla_local", "detections": [{"box_index": 0, "class_id": 2, "class_name": "B3", "bbox_yolo": [0.244348406791687, 0.41101381182670593, 0.14839477837085724, 0.12211952358484268], "conf": 0.34226489067077637}], "count_per_class": {"B1": 0, "B2": 0, "B3": 1, "B4": 0}, "side_index": 0}