{"image": "DAMIMAS_A21B_0395_2.jpg", "detector": "y26n_vanilla_local", "detections": [{"box_index": 0, "class_id": 0, "class_name": "B1", "bbox_yolo": [0.5806310176849365, 0.389449805021286, 0.16639119386672974, 0.13420115411281586], "conf": 0.8542893528938293}, {"box_index": 1, "class_id": 2, "class_name": "B3", "bbox_yolo": [0.6841650009155273, 0.3214639723300934, 0.1049116849899292, 0.07644541561603546], "conf": 0.32168105244636536}], "count_per_class": {"B1": 1, "B2": 0, "B3": 1, "B4": 0}, "side_index": 1}