{"image": "DAMIMAS_A21B_0223_4.jpg", "detector": "y26n_vanilla_local", "detections": [{"box_index": 0, "class_id": 2, "class_name": "B3", "bbox_yolo": [0.47245916724205017, 0.4640653729438782, 0.12787273526191711, 0.08370385318994522], "conf": 0.3389075994491577}], "count_per_class": {"B1": 0, "B2": 0, "B3": 1, "B4": 0}, "side_index": 3}