{"image": "DAMIMAS_A21B_0055_4.jpg", "detector": "y26n_vanilla_local", "detections": [{"box_index": 0, "class_id": 1, "class_name": "B2", "bbox_yolo": [0.48084592819213867, 0.4532136619091034, 0.11243035644292831, 0.10307035595178604], "conf": 0.8211528062820435}, {"box_index": 1, "class_id": 2, "class_name": "B3", "bbox_yolo": [0.3405403196811676, 0.4288671612739563, 0.12250103056430817, 0.09782159328460693], "conf": 0.7281498908996582}, {"box_index": 2, "class_id": 3, "class_name": "B4", "bbox_yolo": [0.4465481638908386, 0.36885395646095276, 0.09417509287595749, 0.06489448994398117], "conf": 0.32406365871429443}, {"box_index": 3, "class_id": 2, "class_name": "B3", "bbox_yolo": [0.6127472519874573, 0.46299096941947937, 0.08177109062671661, 0.07013759762048721], "conf": 0.3001098930835724}], "count_per_class": {"B1": 0, "B2": 1, "B3": 2, "B4": 1}, "side_index": 3}