{"image": "DAMIMAS_A21B_0830_7.jpg", "detector": "y26n_vanilla_local", "detections": [{"box_index": 0, "class_id": 1, "class_name": "B2", "bbox_yolo": [0.6097468733787537, 0.2405531406402588, 0.1860930174589157, 0.15254123508930206], "conf": 0.7662586569786072}, {"box_index": 1, "class_id": 0, "class_name": "B1", "bbox_yolo": [0.37872397899627686, 0.2949148118495941, 0.1982225775718689, 0.16838224232196808], "conf": 0.7588463425636292}], "count_per_class": {"B1": 1, "B2": 1, "B3": 0, "B4": 0}, "side_index": 6}