{"image": "DAMIMAS_A21B_0774_1.jpg", "detector": "y26n_vanilla_local", "detections": [{"box_index": 0, "class_id": 2, "class_name": "B3", "bbox_yolo": [0.3342553675174713, 0.32859569787979126, 0.1362810581922531, 0.08307226002216339], "conf": 0.661638617515564}, {"box_index": 1, "class_id": 1, "class_name": "B2", "bbox_yolo": [0.5270156860351562, 0.30631932616233826, 0.17603839933872223, 0.10725941509008408], "conf": 0.6473788022994995}], "count_per_class": {"B1": 0, "B2": 1, "B3": 1, "B4": 0}, "side_index": 0}