{"image": "DAMIMAS_A21B_0533_2.jpg", "detector": "y26n_vanilla_local", "detections": [{"box_index": 0, "class_id": 2, "class_name": "B3", "bbox_yolo": [0.4814581871032715, 0.5025858283042908, 0.10531848669052124, 0.09723305702209473], "conf": 0.38609325885772705}, {"box_index": 1, "class_id": 2, "class_name": "B3", "bbox_yolo": [0.6521804928779602, 0.4645211696624756, 0.06763344258069992, 0.0518614761531353], "conf": 0.356052964925766}, {"box_index": 2, "class_id": 2, "class_name": "B3", "bbox_yolo": [0.5948117971420288, 0.5134603381156921, 0.09680589288473129, 0.07470417022705078], "conf": 0.2723916471004486}], "count_per_class": {"B1": 0, "B2": 0, "B3": 3, "B4": 0}, "side_index": 1}