{"image": "DAMIMAS_A21B_0583_1.jpg", "detector": "y26n_vanilla_local", "detections": [{"box_index": 0, "class_id": 0, "class_name": "B1", "bbox_yolo": [0.30959051847457886, 0.4973874092102051, 0.19560082256793976, 0.16053251922130585], "conf": 0.7349538803100586}, {"box_index": 1, "class_id": 1, "class_name": "B2", "bbox_yolo": [0.7104083299636841, 0.4685700833797455, 0.18292491137981415, 0.13413105905056], "conf": 0.6455739140510559}], "count_per_class": {"B1": 1, "B2": 1, "B3": 0, "B4": 0}, "side_index": 0}