{"image": "DAMIMAS_A21B_0032_1.jpg", "detector": "y26n_vanilla_local", "detections": [{"box_index": 0, "class_id": 2, "class_name": "B3", "bbox_yolo": [0.5487879514694214, 0.48298588395118713, 0.11370968073606491, 0.09157519787549973], "conf": 0.6092652678489685}, {"box_index": 1, "class_id": 0, "class_name": "B1", "bbox_yolo": [0.6419939994812012, 0.5046191215515137, 0.11446082592010498, 0.08869719505310059], "conf": 0.5659750699996948}, {"box_index": 2, "class_id": 2, "class_name": "B3", "bbox_yolo": [0.4199795126914978, 0.5044373869895935, 0.12150542438030243, 0.09521865844726562], "conf": 0.48707327246665955}], "count_per_class": {"B1": 1, "B2": 0, "B3": 2, "B4": 0}, "side_index": 0}