{"image": "DAMIMAS_A21B_0851_4.jpg", "detector": "y26n_vanilla_local", "detections": [{"box_index": 0, "class_id": 2, "class_name": "B3", "bbox_yolo": [0.5998343229293823, 0.4232773780822754, 0.15071259438991547, 0.12505760788917542], "conf": 0.784398078918457}, {"box_index": 1, "class_id": 1, "class_name": "B2", "bbox_yolo": [0.4496975839138031, 0.4564436078071594, 0.1239679753780365, 0.08778395503759384], "conf": 0.5241633653640747}, {"box_index": 2, "class_id": 1, "class_name": "B2", "bbox_yolo": [0.7005698084831238, 0.4764227867126465, 0.12361177802085876, 0.1255912333726883], "conf": 0.5097590684890747}], "count_per_class": {"B1": 0, "B2": 2, "B3": 1, "B4": 0}, "side_index": 3}