{"image": "DAMIMAS_A21B_0377_1.jpg", "detector": "y26n_vanilla_local", "detections": [{"box_index": 0, "class_id": 0, "class_name": "B1", "bbox_yolo": [0.391975075006485, 0.401249498128891, 0.10712363570928574, 0.07866258919239044], "conf": 0.5452935099601746}, {"box_index": 1, "class_id": 2, "class_name": "B3", "bbox_yolo": [0.4978078603744507, 0.3475438356399536, 0.10198596864938736, 0.07880272716283798], "conf": 0.45746251940727234}], "count_per_class": {"B1": 1, "B2": 0, "B3": 1, "B4": 0}, "side_index": 0}