{"image": "DAMIMAS_A21B_0385_2.jpg", "detector": "y26n_vanilla_local", "detections": [{"box_index": 0, "class_id": 2, "class_name": "B3", "bbox_yolo": [0.4103085696697235, 0.4172435700893402, 0.10880070179700851, 0.08465967327356339], "conf": 0.5807788968086243}], "count_per_class": {"B1": 0, "B2": 0, "B3": 1, "B4": 0}, "side_index": 1}