{"image": "DAMIMAS_A21B_0318_1.jpg", "detector": "y26n_vanilla_local", "detections": [{"box_index": 0, "class_id": 2, "class_name": "B3", "bbox_yolo": [0.33254221081733704, 0.36096760630607605, 0.1894090175628662, 0.1330549716949463], "conf": 0.7726946473121643}, {"box_index": 1, "class_id": 2, "class_name": "B3", "bbox_yolo": [0.7513943910598755, 0.37316465377807617, 0.13562177121639252, 0.09482326358556747], "conf": 0.6552749276161194}, {"box_index": 2, "class_id": 2, "class_name": "B3", "bbox_yolo": [0.5093779563903809, 0.34459611773490906, 0.10342458635568619, 0.09015700966119766], "conf": 0.4667249023914337}, {"box_index": 3, "class_id": 2, "class_name": "B3", "bbox_yolo": [0.7496569752693176, 0.376278281211853, 0.1435379683971405, 0.10170159488916397], "conf": 0.35699793696403503}], "count_per_class": {"B1": 0, "B2": 0, "B3": 4, "B4": 0}, "side_index": 0}