{"image": "DAMIMAS_A21B_0466_1.jpg", "detector": "y26n_vanilla_local", "detections": [{"box_index": 0, "class_id": 2, "class_name": "B3", "bbox_yolo": [0.608974039554596, 0.3534832298755646, 0.06347186118364334, 0.05151314660906792], "conf": 0.31305480003356934}], "count_per_class": {"B1": 0, "B2": 0, "B3": 1, "B4": 0}, "side_index": 0}