{"image": "DAMIMAS_A21B_0200_1.jpg", "detector": "y26n_vanilla_local", "detections": [{"box_index": 0, "class_id": 1, "class_name": "B2", "bbox_yolo": [0.6276071071624756, 0.45162391662597656, 0.12902946770191193, 0.1268302947282791], "conf": 0.4084174931049347}], "count_per_class": {"B1": 0, "B2": 1, "B3": 0, "B4": 0}, "side_index": 0}