{"image": "DAMIMAS_A21B_0767_1.jpg", "detector": "y26n_vanilla_local", "detections": [{"box_index": 0, "class_id": 2, "class_name": "B3", "bbox_yolo": [0.697767436504364, 0.36057281494140625, 0.1409674435853958, 0.10021855682134628], "conf": 0.7650797367095947}, {"box_index": 1, "class_id": 1, "class_name": "B2", "bbox_yolo": [0.32819443941116333, 0.4409855008125305, 0.17452895641326904, 0.12350137531757355], "conf": 0.660169780254364}, {"box_index": 2, "class_id": 2, "class_name": "B3", "bbox_yolo": [0.5037195086479187, 0.3827105462551117, 0.14986611902713776, 0.11691563576459885], "conf": 0.3006274700164795}], "count_per_class": {"B1": 0, "B2": 1, "B3": 2, "B4": 0}, "side_index": 0}