{"image": "DAMIMAS_A21B_0764_4.jpg", "detector": "y26n_vanilla_local", "detections": [{"box_index": 0, "class_id": 2, "class_name": "B3", "bbox_yolo": [0.3172488510608673, 0.40642213821411133, 0.10418366640806198, 0.06766078621149063], "conf": 0.419778048992157}, {"box_index": 1, "class_id": 1, "class_name": "B2", "bbox_yolo": [0.5690526366233826, 0.3950943350791931, 0.13492120802402496, 0.09766717255115509], "conf": 0.4100756049156189}, {"box_index": 2, "class_id": 2, "class_name": "B3", "bbox_yolo": [0.7008540034294128, 0.3914688527584076, 0.09393946826457977, 0.0783497616648674], "conf": 0.3298305869102478}], "count_per_class": {"B1": 0, "B2": 1, "B3": 2, "B4": 0}, "side_index": 3}