{"image": "DAMIMAS_A21B_0647_1.jpg", "detector": "y26n_vanilla_local", "detections": [{"box_index": 0, "class_id": 2, "class_name": "B3", "bbox_yolo": [0.5099859237670898, 0.29559874534606934, 0.23158341646194458, 0.19165615737438202], "conf": 0.7537336945533752}, {"box_index": 1, "class_id": 2, "class_name": "B3", "bbox_yolo": [0.24267123639583588, 0.33268770575523376, 0.22057315707206726, 0.17164552211761475], "conf": 0.7048690915107727}, {"box_index": 2, "class_id": 1, "class_name": "B2", "bbox_yolo": [0.15258070826530457, 0.43953219056129456, 0.1549777090549469, 0.13770130276679993], "conf": 0.5035244822502136}, {"box_index": 3, "class_id": 2, "class_name": "B3", "bbox_yolo": [0.742680013179779, 0.3820327818393707, 0.24651935696601868, 0.2203064262866974], "conf": 0.35976743698120117}], "count_per_class": {"B1": 0, "B2": 1, "B3": 3, "B4": 0}, "side_index": 0}