{"image": "DAMIMAS_A21B_0492_2.jpg", "detector": "y26n_vanilla_local", "detections": [{"box_index": 0, "class_id": 2, "class_name": "B3", "bbox_yolo": [0.5794211626052856, 0.31930574774742126, 0.12770026922225952, 0.11258821934461594], "conf": 0.6973068714141846}, {"box_index": 1, "class_id": 2, "class_name": "B3", "bbox_yolo": [0.6803228855133057, 0.28274810314178467, 0.1046062558889389, 0.09958606213331223], "conf": 0.5758177042007446}, {"box_index": 2, "class_id": 2, "class_name": "B3", "bbox_yolo": [0.5461521148681641, 0.234866663813591, 0.11072807759046555, 0.07654895633459091], "conf": 0.5752782821655273}], "count_per_class": {"B1": 0, "B2": 0, "B3": 3, "B4": 0}, "side_index": 1}