{"image": "DAMIMAS_A21B_0455_3.jpg", "detector": "y26n_vanilla_local", "detections": [{"box_index": 0, "class_id": 2, "class_name": "B3", "bbox_yolo": [0.5798707008361816, 0.45849475264549255, 0.10220912843942642, 0.08517017215490341], "conf": 0.5554293394088745}], "count_per_class": {"B1": 0, "B2": 0, "B3": 1, "B4": 0}, "side_index": 2}