{"image": "DAMIMAS_A21B_0239_4.jpg", "detector": "y26n_vanilla_local", "detections": [{"box_index": 0, "class_id": 0, "class_name": "B1", "bbox_yolo": [0.32830849289894104, 0.5081425905227661, 0.09113556891679764, 0.09660372883081436], "conf": 0.6930288076400757}, {"box_index": 1, "class_id": 1, "class_name": "B2", "bbox_yolo": [0.7200223803520203, 0.4884475767612457, 0.13544827699661255, 0.11990495026111603], "conf": 0.6682295799255371}, {"box_index": 2, "class_id": 2, "class_name": "B3", "bbox_yolo": [0.5920645594596863, 0.443121999502182, 0.12527288496494293, 0.09038498252630234], "conf": 0.6481013894081116}, {"box_index": 3, "class_id": 2, "class_name": "B3", "bbox_yolo": [0.43525615334510803, 0.4800179600715637, 0.1253453642129898, 0.10510921478271484], "conf": 0.4683358669281006}], "count_per_class": {"B1": 1, "B2": 1, "B3": 2, "B4": 0}, "side_index": 3}