{"image": "DAMIMAS_A21B_0020_1.jpg", "detector": "y26n_vanilla_local", "detections": [{"box_index": 0, "class_id": 1, "class_name": "B2", "bbox_yolo": [0.36843380331993103, 0.47651568055152893, 0.10821959376335144, 0.09660320729017258], "conf": 0.5666362047195435}, {"box_index": 1, "class_id": 2, "class_name": "B3", "bbox_yolo": [0.4194217622280121, 0.4078545570373535, 0.061624277383089066, 0.050446487963199615], "conf": 0.5464181303977966}, {"box_index": 2, "class_id": 2, "class_name": "B3", "bbox_yolo": [0.6462405920028687, 0.46074268221855164, 0.08211657404899597, 0.0659966990351677], "conf": 0.4311279356479645}, {"box_index": 3, "class_id": 2, "class_name": "B3", "bbox_yolo": [0.6491435170173645, 0.45759162306785583, 0.0733603835105896, 0.05831789970397949], "conf": 0.3928837776184082}], "count_per_class": {"B1": 0, "B2": 1, "B3": 3, "B4": 0}, "side_index": 0}