{"image": "DAMIMAS_A21B_0137_3.jpg", "detector": "y26n_vanilla_local", "detections": [{"box_index": 0, "class_id": 2, "class_name": "B3", "bbox_yolo": [0.35108262300491333, 0.4768705368041992, 0.12811525166034698, 0.10026011615991592], "conf": 0.585576593875885}, {"box_index": 1, "class_id": 2, "class_name": "B3", "bbox_yolo": [0.4634838402271271, 0.4056694507598877, 0.10349665582180023, 0.07374899834394455], "conf": 0.4323212802410126}], "count_per_class": {"B1": 0, "B2": 0, "B3": 2, "B4": 0}, "side_index": 2}