{"image": "DAMIMAS_A21B_0627_2.jpg", "detector": "y26n_vanilla_local", "detections": [{"box_index": 0, "class_id": 2, "class_name": "B3", "bbox_yolo": [0.37519896030426025, 0.37591347098350525, 0.1354552060365677, 0.15664172172546387], "conf": 0.672488808631897}, {"box_index": 1, "class_id": 1, "class_name": "B2", "bbox_yolo": [0.2312837392091751, 0.4083678424358368, 0.15130551159381866, 0.14209285378456116], "conf": 0.6299639344215393}, {"box_index": 2, "class_id": 1, "class_name": "B2", "bbox_yolo": [0.5939945578575134, 0.4401835501194, 0.2106473445892334, 0.1913956254720688], "conf": 0.5622643232345581}, {"box_index": 3, "class_id": 2, "class_name": "B3", "bbox_yolo": [0.5939945578575134, 0.4401835501194, 0.2106473445892334, 0.1913956254720688], "conf": 0.2963131070137024}], "count_per_class": {"B1": 0, "B2": 2, "B3": 2, "B4": 0}, "side_index": 1}