{"image": "DAMIMAS_A21B_0129_3.jpg", "detector": "y26n_vanilla_local", "detections": [{"box_index": 0, "class_id": 2, "class_name": "B3", "bbox_yolo": [0.5674960017204285, 0.45823773741722107, 0.1483069807291031, 0.11795926094055176], "conf": 0.7418617606163025}, {"box_index": 1, "class_id": 2, "class_name": "B3", "bbox_yolo": [0.3342649042606354, 0.5040650963783264, 0.1133161261677742, 0.08705530315637589], "conf": 0.34111014008522034}], "count_per_class": {"B1": 0, "B2": 0, "B3": 2, "B4": 0}, "side_index": 2}