{"image": "DAMIMAS_A21B_0324_4.jpg", "detector": "y26n_vanilla_local", "detections": [{"box_index": 0, "class_id": 2, "class_name": "B3", "bbox_yolo": [0.3772774338722229, 0.46794891357421875, 0.15278276801109314, 0.11165175586938858], "conf": 0.7131827473640442}, {"box_index": 1, "class_id": 2, "class_name": "B3", "bbox_yolo": [0.6817903518676758, 0.46490177512168884, 0.12120088934898376, 0.08407964557409286], "conf": 0.6702055931091309}, {"box_index": 2, "class_id": 2, "class_name": "B3", "bbox_yolo": [0.5440058708190918, 0.4175785183906555, 0.15682020783424377, 0.11070650070905685], "conf": 0.3483007550239563}], "count_per_class": {"B1": 0, "B2": 0, "B3": 3, "B4": 0}, "side_index": 3}