{"image": "DAMIMAS_A21B_0732_1.jpg", "detector": "y26n_vanilla_local", "detections": [{"box_index": 0, "class_id": 2, "class_name": "B3", "bbox_yolo": [0.20761647820472717, 0.1851341277360916, 0.1346067190170288, 0.09139961004257202], "conf": 0.39732009172439575}, {"box_index": 1, "class_id": 2, "class_name": "B3", "bbox_yolo": [0.7776418328285217, 0.19533982872962952, 0.13537338376045227, 0.10766805708408356], "conf": 0.3665179908275604}], "count_per_class": {"B1": 0, "B2": 0, "B3": 2, "B4": 0}, "side_index": 0}