{"image": "DAMIMAS_A21B_0804_1.jpg", "detector": "y26n_vanilla_local", "detections": [{"box_index": 0, "class_id": 2, "class_name": "B3", "bbox_yolo": [0.3733006417751312, 0.18077127635478973, 0.15223614871501923, 0.12080948799848557], "conf": 0.615135908126831}, {"box_index": 1, "class_id": 1, "class_name": "B2", "bbox_yolo": [0.6517026424407959, 0.25929906964302063, 0.11024965345859528, 0.11605258285999298], "conf": 0.42778173089027405}, {"box_index": 2, "class_id": 1, "class_name": "B2", "bbox_yolo": [0.2537434995174408, 0.2602122128009796, 0.139333575963974, 0.11086153984069824], "conf": 0.3601346015930176}, {"box_index": 3, "class_id": 2, "class_name": "B3", "bbox_yolo": [0.5448960065841675, 0.21713857352733612, 0.1484864354133606, 0.12452390044927597], "conf": 0.3539383113384247}], "count_per_class": {"B1": 0, "B2": 2, "B3": 2, "B4": 0}, "side_index": 0}