{"image": "DAMIMAS_A21B_0755_2.jpg", "detector": "y26n_vanilla_local", "detections": [{"box_index": 0, "class_id": 0, "class_name": "B1", "bbox_yolo": [0.7953079342842102, 0.38190141320228577, 0.12801215052604675, 0.12876148521900177], "conf": 0.6151672005653381}, {"box_index": 1, "class_id": 2, "class_name": "B3", "bbox_yolo": [0.7002122402191162, 0.3007015883922577, 0.16341547667980194, 0.11134626716375351], "conf": 0.6031195521354675}, {"box_index": 2, "class_id": 2, "class_name": "B3", "bbox_yolo": [0.31140634417533875, 0.3851805031299591, 0.13350209593772888, 0.12769733369350433], "conf": 0.5918296575546265}, {"box_index": 3, "class_id": 2, "class_name": "B3", "bbox_yolo": [0.5040767192840576, 0.33799833059310913, 0.19675736129283905, 0.13420024514198303], "conf": 0.5403332114219666}], "count_per_class": {"B1": 1, "B2": 0, "B3": 3, "B4": 0}, "side_index": 1}