{"image": "DAMIMAS_A21B_0744_4.jpg", "detector": "y26n_vanilla_local", "detections": [{"box_index": 0, "class_id": 2, "class_name": "B3", "bbox_yolo": [0.6568289995193481, 0.3647023141384125, 0.12919484078884125, 0.10278826206922531], "conf": 0.579338014125824}, {"box_index": 1, "class_id": 2, "class_name": "B3", "bbox_yolo": [0.3766016960144043, 0.3950408697128296, 0.13602912425994873, 0.11618132889270782], "conf": 0.4044749438762665}], "count_per_class": {"B1": 0, "B2": 0, "B3": 2, "B4": 0}, "side_index": 3}