{"image": "DAMIMAS_A21B_0397_1.jpg", "detector": "y26n_vanilla_local", "detections": [{"box_index": 0, "class_id": 2, "class_name": "B3", "bbox_yolo": [0.43807458877563477, 0.3649613559246063, 0.10565494745969772, 0.0984264388680458], "conf": 0.5594984292984009}, {"box_index": 1, "class_id": 3, "class_name": "B4", "bbox_yolo": [0.6125941276550293, 0.3181312084197998, 0.11115805804729462, 0.0822511687874794], "conf": 0.444033682346344}, {"box_index": 2, "class_id": 3, "class_name": "B4", "bbox_yolo": [0.3788626492023468, 0.3059745728969574, 0.09290622919797897, 0.0714033842086792], "conf": 0.400934636592865}, {"box_index": 3, "class_id": 2, "class_name": "B3", "bbox_yolo": [0.5765839219093323, 0.41517266631126404, 0.12158527970314026, 0.09222529083490372], "conf": 0.2603350281715393}], "count_per_class": {"B1": 0, "B2": 0, "B3": 2, "B4": 2}, "side_index": 0}