{"image": "DAMIMAS_A21B_0026_4.jpg", "detector": "y26n_vanilla_local", "detections": [{"box_index": 0, "class_id": 2, "class_name": "B3", "bbox_yolo": [0.3752187192440033, 0.514195442199707, 0.10770394653081894, 0.0879981517791748], "conf": 0.5855755805969238}, {"box_index": 1, "class_id": 2, "class_name": "B3", "bbox_yolo": [0.6285249590873718, 0.51532381772995, 0.09967149794101715, 0.08786707371473312], "conf": 0.5456597805023193}], "count_per_class": {"B1": 0, "B2": 0, "B3": 2, "B4": 0}, "side_index": 3}