{"image": "DAMIMAS_A21B_0091_2.jpg", "detector": "y26n_vanilla_local", "detections": [{"box_index": 0, "class_id": 2, "class_name": "B3", "bbox_yolo": [0.5963178277015686, 0.5285903215408325, 0.13052254915237427, 0.09438695758581161], "conf": 0.549166738986969}, {"box_index": 1, "class_id": 3, "class_name": "B4", "bbox_yolo": [0.643552303314209, 0.4597509801387787, 0.10659313946962357, 0.06735267490148544], "conf": 0.40400320291519165}, {"box_index": 2, "class_id": 1, "class_name": "B2", "bbox_yolo": [0.3300328850746155, 0.5581812858581543, 0.1282389760017395, 0.09987769275903702], "conf": 0.37294790148735046}, {"box_index": 3, "class_id": 2, "class_name": "B3", "bbox_yolo": [0.43378666043281555, 0.5032510161399841, 0.12211930751800537, 0.08462300151586533], "conf": 0.3659437894821167}], "count_per_class": {"B1": 0, "B2": 1, "B3": 2, "B4": 1}, "side_index": 1}