{"image": "DAMIMAS_A21B_0018_1.jpg", "detector": "y26n_vanilla_local", "detections": [{"box_index": 0, "class_id": 2, "class_name": "B3", "bbox_yolo": [0.3696468472480774, 0.4962494969367981, 0.06648747622966766, 0.05855588987469673], "conf": 0.5000462532043457}, {"box_index": 1, "class_id": 0, "class_name": "B1", "bbox_yolo": [0.609089732170105, 0.5153576731681824, 0.0937625914812088, 0.0834992453455925], "conf": 0.47204017639160156}, {"box_index": 2, "class_id": 2, "class_name": "B3", "bbox_yolo": [0.3733534812927246, 0.49925994873046875, 0.08092527836561203, 0.06861014664173126], "conf": 0.33872535824775696}], "count_per_class": {"B1": 1, "B2": 0, "B3": 2, "B4": 0}, "side_index": 0}