{"image": "DAMIMAS_A21B_0824_4.jpg", "detector": "y26n_vanilla_local", "detections": [{"box_index": 0, "class_id": 2, "class_name": "B3", "bbox_yolo": [0.5287147760391235, 0.23723550140857697, 0.1798778623342514, 0.11003869026899338], "conf": 0.6884548664093018}, {"box_index": 1, "class_id": 2, "class_name": "B3", "bbox_yolo": [0.2565733790397644, 0.2711111009120941, 0.09879707545042038, 0.09098701924085617], "conf": 0.5341364145278931}, {"box_index": 2, "class_id": 2, "class_name": "B3", "bbox_yolo": [0.392059326171875, 0.3125835061073303, 0.1790342479944229, 0.1404683142900467], "conf": 0.49962952733039856}, {"box_index": 3, "class_id": 1, "class_name": "B2", "bbox_yolo": [0.6098135709762573, 0.3452318608760834, 0.1427578628063202, 0.12094636261463165], "conf": 0.3402019441127777}], "count_per_class": {"B1": 0, "B2": 1, "B3": 3, "B4": 0}, "side_index": 3}