{"image": "DAMIMAS_A21B_0667_1.jpg", "detector": "y26n_vanilla_local", "detections": [{"box_index": 0, "class_id": 2, "class_name": "B3", "bbox_yolo": [0.4186885952949524, 0.2887432277202606, 0.1215762197971344, 0.0985594317317009], "conf": 0.7843371629714966}, {"box_index": 1, "class_id": 0, "class_name": "B1", "bbox_yolo": [0.713356614112854, 0.3199279308319092, 0.15049871802330017, 0.10573949664831161], "conf": 0.7152919769287109}, {"box_index": 2, "class_id": 1, "class_name": "B2", "bbox_yolo": [0.3491767942905426, 0.3258945941925049, 0.09502974152565002, 0.08423765003681183], "conf": 0.34111014008522034}, {"box_index": 3, "class_id": 0, "class_name": "B1", "bbox_yolo": [0.7125340104103088, 0.32261353731155396, 0.15437209606170654, 0.11159360408782959], "conf": 0.26000505685806274}], "count_per_class": {"B1": 2, "B2": 1, "B3": 1, "B4": 0}, "side_index": 0}