{"image": "DAMIMAS_A21B_0288_2.jpg", "detector": "y26n_vanilla_local", "detections": [{"box_index": 0, "class_id": 2, "class_name": "B3", "bbox_yolo": [0.47036489844322205, 0.3863844573497772, 0.10419423133134842, 0.08419881016016006], "conf": 0.3907390534877777}], "count_per_class": {"B1": 0, "B2": 0, "B3": 1, "B4": 0}, "side_index": 1}