{"image": "DAMIMAS_A21B_0248_4.jpg", "detector": "y26n_vanilla_local", "detections": [{"box_index": 0, "class_id": 2, "class_name": "B3", "bbox_yolo": [0.6998019218444824, 0.31886807084083557, 0.16367894411087036, 0.12514451146125793], "conf": 0.5468512177467346}, {"box_index": 1, "class_id": 3, "class_name": "B4", "bbox_yolo": [0.3340494930744171, 0.22033415734767914, 0.14053645730018616, 0.1049545556306839], "conf": 0.5116286873817444}, {"box_index": 2, "class_id": 2, "class_name": "B3", "bbox_yolo": [0.3716796636581421, 0.32821956276893616, 0.1457391232252121, 0.12187941372394562], "conf": 0.2763867676258087}], "count_per_class": {"B1": 0, "B2": 0, "B3": 2, "B4": 1}, "side_index": 3}