{"image": "DAMIMAS_A21B_0226_2.jpg", "detector": "y26n_vanilla_local", "detections": [{"box_index": 0, "class_id": 2, "class_name": "B3", "bbox_yolo": [0.47220492362976074, 0.28409823775291443, 0.11042382568120956, 0.11718809604644775], "conf": 0.687602162361145}], "count_per_class": {"B1": 0, "B2": 0, "B3": 1, "B4": 0}, "side_index": 1}