{"image": "DAMIMAS_A21B_0777_4.jpg", "detector": "y26n_vanilla_local", "detections": [{"box_index": 0, "class_id": 0, "class_name": "B1", "bbox_yolo": [0.5238505005836487, 0.38259872794151306, 0.16352888941764832, 0.11970110237598419], "conf": 0.6277849674224854}, {"box_index": 1, "class_id": 2, "class_name": "B3", "bbox_yolo": [0.6458398699760437, 0.3587866425514221, 0.1123286634683609, 0.09968235343694687], "conf": 0.32506445050239563}, {"box_index": 2, "class_id": 2, "class_name": "B3", "bbox_yolo": [0.34103140234947205, 0.3753786087036133, 0.1392100751399994, 0.08509528636932373], "conf": 0.2843388020992279}, {"box_index": 3, "class_id": 1, "class_name": "B2", "bbox_yolo": [0.5238505005836487, 0.38259872794151306, 0.16352888941764832, 0.11970110237598419], "conf": 0.2714996635913849}], "count_per_class": {"B1": 1, "B2": 1, "B3": 2, "B4": 0}, "side_index": 3}