{"image": "DAMIMAS_A21B_0394_3.jpg", "detector": "y26n_vanilla_local", "detections": [{"box_index": 0, "class_id": 0, "class_name": "B1", "bbox_yolo": [0.5703155994415283, 0.41127729415893555, 0.13800230622291565, 0.09906966984272003], "conf": 0.8587292432785034}, {"box_index": 1, "class_id": 0, "class_name": "B1", "bbox_yolo": [0.3556019365787506, 0.41151973605155945, 0.09678313136100769, 0.07832600921392441], "conf": 0.5624467730522156}, {"box_index": 2, "class_id": 2, "class_name": "B3", "bbox_yolo": [0.5915940999984741, 0.34130749106407166, 0.07919661700725555, 0.05049915239214897], "conf": 0.2881990969181061}, {"box_index": 3, "class_id": 3, "class_name": "B4", "bbox_yolo": [0.5915940999984741, 0.34130749106407166, 0.07919661700725555, 0.05049915239214897], "conf": 0.2712187170982361}], "count_per_class": {"B1": 2, "B2": 0, "B3": 1, "B4": 1}, "side_index": 2}