{"image": "DAMIMAS_A21B_0325_1.jpg", "detector": "y26n_vanilla_local", "detections": [{"box_index": 0, "class_id": 2, "class_name": "B3", "bbox_yolo": [0.6295942068099976, 0.3747112452983856, 0.1291106641292572, 0.10421629250049591], "conf": 0.4549764394760132}, {"box_index": 1, "class_id": 2, "class_name": "B3", "bbox_yolo": [0.33036571741104126, 0.39025935530662537, 0.13392877578735352, 0.07343385368585587], "conf": 0.36933499574661255}, {"box_index": 2, "class_id": 2, "class_name": "B3", "bbox_yolo": [0.6940114498138428, 0.4844430983066559, 0.14312230050563812, 0.12363491207361221], "conf": 0.3448798656463623}], "count_per_class": {"B1": 0, "B2": 0, "B3": 3, "B4": 0}, "side_index": 0}