{"image": "DAMIMAS_A21B_0663_2.jpg", "detector": "y26n_vanilla_local", "detections": [{"box_index": 0, "class_id": 2, "class_name": "B3", "bbox_yolo": [0.6087098717689514, 0.22694754600524902, 0.12291178107261658, 0.09128262847661972], "conf": 0.646450400352478}, {"box_index": 1, "class_id": 0, "class_name": "B1", "bbox_yolo": [0.7209343910217285, 0.2632265090942383, 0.11206449568271637, 0.09292328357696533], "conf": 0.5738078355789185}, {"box_index": 2, "class_id": 2, "class_name": "B3", "bbox_yolo": [0.4236443042755127, 0.27014780044555664, 0.14762338995933533, 0.11196861416101456], "conf": 0.4628696143627167}, {"box_index": 3, "class_id": 3, "class_name": "B4", "bbox_yolo": [0.622572660446167, 0.14332197606563568, 0.10122452676296234, 0.07806718349456787], "conf": 0.4226579964160919}], "count_per_class": {"B1": 1, "B2": 0, "B3": 2, "B4": 1}, "side_index": 1}