{"image": "DAMIMAS_A21B_0177_4.jpg", "detector": "y26n_vanilla_local", "detections": [{"box_index": 0, "class_id": 2, "class_name": "B3", "bbox_yolo": [0.5839067697525024, 0.44218358397483826, 0.15795466303825378, 0.1166263148188591], "conf": 0.6732029914855957}, {"box_index": 1, "class_id": 1, "class_name": "B2", "bbox_yolo": [0.40463125705718994, 0.47957921028137207, 0.153046652674675, 0.11657314747571945], "conf": 0.6696878671646118}, {"box_index": 2, "class_id": 2, "class_name": "B3", "bbox_yolo": [0.6912325620651245, 0.38203272223472595, 0.11308429390192032, 0.09385454654693604], "conf": 0.6262705326080322}, {"box_index": 3, "class_id": 2, "class_name": "B3", "bbox_yolo": [0.3280358910560608, 0.4046803414821625, 0.10567335039377213, 0.081888847053051], "conf": 0.5033419728279114}], "count_per_class": {"B1": 0, "B2": 1, "B3": 3, "B4": 0}, "side_index": 3}