{"image": "DAMIMAS_A21B_0219_2.jpg", "detector": "y26n_vanilla_local", "detections": [{"box_index": 0, "class_id": 2, "class_name": "B3", "bbox_yolo": [0.3940804898738861, 0.29291629791259766, 0.16497869789600372, 0.12311790138483047], "conf": 0.7542693614959717}, {"box_index": 1, "class_id": 0, "class_name": "B1", "bbox_yolo": [0.27347660064697266, 0.3553416430950165, 0.1272771656513214, 0.11079435795545578], "conf": 0.6297813057899475}, {"box_index": 2, "class_id": 2, "class_name": "B3", "bbox_yolo": [0.5856916308403015, 0.3387772738933563, 0.18410757184028625, 0.12808385491371155], "conf": 0.32132020592689514}, {"box_index": 3, "class_id": 3, "class_name": "B4", "bbox_yolo": [0.5355432629585266, 0.23219208419322968, 0.1295437216758728, 0.09110531955957413], "conf": 0.29267239570617676}], "count_per_class": {"B1": 1, "B2": 0, "B3": 2, "B4": 1}, "side_index": 1}