{"image": "DAMIMAS_A21B_0787_2.jpg", "detector": "y26n_vanilla_local", "detections": [{"box_index": 0, "class_id": 2, "class_name": "B3", "bbox_yolo": [0.44866743683815, 0.13885442912578583, 0.11844880133867264, 0.11941415071487427], "conf": 0.6688382625579834}, {"box_index": 1, "class_id": 0, "class_name": "B1", "bbox_yolo": [0.34811291098594666, 0.23726527392864227, 0.09660041332244873, 0.09958195686340332], "conf": 0.4977412223815918}], "count_per_class": {"B1": 1, "B2": 0, "B3": 1, "B4": 0}, "side_index": 1}