{"image": "DAMIMAS_A21B_0771_1.jpg", "detector": "y26n_vanilla_local", "detections": [{"box_index": 0, "class_id": 2, "class_name": "B3", "bbox_yolo": [0.31387990713119507, 0.2674337327480316, 0.17718380689620972, 0.12153499573469162], "conf": 0.8226057887077332}], "count_per_class": {"B1": 0, "B2": 0, "B3": 1, "B4": 0}, "side_index": 0}