{"image": "DAMIMAS_A21B_0102_4.jpg", "detector": "y26n_vanilla_local", "detections": [{"box_index": 0, "class_id": 2, "class_name": "B3", "bbox_yolo": [0.5079237222671509, 0.5786443948745728, 0.12052695453166962, 0.10757222026586533], "conf": 0.7763108015060425}, {"box_index": 1, "class_id": 2, "class_name": "B3", "bbox_yolo": [0.3442719876766205, 0.5543190836906433, 0.09022128582000732, 0.08883404731750488], "conf": 0.4436611235141754}, {"box_index": 2, "class_id": 2, "class_name": "B3", "bbox_yolo": [0.6162917613983154, 0.5421258807182312, 0.08851853013038635, 0.08249235153198242], "conf": 0.34528011083602905}, {"box_index": 3, "class_id": 2, "class_name": "B3", "bbox_yolo": [0.3400893807411194, 0.5450310111045837, 0.07594773173332214, 0.06791134178638458], "conf": 0.3427180349826813}], "count_per_class": {"B1": 0, "B2": 0, "B3": 4, "B4": 0}, "side_index": 3}