{"image": "DAMIMAS_A21B_0767_2.jpg", "detector": "y26n_vanilla_local", "detections": [{"box_index": 0, "class_id": 2, "class_name": "B3", "bbox_yolo": [0.4026000499725342, 0.39472874999046326, 0.1319614201784134, 0.09980969876050949], "conf": 0.6741665601730347}, {"box_index": 1, "class_id": 0, "class_name": "B1", "bbox_yolo": [0.32155030965805054, 0.4853939116001129, 0.1305648386478424, 0.08780355751514435], "conf": 0.6353987455368042}, {"box_index": 2, "class_id": 2, "class_name": "B3", "bbox_yolo": [0.5521631240844727, 0.35363534092903137, 0.12041792273521423, 0.0981757640838623], "conf": 0.3626134991645813}, {"box_index": 3, "class_id": 1, "class_name": "B2", "bbox_yolo": [0.711878776550293, 0.42695242166519165, 0.1502937376499176, 0.10189759731292725], "conf": 0.3389280140399933}], "count_per_class": {"B1": 1, "B2": 1, "B3": 2, "B4": 0}, "side_index": 1}