{"image": "DAMIMAS_A21B_0775_2.jpg", "detector": "y26n_vanilla_local", "detections": [{"box_index": 0, "class_id": 1, "class_name": "B2", "bbox_yolo": [0.40012165904045105, 0.36124706268310547, 0.19110794365406036, 0.17418912053108215], "conf": 0.7259541749954224}, {"box_index": 1, "class_id": 2, "class_name": "B3", "bbox_yolo": [0.27003055810928345, 0.3034123480319977, 0.12486725300550461, 0.1032637357711792], "conf": 0.47387880086898804}], "count_per_class": {"B1": 0, "B2": 1, "B3": 1, "B4": 0}, "side_index": 1}