{"image": "DAMIMAS_A21B_0676_3.jpg", "detector": "y26n_vanilla_local", "detections": [{"box_index": 0, "class_id": 0, "class_name": "B1", "bbox_yolo": [0.5699012875556946, 0.48774194717407227, 0.2737257480621338, 0.20811505615711212], "conf": 0.775242269039154}, {"box_index": 1, "class_id": 3, "class_name": "B4", "bbox_yolo": [0.47169092297554016, 0.32079559564590454, 0.1752730756998062, 0.12937305867671967], "conf": 0.5212535262107849}, {"box_index": 2, "class_id": 2, "class_name": "B3", "bbox_yolo": [0.2330152690410614, 0.4342055916786194, 0.18167762458324432, 0.1536824256181717], "conf": 0.4901392161846161}], "count_per_class": {"B1": 1, "B2": 0, "B3": 1, "B4": 1}, "side_index": 2}