{"image": "DAMIMAS_A21B_0448_3.jpg", "detector": "y26n_vanilla_local", "detections": [{"box_index": 0, "class_id": 2, "class_name": "B3", "bbox_yolo": [0.4957929253578186, 0.4193861186504364, 0.09102519601583481, 0.0844646468758583], "conf": 0.5918737649917603}, {"box_index": 1, "class_id": 2, "class_name": "B3", "bbox_yolo": [0.39567831158638, 0.4414277672767639, 0.08794492483139038, 0.08298704773187637], "conf": 0.5304825901985168}, {"box_index": 2, "class_id": 1, "class_name": "B2", "bbox_yolo": [0.6002429127693176, 0.45307132601737976, 0.10552438348531723, 0.08664627373218536], "conf": 0.4848688840866089}, {"box_index": 3, "class_id": 0, "class_name": "B1", "bbox_yolo": [0.6002429127693176, 0.45307132601737976, 0.10552438348531723, 0.08664627373218536], "conf": 0.4824412763118744}], "count_per_class": {"B1": 1, "B2": 1, "B3": 2, "B4": 0}, "side_index": 2}