{"image": "DAMIMAS_A21B_0819_2.jpg", "detector": "y26n_vanilla_local", "detections": [{"box_index": 0, "class_id": 2, "class_name": "B3", "bbox_yolo": [0.520680844783783, 0.36901962757110596, 0.10867170244455338, 0.13231006264686584], "conf": 0.6106761693954468}, {"box_index": 1, "class_id": 1, "class_name": "B2", "bbox_yolo": [0.3553699254989624, 0.43389302492141724, 0.19573229551315308, 0.14240936934947968], "conf": 0.525549054145813}, {"box_index": 2, "class_id": 2, "class_name": "B3", "bbox_yolo": [0.6555922031402588, 0.390719473361969, 0.12306315451860428, 0.09143922477960587], "conf": 0.4697815477848053}, {"box_index": 3, "class_id": 2, "class_name": "B3", "bbox_yolo": [0.3553699254989624, 0.43389302492141724, 0.19573229551315308, 0.14240936934947968], "conf": 0.2809414565563202}], "count_per_class": {"B1": 0, "B2": 1, "B3": 3, "B4": 0}, "side_index": 1}