{"image": "DAMIMAS_A21B_0192_1.jpg", "detector": "y26n_vanilla_local", "detections": [{"box_index": 0, "class_id": 2, "class_name": "B3", "bbox_yolo": [0.38048437237739563, 0.48184847831726074, 0.10032546520233154, 0.08008184283971786], "conf": 0.3797716200351715}], "count_per_class": {"B1": 0, "B2": 0, "B3": 1, "B4": 0}, "side_index": 0}