{"image": "DAMIMAS_A21B_0057_2.jpg", "detector": "y26n_vanilla_local", "detections": [{"box_index": 0, "class_id": 3, "class_name": "B4", "bbox_yolo": [0.6158972978591919, 0.38153907656669617, 0.11269741505384445, 0.08613920211791992], "conf": 0.3054315447807312}, {"box_index": 1, "class_id": 1, "class_name": "B2", "bbox_yolo": [0.4770209789276123, 0.471210777759552, 0.11847801506519318, 0.09228267520666122], "conf": 0.27149099111557007}, {"box_index": 2, "class_id": 3, "class_name": "B4", "bbox_yolo": [0.3473179042339325, 0.3841983377933502, 0.10264883935451508, 0.07714805752038956], "conf": 0.2528880536556244}], "count_per_class": {"B1": 0, "B2": 1, "B3": 0, "B4": 2}, "side_index": 1}