{"image": "DAMIMAS_A21B_0755_1.jpg", "detector": "y26n_vanilla_local", "detections": [{"box_index": 0, "class_id": 2, "class_name": "B3", "bbox_yolo": [0.3863830864429474, 0.34403544664382935, 0.10160713642835617, 0.0919266939163208], "conf": 0.6172111630439758}, {"box_index": 1, "class_id": 0, "class_name": "B1", "bbox_yolo": [0.5022891759872437, 0.38883697986602783, 0.17687541246414185, 0.1314443200826645], "conf": 0.6154341697692871}, {"box_index": 2, "class_id": 2, "class_name": "B3", "bbox_yolo": [0.6590167284011841, 0.3594927489757538, 0.1229817122220993, 0.0999661237001419], "conf": 0.5902625322341919}, {"box_index": 3, "class_id": 2, "class_name": "B3", "bbox_yolo": [0.659104585647583, 0.3597233295440674, 0.12256533652544022, 0.09848441928625107], "conf": 0.37136170268058777}], "count_per_class": {"B1": 1, "B2": 0, "B3": 3, "B4": 0}, "side_index": 0}