{"image": "DAMIMAS_A21B_0593_4.jpg", "detector": "y26n_vanilla_local", "detections": [{"box_index": 0, "class_id": 1, "class_name": "B2", "bbox_yolo": [0.6648714542388916, 0.4690624177455902, 0.12809982895851135, 0.10886096954345703], "conf": 0.35281628370285034}, {"box_index": 1, "class_id": 2, "class_name": "B3", "bbox_yolo": [0.6648714542388916, 0.4690624177455902, 0.12809982895851135, 0.10886096954345703], "conf": 0.2559313476085663}], "count_per_class": {"B1": 0, "B2": 1, "B3": 1, "B4": 0}, "side_index": 3}