{"image": "DAMIMAS_A21B_0577_1.jpg", "detector": "y26n_vanilla_local", "detections": [{"box_index": 0, "class_id": 0, "class_name": "B1", "bbox_yolo": [0.6459938883781433, 0.44244471192359924, 0.15475375950336456, 0.12176535278558731], "conf": 0.8442350029945374}, {"box_index": 1, "class_id": 2, "class_name": "B3", "bbox_yolo": [0.3338376581668854, 0.40830445289611816, 0.11172597110271454, 0.09105425328016281], "conf": 0.669177770614624}, {"box_index": 2, "class_id": 2, "class_name": "B3", "bbox_yolo": [0.48380619287490845, 0.4333398938179016, 0.13292796909809113, 0.11198759078979492], "conf": 0.59194415807724}, {"box_index": 3, "class_id": 0, "class_name": "B1", "bbox_yolo": [0.30867820978164673, 0.4698629081249237, 0.10259740054607391, 0.07169409096240997], "conf": 0.4107736051082611}], "count_per_class": {"B1": 2, "B2": 0, "B3": 2, "B4": 0}, "side_index": 0}