{"image": "DAMIMAS_A21B_0361_3.jpg", "detector": "y26n_vanilla_local", "detections": [{"box_index": 0, "class_id": 0, "class_name": "B1", "bbox_yolo": [0.6617239713668823, 0.450846403837204, 0.11411076039075851, 0.08267331123352051], "conf": 0.5688183903694153}, {"box_index": 1, "class_id": 0, "class_name": "B1", "bbox_yolo": [0.4210621118545532, 0.4740491509437561, 0.07472734898328781, 0.05230874940752983], "conf": 0.31836438179016113}, {"box_index": 2, "class_id": 2, "class_name": "B3", "bbox_yolo": [0.48998045921325684, 0.4297597110271454, 0.10017777234315872, 0.08100831508636475], "conf": 0.2895466685295105}, {"box_index": 3, "class_id": 3, "class_name": "B4", "bbox_yolo": [0.4460889399051666, 0.36160025000572205, 0.09718161076307297, 0.06625290215015411], "conf": 0.27451515197753906}], "count_per_class": {"B1": 2, "B2": 0, "B3": 1, "B4": 1}, "side_index": 2}