{"image": "DAMIMAS_A21B_0604_3.jpg", "detector": "y26n_vanilla_local", "detections": [{"box_index": 0, "class_id": 1, "class_name": "B2", "bbox_yolo": [0.27842479944229126, 0.254833459854126, 0.1648661345243454, 0.12442541122436523], "conf": 0.5257489085197449}, {"box_index": 1, "class_id": 2, "class_name": "B3", "bbox_yolo": [0.6572582721710205, 0.2341085970401764, 0.22020690143108368, 0.20118282735347748], "conf": 0.340299129486084}, {"box_index": 2, "class_id": 2, "class_name": "B3", "bbox_yolo": [0.44449928402900696, 0.17870526015758514, 0.1445857137441635, 0.12329943478107452], "conf": 0.2923027575016022}], "count_per_class": {"B1": 0, "B2": 1, "B3": 2, "B4": 0}, "side_index": 2}