{"image": "DAMIMAS_A21B_0842_7.jpg", "detector": "y26n_vanilla_local", "detections": [{"box_index": 0, "class_id": 2, "class_name": "B3", "bbox_yolo": [0.3907380700111389, 0.4772155284881592, 0.13836178183555603, 0.10476703941822052], "conf": 0.5509883165359497}, {"box_index": 1, "class_id": 2, "class_name": "B3", "bbox_yolo": [0.6883599162101746, 0.48314782977104187, 0.10178566724061966, 0.08064041286706924], "conf": 0.5379232168197632}, {"box_index": 2, "class_id": 0, "class_name": "B1", "bbox_yolo": [0.5516614317893982, 0.4904665946960449, 0.12406079471111298, 0.10646529495716095], "conf": 0.39335861802101135}, {"box_index": 3, "class_id": 1, "class_name": "B2", "bbox_yolo": [0.5516614317893982, 0.4904665946960449, 0.12406079471111298, 0.10646529495716095], "conf": 0.33787453174591064}], "count_per_class": {"B1": 1, "B2": 1, "B3": 2, "B4": 0}, "side_index": 6}