{"image": "DAMIMAS_A21B_0005_4.jpg", "detector": "y26n_vanilla_local", "detections": [{"box_index": 0, "class_id": 1, "class_name": "B2", "bbox_yolo": [0.4787079691886902, 0.47819826006889343, 0.14195655286312103, 0.11109433323144913], "conf": 0.6522065997123718}, {"box_index": 1, "class_id": 2, "class_name": "B3", "bbox_yolo": [0.32985416054725647, 0.4743361473083496, 0.1257002204656601, 0.09444432705640793], "conf": 0.6177600622177124}, {"box_index": 2, "class_id": 3, "class_name": "B4", "bbox_yolo": [0.4452374279499054, 0.39137181639671326, 0.07908608764410019, 0.05552685260772705], "conf": 0.2595658302307129}], "count_per_class": {"B1": 0, "B2": 1, "B3": 1, "B4": 1}, "side_index": 3}