{"image": "DAMIMAS_A21B_0772_1.jpg", "detector": "y26n_vanilla_local", "detections": [{"box_index": 0, "class_id": 2, "class_name": "B3", "bbox_yolo": [0.645687460899353, 0.2890510857105255, 0.21084493398666382, 0.1490040272474289], "conf": 0.33299803733825684}, {"box_index": 1, "class_id": 0, "class_name": "B1", "bbox_yolo": [0.30185356736183167, 0.44567710161209106, 0.13466793298721313, 0.11586170643568039], "conf": 0.2739512324333191}], "count_per_class": {"B1": 1, "B2": 0, "B3": 1, "B4": 0}, "side_index": 0}