{"image": "DAMIMAS_A21B_0514_3.jpg", "detector": "y26n_vanilla_local", "detections": [{"box_index": 0, "class_id": 2, "class_name": "B3", "bbox_yolo": [0.6174737811088562, 0.4160716235637665, 0.10894235223531723, 0.08724253624677658], "conf": 0.741593599319458}, {"box_index": 1, "class_id": 2, "class_name": "B3", "bbox_yolo": [0.4704251289367676, 0.4405624568462372, 0.1093631461262703, 0.09234161674976349], "conf": 0.3192347586154938}, {"box_index": 2, "class_id": 3, "class_name": "B4", "bbox_yolo": [0.52193284034729, 0.3610960841178894, 0.0979088842868805, 0.0746665969491005], "conf": 0.2970460057258606}], "count_per_class": {"B1": 0, "B2": 0, "B3": 2, "B4": 1}, "side_index": 2}