{"image": "DAMIMAS_A21B_0350_2.jpg", "detector": "y26n_vanilla_local", "detections": [{"box_index": 0, "class_id": 2, "class_name": "B3", "bbox_yolo": [0.5996140837669373, 0.42700621485710144, 0.11117681115865707, 0.08296544849872589], "conf": 0.6033406257629395}, {"box_index": 1, "class_id": 0, "class_name": "B1", "bbox_yolo": [0.6627066135406494, 0.4788834750652313, 0.0992581769824028, 0.09067549556493759], "conf": 0.5023365616798401}, {"box_index": 2, "class_id": 2, "class_name": "B3", "bbox_yolo": [0.4460640251636505, 0.46459418535232544, 0.09602359682321548, 0.08559727668762207], "conf": 0.27408695220947266}], "count_per_class": {"B1": 1, "B2": 0, "B3": 2, "B4": 0}, "side_index": 1}