{"image": "DAMIMAS_A21B_0063_1.jpg", "detector": "y26n_vanilla_local", "detections": [{"box_index": 0, "class_id": 0, "class_name": "B1", "bbox_yolo": [0.450088769197464, 0.5343512892723083, 0.1505391150712967, 0.11143722385168076], "conf": 0.8259332776069641}, {"box_index": 1, "class_id": 2, "class_name": "B3", "bbox_yolo": [0.3297589123249054, 0.5151968002319336, 0.09280713647603989, 0.09234342724084854], "conf": 0.5208512544631958}, {"box_index": 2, "class_id": 2, "class_name": "B3", "bbox_yolo": [0.6411749720573425, 0.5162506103515625, 0.07318897545337677, 0.06561074405908585], "conf": 0.28397372364997864}, {"box_index": 3, "class_id": 2, "class_name": "B3", "bbox_yolo": [0.42183229327201843, 0.4628739356994629, 0.10464363545179367, 0.06557627022266388], "conf": 0.2708113491535187}], "count_per_class": {"B1": 1, "B2": 0, "B3": 3, "B4": 0}, "side_index": 0}