{"image": "DAMIMAS_A21B_0610_2.jpg", "detector": "y26n_vanilla_local", "detections": [{"box_index": 0, "class_id": 3, "class_name": "B4", "bbox_yolo": [0.3250763416290283, 0.20329347252845764, 0.18632864952087402, 0.13125722110271454], "conf": 0.5302406549453735}, {"box_index": 1, "class_id": 2, "class_name": "B3", "bbox_yolo": [0.7473230957984924, 0.3143044412136078, 0.1367560178041458, 0.09975343197584152], "conf": 0.5223914384841919}, {"box_index": 2, "class_id": 2, "class_name": "B3", "bbox_yolo": [0.36967933177948, 0.3470587730407715, 0.20368589460849762, 0.16210825741291046], "conf": 0.4867975413799286}, {"box_index": 3, "class_id": 1, "class_name": "B2", "bbox_yolo": [0.36967933177948, 0.3470587730407715, 0.20368589460849762, 0.16210825741291046], "conf": 0.310280442237854}], "count_per_class": {"B1": 0, "B2": 1, "B3": 2, "B4": 1}, "side_index": 1}