{"image": "DAMIMAS_A21B_0316_2.jpg", "detector": "y26n_vanilla_local", "detections": [{"box_index": 0, "class_id": 2, "class_name": "B3", "bbox_yolo": [0.3327096402645111, 0.43740469217300415, 0.1447598785161972, 0.11168720573186874], "conf": 0.5826457142829895}, {"box_index": 1, "class_id": 0, "class_name": "B1", "bbox_yolo": [0.5493398308753967, 0.4534831941127777, 0.12545105814933777, 0.10326600074768066], "conf": 0.43774956464767456}, {"box_index": 2, "class_id": 2, "class_name": "B3", "bbox_yolo": [0.4709421396255493, 0.3630618751049042, 0.14095358550548553, 0.08895742893218994], "conf": 0.3477700650691986}, {"box_index": 3, "class_id": 3, "class_name": "B4", "bbox_yolo": [0.6010612845420837, 0.33938559889793396, 0.13493742048740387, 0.10588634014129639], "conf": 0.30804750323295593}], "count_per_class": {"B1": 1, "B2": 0, "B3": 2, "B4": 1}, "side_index": 1}