{"image": "DAMIMAS_A21B_0005_1.jpg", "detector": "y26n_vanilla_local", "detections": [{"box_index": 0, "class_id": 2, "class_name": "B3", "bbox_yolo": [0.3242715001106262, 0.5027011632919312, 0.14206984639167786, 0.10519810020923615], "conf": 0.7195064425468445}, {"box_index": 1, "class_id": 2, "class_name": "B3", "bbox_yolo": [0.44304677844047546, 0.4373719394207001, 0.12387718260288239, 0.08667411655187607], "conf": 0.2983235716819763}], "count_per_class": {"B1": 0, "B2": 0, "B3": 2, "B4": 0}, "side_index": 0}