{"image": "DAMIMAS_A21B_0306_2.jpg", "detector": "y26n_vanilla_local", "detections": [{"box_index": 0, "class_id": 2, "class_name": "B3", "bbox_yolo": [0.3170529305934906, 0.5121473670005798, 0.10438134521245956, 0.07733731716871262], "conf": 0.48600682616233826}, {"box_index": 1, "class_id": 2, "class_name": "B3", "bbox_yolo": [0.5655238032341003, 0.5160844326019287, 0.14752788841724396, 0.10068292915821075], "conf": 0.47780781984329224}, {"box_index": 2, "class_id": 2, "class_name": "B3", "bbox_yolo": [0.31240400671958923, 0.5035295486450195, 0.08574381470680237, 0.05570406839251518], "conf": 0.25065019726753235}], "count_per_class": {"B1": 0, "B2": 0, "B3": 3, "B4": 0}, "side_index": 1}