{"image": "DAMIMAS_A21B_0074_4.jpg", "detector": "y26n_vanilla_local", "detections": [{"box_index": 0, "class_id": 3, "class_name": "B4", "bbox_yolo": [0.44784578680992126, 0.3319467604160309, 0.1585024893283844, 0.10841505974531174], "conf": 0.3029758334159851}], "count_per_class": {"B1": 0, "B2": 0, "B3": 0, "B4": 1}, "side_index": 3}