{"image": "DAMIMAS_A21B_0414_3.jpg", "detector": "y26n_vanilla_local", "detections": [{"box_index": 0, "class_id": 2, "class_name": "B3", "bbox_yolo": [0.4119938015937805, 0.34464266896247864, 0.14498022198677063, 0.1054689884185791], "conf": 0.49839821457862854}, {"box_index": 1, "class_id": 2, "class_name": "B3", "bbox_yolo": [0.6576379537582397, 0.3153441548347473, 0.11535314470529556, 0.08768651634454727], "conf": 0.44176292419433594}, {"box_index": 2, "class_id": 1, "class_name": "B2", "bbox_yolo": [0.4119938015937805, 0.34464266896247864, 0.14498022198677063, 0.1054689884185791], "conf": 0.25515666604042053}], "count_per_class": {"B1": 0, "B2": 1, "B3": 2, "B4": 0}, "side_index": 2}