{"image": "DAMIMAS_A21B_0687_2.jpg", "detector": "y26n_vanilla_local", "detections": [{"box_index": 0, "class_id": 2, "class_name": "B3", "bbox_yolo": [0.6662278175354004, 0.31558758020401, 0.24775812029838562, 0.18790264427661896], "conf": 0.8180794715881348}, {"box_index": 1, "class_id": 2, "class_name": "B3", "bbox_yolo": [0.8180387020111084, 0.3978815972805023, 0.14563682675361633, 0.12793755531311035], "conf": 0.4301431179046631}, {"box_index": 2, "class_id": 3, "class_name": "B4", "bbox_yolo": [0.40832552313804626, 0.21546173095703125, 0.1452910155057907, 0.1199161559343338], "conf": 0.3974428176879883}, {"box_index": 3, "class_id": 2, "class_name": "B3", "bbox_yolo": [0.18307827413082123, 0.3898918330669403, 0.10059518367052078, 0.08608680218458176], "conf": 0.3029349148273468}], "count_per_class": {"B1": 0, "B2": 0, "B3": 3, "B4": 1}, "side_index": 1}