{"image": "DAMIMAS_A21B_0160_3.jpg", "detector": "y26n_vanilla_local", "detections": [{"box_index": 0, "class_id": 1, "class_name": "B2", "bbox_yolo": [0.4789849817752838, 0.39399096369743347, 0.15339741110801697, 0.12706513702869415], "conf": 0.7191801071166992}, {"box_index": 1, "class_id": 2, "class_name": "B3", "bbox_yolo": [0.3401050865650177, 0.3562867343425751, 0.11316993087530136, 0.09639372676610947], "conf": 0.5541191697120667}, {"box_index": 2, "class_id": 2, "class_name": "B3", "bbox_yolo": [0.26181793212890625, 0.367382287979126, 0.062436915934085846, 0.06037597730755806], "conf": 0.3255099952220917}, {"box_index": 3, "class_id": 2, "class_name": "B3", "bbox_yolo": [0.6253548264503479, 0.3672636151313782, 0.10664260387420654, 0.09949970245361328], "conf": 0.2580311894416809}], "count_per_class": {"B1": 0, "B2": 1, "B3": 3, "B4": 0}, "side_index": 2}