{"image": "DAMIMAS_A21B_0475_3.jpg", "detector": "y26n_vanilla_local", "detections": [{"box_index": 0, "class_id": 2, "class_name": "B3", "bbox_yolo": [0.47949811816215515, 0.41967710852622986, 0.0993296355009079, 0.0815448984503746], "conf": 0.5918424725532532}, {"box_index": 1, "class_id": 2, "class_name": "B3", "bbox_yolo": [0.5763354897499084, 0.3899545669555664, 0.08670298755168915, 0.06812181323766708], "conf": 0.3898465037345886}, {"box_index": 2, "class_id": 2, "class_name": "B3", "bbox_yolo": [0.37787890434265137, 0.4299364984035492, 0.07555542141199112, 0.06059537082910538], "conf": 0.2924315631389618}], "count_per_class": {"B1": 0, "B2": 0, "B3": 3, "B4": 0}, "side_index": 2}