{"image": "DAMIMAS_A21B_0514_1.jpg", "detector": "y26n_vanilla_local", "detections": [{"box_index": 0, "class_id": 2, "class_name": "B3", "bbox_yolo": [0.4988996386528015, 0.3658626973628998, 0.1108844205737114, 0.10624637454748154], "conf": 0.7459103465080261}, {"box_index": 1, "class_id": 2, "class_name": "B3", "bbox_yolo": [0.6251298785209656, 0.4029183089733124, 0.10559406876564026, 0.08227870613336563], "conf": 0.6318331360816956}, {"box_index": 2, "class_id": 2, "class_name": "B3", "bbox_yolo": [0.36865684390068054, 0.3940635621547699, 0.10763957351446152, 0.08859338611364365], "conf": 0.2867778539657593}, {"box_index": 3, "class_id": 3, "class_name": "B4", "bbox_yolo": [0.6282784342765808, 0.33329159021377563, 0.09037819504737854, 0.06735258549451828], "conf": 0.2741486430168152}], "count_per_class": {"B1": 0, "B2": 0, "B3": 3, "B4": 1}, "side_index": 0}