{"image": "DAMIMAS_A21B_0676_1.jpg", "detector": "y26n_vanilla_local", "detections": [{"box_index": 0, "class_id": 2, "class_name": "B3", "bbox_yolo": [0.3893333077430725, 0.5009020566940308, 0.21014341711997986, 0.1618594229221344], "conf": 0.7059657573699951}, {"box_index": 1, "class_id": 3, "class_name": "B4", "bbox_yolo": [0.33482328057289124, 0.35526058077812195, 0.19486103951931, 0.12880723178386688], "conf": 0.5916558504104614}, {"box_index": 2, "class_id": 1, "class_name": "B2", "bbox_yolo": [0.6488857865333557, 0.5070903897285461, 0.2086113691329956, 0.15713457763195038], "conf": 0.5730371475219727}, {"box_index": 3, "class_id": 2, "class_name": "B3", "bbox_yolo": [0.7190477252006531, 0.39401283860206604, 0.11094927042722702, 0.09186384826898575], "conf": 0.2784827649593353}], "count_per_class": {"B1": 0, "B2": 1, "B3": 2, "B4": 1}, "side_index": 0}