{"image": "DAMIMAS_A21B_0255_3.jpg", "detector": "y26n_vanilla_local", "detections": [{"box_index": 0, "class_id": 2, "class_name": "B3", "bbox_yolo": [0.30334487557411194, 0.2455623596906662, 0.14701245725154877, 0.1182052418589592], "conf": 0.5319705605506897}, {"box_index": 1, "class_id": 2, "class_name": "B3", "bbox_yolo": [0.6759238243103027, 0.16706006228923798, 0.15269604325294495, 0.10690055042505264], "conf": 0.48359280824661255}, {"box_index": 2, "class_id": 2, "class_name": "B3", "bbox_yolo": [0.5838882923126221, 0.265965074300766, 0.11622143536806107, 0.12075424194335938], "conf": 0.3088950216770172}], "count_per_class": {"B1": 0, "B2": 0, "B3": 3, "B4": 0}, "side_index": 2}