{"image": "DAMIMAS_A21B_0153_2.jpg", "detector": "y26n_vanilla_local", "detections": [{"box_index": 0, "class_id": 2, "class_name": "B3", "bbox_yolo": [0.420284241437912, 0.38235682249069214, 0.1409342885017395, 0.11245580017566681], "conf": 0.7932754158973694}, {"box_index": 1, "class_id": 2, "class_name": "B3", "bbox_yolo": [0.5703184604644775, 0.4007732570171356, 0.11933285742998123, 0.08931870758533478], "conf": 0.642278790473938}, {"box_index": 2, "class_id": 2, "class_name": "B3", "bbox_yolo": [0.28519701957702637, 0.36367401480674744, 0.09974804520606995, 0.07942860573530197], "conf": 0.5831226110458374}, {"box_index": 3, "class_id": 1, "class_name": "B2", "bbox_yolo": [0.6614643335342407, 0.42785167694091797, 0.10149542987346649, 0.07181646674871445], "conf": 0.31158047914505005}], "count_per_class": {"B1": 0, "B2": 1, "B3": 3, "B4": 0}, "side_index": 1}