{"image": "DAMIMAS_A21B_0791_1.jpg", "detector": "y26n_vanilla_local", "detections": [{"box_index": 0, "class_id": 1, "class_name": "B2", "bbox_yolo": [0.3373669981956482, 0.5551154017448425, 0.1694352924823761, 0.1415153592824936], "conf": 0.47274550795555115}, {"box_index": 1, "class_id": 2, "class_name": "B3", "bbox_yolo": [0.6924468874931335, 0.5032432675361633, 0.15258485078811646, 0.11442708969116211], "conf": 0.3981735408306122}, {"box_index": 2, "class_id": 0, "class_name": "B1", "bbox_yolo": [0.3373669981956482, 0.5551154017448425, 0.1694352924823761, 0.1415153592824936], "conf": 0.38943928480148315}], "count_per_class": {"B1": 1, "B2": 1, "B3": 1, "B4": 0}, "side_index": 0}