{"image": "DAMIMAS_A21B_0488_1.jpg", "detector": "y26n_vanilla_local", "detections": [{"box_index": 0, "class_id": 2, "class_name": "B3", "bbox_yolo": [0.39154061675071716, 0.17448990046977997, 0.11361542344093323, 0.10413141548633575], "conf": 0.38776230812072754}, {"box_index": 1, "class_id": 1, "class_name": "B2", "bbox_yolo": [0.6890833973884583, 0.2321433126926422, 0.1032281294465065, 0.09534221142530441], "conf": 0.3384644687175751}, {"box_index": 2, "class_id": 2, "class_name": "B3", "bbox_yolo": [0.38073477149009705, 0.09345707297325134, 0.08889199048280716, 0.05174962431192398], "conf": 0.3076499402523041}], "count_per_class": {"B1": 0, "B2": 1, "B3": 2, "B4": 0}, "side_index": 0}