{"image": "DAMIMAS_A21B_0287_3.jpg", "detector": "y26n_vanilla_local", "detections": [{"box_index": 0, "class_id": 0, "class_name": "B1", "bbox_yolo": [0.4155077338218689, 0.6579846739768982, 0.17682410776615143, 0.12209935486316681], "conf": 0.7493155002593994}, {"box_index": 1, "class_id": 1, "class_name": "B2", "bbox_yolo": [0.6110641956329346, 0.5431373715400696, 0.17953403294086456, 0.15304307639598846], "conf": 0.5557658076286316}], "count_per_class": {"B1": 1, "B2": 1, "B3": 0, "B4": 0}, "side_index": 2}