{"image": "DAMIMAS_A21B_0018_3.jpg", "detector": "y26n_vanilla_local", "detections": [{"box_index": 0, "class_id": 2, "class_name": "B3", "bbox_yolo": [0.3936002850532532, 0.5228520631790161, 0.094774030148983, 0.0771457701921463], "conf": 0.5910544991493225}, {"box_index": 1, "class_id": 2, "class_name": "B3", "bbox_yolo": [0.6098985075950623, 0.5184690356254578, 0.05125332251191139, 0.053966570645570755], "conf": 0.2662808895111084}], "count_per_class": {"B1": 0, "B2": 0, "B3": 2, "B4": 0}, "side_index": 2}