{"image": "DAMIMAS_A21B_0449_3.jpg", "detector": "y26n_vanilla_local", "detections": [{"box_index": 0, "class_id": 2, "class_name": "B3", "bbox_yolo": [0.6684353351593018, 0.44133397936820984, 0.06289882957935333, 0.0511840358376503], "conf": 0.3610188364982605}], "count_per_class": {"B1": 0, "B2": 0, "B3": 1, "B4": 0}, "side_index": 2}