{"image": "DAMIMAS_A21B_0267_1.jpg", "detector": "y26n_vanilla_local", "detections": [{"box_index": 0, "class_id": 0, "class_name": "B1", "bbox_yolo": [0.5311499834060669, 0.4890311360359192, 0.15720787644386292, 0.11208605766296387], "conf": 0.8443804383277893}, {"box_index": 1, "class_id": 2, "class_name": "B3", "bbox_yolo": [0.6134581565856934, 0.41615229845046997, 0.09419676661491394, 0.06990714371204376], "conf": 0.5126325488090515}, {"box_index": 2, "class_id": 2, "class_name": "B3", "bbox_yolo": [0.6087524890899658, 0.4162275493144989, 0.08296222984790802, 0.05921280384063721], "conf": 0.33706820011138916}], "count_per_class": {"B1": 1, "B2": 0, "B3": 2, "B4": 0}, "side_index": 0}