{"image": "DAMIMAS_A21B_0192_3.jpg", "detector": "y26n_vanilla_local", "detections": [{"box_index": 0, "class_id": 2, "class_name": "B3", "bbox_yolo": [0.4526141285896301, 0.45276913046836853, 0.10213255137205124, 0.07890892028808594], "conf": 0.5266809463500977}, {"box_index": 1, "class_id": 2, "class_name": "B3", "bbox_yolo": [0.6163145899772644, 0.465898722410202, 0.07572855055332184, 0.06243405491113663], "conf": 0.33235716819763184}, {"box_index": 2, "class_id": 2, "class_name": "B3", "bbox_yolo": [0.38771918416023254, 0.49824315309524536, 0.09647665172815323, 0.07919277995824814], "conf": 0.31539446115493774}, {"box_index": 3, "class_id": 2, "class_name": "B3", "bbox_yolo": [0.613444447517395, 0.4677634835243225, 0.08770415186882019, 0.07259397953748703], "conf": 0.26632195711135864}], "count_per_class": {"B1": 0, "B2": 0, "B3": 4, "B4": 0}, "side_index": 2}