{"image": "DAMIMAS_A21B_0833_7.jpg", "detector": "y26n_vanilla_local", "detections": [{"box_index": 0, "class_id": 0, "class_name": "B1", "bbox_yolo": [0.669330358505249, 0.4871780574321747, 0.15923437476158142, 0.14679761230945587], "conf": 0.7438941597938538}, {"box_index": 1, "class_id": 1, "class_name": "B2", "bbox_yolo": [0.4564609229564667, 0.44411346316337585, 0.14577940106391907, 0.13596613705158234], "conf": 0.44771459698677063}, {"box_index": 2, "class_id": 2, "class_name": "B3", "bbox_yolo": [0.4564609229564667, 0.44411346316337585, 0.14577940106391907, 0.13596613705158234], "conf": 0.36922168731689453}, {"box_index": 3, "class_id": 2, "class_name": "B3", "bbox_yolo": [0.719907283782959, 0.39467525482177734, 0.07264233380556107, 0.0472244992852211], "conf": 0.3105429410934448}], "count_per_class": {"B1": 1, "B2": 1, "B3": 2, "B4": 0}, "side_index": 6}