{"image": "DAMIMAS_A21B_0750_1.jpg", "detector": "y26n_vanilla_local", "detections": [{"box_index": 0, "class_id": 2, "class_name": "B3", "bbox_yolo": [0.6326591968536377, 0.4570408761501312, 0.20872749388217926, 0.16095156967639923], "conf": 0.7883449196815491}, {"box_index": 1, "class_id": 3, "class_name": "B4", "bbox_yolo": [0.7836313843727112, 0.3826814591884613, 0.12433243542909622, 0.12091920524835587], "conf": 0.4818015396595001}, {"box_index": 2, "class_id": 2, "class_name": "B3", "bbox_yolo": [0.3802383244037628, 0.4753759503364563, 0.18590210378170013, 0.09158100932836533], "conf": 0.4744924008846283}], "count_per_class": {"B1": 0, "B2": 0, "B3": 2, "B4": 1}, "side_index": 0}