{"image": "DAMIMAS_A21B_0312_3.jpg", "detector": "y26n_vanilla_local", "detections": [{"box_index": 0, "class_id": 0, "class_name": "B1", "bbox_yolo": [0.4274306893348694, 0.4890802502632141, 0.12935929000377655, 0.08715968579053879], "conf": 0.7547552585601807}, {"box_index": 1, "class_id": 2, "class_name": "B3", "bbox_yolo": [0.5607084035873413, 0.4776793122291565, 0.12157765030860901, 0.09715700149536133], "conf": 0.6492504477500916}, {"box_index": 2, "class_id": 2, "class_name": "B3", "bbox_yolo": [0.3553726077079773, 0.4576222598552704, 0.06123314052820206, 0.045787811279296875], "conf": 0.4414787292480469}], "count_per_class": {"B1": 1, "B2": 0, "B3": 2, "B4": 0}, "side_index": 2}