{"image": "DAMIMAS_A21B_0376_3.jpg", "detector": "y26n_vanilla_local", "detections": [{"box_index": 0, "class_id": 2, "class_name": "B3", "bbox_yolo": [0.631274938583374, 0.33155742287635803, 0.10940933972597122, 0.08905601501464844], "conf": 0.5779323577880859}], "count_per_class": {"B1": 0, "B2": 0, "B3": 1, "B4": 0}, "side_index": 2}