{"image": "DAMIMAS_A21B_0017_4.jpg", "detector": "y26n_vanilla_local", "detections": [{"box_index": 0, "class_id": 2, "class_name": "B3", "bbox_yolo": [0.35983869433403015, 0.4563780426979065, 0.135672926902771, 0.08983154594898224], "conf": 0.5420297384262085}], "count_per_class": {"B1": 0, "B2": 0, "B3": 1, "B4": 0}, "side_index": 3}