{"image": "DAMIMAS_A21B_0032_2.jpg", "detector": "y26n_vanilla_local", "detections": [{"box_index": 0, "class_id": 2, "class_name": "B3", "bbox_yolo": [0.43743574619293213, 0.5298867225646973, 0.12156662344932556, 0.08866085857152939], "conf": 0.6713735461235046}, {"box_index": 1, "class_id": 0, "class_name": "B1", "bbox_yolo": [0.33890822529792786, 0.5518265962600708, 0.10685708373785019, 0.08708339184522629], "conf": 0.505689263343811}, {"box_index": 2, "class_id": 2, "class_name": "B3", "bbox_yolo": [0.5683541893959045, 0.49180370569229126, 0.10209500789642334, 0.07330198585987091], "conf": 0.45762336254119873}], "count_per_class": {"B1": 1, "B2": 0, "B3": 2, "B4": 0}, "side_index": 1}