{"image": "DAMIMAS_A21B_0098_4.jpg", "detector": "y26n_vanilla_local", "detections": [{"box_index": 0, "class_id": 3, "class_name": "B4", "bbox_yolo": [0.4260447025299072, 0.5169199109077454, 0.0939442366361618, 0.07168908417224884], "conf": 0.42210808396339417}, {"box_index": 1, "class_id": 2, "class_name": "B3", "bbox_yolo": [0.4476873576641083, 0.5830661654472351, 0.09120360016822815, 0.0793883353471756], "conf": 0.3074638247489929}, {"box_index": 2, "class_id": 3, "class_name": "B4", "bbox_yolo": [0.4300137460231781, 0.5161809325218201, 0.08225670456886292, 0.06142549589276314], "conf": 0.2763272821903229}], "count_per_class": {"B1": 0, "B2": 0, "B3": 1, "B4": 2}, "side_index": 3}