{"image": "DAMIMAS_A21B_0050_3.jpg", "detector": "y26n_vanilla_local", "detections": [{"box_index": 0, "class_id": 0, "class_name": "B1", "bbox_yolo": [0.6764978170394897, 0.45567986369132996, 0.1227162778377533, 0.1148749589920044], "conf": 0.7322574257850647}, {"box_index": 1, "class_id": 2, "class_name": "B3", "bbox_yolo": [0.5850011706352234, 0.40576478838920593, 0.11767473816871643, 0.09581118077039719], "conf": 0.7066465020179749}, {"box_index": 2, "class_id": 2, "class_name": "B3", "bbox_yolo": [0.35884401202201843, 0.383379191160202, 0.10147298872470856, 0.07380781322717667], "conf": 0.3829701840877533}, {"box_index": 3, "class_id": 2, "class_name": "B3", "bbox_yolo": [0.3561905026435852, 0.37899214029312134, 0.08814901113510132, 0.06095295026898384], "conf": 0.33105331659317017}], "count_per_class": {"B1": 1, "B2": 0, "B3": 3, "B4": 0}, "side_index": 2}