{"image": "DAMIMAS_A21B_0307_1.jpg", "detector": "y26n_vanilla_local", "detections": [{"box_index": 0, "class_id": 1, "class_name": "B2", "bbox_yolo": [0.4008524417877197, 0.4672820568084717, 0.13234476745128632, 0.11034832149744034], "conf": 0.43361055850982666}, {"box_index": 1, "class_id": 2, "class_name": "B3", "bbox_yolo": [0.6360535025596619, 0.46206656098365784, 0.10154858231544495, 0.06998433917760849], "conf": 0.37849798798561096}, {"box_index": 2, "class_id": 2, "class_name": "B3", "bbox_yolo": [0.6378729343414307, 0.45837852358818054, 0.08535512536764145, 0.05961108207702637], "conf": 0.3322625756263733}, {"box_index": 3, "class_id": 2, "class_name": "B3", "bbox_yolo": [0.5358628630638123, 0.4180154800415039, 0.09294755011796951, 0.07490744441747665], "conf": 0.27532073855400085}], "count_per_class": {"B1": 0, "B2": 1, "B3": 3, "B4": 0}, "side_index": 0}