{"image": "DAMIMAS_A21B_0699_4.jpg", "detector": "y26n_vanilla_local", "detections": [{"box_index": 0, "class_id": 2, "class_name": "B3", "bbox_yolo": [0.6734448075294495, 0.27759847044944763, 0.22188569605350494, 0.20237450301647186], "conf": 0.7404864430427551}, {"box_index": 1, "class_id": 2, "class_name": "B3", "bbox_yolo": [0.311835914850235, 0.24031038582324982, 0.16353747248649597, 0.12592880427837372], "conf": 0.45879289507865906}, {"box_index": 2, "class_id": 2, "class_name": "B3", "bbox_yolo": [0.5208538174629211, 0.15516477823257446, 0.17508214712142944, 0.1320953220129013], "conf": 0.3546064496040344}], "count_per_class": {"B1": 0, "B2": 0, "B3": 3, "B4": 0}, "side_index": 3}