{"image": "DAMIMAS_A21B_0216_4.jpg", "detector": "y26n_vanilla_local", "detections": [{"box_index": 0, "class_id": 0, "class_name": "B1", "bbox_yolo": [0.4201091229915619, 0.39611729979515076, 0.14716391265392303, 0.13209886848926544], "conf": 0.7683219313621521}, {"box_index": 1, "class_id": 2, "class_name": "B3", "bbox_yolo": [0.6097899675369263, 0.37530240416526794, 0.1490727812051773, 0.11983837932348251], "conf": 0.4252045154571533}, {"box_index": 2, "class_id": 3, "class_name": "B4", "bbox_yolo": [0.6361379027366638, 0.29081377387046814, 0.10481497645378113, 0.06799890846014023], "conf": 0.32075726985931396}, {"box_index": 3, "class_id": 3, "class_name": "B4", "bbox_yolo": [0.4816776514053345, 0.3031899034976959, 0.12487796694040298, 0.07539601624011993], "conf": 0.2770596146583557}], "count_per_class": {"B1": 1, "B2": 0, "B3": 1, "B4": 2}, "side_index": 3}