{"image": "DAMIMAS_A21B_0253_3.jpg", "detector": "y26n_vanilla_local", "detections": [{"box_index": 0, "class_id": 2, "class_name": "B3", "bbox_yolo": [0.38038504123687744, 0.08245336264371872, 0.18172599375247955, 0.12244807928800583], "conf": 0.43352964520454407}], "count_per_class": {"B1": 0, "B2": 0, "B3": 1, "B4": 0}, "side_index": 2}