{"image": "DAMIMAS_A21B_0797_4.jpg", "detector": "y26n_vanilla_local", "detections": [{"box_index": 0, "class_id": 2, "class_name": "B3", "bbox_yolo": [0.801991879940033, 0.2139938920736313, 0.12997806072235107, 0.1165900006890297], "conf": 0.457261323928833}, {"box_index": 1, "class_id": 2, "class_name": "B3", "bbox_yolo": [0.5618493556976318, 0.2131747305393219, 0.25049248337745667, 0.2044312059879303], "conf": 0.44252777099609375}, {"box_index": 2, "class_id": 2, "class_name": "B3", "bbox_yolo": [0.28925931453704834, 0.2559162974357605, 0.15507538616657257, 0.11856228113174438], "conf": 0.42445242404937744}], "count_per_class": {"B1": 0, "B2": 0, "B3": 3, "B4": 0}, "side_index": 3}