{"image": "DAMIMAS_A21B_0005_3.jpg", "detector": "y26n_vanilla_local", "detections": [{"box_index": 0, "class_id": 2, "class_name": "B3", "bbox_yolo": [0.4834578335285187, 0.4676167666912079, 0.12403644621372223, 0.09826331585645676], "conf": 0.5959460139274597}, {"box_index": 1, "class_id": 2, "class_name": "B3", "bbox_yolo": [0.3115311861038208, 0.4425812363624573, 0.08404801785945892, 0.06560325622558594], "conf": 0.31117933988571167}, {"box_index": 2, "class_id": 2, "class_name": "B3", "bbox_yolo": [0.319499135017395, 0.44978067278862, 0.11071466654539108, 0.08633007854223251], "conf": 0.2712406516075134}, {"box_index": 3, "class_id": 3, "class_name": "B4", "bbox_yolo": [0.5636016130447388, 0.3917890191078186, 0.10378431528806686, 0.07748892158269882], "conf": 0.2550421953201294}], "count_per_class": {"B1": 0, "B2": 0, "B3": 3, "B4": 1}, "side_index": 2}