{"image": "DAMIMAS_A21B_0376_2.jpg", "detector": "y26n_vanilla_local", "detections": [{"box_index": 0, "class_id": 2, "class_name": "B3", "bbox_yolo": [0.5533903241157532, 0.4095776081085205, 0.10563965141773224, 0.08557434380054474], "conf": 0.7110975384712219}, {"box_index": 1, "class_id": 2, "class_name": "B3", "bbox_yolo": [0.37011009454727173, 0.3833153545856476, 0.07358204573392868, 0.05609250068664551], "conf": 0.44044411182403564}], "count_per_class": {"B1": 0, "B2": 0, "B3": 2, "B4": 0}, "side_index": 1}