{"image": "DAMIMAS_A21B_0382_3.jpg", "detector": "y26n_vanilla_local", "detections": [{"box_index": 0, "class_id": 0, "class_name": "B1", "bbox_yolo": [0.4155036509037018, 0.39205750823020935, 0.13011281192302704, 0.09538371860980988], "conf": 0.7806314826011658}, {"box_index": 1, "class_id": 2, "class_name": "B3", "bbox_yolo": [0.5397651195526123, 0.36151939630508423, 0.10766185820102692, 0.08800437301397324], "conf": 0.3933069407939911}, {"box_index": 2, "class_id": 3, "class_name": "B4", "bbox_yolo": [0.6135637164115906, 0.2771227955818176, 0.13241438567638397, 0.08229382336139679], "conf": 0.2902711033821106}], "count_per_class": {"B1": 1, "B2": 0, "B3": 1, "B4": 1}, "side_index": 2}