{"image": "DAMIMAS_A21B_0026_3.jpg", "detector": "y26n_vanilla_local", "detections": [{"box_index": 0, "class_id": 1, "class_name": "B2", "bbox_yolo": [0.5965359210968018, 0.564151406288147, 0.13964024186134338, 0.1278553456068039], "conf": 0.6242043972015381}, {"box_index": 1, "class_id": 2, "class_name": "B3", "bbox_yolo": [0.455093115568161, 0.5204731225967407, 0.10406844317913055, 0.09797411412000656], "conf": 0.5732658505439758}, {"box_index": 2, "class_id": 2, "class_name": "B3", "bbox_yolo": [0.33107835054397583, 0.5504467487335205, 0.1160687506198883, 0.08962573856115341], "conf": 0.49330204725265503}], "count_per_class": {"B1": 0, "B2": 1, "B3": 2, "B4": 0}, "side_index": 2}