{"image": "DAMIMAS_A21B_0821_1.jpg", "detector": "y26n_vanilla_local", "detections": [{"box_index": 0, "class_id": 0, "class_name": "B1", "bbox_yolo": [0.323560893535614, 0.4685939848423004, 0.09486433863639832, 0.09691362828016281], "conf": 0.7179710865020752}, {"box_index": 1, "class_id": 2, "class_name": "B3", "bbox_yolo": [0.5459044575691223, 0.4171827733516693, 0.10416975617408752, 0.08489370346069336], "conf": 0.607578456401825}, {"box_index": 2, "class_id": 2, "class_name": "B3", "bbox_yolo": [0.40939316153526306, 0.4327305853366852, 0.11360442638397217, 0.08520350605249405], "conf": 0.29576805233955383}], "count_per_class": {"B1": 1, "B2": 0, "B3": 2, "B4": 0}, "side_index": 0}