{"image": "DAMIMAS_A21B_0332_4.jpg", "detector": "y26n_vanilla_local", "detections": [{"box_index": 0, "class_id": 2, "class_name": "B3", "bbox_yolo": [0.5732938647270203, 0.21817851066589355, 0.0778338760137558, 0.05298999696969986], "conf": 0.44030970335006714}, {"box_index": 1, "class_id": 2, "class_name": "B3", "bbox_yolo": [0.6928749084472656, 0.2860594093799591, 0.090461865067482, 0.0703490749001503], "conf": 0.3904564380645752}, {"box_index": 2, "class_id": 2, "class_name": "B3", "bbox_yolo": [0.3542693555355072, 0.283194899559021, 0.07753512263298035, 0.04025006294250488], "conf": 0.31455475091934204}, {"box_index": 3, "class_id": 2, "class_name": "B3", "bbox_yolo": [0.6922087669372559, 0.28491559624671936, 0.07073409110307693, 0.0576556921005249], "conf": 0.2904823422431946}], "count_per_class": {"B1": 0, "B2": 0, "B3": 4, "B4": 0}, "side_index": 3}