{"image": "DAMIMAS_A21B_0235_3.jpg", "detector": "y26n_vanilla_local", "detections": [{"box_index": 0, "class_id": 2, "class_name": "B3", "bbox_yolo": [0.5552114844322205, 0.34692689776420593, 0.11202536523342133, 0.09546339511871338], "conf": 0.7154377698898315}, {"box_index": 1, "class_id": 2, "class_name": "B3", "bbox_yolo": [0.30954334139823914, 0.3142291009426117, 0.08123525232076645, 0.060373689979314804], "conf": 0.3311865031719208}, {"box_index": 2, "class_id": 2, "class_name": "B3", "bbox_yolo": [0.6544224619865417, 0.36608144640922546, 0.10465851426124573, 0.08431615680456161], "conf": 0.30315056443214417}], "count_per_class": {"B1": 0, "B2": 0, "B3": 3, "B4": 0}, "side_index": 2}