{"image": "DAMIMAS_A21B_0345_3.jpg", "detector": "y26n_vanilla_local", "detections": [{"box_index": 0, "class_id": 2, "class_name": "B3", "bbox_yolo": [0.4053158462047577, 0.26827532052993774, 0.06831836700439453, 0.045923877507448196], "conf": 0.3201524317264557}, {"box_index": 1, "class_id": 1, "class_name": "B2", "bbox_yolo": [0.4642438292503357, 0.3143882751464844, 0.10419999063014984, 0.10207893699407578], "conf": 0.27680906653404236}, {"box_index": 2, "class_id": 2, "class_name": "B3", "bbox_yolo": [0.6050331592559814, 0.27905794978141785, 0.07491080462932587, 0.053946543484926224], "conf": 0.2622067928314209}, {"box_index": 3, "class_id": 1, "class_name": "B2", "bbox_yolo": [0.4597913920879364, 0.31479722261428833, 0.09618759900331497, 0.09816477447748184], "conf": 0.2557874619960785}], "count_per_class": {"B1": 0, "B2": 2, "B3": 2, "B4": 0}, "side_index": 2}