{"image": "DAMIMAS_A21B_0009_4.jpg", "detector": "y26n_vanilla_local", "detections": [{"box_index": 0, "class_id": 2, "class_name": "B3", "bbox_yolo": [0.4986233711242676, 0.401449978351593, 0.09567709267139435, 0.08510718494653702], "conf": 0.562312662601471}], "count_per_class": {"B1": 0, "B2": 0, "B3": 1, "B4": 0}, "side_index": 3}