{"image": "DAMIMAS_A21B_0387_4.jpg", "detector": "y26n_vanilla_local", "detections": [{"box_index": 0, "class_id": 0, "class_name": "B1", "bbox_yolo": [0.6166725754737854, 0.4344700276851654, 0.12147045880556107, 0.09389133751392365], "conf": 0.640065610408783}, {"box_index": 1, "class_id": 2, "class_name": "B3", "bbox_yolo": [0.4644179046154022, 0.419581800699234, 0.12484576553106308, 0.10201754420995712], "conf": 0.5154196619987488}, {"box_index": 2, "class_id": 0, "class_name": "B1", "bbox_yolo": [0.33629587292671204, 0.4323931634426117, 0.11814938485622406, 0.08958988636732101], "conf": 0.36804473400115967}, {"box_index": 3, "class_id": 2, "class_name": "B3", "bbox_yolo": [0.6717661023139954, 0.3716447949409485, 0.05091603845357895, 0.038027383387088776], "conf": 0.2820822298526764}], "count_per_class": {"B1": 2, "B2": 0, "B3": 2, "B4": 0}, "side_index": 3}