{"image": "DAMIMAS_A21B_0070_4.jpg", "detector": "y26n_vanilla_local", "detections": [{"box_index": 0, "class_id": 2, "class_name": "B3", "bbox_yolo": [0.37870076298713684, 0.4423753321170807, 0.12197558581829071, 0.10418283939361572], "conf": 0.6758279204368591}, {"box_index": 1, "class_id": 2, "class_name": "B3", "bbox_yolo": [0.4742419719696045, 0.3819454312324524, 0.09905266016721725, 0.09608697891235352], "conf": 0.5371063351631165}, {"box_index": 2, "class_id": 3, "class_name": "B4", "bbox_yolo": [0.34774020314216614, 0.3659963607788086, 0.10348082333803177, 0.06551549583673477], "conf": 0.2715413570404053}, {"box_index": 3, "class_id": 2, "class_name": "B3", "bbox_yolo": [0.6060024499893188, 0.407039076089859, 0.12137935310602188, 0.09074177592992783], "conf": 0.2687518000602722}], "count_per_class": {"B1": 0, "B2": 0, "B3": 3, "B4": 1}, "side_index": 3}