{"image": "DAMIMAS_A21B_0467_2.jpg", "detector": "y26n_vanilla_local", "detections": [{"box_index": 0, "class_id": 2, "class_name": "B3", "bbox_yolo": [0.5689923763275146, 0.36568742990493774, 0.08565843105316162, 0.07343199104070663], "conf": 0.3960772752761841}, {"box_index": 1, "class_id": 0, "class_name": "B1", "bbox_yolo": [0.6294443607330322, 0.40087196230888367, 0.08218167722225189, 0.07533078640699387], "conf": 0.3328990340232849}], "count_per_class": {"B1": 1, "B2": 0, "B3": 1, "B4": 0}, "side_index": 1}