{"image": "DAMIMAS_A21B_0387_1.jpg", "detector": "y26n_vanilla_local", "detections": [{"box_index": 0, "class_id": 0, "class_name": "B1", "bbox_yolo": [0.511415421962738, 0.41311463713645935, 0.13210341334342957, 0.10262584686279297], "conf": 0.5474324226379395}, {"box_index": 1, "class_id": 1, "class_name": "B2", "bbox_yolo": [0.37914466857910156, 0.3971083164215088, 0.11178062111139297, 0.08904707431793213], "conf": 0.3722516596317291}, {"box_index": 2, "class_id": 2, "class_name": "B3", "bbox_yolo": [0.7185580134391785, 0.3669346868991852, 0.07282988727092743, 0.06170647218823433], "conf": 0.35090193152427673}, {"box_index": 3, "class_id": 2, "class_name": "B3", "bbox_yolo": [0.37914466857910156, 0.3971083164215088, 0.11178062111139297, 0.08904707431793213], "conf": 0.27002930641174316}], "count_per_class": {"B1": 1, "B2": 1, "B3": 2, "B4": 0}, "side_index": 0}