{"image": "DAMIMAS_A21B_0167_2.jpg", "detector": "y26n_vanilla_local", "detections": [{"box_index": 0, "class_id": 2, "class_name": "B3", "bbox_yolo": [0.4078790843486786, 0.4468708038330078, 0.11966073513031006, 0.10200853645801544], "conf": 0.7670347690582275}, {"box_index": 1, "class_id": 1, "class_name": "B2", "bbox_yolo": [0.6389676928520203, 0.4907068908214569, 0.1133674681186676, 0.09573230892419815], "conf": 0.6334566473960876}, {"box_index": 2, "class_id": 2, "class_name": "B3", "bbox_yolo": [0.5453652739524841, 0.4546220004558563, 0.1101011335849762, 0.0789681002497673], "conf": 0.5904576182365417}, {"box_index": 3, "class_id": 1, "class_name": "B2", "bbox_yolo": [0.31216710805892944, 0.49343663454055786, 0.12441664189100266, 0.10016985237598419], "conf": 0.5693513751029968}], "count_per_class": {"B1": 0, "B2": 2, "B3": 2, "B4": 0}, "side_index": 1}