{"image": "DAMIMAS_A21B_0422_4.jpg", "detector": "y26n_vanilla_local", "detections": [{"box_index": 0, "class_id": 0, "class_name": "B1", "bbox_yolo": [0.552365243434906, 0.41672664880752563, 0.12069782614707947, 0.10722305625677109], "conf": 0.47893741726875305}, {"box_index": 1, "class_id": 2, "class_name": "B3", "bbox_yolo": [0.37316423654556274, 0.41074132919311523, 0.11089395731687546, 0.0936090499162674], "conf": 0.46095553040504456}, {"box_index": 2, "class_id": 3, "class_name": "B4", "bbox_yolo": [0.5893709063529968, 0.324592649936676, 0.09924895316362381, 0.07495748996734619], "conf": 0.34506723284721375}, {"box_index": 3, "class_id": 2, "class_name": "B3", "bbox_yolo": [0.5893709063529968, 0.324592649936676, 0.09924895316362381, 0.07495748996734619], "conf": 0.2557789385318756}], "count_per_class": {"B1": 1, "B2": 0, "B3": 2, "B4": 1}, "side_index": 3}