{"image": "DAMIMAS_A21B_0547_2.jpg", "detector": "y26n_vanilla_local", "detections": [{"box_index": 0, "class_id": 2, "class_name": "B3", "bbox_yolo": [0.6313284039497375, 0.39558085799217224, 0.13548660278320312, 0.10026180744171143], "conf": 0.6632299423217773}, {"box_index": 1, "class_id": 1, "class_name": "B2", "bbox_yolo": [0.33932358026504517, 0.45723339915275574, 0.13540297746658325, 0.10970859974622726], "conf": 0.5296888947486877}, {"box_index": 2, "class_id": 2, "class_name": "B3", "bbox_yolo": [0.7035413384437561, 0.4645783603191376, 0.11333180218935013, 0.10354533046483994], "conf": 0.46523502469062805}], "count_per_class": {"B1": 0, "B2": 1, "B3": 2, "B4": 0}, "side_index": 1}