{"image": "DAMIMAS_A21B_0755_3.jpg", "detector": "y26n_vanilla_local", "detections": [{"box_index": 0, "class_id": 2, "class_name": "B3", "bbox_yolo": [0.49975675344467163, 0.4578218460083008, 0.10523892194032669, 0.09641905128955841], "conf": 0.5715141296386719}, {"box_index": 1, "class_id": 1, "class_name": "B2", "bbox_yolo": [0.37777960300445557, 0.49054810404777527, 0.11786273866891861, 0.10354013741016388], "conf": 0.4084862470626831}, {"box_index": 2, "class_id": 2, "class_name": "B3", "bbox_yolo": [0.7055734395980835, 0.4816458821296692, 0.08961054682731628, 0.08002658188343048], "conf": 0.38661226630210876}, {"box_index": 3, "class_id": 3, "class_name": "B4", "bbox_yolo": [0.6436604857444763, 0.4302404820919037, 0.10343965142965317, 0.08813612908124924], "conf": 0.2799857258796692}], "count_per_class": {"B1": 0, "B2": 1, "B3": 2, "B4": 1}, "side_index": 2}