{"image": "DAMIMAS_A21B_0604_2.jpg", "detector": "y26n_vanilla_local", "detections": [{"box_index": 0, "class_id": 2, "class_name": "B3", "bbox_yolo": [0.28393638134002686, 0.3355635106563568, 0.158697247505188, 0.14188633859157562], "conf": 0.7514117956161499}, {"box_index": 1, "class_id": 1, "class_name": "B2", "bbox_yolo": [0.7305720448493958, 0.3334122896194458, 0.14057141542434692, 0.11510910838842392], "conf": 0.4557393491268158}], "count_per_class": {"B1": 0, "B2": 1, "B3": 1, "B4": 0}, "side_index": 1}