{"image": "DAMIMAS_A21B_0251_2.jpg", "detector": "y26n_vanilla_local", "detections": [{"box_index": 0, "class_id": 2, "class_name": "B3", "bbox_yolo": [0.5368005633354187, 0.3995600640773773, 0.1468810737133026, 0.14419160783290863], "conf": 0.6341716051101685}], "count_per_class": {"B1": 0, "B2": 0, "B3": 1, "B4": 0}, "side_index": 1}