{"image": "DAMIMAS_A21B_0629_2.jpg", "detector": "y26n_vanilla_local", "detections": [{"box_index": 0, "class_id": 2, "class_name": "B3", "bbox_yolo": [0.580264151096344, 0.41804370284080505, 0.198147714138031, 0.15140576660633087], "conf": 0.7576944231987}, {"box_index": 1, "class_id": 0, "class_name": "B1", "bbox_yolo": [0.7385916709899902, 0.500063419342041, 0.20591126382350922, 0.19870762526988983], "conf": 0.6277120113372803}, {"box_index": 2, "class_id": 2, "class_name": "B3", "bbox_yolo": [0.3142922520637512, 0.47322121262550354, 0.2352789044380188, 0.21641449630260468], "conf": 0.3736472427845001}], "count_per_class": {"B1": 1, "B2": 0, "B3": 2, "B4": 0}, "side_index": 1}