{"image": "DAMIMAS_A21B_0308_4.jpg", "detector": "y26n_vanilla_local", "detections": [{"box_index": 0, "class_id": 2, "class_name": "B3", "bbox_yolo": [0.3973290026187897, 0.40704870223999023, 0.15508531033992767, 0.1137617826461792], "conf": 0.678299069404602}, {"box_index": 1, "class_id": 2, "class_name": "B3", "bbox_yolo": [0.7456374764442444, 0.4579448699951172, 0.10685450583696365, 0.12215425819158554], "conf": 0.5394479036331177}, {"box_index": 2, "class_id": 2, "class_name": "B3", "bbox_yolo": [0.660071074962616, 0.3482091426849365, 0.09188620746135712, 0.09740102291107178], "conf": 0.3312372863292694}, {"box_index": 3, "class_id": 2, "class_name": "B3", "bbox_yolo": [0.6557621955871582, 0.35822799801826477, 0.10177116841077805, 0.11707615852355957], "conf": 0.25356587767601013}], "count_per_class": {"B1": 0, "B2": 0, "B3": 4, "B4": 0}, "side_index": 3}