{"image": "DAMIMAS_A21B_0467_3.jpg", "detector": "y26n_vanilla_local", "detections": [{"box_index": 0, "class_id": 2, "class_name": "B3", "bbox_yolo": [0.5902406573295593, 0.3918609321117401, 0.05641581490635872, 0.04351777955889702], "conf": 0.36581501364707947}, {"box_index": 1, "class_id": 2, "class_name": "B3", "bbox_yolo": [0.5028887987136841, 0.4167306423187256, 0.06395359337329865, 0.05117032676935196], "conf": 0.36508631706237793}], "count_per_class": {"B1": 0, "B2": 0, "B3": 2, "B4": 0}, "side_index": 2}