{"image": "DAMIMAS_A21B_0431_1.jpg", "detector": "y26n_vanilla_local", "detections": [{"box_index": 0, "class_id": 2, "class_name": "B3", "bbox_yolo": [0.4178197681903839, 0.41159602999687195, 0.06323706358671188, 0.047829270362854004], "conf": 0.3310253322124481}, {"box_index": 1, "class_id": 2, "class_name": "B3", "bbox_yolo": [0.3773270547389984, 0.4421946704387665, 0.05930967628955841, 0.05827298387885094], "conf": 0.2675958573818207}], "count_per_class": {"B1": 0, "B2": 0, "B3": 2, "B4": 0}, "side_index": 0}