{"image": "DAMIMAS_A21B_0271_3.jpg", "detector": "y26n_vanilla_local", "detections": [{"box_index": 0, "class_id": 2, "class_name": "B3", "bbox_yolo": [0.554304301738739, 0.064839668571949, 0.12533967196941376, 0.09842094033956528], "conf": 0.4061535596847534}, {"box_index": 1, "class_id": 2, "class_name": "B3", "bbox_yolo": [0.4295703172683716, 0.1407417356967926, 0.12253456562757492, 0.1161985993385315], "conf": 0.2552139461040497}], "count_per_class": {"B1": 0, "B2": 0, "B3": 2, "B4": 0}, "side_index": 2}