{"image": "DAMIMAS_A21B_0028_4.jpg", "detector": "y26n_vanilla_local", "detections": [{"box_index": 0, "class_id": 2, "class_name": "B3", "bbox_yolo": [0.6350615620613098, 0.5863489508628845, 0.12161248922348022, 0.11329007148742676], "conf": 0.5872995853424072}, {"box_index": 1, "class_id": 2, "class_name": "B3", "bbox_yolo": [0.5096349716186523, 0.5712969899177551, 0.12587140500545502, 0.1270037144422531], "conf": 0.4554470479488373}, {"box_index": 2, "class_id": 2, "class_name": "B3", "bbox_yolo": [0.36523762345314026, 0.5355381369590759, 0.1139923483133316, 0.09638023376464844], "conf": 0.4119047224521637}], "count_per_class": {"B1": 0, "B2": 0, "B3": 3, "B4": 0}, "side_index": 3}