{"image": "DAMIMAS_A21B_0773_2.jpg", "detector": "y26n_vanilla_local", "detections": [{"box_index": 0, "class_id": 2, "class_name": "B3", "bbox_yolo": [0.5917468070983887, 0.2908337116241455, 0.1669456511735916, 0.13894663751125336], "conf": 0.6883109211921692}], "count_per_class": {"B1": 0, "B2": 0, "B3": 1, "B4": 0}, "side_index": 1}