{"image": "DAMIMAS_A21B_0007_4.jpg", "detector": "y26n_vanilla_local", "detections": [{"box_index": 0, "class_id": 1, "class_name": "B2", "bbox_yolo": [0.40812551975250244, 0.5091654062271118, 0.12279994040727615, 0.09861526638269424], "conf": 0.797784149646759}, {"box_index": 1, "class_id": 2, "class_name": "B3", "bbox_yolo": [0.5178979635238647, 0.4620274007320404, 0.1022229865193367, 0.0869525894522667], "conf": 0.7909079790115356}, {"box_index": 2, "class_id": 2, "class_name": "B3", "bbox_yolo": [0.39155471324920654, 0.43724966049194336, 0.09074875712394714, 0.06068382412195206], "conf": 0.33491218090057373}], "count_per_class": {"B1": 0, "B2": 1, "B3": 2, "B4": 0}, "side_index": 3}