{"image": "DAMIMAS_A21B_0207_3.jpg", "detector": "y26n_vanilla_local", "detections": [{"box_index": 0, "class_id": 0, "class_name": "B1", "bbox_yolo": [0.5878913998603821, 0.39580851793289185, 0.12710857391357422, 0.11137926578521729], "conf": 0.7922847270965576}, {"box_index": 1, "class_id": 2, "class_name": "B3", "bbox_yolo": [0.4348362684249878, 0.36889714002609253, 0.1164223700761795, 0.0937461405992508], "conf": 0.4816741645336151}], "count_per_class": {"B1": 1, "B2": 0, "B3": 1, "B4": 0}, "side_index": 2}