{"image": "DAMIMAS_A21B_0044_1.jpg", "detector": "y26n_vanilla_local", "detections": [{"box_index": 0, "class_id": 0, "class_name": "B1", "bbox_yolo": [0.4527139961719513, 0.5653427243232727, 0.1596296727657318, 0.11909117549657822], "conf": 0.5208061933517456}, {"box_index": 1, "class_id": 2, "class_name": "B3", "bbox_yolo": [0.6781667470932007, 0.5399350523948669, 0.09477520734071732, 0.08435731381177902], "conf": 0.4707692861557007}, {"box_index": 2, "class_id": 1, "class_name": "B2", "bbox_yolo": [0.4527139961719513, 0.5653427243232727, 0.1596296727657318, 0.11909117549657822], "conf": 0.3504198491573334}, {"box_index": 3, "class_id": 2, "class_name": "B3", "bbox_yolo": [0.572725772857666, 0.5176268219947815, 0.11432492733001709, 0.09833955764770508], "conf": 0.27682462334632874}], "count_per_class": {"B1": 1, "B2": 1, "B3": 2, "B4": 0}, "side_index": 0}