{"image": "DAMIMAS_A21B_0166_4.jpg", "detector": "y26n_vanilla_local", "detections": [{"box_index": 0, "class_id": 0, "class_name": "B1", "bbox_yolo": [0.37758690118789673, 0.5255316495895386, 0.1330268681049347, 0.10290670394897461], "conf": 0.8558316230773926}, {"box_index": 1, "class_id": 2, "class_name": "B3", "bbox_yolo": [0.48088356852531433, 0.4896591603755951, 0.09540952742099762, 0.09036827087402344], "conf": 0.4571143686771393}, {"box_index": 2, "class_id": 2, "class_name": "B3", "bbox_yolo": [0.37100425362586975, 0.4538443684577942, 0.068214550614357, 0.05078577995300293], "conf": 0.31676438450813293}, {"box_index": 3, "class_id": 2, "class_name": "B3", "bbox_yolo": [0.6430251598358154, 0.44261837005615234, 0.0527774840593338, 0.035344935953617096], "conf": 0.2942621111869812}], "count_per_class": {"B1": 1, "B2": 0, "B3": 3, "B4": 0}, "side_index": 3}