{"image": "DAMIMAS_A21B_0104_1.jpg", "detector": "y26n_vanilla_local", "detections": [{"box_index": 0, "class_id": 0, "class_name": "B1", "bbox_yolo": [0.48719367384910583, 0.5495786070823669, 0.1349702924489975, 0.08278041332960129], "conf": 0.8095587491989136}, {"box_index": 1, "class_id": 0, "class_name": "B1", "bbox_yolo": [0.6887319087982178, 0.52876216173172, 0.09233900904655457, 0.09329452365636826], "conf": 0.7452265620231628}, {"box_index": 2, "class_id": 2, "class_name": "B3", "bbox_yolo": [0.4318009912967682, 0.48705917596817017, 0.09696830809116364, 0.07347889244556427], "conf": 0.4157419502735138}], "count_per_class": {"B1": 2, "B2": 0, "B3": 1, "B4": 0}, "side_index": 0}