{"image": "DAMIMAS_A21B_0735_1.jpg", "detector": "y26n_vanilla_local", "detections": [{"box_index": 0, "class_id": 2, "class_name": "B3", "bbox_yolo": [0.484058678150177, 0.13905882835388184, 0.15106119215488434, 0.10952013731002808], "conf": 0.5772177577018738}, {"box_index": 1, "class_id": 2, "class_name": "B3", "bbox_yolo": [0.27321794629096985, 0.19992545247077942, 0.1294388324022293, 0.10183224827051163], "conf": 0.37842857837677}, {"box_index": 2, "class_id": 2, "class_name": "B3", "bbox_yolo": [0.6676083207130432, 0.1230158805847168, 0.17850355803966522, 0.11558669060468674], "conf": 0.37595677375793457}], "count_per_class": {"B1": 0, "B2": 0, "B3": 3, "B4": 0}, "side_index": 0}