{"image": "DAMIMAS_A21B_0136_3.jpg", "detector": "y26n_vanilla_local", "detections": [{"box_index": 0, "class_id": 2, "class_name": "B3", "bbox_yolo": [0.5359203815460205, 0.4921591877937317, 0.10798438638448715, 0.09045610576868057], "conf": 0.7142167091369629}, {"box_index": 1, "class_id": 2, "class_name": "B3", "bbox_yolo": [0.3391108512878418, 0.46470099687576294, 0.09243914484977722, 0.07832236588001251], "conf": 0.5447066426277161}, {"box_index": 2, "class_id": 2, "class_name": "B3", "bbox_yolo": [0.4104660153388977, 0.5125981569290161, 0.10197484493255615, 0.07999882847070694], "conf": 0.534145176410675}, {"box_index": 3, "class_id": 3, "class_name": "B4", "bbox_yolo": [0.5546571612358093, 0.41689378023147583, 0.08735284954309464, 0.06531377136707306], "conf": 0.2795258164405823}], "count_per_class": {"B1": 0, "B2": 0, "B3": 3, "B4": 1}, "side_index": 2}