{"image": "DAMIMAS_A21B_0331_3.jpg", "detector": "y26n_vanilla_local", "detections": [{"box_index": 0, "class_id": 2, "class_name": "B3", "bbox_yolo": [0.3293789029121399, 0.4382495582103729, 0.11493762582540512, 0.09637003391981125], "conf": 0.6202142238616943}, {"box_index": 1, "class_id": 2, "class_name": "B3", "bbox_yolo": [0.5993911027908325, 0.41505786776542664, 0.13380193710327148, 0.1026526466012001], "conf": 0.5163744688034058}], "count_per_class": {"B1": 0, "B2": 0, "B3": 2, "B4": 0}, "side_index": 2}