{"image": "DAMIMAS_A21B_0539_3.jpg", "detector": "y26n_vanilla_local", "detections": [{"box_index": 0, "class_id": 2, "class_name": "B3", "bbox_yolo": [0.44187960028648376, 0.4655284881591797, 0.12619489431381226, 0.08014793694019318], "conf": 0.3978419005870819}, {"box_index": 1, "class_id": 3, "class_name": "B4", "bbox_yolo": [0.48521745204925537, 0.3823024034500122, 0.0964764952659607, 0.07426057010889053], "conf": 0.3895018696784973}, {"box_index": 2, "class_id": 0, "class_name": "B1", "bbox_yolo": [0.5725528597831726, 0.5036012530326843, 0.09801429510116577, 0.0763770118355751], "conf": 0.27234089374542236}, {"box_index": 3, "class_id": 1, "class_name": "B2", "bbox_yolo": [0.315091073513031, 0.50625079870224, 0.11597271263599396, 0.07201814651489258], "conf": 0.2581872344017029}], "count_per_class": {"B1": 1, "B2": 1, "B3": 1, "B4": 1}, "side_index": 2}