{"image": "DAMIMAS_A21B_0333_2.jpg", "detector": "y26n_vanilla_local", "detections": [{"box_index": 0, "class_id": 2, "class_name": "B3", "bbox_yolo": [0.3940522372722626, 0.5003675818443298, 0.1509733349084854, 0.11696257442235947], "conf": 0.5732080340385437}, {"box_index": 1, "class_id": 2, "class_name": "B3", "bbox_yolo": [0.3934909403324127, 0.4992472231388092, 0.14033976197242737, 0.11470270156860352], "conf": 0.5714923143386841}, {"box_index": 2, "class_id": 2, "class_name": "B3", "bbox_yolo": [0.6519945859909058, 0.4913085103034973, 0.11982905864715576, 0.09381403774023056], "conf": 0.4688073396682739}], "count_per_class": {"B1": 0, "B2": 0, "B3": 3, "B4": 0}, "side_index": 1}