{"image": "DAMIMAS_A21B_0135_2.jpg", "detector": "y26n_vanilla_local", "detections": [{"box_index": 0, "class_id": 1, "class_name": "B2", "bbox_yolo": [0.6014919877052307, 0.4896337687969208, 0.10347640514373779, 0.07352538406848907], "conf": 0.6303285956382751}, {"box_index": 1, "class_id": 2, "class_name": "B3", "bbox_yolo": [0.4893929660320282, 0.45498043298721313, 0.08511035144329071, 0.06957655400037766], "conf": 0.5107957124710083}, {"box_index": 2, "class_id": 0, "class_name": "B1", "bbox_yolo": [0.36499258875846863, 0.5053569674491882, 0.0784933790564537, 0.06707315891981125], "conf": 0.30211934447288513}], "count_per_class": {"B1": 1, "B2": 1, "B3": 1, "B4": 0}, "side_index": 1}