{"image": "DAMIMAS_A21B_0219_1.jpg", "detector": "y26n_vanilla_local", "detections": [{"box_index": 0, "class_id": 0, "class_name": "B1", "bbox_yolo": [0.42937344312667847, 0.37594395875930786, 0.15940670669078827, 0.10958268493413925], "conf": 0.5500278472900391}, {"box_index": 1, "class_id": 3, "class_name": "B4", "bbox_yolo": [0.6145122647285461, 0.2861277163028717, 0.12886130809783936, 0.08832418918609619], "conf": 0.4305537939071655}, {"box_index": 2, "class_id": 2, "class_name": "B3", "bbox_yolo": [0.4134047329425812, 0.2905197739601135, 0.1175169050693512, 0.0767282247543335], "conf": 0.3674532473087311}, {"box_index": 3, "class_id": 3, "class_name": "B4", "bbox_yolo": [0.4134047329425812, 0.2905197739601135, 0.1175169050693512, 0.0767282247543335], "conf": 0.2745847702026367}], "count_per_class": {"B1": 1, "B2": 0, "B3": 1, "B4": 2}, "side_index": 0}