{"image": "DAMIMAS_A21B_0843_1.jpg", "detector": "y26n_vanilla_local", "detections": [{"box_index": 0, "class_id": 2, "class_name": "B3", "bbox_yolo": [0.5283860564231873, 0.43474942445755005, 0.10596492141485214, 0.08092308044433594], "conf": 0.532473087310791}, {"box_index": 1, "class_id": 2, "class_name": "B3", "bbox_yolo": [0.3529139459133148, 0.4092504680156708, 0.05720313638448715, 0.04018759727478027], "conf": 0.4369824230670929}, {"box_index": 2, "class_id": 1, "class_name": "B2", "bbox_yolo": [0.3296855390071869, 0.4754405915737152, 0.09298191219568253, 0.07615847885608673], "conf": 0.3604126572608948}], "count_per_class": {"B1": 0, "B2": 1, "B3": 2, "B4": 0}, "side_index": 0}