{"image": "DAMIMAS_A21B_0219_4.jpg", "detector": "y26n_vanilla_local", "detections": [{"box_index": 0, "class_id": 2, "class_name": "B3", "bbox_yolo": [0.3670428991317749, 0.35119369626045227, 0.17949238419532776, 0.13128124177455902], "conf": 0.5251641869544983}, {"box_index": 1, "class_id": 2, "class_name": "B3", "bbox_yolo": [0.6426932215690613, 0.33422592282295227, 0.12648461759090424, 0.09694800525903702], "conf": 0.5184803605079651}, {"box_index": 2, "class_id": 3, "class_name": "B4", "bbox_yolo": [0.3410731256008148, 0.2458370178937912, 0.137416809797287, 0.0874909907579422], "conf": 0.4961092472076416}, {"box_index": 3, "class_id": 2, "class_name": "B3", "bbox_yolo": [0.5120251178741455, 0.29553285241127014, 0.1319393813610077, 0.11259748786687851], "conf": 0.30332809686660767}], "count_per_class": {"B1": 0, "B2": 0, "B3": 3, "B4": 1}, "side_index": 3}