{"image": "DAMIMAS_A21B_0016_3.jpg", "detector": "y26n_vanilla_local", "detections": [{"box_index": 0, "class_id": 2, "class_name": "B3", "bbox_yolo": [0.5128066539764404, 0.5674559473991394, 0.08780530840158463, 0.07231102138757706], "conf": 0.2876814305782318}], "count_per_class": {"B1": 0, "B2": 0, "B3": 1, "B4": 0}, "side_index": 2}