{"image": "DAMIMAS_A21B_0096_1.jpg", "detector": "y26n_vanilla_local", "detections": [{"box_index": 0, "class_id": 2, "class_name": "B3", "bbox_yolo": [0.3643265664577484, 0.4774618148803711, 0.10380856692790985, 0.08008833229541779], "conf": 0.4816398620605469}, {"box_index": 1, "class_id": 2, "class_name": "B3", "bbox_yolo": [0.5144034624099731, 0.45548301935195923, 0.10281772911548615, 0.08307981491088867], "conf": 0.36010393500328064}], "count_per_class": {"B1": 0, "B2": 0, "B3": 2, "B4": 0}, "side_index": 0}