{"image": "DAMIMAS_A21B_0366_1.jpg", "detector": "y26n_vanilla_local", "detections": [{"box_index": 0, "class_id": 2, "class_name": "B3", "bbox_yolo": [0.532113254070282, 0.38786712288856506, 0.10842680186033249, 0.08695890754461288], "conf": 0.5094025135040283}, {"box_index": 1, "class_id": 3, "class_name": "B4", "bbox_yolo": [0.5828288197517395, 0.3170676827430725, 0.08899587392807007, 0.06804399937391281], "conf": 0.3326043486595154}], "count_per_class": {"B1": 0, "B2": 0, "B3": 1, "B4": 1}, "side_index": 0}