{"image": "DAMIMAS_A21B_0539_4.jpg", "detector": "y26n_vanilla_local", "detections": [{"box_index": 0, "class_id": 2, "class_name": "B3", "bbox_yolo": [0.47349420189857483, 0.41493988037109375, 0.12059587240219116, 0.07757892459630966], "conf": 0.3005999028682709}, {"box_index": 1, "class_id": 1, "class_name": "B2", "bbox_yolo": [0.40375158190727234, 0.46155938506126404, 0.11856015771627426, 0.08341512829065323], "conf": 0.2955949604511261}], "count_per_class": {"B1": 0, "B2": 1, "B3": 1, "B4": 0}, "side_index": 3}