{"image": "DAMIMAS_A21B_0784_1.jpg", "detector": "y26n_vanilla_local", "detections": [{"box_index": 0, "class_id": 1, "class_name": "B2", "bbox_yolo": [0.6699125170707703, 0.30942362546920776, 0.12594535946846008, 0.09415264427661896], "conf": 0.5964217782020569}, {"box_index": 1, "class_id": 2, "class_name": "B3", "bbox_yolo": [0.6763540506362915, 0.201645165681839, 0.12112109363079071, 0.11533550173044205], "conf": 0.5719252824783325}, {"box_index": 2, "class_id": 1, "class_name": "B2", "bbox_yolo": [0.48156267404556274, 0.18521654605865479, 0.14372210204601288, 0.11853180080652237], "conf": 0.3569978177547455}], "count_per_class": {"B1": 0, "B2": 2, "B3": 1, "B4": 0}, "side_index": 0}