{"image": "DAMIMAS_A21B_0013_4.jpg", "detector": "y26n_vanilla_local", "detections": [{"box_index": 0, "class_id": 2, "class_name": "B3", "bbox_yolo": [0.5200728178024292, 0.5114562511444092, 0.08532705903053284, 0.07271242141723633], "conf": 0.7553024291992188}, {"box_index": 1, "class_id": 3, "class_name": "B4", "bbox_yolo": [0.5339742302894592, 0.457611620426178, 0.05383571237325668, 0.0372188575565815], "conf": 0.29222068190574646}, {"box_index": 2, "class_id": 2, "class_name": "B3", "bbox_yolo": [0.41923850774765015, 0.4819033741950989, 0.05230862647294998, 0.0439457893371582], "conf": 0.2868190109729767}], "count_per_class": {"B1": 0, "B2": 0, "B3": 2, "B4": 1}, "side_index": 3}