{"image": "DAMIMAS_A21B_0270_3.jpg", "detector": "y26n_vanilla_local", "detections": [{"box_index": 0, "class_id": 0, "class_name": "B1", "bbox_yolo": [0.41044414043426514, 0.4719698131084442, 0.19358699023723602, 0.15955033898353577], "conf": 0.6965633630752563}, {"box_index": 1, "class_id": 2, "class_name": "B3", "bbox_yolo": [0.3017342984676361, 0.4214180111885071, 0.06341127306222916, 0.05879876762628555], "conf": 0.5085252523422241}, {"box_index": 2, "class_id": 2, "class_name": "B3", "bbox_yolo": [0.5873671770095825, 0.46980807185173035, 0.1363638937473297, 0.1212853416800499], "conf": 0.3306514322757721}], "count_per_class": {"B1": 1, "B2": 0, "B3": 2, "B4": 0}, "side_index": 2}