{"image": "DAMIMAS_A21B_0366_4.jpg", "detector": "y26n_vanilla_local", "detections": [{"box_index": 0, "class_id": 2, "class_name": "B3", "bbox_yolo": [0.5624550580978394, 0.4669768512248993, 0.11540887504816055, 0.09170036762952805], "conf": 0.448319673538208}, {"box_index": 1, "class_id": 2, "class_name": "B3", "bbox_yolo": [0.6683504581451416, 0.4345319867134094, 0.08690579980611801, 0.07387876510620117], "conf": 0.4298672378063202}, {"box_index": 2, "class_id": 2, "class_name": "B3", "bbox_yolo": [0.4672448933124542, 0.4275767505168915, 0.0991423949599266, 0.07530033588409424], "conf": 0.3258306384086609}, {"box_index": 3, "class_id": 2, "class_name": "B3", "bbox_yolo": [0.67183917760849, 0.43376651406288147, 0.07057851552963257, 0.06108427047729492], "conf": 0.32185274362564087}], "count_per_class": {"B1": 0, "B2": 0, "B3": 4, "B4": 0}, "side_index": 3}