{"image": "DAMIMAS_A21B_0297_3.jpg", "detector": "y26n_vanilla_local", "detections": [{"box_index": 0, "class_id": 2, "class_name": "B3", "bbox_yolo": [0.5681865811347961, 0.3635251224040985, 0.1154266744852066, 0.13056106865406036], "conf": 0.7476410865783691}, {"box_index": 1, "class_id": 2, "class_name": "B3", "bbox_yolo": [0.36162522435188293, 0.41623377799987793, 0.17334499955177307, 0.13726270198822021], "conf": 0.7183592915534973}, {"box_index": 2, "class_id": 2, "class_name": "B3", "bbox_yolo": [0.7162278294563293, 0.4415009617805481, 0.11281179636716843, 0.11701464653015137], "conf": 0.4727992117404938}, {"box_index": 3, "class_id": 3, "class_name": "B4", "bbox_yolo": [0.3878762722015381, 0.3218155801296234, 0.10364942997694016, 0.06643950939178467], "conf": 0.299854576587677}], "count_per_class": {"B1": 0, "B2": 0, "B3": 3, "B4": 1}, "side_index": 2}