{"image": "DAMIMAS_A21B_0437_1.jpg", "detector": "y26n_vanilla_local", "detections": [{"box_index": 0, "class_id": 0, "class_name": "B1", "bbox_yolo": [0.4160841107368469, 0.4955768585205078, 0.09754130244255066, 0.07744383811950684], "conf": 0.5255001783370972}, {"box_index": 1, "class_id": 2, "class_name": "B3", "bbox_yolo": [0.5019027590751648, 0.4687955975532532, 0.0917259231209755, 0.0741695910692215], "conf": 0.4109843373298645}, {"box_index": 2, "class_id": 3, "class_name": "B4", "bbox_yolo": [0.4784230887889862, 0.41400501132011414, 0.07906659692525864, 0.05373215675354004], "conf": 0.2588672935962677}, {"box_index": 3, "class_id": 2, "class_name": "B3", "bbox_yolo": [0.6364051699638367, 0.43557119369506836, 0.04238942638039589, 0.029784871265292168], "conf": 0.2565155029296875}], "count_per_class": {"B1": 1, "B2": 0, "B3": 2, "B4": 1}, "side_index": 0}