{"image": "DAMIMAS_A21B_0215_2.jpg", "detector": "y26n_vanilla_local", "detections": [{"box_index": 0, "class_id": 0, "class_name": "B1", "bbox_yolo": [0.667883574962616, 0.4641084372997284, 0.12212556600570679, 0.10771989822387695], "conf": 0.6992724537849426}, {"box_index": 1, "class_id": 2, "class_name": "B3", "bbox_yolo": [0.39455899596214294, 0.40947777032852173, 0.11319415271282196, 0.09759073704481125], "conf": 0.4641091823577881}, {"box_index": 2, "class_id": 2, "class_name": "B3", "bbox_yolo": [0.6163045167922974, 0.3886452317237854, 0.09610100090503693, 0.07183561474084854], "conf": 0.2950568199157715}], "count_per_class": {"B1": 1, "B2": 0, "B3": 2, "B4": 0}, "side_index": 1}