{"image": "DAMIMAS_A21B_0833_2.jpg", "detector": "y26n_vanilla_local", "detections": [{"box_index": 0, "class_id": 0, "class_name": "B1", "bbox_yolo": [0.31820160150527954, 0.43952223658561707, 0.16485965251922607, 0.14245979487895966], "conf": 0.8586806058883667}, {"box_index": 1, "class_id": 1, "class_name": "B2", "bbox_yolo": [0.6617506146430969, 0.4165664613246918, 0.13865192234516144, 0.12562771141529083], "conf": 0.5843150615692139}, {"box_index": 2, "class_id": 2, "class_name": "B3", "bbox_yolo": [0.45162323117256165, 0.3928573727607727, 0.1478632688522339, 0.12307708710432053], "conf": 0.4409831762313843}], "count_per_class": {"B1": 1, "B2": 1, "B3": 1, "B4": 0}, "side_index": 1}