{"image": "DAMIMAS_A21B_0202_2.jpg", "detector": "y26n_vanilla_local", "detections": [{"box_index": 0, "class_id": 0, "class_name": "B1", "bbox_yolo": [0.43055465817451477, 0.42035111784935, 0.09932760149240494, 0.07039912045001984], "conf": 0.400271475315094}, {"box_index": 1, "class_id": 2, "class_name": "B3", "bbox_yolo": [0.6728134155273438, 0.41615724563598633, 0.06144574657082558, 0.04988918453454971], "conf": 0.27786770462989807}, {"box_index": 2, "class_id": 0, "class_name": "B1", "bbox_yolo": [0.42525410652160645, 0.4138669967651367, 0.08034191280603409, 0.05348267778754234], "conf": 0.2503006160259247}], "count_per_class": {"B1": 2, "B2": 0, "B3": 1, "B4": 0}, "side_index": 1}