{"image": "DAMIMAS_A21B_0214_2.jpg", "detector": "y26n_vanilla_local", "detections": [{"box_index": 0, "class_id": 0, "class_name": "B1", "bbox_yolo": [0.5936700105667114, 0.5084768533706665, 0.1840919852256775, 0.12285318225622177], "conf": 0.7120955586433411}, {"box_index": 1, "class_id": 2, "class_name": "B3", "bbox_yolo": [0.3916342556476593, 0.46862030029296875, 0.14658166468143463, 0.09876403957605362], "conf": 0.6401050686836243}, {"box_index": 2, "class_id": 2, "class_name": "B3", "bbox_yolo": [0.24903982877731323, 0.4600430130958557, 0.11083114147186279, 0.0966864600777626], "conf": 0.27289727330207825}], "count_per_class": {"B1": 1, "B2": 0, "B3": 2, "B4": 0}, "side_index": 1}