{"image": "DAMIMAS_A21B_0814_5.jpg", "detector": "y26n_vanilla_local", "detections": [{"box_index": 0, "class_id": 2, "class_name": "B3", "bbox_yolo": [0.7170223593711853, 0.43445369601249695, 0.13607172667980194, 0.12199761718511581], "conf": 0.6883014440536499}, {"box_index": 1, "class_id": 2, "class_name": "B3", "bbox_yolo": [0.4028511345386505, 0.41814252734184265, 0.1431553214788437, 0.11054880917072296], "conf": 0.3787805140018463}, {"box_index": 2, "class_id": 2, "class_name": "B3", "bbox_yolo": [0.4082188606262207, 0.4337312877178192, 0.16075871884822845, 0.14037156105041504], "conf": 0.28092247247695923}], "count_per_class": {"B1": 0, "B2": 0, "B3": 3, "B4": 0}, "side_index": 4}