{"image": "DAMIMAS_A21B_0845_6.jpg", "detector": "y26n_vanilla_local", "detections": [{"box_index": 0, "class_id": 2, "class_name": "B3", "bbox_yolo": [0.3216484487056732, 0.322465717792511, 0.13219749927520752, 0.1219315305352211], "conf": 0.6563282012939453}, {"box_index": 1, "class_id": 1, "class_name": "B2", "bbox_yolo": [0.7181862592697144, 0.3030317723751068, 0.10519867390394211, 0.09025631099939346], "conf": 0.4334504306316376}, {"box_index": 2, "class_id": 2, "class_name": "B3", "bbox_yolo": [0.5772783160209656, 0.2722947895526886, 0.15009893476963043, 0.11774640530347824], "conf": 0.38057297468185425}, {"box_index": 3, "class_id": 3, "class_name": "B4", "bbox_yolo": [0.40041816234588623, 0.22547125816345215, 0.12214890122413635, 0.08972914516925812], "conf": 0.2888389527797699}], "count_per_class": {"B1": 0, "B2": 1, "B3": 2, "B4": 1}, "side_index": 5}