{"image": "DAMIMAS_A21B_0279_1.jpg", "detector": "y26n_vanilla_local", "detections": [{"box_index": 0, "class_id": 2, "class_name": "B3", "bbox_yolo": [0.32338085770606995, 0.5261678695678711, 0.11039607226848602, 0.08335480839014053], "conf": 0.5484236478805542}, {"box_index": 1, "class_id": 2, "class_name": "B3", "bbox_yolo": [0.5896266102790833, 0.5106797814369202, 0.11732836067676544, 0.09303207695484161], "conf": 0.5359158515930176}, {"box_index": 2, "class_id": 2, "class_name": "B3", "bbox_yolo": [0.5033771991729736, 0.5001465678215027, 0.05928872898221016, 0.07129621505737305], "conf": 0.25680068135261536}], "count_per_class": {"B1": 0, "B2": 0, "B3": 3, "B4": 0}, "side_index": 0}