{"image": "DAMIMAS_A21B_0374_4.jpg", "detector": "y26n_vanilla_local", "detections": [{"box_index": 0, "class_id": 0, "class_name": "B1", "bbox_yolo": [0.5222939848899841, 0.36806362867355347, 0.10734657198190689, 0.09214320033788681], "conf": 0.5719618201255798}, {"box_index": 1, "class_id": 2, "class_name": "B3", "bbox_yolo": [0.6068109273910522, 0.32741960883140564, 0.08968690782785416, 0.07413003593683243], "conf": 0.352263480424881}, {"box_index": 2, "class_id": 2, "class_name": "B3", "bbox_yolo": [0.37090349197387695, 0.3581787943840027, 0.10173105448484421, 0.0715852752327919], "conf": 0.3432772159576416}], "count_per_class": {"B1": 1, "B2": 0, "B3": 2, "B4": 0}, "side_index": 3}