{"image": "DAMIMAS_A21B_0844_2.jpg", "detector": "y26n_vanilla_local", "detections": [{"box_index": 0, "class_id": 2, "class_name": "B3", "bbox_yolo": [0.6775475144386292, 0.15384219586849213, 0.19286011159420013, 0.13987022638320923], "conf": 0.7958216667175293}, {"box_index": 1, "class_id": 2, "class_name": "B3", "bbox_yolo": [0.2853204905986786, 0.11179657280445099, 0.12288205325603485, 0.1038321852684021], "conf": 0.5930282473564148}, {"box_index": 2, "class_id": 2, "class_name": "B3", "bbox_yolo": [0.2697581350803375, 0.23726153373718262, 0.1394762098789215, 0.12813711166381836], "conf": 0.3612290918827057}, {"box_index": 3, "class_id": 1, "class_name": "B2", "bbox_yolo": [0.4117007255554199, 0.15950821340084076, 0.16684558987617493, 0.12269093096256256], "conf": 0.2587355673313141}], "count_per_class": {"B1": 0, "B2": 1, "B3": 3, "B4": 0}, "side_index": 1}