{"image": "DAMIMAS_A21B_0844_7.jpg", "detector": "y26n_vanilla_local", "detections": [{"box_index": 0, "class_id": 0, "class_name": "B1", "bbox_yolo": [0.7052611112594604, 0.38931626081466675, 0.1539752334356308, 0.13216224312782288], "conf": 0.7599017024040222}, {"box_index": 1, "class_id": 2, "class_name": "B3", "bbox_yolo": [0.5624932646751404, 0.33241692185401917, 0.17177283763885498, 0.14428670704364777], "conf": 0.7325488328933716}, {"box_index": 2, "class_id": 3, "class_name": "B4", "bbox_yolo": [0.5662543177604675, 0.23114585876464844, 0.11276423931121826, 0.07417888939380646], "conf": 0.43661394715309143}, {"box_index": 3, "class_id": 2, "class_name": "B3", "bbox_yolo": [0.27251631021499634, 0.30174490809440613, 0.09902827441692352, 0.08314874023199081], "conf": 0.38385331630706787}], "count_per_class": {"B1": 1, "B2": 0, "B3": 2, "B4": 1}, "side_index": 6}