{"image": "DAMIMAS_A21B_0025_2.jpg", "detector": "y26n_vanilla_local", "detections": [{"box_index": 0, "class_id": 0, "class_name": "B1", "bbox_yolo": [0.4485718011856079, 0.59513920545578, 0.12585563957691193, 0.10482396930456161], "conf": 0.684448778629303}, {"box_index": 1, "class_id": 2, "class_name": "B3", "bbox_yolo": [0.6206424832344055, 0.5647602081298828, 0.08431269973516464, 0.07484269142150879], "conf": 0.5281939506530762}], "count_per_class": {"B1": 1, "B2": 0, "B3": 1, "B4": 0}, "side_index": 1}