{"image": "DAMIMAS_A21B_0772_4.jpg", "detector": "y26n_vanilla_local", "detections": [{"box_index": 0, "class_id": 2, "class_name": "B3", "bbox_yolo": [0.2869085967540741, 0.336124986410141, 0.12768809497356415, 0.08897421509027481], "conf": 0.654071033000946}, {"box_index": 1, "class_id": 0, "class_name": "B1", "bbox_yolo": [0.5608510375022888, 0.3513409197330475, 0.20122039318084717, 0.14390890300273895], "conf": 0.3826020061969757}, {"box_index": 2, "class_id": 1, "class_name": "B2", "bbox_yolo": [0.5608510375022888, 0.3513409197330475, 0.20122039318084717, 0.14390890300273895], "conf": 0.2627033591270447}], "count_per_class": {"B1": 1, "B2": 1, "B3": 1, "B4": 0}, "side_index": 3}