{"image": "DAMIMAS_A21B_0102_1.jpg", "detector": "y26n_vanilla_local", "detections": [{"box_index": 0, "class_id": 2, "class_name": "B3", "bbox_yolo": [0.514022171497345, 0.5776738524436951, 0.11072245240211487, 0.09236264228820801], "conf": 0.7884823679924011}, {"box_index": 1, "class_id": 2, "class_name": "B3", "bbox_yolo": [0.6255554556846619, 0.5439159274101257, 0.09260120987892151, 0.0742943286895752], "conf": 0.5437859296798706}, {"box_index": 2, "class_id": 2, "class_name": "B3", "bbox_yolo": [0.6804409623146057, 0.586401104927063, 0.08649438619613647, 0.08063220977783203], "conf": 0.4845049977302551}, {"box_index": 3, "class_id": 2, "class_name": "B3", "bbox_yolo": [0.3863421380519867, 0.6116325855255127, 0.12997503578662872, 0.10394515842199326], "conf": 0.422158420085907}], "count_per_class": {"B1": 0, "B2": 0, "B3": 4, "B4": 0}, "side_index": 0}