{"image": "DAMIMAS_A21B_0159_1.jpg", "detector": "y26n_vanilla_local", "detections": [{"box_index": 0, "class_id": 0, "class_name": "B1", "bbox_yolo": [0.42810818552970886, 0.46231672167778015, 0.11749077588319778, 0.098724365234375], "conf": 0.564347505569458}, {"box_index": 1, "class_id": 2, "class_name": "B3", "bbox_yolo": [0.5413240194320679, 0.4108031392097473, 0.08862082660198212, 0.07728476822376251], "conf": 0.44465944170951843}, {"box_index": 2, "class_id": 2, "class_name": "B3", "bbox_yolo": [0.6310000419616699, 0.44043731689453125, 0.0868309736251831, 0.0814429298043251], "conf": 0.3513348698616028}, {"box_index": 3, "class_id": 3, "class_name": "B4", "bbox_yolo": [0.4030454754829407, 0.388481467962265, 0.09058994054794312, 0.06402721256017685], "conf": 0.26732754707336426}], "count_per_class": {"B1": 1, "B2": 0, "B3": 2, "B4": 1}, "side_index": 0}