{"image": "DAMIMAS_A21B_0563_1.jpg", "detector": "y26n_vanilla_local", "detections": [{"box_index": 0, "class_id": 0, "class_name": "B1", "bbox_yolo": [0.368805468082428, 0.24884533882141113, 0.13263384997844696, 0.12004595249891281], "conf": 0.728230893611908}, {"box_index": 1, "class_id": 2, "class_name": "B3", "bbox_yolo": [0.47862839698791504, 0.19701635837554932, 0.09714838862419128, 0.10091232508420944], "conf": 0.6761788129806519}, {"box_index": 2, "class_id": 1, "class_name": "B2", "bbox_yolo": [0.5880866050720215, 0.24105969071388245, 0.13166199624538422, 0.12108522653579712], "conf": 0.5021511316299438}, {"box_index": 3, "class_id": 0, "class_name": "B1", "bbox_yolo": [0.5880866050720215, 0.24105969071388245, 0.13166199624538422, 0.12108522653579712], "conf": 0.3856489360332489}], "count_per_class": {"B1": 2, "B2": 1, "B3": 1, "B4": 0}, "side_index": 0}