{"image": "DAMIMAS_A21B_0400_4.jpg", "detector": "y26n_vanilla_local", "detections": [{"box_index": 0, "class_id": 2, "class_name": "B3", "bbox_yolo": [0.5339901447296143, 0.3628673255443573, 0.10534782707691193, 0.09123551845550537], "conf": 0.4490906000137329}, {"box_index": 1, "class_id": 2, "class_name": "B3", "bbox_yolo": [0.704218864440918, 0.37866756319999695, 0.09889622032642365, 0.07888688892126083], "conf": 0.40378013253211975}, {"box_index": 2, "class_id": 3, "class_name": "B4", "bbox_yolo": [0.6518833041191101, 0.33154115080833435, 0.10364062339067459, 0.07769959419965744], "conf": 0.3509725034236908}, {"box_index": 3, "class_id": 2, "class_name": "B3", "bbox_yolo": [0.40932807326316833, 0.39096006751060486, 0.11713498830795288, 0.08899950981140137], "conf": 0.25896501541137695}], "count_per_class": {"B1": 0, "B2": 0, "B3": 3, "B4": 1}, "side_index": 3}