{"image": "DAMIMAS_A21B_0722_4.jpg", "detector": "y26n_vanilla_local", "detections": [{"box_index": 0, "class_id": 1, "class_name": "B2", "bbox_yolo": [0.18626531958580017, 0.39218297600746155, 0.2357717603445053, 0.18709352612495422], "conf": 0.5993641018867493}, {"box_index": 1, "class_id": 2, "class_name": "B3", "bbox_yolo": [0.6685227155685425, 0.36294305324554443, 0.18653248250484467, 0.12664131820201874], "conf": 0.5324125289916992}, {"box_index": 2, "class_id": 0, "class_name": "B1", "bbox_yolo": [0.8162221908569336, 0.4361896216869354, 0.12571577727794647, 0.08069580048322678], "conf": 0.3609565794467926}, {"box_index": 3, "class_id": 3, "class_name": "B4", "bbox_yolo": [0.5721866488456726, 0.21996112167835236, 0.17896081507205963, 0.13639166951179504], "conf": 0.3596429228782654}], "count_per_class": {"B1": 1, "B2": 1, "B3": 1, "B4": 1}, "side_index": 3}