{"image": "DAMIMAS_A21B_0197_4.jpg", "detector": "y26n_vanilla_local", "detections": [{"box_index": 0, "class_id": 2, "class_name": "B3", "bbox_yolo": [0.5464448928833008, 0.44360628724098206, 0.10901756584644318, 0.09308524429798126], "conf": 0.6992285847663879}, {"box_index": 1, "class_id": 2, "class_name": "B3", "bbox_yolo": [0.34090444445610046, 0.510818600654602, 0.10729507356882095, 0.08415980637073517], "conf": 0.27146995067596436}], "count_per_class": {"B1": 0, "B2": 0, "B3": 2, "B4": 0}, "side_index": 3}