{"image": "DAMIMAS_A21B_0806_2.jpg", "detector": "y26n_vanilla_local", "detections": [{"box_index": 0, "class_id": 2, "class_name": "B3", "bbox_yolo": [0.4497978985309601, 0.2608751952648163, 0.16605088114738464, 0.17999649047851562], "conf": 0.7540808320045471}, {"box_index": 1, "class_id": 2, "class_name": "B3", "bbox_yolo": [0.7618585228919983, 0.3117597699165344, 0.1363435834646225, 0.14146922528743744], "conf": 0.6544787287712097}, {"box_index": 2, "class_id": 2, "class_name": "B3", "bbox_yolo": [0.2827761769294739, 0.31512317061424255, 0.1405167281627655, 0.12524500489234924], "conf": 0.6454211473464966}, {"box_index": 3, "class_id": 3, "class_name": "B4", "bbox_yolo": [0.6751158833503723, 0.2027336210012436, 0.14598694443702698, 0.10719269514083862], "conf": 0.3647801876068115}], "count_per_class": {"B1": 0, "B2": 0, "B3": 3, "B4": 1}, "side_index": 1}