{"image": "DAMIMAS_A21B_0426_1.jpg", "detector": "y26n_vanilla_local", "detections": [{"box_index": 0, "class_id": 2, "class_name": "B3", "bbox_yolo": [0.5812183618545532, 0.43826746940612793, 0.15310662984848022, 0.10685646533966064], "conf": 0.5784592032432556}], "count_per_class": {"B1": 0, "B2": 0, "B3": 1, "B4": 0}, "side_index": 0}