{"image": "DAMIMAS_A21B_0811_6.jpg", "detector": "y26n_vanilla_local", "detections": [{"box_index": 0, "class_id": 2, "class_name": "B3", "bbox_yolo": [0.41333797574043274, 0.3863827884197235, 0.12118775397539139, 0.09434886276721954], "conf": 0.6420769095420837}, {"box_index": 1, "class_id": 2, "class_name": "B3", "bbox_yolo": [0.5446667075157166, 0.34242743253707886, 0.10921379923820496, 0.09314431995153427], "conf": 0.32835450768470764}], "count_per_class": {"B1": 0, "B2": 0, "B3": 2, "B4": 0}, "side_index": 5}