{"image": "DAMIMAS_A21B_0226_1.jpg", "detector": "y26n_vanilla_local", "detections": [{"box_index": 0, "class_id": 2, "class_name": "B3", "bbox_yolo": [0.5346238613128662, 0.3624277710914612, 0.1325693130493164, 0.10021650791168213], "conf": 0.6583196520805359}, {"box_index": 1, "class_id": 2, "class_name": "B3", "bbox_yolo": [0.4099549949169159, 0.3848460614681244, 0.10002337396144867, 0.08899202197790146], "conf": 0.6180025339126587}], "count_per_class": {"B1": 0, "B2": 0, "B3": 2, "B4": 0}, "side_index": 0}