{"image": "DAMIMAS_A21B_0426_3.jpg", "detector": "y26n_vanilla_local", "detections": [{"box_index": 0, "class_id": 2, "class_name": "B3", "bbox_yolo": [0.40805548429489136, 0.412081241607666, 0.15111465752124786, 0.10182726383209229], "conf": 0.7324843406677246}, {"box_index": 1, "class_id": 2, "class_name": "B3", "bbox_yolo": [0.29271748661994934, 0.4417223632335663, 0.0797974169254303, 0.05797939375042915], "conf": 0.3603736162185669}, {"box_index": 2, "class_id": 2, "class_name": "B3", "bbox_yolo": [0.6772846579551697, 0.37865757942199707, 0.14074358344078064, 0.07646484673023224], "conf": 0.276872843503952}], "count_per_class": {"B1": 0, "B2": 0, "B3": 3, "B4": 0}, "side_index": 2}