{"image": "DAMIMAS_A21B_0130_3.jpg", "detector": "y26n_vanilla_local", "detections": [{"box_index": 0, "class_id": 1, "class_name": "B2", "bbox_yolo": [0.5361454486846924, 0.4866829812526703, 0.11041320860385895, 0.09837537258863449], "conf": 0.7824224829673767}, {"box_index": 1, "class_id": 2, "class_name": "B3", "bbox_yolo": [0.4454956650733948, 0.4605883061885834, 0.09624703973531723, 0.0810016617178917], "conf": 0.6440044641494751}, {"box_index": 2, "class_id": 2, "class_name": "B3", "bbox_yolo": [0.36465513706207275, 0.502568244934082, 0.08802398294210434, 0.08612747490406036], "conf": 0.38374143838882446}], "count_per_class": {"B1": 0, "B2": 1, "B3": 2, "B4": 0}, "side_index": 2}