{"image": "DAMIMAS_A21B_0343_3.jpg", "detector": "y26n_vanilla_local", "detections": [{"box_index": 0, "class_id": 0, "class_name": "B1", "bbox_yolo": [0.5294345021247864, 0.3357395827770233, 0.10133940726518631, 0.08724799007177353], "conf": 0.4819926619529724}, {"box_index": 1, "class_id": 2, "class_name": "B3", "bbox_yolo": [0.3268619477748871, 0.31029412150382996, 0.1107354536652565, 0.09880240261554718], "conf": 0.4476853311061859}, {"box_index": 2, "class_id": 2, "class_name": "B3", "bbox_yolo": [0.44540178775787354, 0.28660503029823303, 0.10375475138425827, 0.07197558879852295], "conf": 0.3087344169616699}, {"box_index": 3, "class_id": 2, "class_name": "B3", "bbox_yolo": [0.567905604839325, 0.2653397023677826, 0.07170820981264114, 0.048172663897275925], "conf": 0.27504661679267883}], "count_per_class": {"B1": 1, "B2": 0, "B3": 3, "B4": 0}, "side_index": 2}