{"image": "DAMIMAS_A21B_0777_2.jpg", "detector": "y26n_vanilla_local", "detections": [{"box_index": 0, "class_id": 2, "class_name": "B3", "bbox_yolo": [0.2102702111005783, 0.5805379152297974, 0.14840441942214966, 0.10238265991210938], "conf": 0.6668900847434998}, {"box_index": 1, "class_id": 2, "class_name": "B3", "bbox_yolo": [0.3167746365070343, 0.4840688705444336, 0.1298954337835312, 0.10759992897510529], "conf": 0.657633364200592}, {"box_index": 2, "class_id": 0, "class_name": "B1", "bbox_yolo": [0.6837222576141357, 0.5466936230659485, 0.17669284343719482, 0.13265757262706757], "conf": 0.43243563175201416}], "count_per_class": {"B1": 1, "B2": 0, "B3": 2, "B4": 0}, "side_index": 1}