{"image": "DAMIMAS_A21B_0284_4.jpg", "detector": "y26n_vanilla_local", "detections": [{"box_index": 0, "class_id": 2, "class_name": "B3", "bbox_yolo": [0.5060685873031616, 0.42820701003074646, 0.11503954231739044, 0.10818493366241455], "conf": 0.5502910614013672}, {"box_index": 1, "class_id": 2, "class_name": "B3", "bbox_yolo": [0.3305717706680298, 0.4022941589355469, 0.11776142567396164, 0.07520759105682373], "conf": 0.5169764161109924}, {"box_index": 2, "class_id": 1, "class_name": "B2", "bbox_yolo": [0.334972083568573, 0.5051257014274597, 0.168325275182724, 0.12456712871789932], "conf": 0.5150814652442932}], "count_per_class": {"B1": 0, "B2": 1, "B3": 2, "B4": 0}, "side_index": 3}