{"image": "DAMIMAS_A21B_0202_3.jpg", "detector": "y26n_vanilla_local", "detections": [{"box_index": 0, "class_id": 2, "class_name": "B3", "bbox_yolo": [0.42657962441444397, 0.4664561450481415, 0.06761713325977325, 0.05335965380072594], "conf": 0.3269808292388916}, {"box_index": 1, "class_id": 0, "class_name": "B1", "bbox_yolo": [0.618036687374115, 0.4876337945461273, 0.08021125942468643, 0.06739955395460129], "conf": 0.32011333107948303}, {"box_index": 2, "class_id": 0, "class_name": "B1", "bbox_yolo": [0.622668445110321, 0.4844847619533539, 0.06171799078583717, 0.05937819555401802], "conf": 0.25655776262283325}], "count_per_class": {"B1": 2, "B2": 0, "B3": 1, "B4": 0}, "side_index": 2}