{"image": "DAMIMAS_A21B_0799_4.jpg", "detector": "y26n_vanilla_local", "detections": [{"box_index": 0, "class_id": 2, "class_name": "B3", "bbox_yolo": [0.6981739401817322, 0.3616923689842224, 0.2924085855484009, 0.239810511469841], "conf": 0.6277622580528259}, {"box_index": 1, "class_id": 2, "class_name": "B3", "bbox_yolo": [0.271022766828537, 0.3306456506252289, 0.1543591320514679, 0.1199435219168663], "conf": 0.5932585597038269}], "count_per_class": {"B1": 0, "B2": 0, "B3": 2, "B4": 0}, "side_index": 3}