{"image": "DAMIMAS_A21B_0139_1.jpg", "detector": "y26n_vanilla_local", "detections": [{"box_index": 0, "class_id": 2, "class_name": "B3", "bbox_yolo": [0.40577834844589233, 0.42593804001808167, 0.11571010202169418, 0.08813710510730743], "conf": 0.5517956614494324}, {"box_index": 1, "class_id": 2, "class_name": "B3", "bbox_yolo": [0.3353727459907532, 0.47426214814186096, 0.11195781081914902, 0.08199649304151535], "conf": 0.3336041271686554}, {"box_index": 2, "class_id": 3, "class_name": "B4", "bbox_yolo": [0.633400022983551, 0.4061848819255829, 0.11797148734331131, 0.08491826057434082], "conf": 0.30412009358406067}], "count_per_class": {"B1": 0, "B2": 0, "B3": 2, "B4": 1}, "side_index": 0}