{"image": "DAMIMAS_A21B_0271_4.jpg", "detector": "y26n_vanilla_local", "detections": [{"box_index": 0, "class_id": 2, "class_name": "B3", "bbox_yolo": [0.43146592378616333, 0.35536515712738037, 0.1283390074968338, 0.09535127133131027], "conf": 0.48679086565971375}, {"box_index": 1, "class_id": 1, "class_name": "B2", "bbox_yolo": [0.60541170835495, 0.38706985116004944, 0.1110520139336586, 0.08747170120477676], "conf": 0.3969275951385498}, {"box_index": 2, "class_id": 2, "class_name": "B3", "bbox_yolo": [0.5981181263923645, 0.31279709935188293, 0.09397850185632706, 0.07202692329883575], "conf": 0.26858213543891907}], "count_per_class": {"B1": 0, "B2": 1, "B3": 2, "B4": 0}, "side_index": 3}