{"image": "DAMIMAS_A21B_0264_3.jpg", "detector": "y26n_vanilla_local", "detections": [{"box_index": 0, "class_id": 0, "class_name": "B1", "bbox_yolo": [0.6122727990150452, 0.5549564361572266, 0.11829020828008652, 0.09575682133436203], "conf": 0.880591869354248}, {"box_index": 1, "class_id": 2, "class_name": "B3", "bbox_yolo": [0.5139092206954956, 0.5159226059913635, 0.10594314336776733, 0.08326940983533859], "conf": 0.6770281195640564}, {"box_index": 2, "class_id": 2, "class_name": "B3", "bbox_yolo": [0.6233639121055603, 0.4834723472595215, 0.06920738518238068, 0.05164079740643501], "conf": 0.4702802002429962}, {"box_index": 3, "class_id": 0, "class_name": "B1", "bbox_yolo": [0.38511404395103455, 0.5464577078819275, 0.10976362973451614, 0.07381319999694824], "conf": 0.3128179609775543}], "count_per_class": {"B1": 2, "B2": 0, "B3": 2, "B4": 0}, "side_index": 2}