{"image": "DAMIMAS_A21B_0060_3.jpg", "detector": "y26n_vanilla_local", "detections": [{"box_index": 0, "class_id": 2, "class_name": "B3", "bbox_yolo": [0.4964675307273865, 0.4644532799720764, 0.11879520863294601, 0.09256849437952042], "conf": 0.661031186580658}, {"box_index": 1, "class_id": 1, "class_name": "B2", "bbox_yolo": [0.6496751308441162, 0.5111226439476013, 0.14472904801368713, 0.1125309020280838], "conf": 0.5418809652328491}, {"box_index": 2, "class_id": 2, "class_name": "B3", "bbox_yolo": [0.33825254440307617, 0.5020772218704224, 0.13551099598407745, 0.09612669795751572], "conf": 0.36968812346458435}], "count_per_class": {"B1": 0, "B2": 1, "B3": 2, "B4": 0}, "side_index": 2}