{"image": "DAMIMAS_A21B_0139_3.jpg", "detector": "y26n_vanilla_local", "detections": [{"box_index": 0, "class_id": 2, "class_name": "B3", "bbox_yolo": [0.36744019389152527, 0.4671187400817871, 0.12288516759872437, 0.08844085037708282], "conf": 0.7129522562026978}, {"box_index": 1, "class_id": 2, "class_name": "B3", "bbox_yolo": [0.6078187227249146, 0.44442304968833923, 0.09934451431035995, 0.0896080732345581], "conf": 0.4862258732318878}, {"box_index": 2, "class_id": 2, "class_name": "B3", "bbox_yolo": [0.46312862634658813, 0.4102399945259094, 0.09800822287797928, 0.07697217911481857], "conf": 0.46723154187202454}], "count_per_class": {"B1": 0, "B2": 0, "B3": 3, "B4": 0}, "side_index": 2}