{"image": "DAMIMAS_A21B_0184_2.jpg", "detector": "y26n_vanilla_local", "detections": [{"box_index": 0, "class_id": 2, "class_name": "B3", "bbox_yolo": [0.5256555676460266, 0.5025648474693298, 0.12475275248289108, 0.0971536636352539], "conf": 0.7673761248588562}, {"box_index": 1, "class_id": 2, "class_name": "B3", "bbox_yolo": [0.39399611949920654, 0.4751335084438324, 0.10634483397006989, 0.0971563383936882], "conf": 0.36122962832450867}, {"box_index": 2, "class_id": 2, "class_name": "B3", "bbox_yolo": [0.6216915845870972, 0.4927675426006317, 0.06214434653520584, 0.056688643991947174], "conf": 0.3199571371078491}, {"box_index": 3, "class_id": 2, "class_name": "B3", "bbox_yolo": [0.39348265528678894, 0.4777929484844208, 0.11284148693084717, 0.0999600887298584], "conf": 0.2814936637878418}], "count_per_class": {"B1": 0, "B2": 0, "B3": 4, "B4": 0}, "side_index": 1}