{"image": "DAMIMAS_A21B_0347_2.jpg", "detector": "y26n_vanilla_local", "detections": [{"box_index": 0, "class_id": 0, "class_name": "B1", "bbox_yolo": [0.4899679720401764, 0.3317861258983612, 0.12909044325351715, 0.11232676357030869], "conf": 0.8220899701118469}, {"box_index": 1, "class_id": 2, "class_name": "B3", "bbox_yolo": [0.34845486283302307, 0.3183616101741791, 0.13414371013641357, 0.11268561333417892], "conf": 0.6587727069854736}], "count_per_class": {"B1": 1, "B2": 0, "B3": 1, "B4": 0}, "side_index": 1}