{"image": "DAMIMAS_A21B_0278_3.jpg", "detector": "y26n_vanilla_local", "detections": [{"box_index": 0, "class_id": 0, "class_name": "B1", "bbox_yolo": [0.43360471725463867, 0.4061751365661621, 0.12683017551898956, 0.11993556469678879], "conf": 0.6512225866317749}, {"box_index": 1, "class_id": 0, "class_name": "B1", "bbox_yolo": [0.6918672323226929, 0.4540325105190277, 0.10546919703483582, 0.08254380524158478], "conf": 0.5077154636383057}, {"box_index": 2, "class_id": 2, "class_name": "B3", "bbox_yolo": [0.6706718802452087, 0.36347657442092896, 0.11682669818401337, 0.08596687763929367], "conf": 0.4721667468547821}, {"box_index": 3, "class_id": 2, "class_name": "B3", "bbox_yolo": [0.5412304997444153, 0.3816473186016083, 0.10466019809246063, 0.09472101181745529], "conf": 0.3276226222515106}], "count_per_class": {"B1": 2, "B2": 0, "B3": 2, "B4": 0}, "side_index": 2}