{"image": "DAMIMAS_A21B_0064_3.jpg", "detector": "y26n_vanilla_local", "detections": [{"box_index": 0, "class_id": 1, "class_name": "B2", "bbox_yolo": [0.47071489691734314, 0.4809989929199219, 0.12356214970350266, 0.08919911831617355], "conf": 0.519494891166687}, {"box_index": 1, "class_id": 2, "class_name": "B3", "bbox_yolo": [0.3466760218143463, 0.45521727204322815, 0.10318410396575928, 0.07739138603210449], "conf": 0.5031788945198059}, {"box_index": 2, "class_id": 2, "class_name": "B3", "bbox_yolo": [0.5900415182113647, 0.5025224685668945, 0.09734809398651123, 0.07760810852050781], "conf": 0.37605345249176025}, {"box_index": 3, "class_id": 2, "class_name": "B3", "bbox_yolo": [0.344711571931839, 0.4533415734767914, 0.08452914655208588, 0.06563454121351242], "conf": 0.29102760553359985}], "count_per_class": {"B1": 0, "B2": 1, "B3": 3, "B4": 0}, "side_index": 2}