{"image": "DAMIMAS_A21B_0160_2.jpg", "detector": "y26n_vanilla_local", "detections": [{"box_index": 0, "class_id": 2, "class_name": "B3", "bbox_yolo": [0.4599764049053192, 0.4722839295864105, 0.12094174325466156, 0.11107339709997177], "conf": 0.7151924967765808}, {"box_index": 1, "class_id": 2, "class_name": "B3", "bbox_yolo": [0.5978772640228271, 0.5185258388519287, 0.14356976747512817, 0.11411333084106445], "conf": 0.6482096314430237}, {"box_index": 2, "class_id": 2, "class_name": "B3", "bbox_yolo": [0.33751121163368225, 0.4855194091796875, 0.10504859685897827, 0.0777491107583046], "conf": 0.4425000548362732}, {"box_index": 3, "class_id": 1, "class_name": "B2", "bbox_yolo": [0.29977452754974365, 0.5250008702278137, 0.0982130765914917, 0.08168154209852219], "conf": 0.30481472611427307}], "count_per_class": {"B1": 0, "B2": 1, "B3": 3, "B4": 0}, "side_index": 1}