{"image": "DAMIMAS_A21B_0806_1.jpg", "detector": "y26n_vanilla_local", "detections": [{"box_index": 0, "class_id": 0, "class_name": "B1", "bbox_yolo": [0.8137761950492859, 0.3632027804851532, 0.18274404108524323, 0.1723441183567047], "conf": 0.7990853786468506}, {"box_index": 1, "class_id": 2, "class_name": "B3", "bbox_yolo": [0.6987079977989197, 0.23900428414344788, 0.19381822645664215, 0.1566082090139389], "conf": 0.7642706036567688}, {"box_index": 2, "class_id": 2, "class_name": "B3", "bbox_yolo": [0.19168716669082642, 0.31350481510162354, 0.15836738049983978, 0.17288647592067719], "conf": 0.633243978023529}, {"box_index": 3, "class_id": 2, "class_name": "B3", "bbox_yolo": [0.4079674482345581, 0.3233337104320526, 0.2659336030483246, 0.20920555293560028], "conf": 0.6231660842895508}], "count_per_class": {"B1": 1, "B2": 0, "B3": 3, "B4": 0}, "side_index": 0}