{"image": "DAMIMAS_A21B_0456_1.jpg", "detector": "y26n_vanilla_local", "detections": [{"box_index": 0, "class_id": 2, "class_name": "B3", "bbox_yolo": [0.47420352697372437, 0.3556126058101654, 0.0830555334687233, 0.07003207504749298], "conf": 0.6449382305145264}, {"box_index": 1, "class_id": 1, "class_name": "B2", "bbox_yolo": [0.39894983172416687, 0.3826389014720917, 0.08924360573291779, 0.07217226177453995], "conf": 0.6021096706390381}, {"box_index": 2, "class_id": 0, "class_name": "B1", "bbox_yolo": [0.6230481863021851, 0.4005877673625946, 0.08859539777040482, 0.07385218143463135], "conf": 0.5695854425430298}, {"box_index": 3, "class_id": 2, "class_name": "B3", "bbox_yolo": [0.47603341937065125, 0.3546607494354248, 0.07379189133644104, 0.06164911016821861], "conf": 0.37052983045578003}], "count_per_class": {"B1": 1, "B2": 1, "B3": 2, "B4": 0}, "side_index": 0}