{"image": "DAMIMAS_A21B_0263_3.jpg", "detector": "y26n_vanilla_local", "detections": [{"box_index": 0, "class_id": 2, "class_name": "B3", "bbox_yolo": [0.34196269512176514, 0.38559409976005554, 0.1540652960538864, 0.12168367207050323], "conf": 0.7084133625030518}, {"box_index": 1, "class_id": 2, "class_name": "B3", "bbox_yolo": [0.6790314316749573, 0.34148621559143066, 0.129116952419281, 0.09989519417285919], "conf": 0.6432316899299622}, {"box_index": 2, "class_id": 1, "class_name": "B2", "bbox_yolo": [0.5596376061439514, 0.4485083520412445, 0.24057024717330933, 0.16816429793834686], "conf": 0.3468177914619446}], "count_per_class": {"B1": 0, "B2": 1, "B3": 2, "B4": 0}, "side_index": 2}