{"image": "DAMIMAS_A21B_0724_4.jpg", "detector": "y26n_vanilla_local", "detections": [{"box_index": 0, "class_id": 0, "class_name": "B1", "bbox_yolo": [0.38985469937324524, 0.5579646825790405, 0.22409404814243317, 0.1435498297214508], "conf": 0.665459156036377}, {"box_index": 1, "class_id": 3, "class_name": "B4", "bbox_yolo": [0.2726663053035736, 0.3324541747570038, 0.1369013488292694, 0.1485840380191803], "conf": 0.30553188920021057}], "count_per_class": {"B1": 1, "B2": 0, "B3": 0, "B4": 1}, "side_index": 3}