{"image": "DAMIMAS_A21B_0836_3.jpg", "detector": "y26n_vanilla_local", "detections": [{"box_index": 0, "class_id": 0, "class_name": "B1", "bbox_yolo": [0.5093913674354553, 0.5289257168769836, 0.17040498554706573, 0.13799749314785004], "conf": 0.778600811958313}, {"box_index": 1, "class_id": 2, "class_name": "B3", "bbox_yolo": [0.6500387191772461, 0.501989483833313, 0.1122865080833435, 0.10040302574634552], "conf": 0.6327366828918457}, {"box_index": 2, "class_id": 2, "class_name": "B3", "bbox_yolo": [0.3917904198169708, 0.47440239787101746, 0.11846835166215897, 0.10533533245325089], "conf": 0.35991165041923523}], "count_per_class": {"B1": 1, "B2": 0, "B3": 2, "B4": 0}, "side_index": 2}