{"image": "DAMIMAS_A21B_0114_4.jpg", "detector": "y26n_vanilla_local", "detections": [{"box_index": 0, "class_id": 1, "class_name": "B2", "bbox_yolo": [0.588629424571991, 0.40550312399864197, 0.13956598937511444, 0.1198408380150795], "conf": 0.7391204237937927}, {"box_index": 1, "class_id": 2, "class_name": "B3", "bbox_yolo": [0.44394394755363464, 0.3815828263759613, 0.09820763766765594, 0.0925234779715538], "conf": 0.6935049891471863}, {"box_index": 2, "class_id": 2, "class_name": "B3", "bbox_yolo": [0.34407150745391846, 0.37795886397361755, 0.07363122701644897, 0.05876829847693443], "conf": 0.2849332094192505}], "count_per_class": {"B1": 0, "B2": 1, "B3": 2, "B4": 0}, "side_index": 3}