{"image": "DAMIMAS_A21B_0781_1.jpg", "detector": "y26n_vanilla_local", "detections": [{"box_index": 0, "class_id": 2, "class_name": "B3", "bbox_yolo": [0.4639718532562256, 0.20882625877857208, 0.10978228598833084, 0.10468313843011856], "conf": 0.6855402588844299}, {"box_index": 1, "class_id": 0, "class_name": "B1", "bbox_yolo": [0.306533545255661, 0.3679257929325104, 0.12543490529060364, 0.09436986595392227], "conf": 0.5925123691558838}, {"box_index": 2, "class_id": 1, "class_name": "B2", "bbox_yolo": [0.6259292960166931, 0.28023743629455566, 0.1950090527534485, 0.14204911887645721], "conf": 0.5563181042671204}, {"box_index": 3, "class_id": 2, "class_name": "B3", "bbox_yolo": [0.33834946155548096, 0.2684570848941803, 0.13100719451904297, 0.10772345215082169], "conf": 0.5445969104766846}], "count_per_class": {"B1": 1, "B2": 1, "B3": 2, "B4": 0}, "side_index": 0}