{"image": "DAMIMAS_A21B_0405_1.jpg", "detector": "y26n_vanilla_local", "detections": [{"box_index": 0, "class_id": 2, "class_name": "B3", "bbox_yolo": [0.6522396206855774, 0.3373177647590637, 0.12372595816850662, 0.11896305531263351], "conf": 0.7737436890602112}, {"box_index": 1, "class_id": 2, "class_name": "B3", "bbox_yolo": [0.5064776539802551, 0.34792977571487427, 0.12504050135612488, 0.11575937271118164], "conf": 0.45482516288757324}, {"box_index": 2, "class_id": 2, "class_name": "B3", "bbox_yolo": [0.3139588236808777, 0.3336571156978607, 0.11063472926616669, 0.08701734989881516], "conf": 0.4105403423309326}, {"box_index": 3, "class_id": 3, "class_name": "B4", "bbox_yolo": [0.5384018421173096, 0.23475275933742523, 0.11239118874073029, 0.09366210550069809], "conf": 0.34297627210617065}], "count_per_class": {"B1": 0, "B2": 0, "B3": 3, "B4": 1}, "side_index": 0}