{"image": "DAMIMAS_A21B_0403_2.jpg", "detector": "y26n_vanilla_local", "detections": [{"box_index": 0, "class_id": 0, "class_name": "B1", "bbox_yolo": [0.5863028764724731, 0.4283390939235687, 0.16357196867465973, 0.10147931426763535], "conf": 0.8138633370399475}, {"box_index": 1, "class_id": 2, "class_name": "B3", "bbox_yolo": [0.4192839562892914, 0.3823237121105194, 0.11049554497003555, 0.10127303749322891], "conf": 0.5290275812149048}, {"box_index": 2, "class_id": 1, "class_name": "B2", "bbox_yolo": [0.2982800304889679, 0.406468003988266, 0.12569659948349, 0.10005249828100204], "conf": 0.4392945170402527}], "count_per_class": {"B1": 1, "B2": 1, "B3": 1, "B4": 0}, "side_index": 1}