{"image": "DAMIMAS_A21B_0460_1.jpg", "detector": "y26n_vanilla_local", "detections": [{"box_index": 0, "class_id": 2, "class_name": "B3", "bbox_yolo": [0.5914981961250305, 0.3932853639125824, 0.07941456139087677, 0.06273066997528076], "conf": 0.3554912507534027}, {"box_index": 1, "class_id": 2, "class_name": "B3", "bbox_yolo": [0.3926420509815216, 0.39658108353614807, 0.058679044246673584, 0.054454635828733444], "conf": 0.31523552536964417}, {"box_index": 2, "class_id": 0, "class_name": "B1", "bbox_yolo": [0.6495240926742554, 0.414945513010025, 0.06901130825281143, 0.055760908871889114], "conf": 0.2995399236679077}, {"box_index": 3, "class_id": 2, "class_name": "B3", "bbox_yolo": [0.5914127826690674, 0.3976716697216034, 0.09216658771038055, 0.07425981014966965], "conf": 0.2869456112384796}], "count_per_class": {"B1": 1, "B2": 0, "B3": 3, "B4": 0}, "side_index": 0}