{"image": "DAMIMAS_A21B_0359_2.jpg", "detector": "y26n_vanilla_local", "detections": [{"box_index": 0, "class_id": 0, "class_name": "B1", "bbox_yolo": [0.47597354650497437, 0.4236012101173401, 0.10685005784034729, 0.08932187408208847], "conf": 0.39030200242996216}, {"box_index": 1, "class_id": 0, "class_name": "B1", "bbox_yolo": [0.34607651829719543, 0.42889919877052307, 0.10092519968748093, 0.08116250485181808], "conf": 0.3383274972438812}, {"box_index": 2, "class_id": 0, "class_name": "B1", "bbox_yolo": [0.47348305583000183, 0.41579508781433105, 0.08150912076234818, 0.06770896911621094], "conf": 0.25503668189048767}, {"box_index": 3, "class_id": 2, "class_name": "B3", "bbox_yolo": [0.6225289702415466, 0.383730947971344, 0.08512751758098602, 0.06476519256830215], "conf": 0.25093984603881836}], "count_per_class": {"B1": 3, "B2": 0, "B3": 1, "B4": 0}, "side_index": 1}