{"image": "DAMIMAS_A21B_0496_3.jpg", "detector": "y26n_vanilla_local", "detections": [{"box_index": 0, "class_id": 2, "class_name": "B3", "bbox_yolo": [0.626020073890686, 0.38230830430984497, 0.08986632525920868, 0.08029448986053467], "conf": 0.6057928204536438}, {"box_index": 1, "class_id": 1, "class_name": "B2", "bbox_yolo": [0.5300878882408142, 0.40676698088645935, 0.09637922048568726, 0.08287167549133301], "conf": 0.26819637417793274}], "count_per_class": {"B1": 0, "B2": 1, "B3": 1, "B4": 0}, "side_index": 2}