{"image": "DAMIMAS_A21B_0014_4.jpg", "detector": "y26n_vanilla_local", "detections": [{"box_index": 0, "class_id": 2, "class_name": "B3", "bbox_yolo": [0.349557489156723, 0.49275198578834534, 0.12473164498806, 0.08499832451343536], "conf": 0.6318976879119873}, {"box_index": 1, "class_id": 1, "class_name": "B2", "bbox_yolo": [0.5257843136787415, 0.5183392763137817, 0.1267644315958023, 0.11888871341943741], "conf": 0.5949388146400452}, {"box_index": 2, "class_id": 2, "class_name": "B3", "bbox_yolo": [0.4751148521900177, 0.43946629762649536, 0.10152903199195862, 0.06160745769739151], "conf": 0.34365928173065186}], "count_per_class": {"B1": 0, "B2": 1, "B3": 2, "B4": 0}, "side_index": 3}