{"image": "DAMIMAS_A21B_0395_1.jpg", "detector": "y26n_vanilla_local", "detections": [{"box_index": 0, "class_id": 0, "class_name": "B1", "bbox_yolo": [0.323057621717453, 0.48609137535095215, 0.09594692289829254, 0.07024583965539932], "conf": 0.6127873659133911}, {"box_index": 1, "class_id": 0, "class_name": "B1", "bbox_yolo": [0.3233441710472107, 0.48257192969322205, 0.08282271027565002, 0.05960245057940483], "conf": 0.3564296066761017}, {"box_index": 2, "class_id": 2, "class_name": "B3", "bbox_yolo": [0.4156591594219208, 0.454816073179245, 0.09712877869606018, 0.07073111832141876], "conf": 0.3197474777698517}], "count_per_class": {"B1": 2, "B2": 0, "B3": 1, "B4": 0}, "side_index": 0}