{"image": "DAMIMAS_A21B_0071_2.jpg", "detector": "y26n_vanilla_local", "detections": [{"box_index": 0, "class_id": 2, "class_name": "B3", "bbox_yolo": [0.5051734447479248, 0.4924200475215912, 0.08742129802703857, 0.09901704639196396], "conf": 0.5923229455947876}, {"box_index": 1, "class_id": 0, "class_name": "B1", "bbox_yolo": [0.6143646836280823, 0.5067979693412781, 0.12431100755929947, 0.12077989429235458], "conf": 0.574978768825531}, {"box_index": 2, "class_id": 2, "class_name": "B3", "bbox_yolo": [0.3788541555404663, 0.47432538866996765, 0.09979566186666489, 0.0829288512468338], "conf": 0.45237478613853455}, {"box_index": 3, "class_id": 1, "class_name": "B2", "bbox_yolo": [0.32304346561431885, 0.5090474486351013, 0.07967927306890488, 0.0756569430232048], "conf": 0.2576961815357208}], "count_per_class": {"B1": 1, "B2": 1, "B3": 2, "B4": 0}, "side_index": 1}