{"image": "DAMIMAS_A21B_0243_4.jpg", "detector": "y26n_vanilla_local", "detections": [{"box_index": 0, "class_id": 0, "class_name": "B1", "bbox_yolo": [0.35721418261528015, 0.4844284951686859, 0.11226308345794678, 0.09326253086328506], "conf": 0.7642853260040283}, {"box_index": 1, "class_id": 2, "class_name": "B3", "bbox_yolo": [0.483225017786026, 0.4540243148803711, 0.10354643315076828, 0.08784189075231552], "conf": 0.5780137181282043}, {"box_index": 2, "class_id": 2, "class_name": "B3", "bbox_yolo": [0.334248423576355, 0.421848863363266, 0.056800685822963715, 0.04334397241473198], "conf": 0.3003457188606262}, {"box_index": 3, "class_id": 2, "class_name": "B3", "bbox_yolo": [0.4247736930847168, 0.41030654311180115, 0.06812277436256409, 0.05385785177350044], "conf": 0.29192253947257996}], "count_per_class": {"B1": 1, "B2": 0, "B3": 3, "B4": 0}, "side_index": 3}