{"image": "DAMIMAS_A21B_0565_3.jpg", "detector": "y26n_vanilla_local", "detections": [{"box_index": 0, "class_id": 2, "class_name": "B3", "bbox_yolo": [0.29388195276260376, 0.45958778262138367, 0.14586248993873596, 0.10870566219091415], "conf": 0.6914489269256592}, {"box_index": 1, "class_id": 2, "class_name": "B3", "bbox_yolo": [0.6240057945251465, 0.42697569727897644, 0.11514937877655029, 0.08097648620605469], "conf": 0.5331054925918579}, {"box_index": 2, "class_id": 2, "class_name": "B3", "bbox_yolo": [0.7271102666854858, 0.45539742708206177, 0.10424868762493134, 0.08160028606653214], "conf": 0.35135897994041443}], "count_per_class": {"B1": 0, "B2": 0, "B3": 3, "B4": 0}, "side_index": 2}