{"image": "DAMIMAS_A21B_0425_4.jpg", "detector": "y26n_vanilla_local", "detections": [{"box_index": 0, "class_id": 1, "class_name": "B2", "bbox_yolo": [0.3812567889690399, 0.4648939073085785, 0.138896182179451, 0.10577144473791122], "conf": 0.5997301340103149}, {"box_index": 1, "class_id": 2, "class_name": "B3", "bbox_yolo": [0.622953474521637, 0.37976714968681335, 0.10702922195196152, 0.06813325732946396], "conf": 0.4947108328342438}, {"box_index": 2, "class_id": 2, "class_name": "B3", "bbox_yolo": [0.29587799310684204, 0.41066908836364746, 0.09570296853780746, 0.09837350994348526], "conf": 0.44485682249069214}, {"box_index": 3, "class_id": 3, "class_name": "B4", "bbox_yolo": [0.384644478559494, 0.3644423186779022, 0.09785249084234238, 0.08342938870191574], "conf": 0.43081265687942505}], "count_per_class": {"B1": 0, "B2": 1, "B3": 2, "B4": 1}, "side_index": 3}