{"image": "DAMIMAS_A21B_0255_1.jpg", "detector": "y26n_vanilla_local", "detections": [{"box_index": 0, "class_id": 2, "class_name": "B3", "bbox_yolo": [0.4700017273426056, 0.3106818199157715, 0.1591578871011734, 0.12350566685199738], "conf": 0.7084861993789673}, {"box_index": 1, "class_id": 0, "class_name": "B1", "bbox_yolo": [0.3138306140899658, 0.354941725730896, 0.14409516751766205, 0.11816640198230743], "conf": 0.7039347887039185}, {"box_index": 2, "class_id": 1, "class_name": "B2", "bbox_yolo": [0.6367799043655396, 0.35083818435668945, 0.13014565408229828, 0.09197521209716797], "conf": 0.2771146297454834}], "count_per_class": {"B1": 1, "B2": 1, "B3": 1, "B4": 0}, "side_index": 0}