{"image": "DAMIMAS_A21B_0208_2.jpg", "detector": "y26n_vanilla_local", "detections": [{"box_index": 0, "class_id": 3, "class_name": "B4", "bbox_yolo": [0.4990101158618927, 0.33374127745628357, 0.13382747769355774, 0.09711533039808273], "conf": 0.5263370871543884}, {"box_index": 1, "class_id": 2, "class_name": "B3", "bbox_yolo": [0.6128068566322327, 0.3891824185848236, 0.12930507957935333, 0.0946400910615921], "conf": 0.5206923484802246}, {"box_index": 2, "class_id": 1, "class_name": "B2", "bbox_yolo": [0.7055412530899048, 0.4324999749660492, 0.12282556295394897, 0.10107100009918213], "conf": 0.2709488570690155}], "count_per_class": {"B1": 0, "B2": 1, "B3": 1, "B4": 1}, "side_index": 1}