{"image": "DAMIMAS_A21B_0054_3.jpg", "detector": "y26n_vanilla_local", "detections": [{"box_index": 0, "class_id": 2, "class_name": "B3", "bbox_yolo": [0.3633672595024109, 0.35956892371177673, 0.13711713254451752, 0.11173222213983536], "conf": 0.7257494330406189}, {"box_index": 1, "class_id": 1, "class_name": "B2", "bbox_yolo": [0.29807066917419434, 0.41183415055274963, 0.10206550359725952, 0.08192183822393417], "conf": 0.6672491431236267}, {"box_index": 2, "class_id": 1, "class_name": "B2", "bbox_yolo": [0.6689041256904602, 0.38363149762153625, 0.12250754982233047, 0.10330986976623535], "conf": 0.4892195165157318}, {"box_index": 3, "class_id": 3, "class_name": "B4", "bbox_yolo": [0.48743924498558044, 0.2849612236022949, 0.11511129140853882, 0.08700583130121231], "conf": 0.48910754919052124}], "count_per_class": {"B1": 0, "B2": 2, "B3": 1, "B4": 1}, "side_index": 2}