{"image": "DAMIMAS_A21B_0231_2.jpg", "detector": "y26n_vanilla_local", "detections": [{"box_index": 0, "class_id": 2, "class_name": "B3", "bbox_yolo": [0.30503126978874207, 0.34495073556900024, 0.117630235850811, 0.10585995018482208], "conf": 0.690158486366272}, {"box_index": 1, "class_id": 2, "class_name": "B3", "bbox_yolo": [0.4092755615711212, 0.29588499665260315, 0.12583860754966736, 0.10300090163946152], "conf": 0.60718834400177}, {"box_index": 2, "class_id": 2, "class_name": "B3", "bbox_yolo": [0.559093177318573, 0.3224264085292816, 0.13237369060516357, 0.10919912159442902], "conf": 0.4399135708808899}], "count_per_class": {"B1": 0, "B2": 0, "B3": 3, "B4": 0}, "side_index": 1}