{"image": "DAMIMAS_A21B_0845_1.jpg", "detector": "y26n_vanilla_local", "detections": [{"box_index": 0, "class_id": 2, "class_name": "B3", "bbox_yolo": [0.2722809910774231, 0.2812330722808838, 0.12173336744308472, 0.10675213485956192], "conf": 0.4974888861179352}, {"box_index": 1, "class_id": 2, "class_name": "B3", "bbox_yolo": [0.6673738956451416, 0.25464966893196106, 0.10858447104692459, 0.08998432010412216], "conf": 0.30700284242630005}, {"box_index": 2, "class_id": 3, "class_name": "B4", "bbox_yolo": [0.34706753492355347, 0.18330290913581848, 0.11098318547010422, 0.08903099596500397], "conf": 0.27026885747909546}], "count_per_class": {"B1": 0, "B2": 0, "B3": 2, "B4": 1}, "side_index": 0}