{"image": "DAMIMAS_A21B_0442_4.jpg", "detector": "y26n_vanilla_local", "detections": [{"box_index": 0, "class_id": 2, "class_name": "B3", "bbox_yolo": [0.4689141809940338, 0.4596312940120697, 0.08987176418304443, 0.08147573471069336], "conf": 0.7010337710380554}, {"box_index": 1, "class_id": 1, "class_name": "B2", "bbox_yolo": [0.3898036479949951, 0.48092135787010193, 0.07491989433765411, 0.062012623995542526], "conf": 0.29445406794548035}, {"box_index": 2, "class_id": 2, "class_name": "B3", "bbox_yolo": [0.4058707654476166, 0.42028528451919556, 0.05068010091781616, 0.043139077723026276], "conf": 0.2716481387615204}], "count_per_class": {"B1": 0, "B2": 1, "B3": 2, "B4": 0}, "side_index": 3}