{"image": "DAMIMAS_A21B_0640_4.jpg", "detector": "y26n_vanilla_local", "detections": [{"box_index": 0, "class_id": 2, "class_name": "B3", "bbox_yolo": [0.3490624725818634, 0.3738950788974762, 0.2582768201828003, 0.1999121457338333], "conf": 0.6429429650306702}, {"box_index": 1, "class_id": 2, "class_name": "B3", "bbox_yolo": [0.5378058552742004, 0.2724858224391937, 0.20487385988235474, 0.1446346491575241], "conf": 0.6038627028465271}, {"box_index": 2, "class_id": 0, "class_name": "B1", "bbox_yolo": [0.6600815057754517, 0.4033561646938324, 0.27497661113739014, 0.21271227300167084], "conf": 0.5386098623275757}, {"box_index": 3, "class_id": 2, "class_name": "B3", "bbox_yolo": [0.31075745820999146, 0.2386622428894043, 0.17157335579395294, 0.08736341446638107], "conf": 0.4286046028137207}], "count_per_class": {"B1": 1, "B2": 0, "B3": 3, "B4": 0}, "side_index": 3}