{"image": "DAMIMAS_A21B_0617_4.jpg", "detector": "y26n_vanilla_local", "detections": [{"box_index": 0, "class_id": 0, "class_name": "B1", "bbox_yolo": [0.608314573764801, 0.5467010140419006, 0.2681193947792053, 0.19129572808742523], "conf": 0.8532204031944275}, {"box_index": 1, "class_id": 2, "class_name": "B3", "bbox_yolo": [0.42383408546447754, 0.4784870147705078, 0.1674664318561554, 0.11205992847681046], "conf": 0.40532368421554565}], "count_per_class": {"B1": 1, "B2": 0, "B3": 1, "B4": 0}, "side_index": 3}