{"image": "DAMIMAS_A21B_0386_2.jpg", "detector": "y26n_vanilla_local", "detections": [{"box_index": 0, "class_id": 0, "class_name": "B1", "bbox_yolo": [0.5103843212127686, 0.4539550244808197, 0.11018181592226028, 0.09515924751758575], "conf": 0.7113789916038513}, {"box_index": 1, "class_id": 2, "class_name": "B3", "bbox_yolo": [0.6452810168266296, 0.45511141419410706, 0.11761678755283356, 0.09316869080066681], "conf": 0.6456689834594727}], "count_per_class": {"B1": 1, "B2": 0, "B3": 1, "B4": 0}, "side_index": 1}