{"image": "DAMIMAS_A21B_0314_2.jpg", "detector": "y26n_vanilla_local", "detections": [{"box_index": 0, "class_id": 0, "class_name": "B1", "bbox_yolo": [0.5380717515945435, 0.4423508644104004, 0.14271996915340424, 0.13369686901569366], "conf": 0.7887367606163025}, {"box_index": 1, "class_id": 2, "class_name": "B3", "bbox_yolo": [0.29512497782707214, 0.42574676871299744, 0.10931061953306198, 0.07854852825403214], "conf": 0.5957551002502441}, {"box_index": 2, "class_id": 2, "class_name": "B3", "bbox_yolo": [0.7107341885566711, 0.4368315637111664, 0.10973949730396271, 0.09074947983026505], "conf": 0.5000174045562744}, {"box_index": 3, "class_id": 2, "class_name": "B3", "bbox_yolo": [0.4286329448223114, 0.37169772386550903, 0.1487816870212555, 0.10510368645191193], "conf": 0.49137619137763977}], "count_per_class": {"B1": 1, "B2": 0, "B3": 3, "B4": 0}, "side_index": 1}