{"image": "DAMIMAS_A21B_0816_4.jpg", "detector": "y26n_vanilla_local", "detections": [{"box_index": 0, "class_id": 0, "class_name": "B1", "bbox_yolo": [0.2817726135253906, 0.45229873061180115, 0.15769827365875244, 0.11490469425916672], "conf": 0.6763788461685181}, {"box_index": 1, "class_id": 2, "class_name": "B3", "bbox_yolo": [0.5303062796592712, 0.3663160502910614, 0.1283605396747589, 0.10180659592151642], "conf": 0.662734866142273}, {"box_index": 2, "class_id": 2, "class_name": "B3", "bbox_yolo": [0.412352979183197, 0.41576430201530457, 0.13976746797561646, 0.09804370254278183], "conf": 0.3764292299747467}, {"box_index": 3, "class_id": 3, "class_name": "B4", "bbox_yolo": [0.3504803478717804, 0.3264341950416565, 0.13499340415000916, 0.10424478352069855], "conf": 0.27553701400756836}], "count_per_class": {"B1": 1, "B2": 0, "B3": 2, "B4": 1}, "side_index": 3}