{"image": "DAMIMAS_A21B_0027_3.jpg", "detector": "y26n_vanilla_local", "detections": [{"box_index": 0, "class_id": 2, "class_name": "B3", "bbox_yolo": [0.35415124893188477, 0.49836546182632446, 0.11038615554571152, 0.09642954170703888], "conf": 0.7609807252883911}, {"box_index": 1, "class_id": 0, "class_name": "B1", "bbox_yolo": [0.6341774463653564, 0.5219992399215698, 0.10815735161304474, 0.10317497700452805], "conf": 0.6797733306884766}, {"box_index": 2, "class_id": 2, "class_name": "B3", "bbox_yolo": [0.4965794086456299, 0.5286292433738708, 0.1477748304605484, 0.0970919132232666], "conf": 0.4429871141910553}, {"box_index": 3, "class_id": 1, "class_name": "B2", "bbox_yolo": [0.29528430104255676, 0.5430468320846558, 0.08712086826562881, 0.08345890045166016], "conf": 0.41852909326553345}], "count_per_class": {"B1": 1, "B2": 1, "B3": 2, "B4": 0}, "side_index": 2}