{"image": "DAMIMAS_A21B_0475_4.jpg", "detector": "y26n_vanilla_local", "detections": [{"box_index": 0, "class_id": 2, "class_name": "B3", "bbox_yolo": [0.6172407865524292, 0.41475605964660645, 0.05673809349536896, 0.043491460382938385], "conf": 0.3924664258956909}, {"box_index": 1, "class_id": 2, "class_name": "B3", "bbox_yolo": [0.45269083976745605, 0.41807571053504944, 0.07128200680017471, 0.062626913189888], "conf": 0.2823837995529175}, {"box_index": 2, "class_id": 2, "class_name": "B3", "bbox_yolo": [0.3826030492782593, 0.4183814525604248, 0.07092113792896271, 0.051671575754880905], "conf": 0.2503899335861206}], "count_per_class": {"B1": 0, "B2": 0, "B3": 3, "B4": 0}, "side_index": 3}