{"image": "DAMIMAS_A21B_0057_4.jpg", "detector": "y26n_vanilla_local", "detections": [{"box_index": 0, "class_id": 3, "class_name": "B4", "bbox_yolo": [0.5088727474212646, 0.3897128105163574, 0.09243294596672058, 0.06804831326007843], "conf": 0.26853659749031067}], "count_per_class": {"B1": 0, "B2": 0, "B3": 0, "B4": 1}, "side_index": 3}