{"image": "DAMIMAS_A21B_0548_4.jpg", "detector": "y26n_vanilla_local", "detections": [{"box_index": 0, "class_id": 2, "class_name": "B3", "bbox_yolo": [0.5143234729766846, 0.29490602016448975, 0.15748831629753113, 0.1147574931383133], "conf": 0.4213387370109558}, {"box_index": 1, "class_id": 2, "class_name": "B3", "bbox_yolo": [0.630415678024292, 0.3817315101623535, 0.18060913681983948, 0.1444668024778366], "conf": 0.32711073756217957}, {"box_index": 2, "class_id": 1, "class_name": "B2", "bbox_yolo": [0.630415678024292, 0.3817315101623535, 0.18060913681983948, 0.1444668024778366], "conf": 0.29531732201576233}, {"box_index": 3, "class_id": 3, "class_name": "B4", "bbox_yolo": [0.5143234729766846, 0.29490602016448975, 0.15748831629753113, 0.1147574931383133], "conf": 0.2563879191875458}], "count_per_class": {"B1": 0, "B2": 1, "B3": 2, "B4": 1}, "side_index": 3}