{"image": "DAMIMAS_A21B_0549_1.jpg", "detector": "y26n_vanilla_local", "detections": [{"box_index": 0, "class_id": 2, "class_name": "B3", "bbox_yolo": [0.5815700888633728, 0.3644801676273346, 0.14848767220973969, 0.12454888969659805], "conf": 0.7882890701293945}, {"box_index": 1, "class_id": 2, "class_name": "B3", "bbox_yolo": [0.3521326780319214, 0.3619658648967743, 0.10743380337953568, 0.08808594197034836], "conf": 0.49903684854507446}], "count_per_class": {"B1": 0, "B2": 0, "B3": 2, "B4": 0}, "side_index": 0}