{"image": "DAMIMAS_A21B_0598_1.jpg", "detector": "y26n_vanilla_local", "detections": [{"box_index": 0, "class_id": 2, "class_name": "B3", "bbox_yolo": [0.16798175871372223, 0.3648900091648102, 0.1809067726135254, 0.16425183415412903], "conf": 0.5710193514823914}, {"box_index": 1, "class_id": 2, "class_name": "B3", "bbox_yolo": [0.6963818073272705, 0.2576497495174408, 0.18303528428077698, 0.11133723706007004], "conf": 0.4722796380519867}, {"box_index": 2, "class_id": 3, "class_name": "B4", "bbox_yolo": [0.28292497992515564, 0.21810698509216309, 0.1662573218345642, 0.1886996030807495], "conf": 0.3786526918411255}, {"box_index": 3, "class_id": 3, "class_name": "B4", "bbox_yolo": [0.6963818073272705, 0.2576497495174408, 0.18303528428077698, 0.11133723706007004], "conf": 0.33273014426231384}], "count_per_class": {"B1": 0, "B2": 0, "B3": 2, "B4": 2}, "side_index": 0}