{"image": "DAMIMAS_A21B_0476_2.jpg", "detector": "y26n_vanilla_local", "detections": [{"box_index": 0, "class_id": 2, "class_name": "B3", "bbox_yolo": [0.4261711835861206, 0.4552793502807617, 0.10344210267066956, 0.07509994506835938], "conf": 0.49293121695518494}, {"box_index": 1, "class_id": 3, "class_name": "B4", "bbox_yolo": [0.5208055377006531, 0.4128015637397766, 0.09479129314422607, 0.07600672543048859], "conf": 0.3526648283004761}, {"box_index": 2, "class_id": 2, "class_name": "B3", "bbox_yolo": [0.5351115465164185, 0.4991496503353119, 0.14143449068069458, 0.09784412384033203], "conf": 0.2667619585990906}], "count_per_class": {"B1": 0, "B2": 0, "B3": 2, "B4": 1}, "side_index": 1}