{"image": "DAMIMAS_A21B_0349_1.jpg", "detector": "y26n_vanilla_local", "detections": [{"box_index": 0, "class_id": 0, "class_name": "B1", "bbox_yolo": [0.3731662333011627, 0.43261414766311646, 0.11542406678199768, 0.10118365287780762], "conf": 0.4720689058303833}, {"box_index": 1, "class_id": 2, "class_name": "B3", "bbox_yolo": [0.4806537330150604, 0.41740426421165466, 0.08529704809188843, 0.09332656860351562], "conf": 0.393699586391449}, {"box_index": 2, "class_id": 2, "class_name": "B3", "bbox_yolo": [0.6005269289016724, 0.40225324034690857, 0.09888547658920288, 0.08218522369861603], "conf": 0.38359034061431885}, {"box_index": 3, "class_id": 1, "class_name": "B2", "bbox_yolo": [0.3731662333011627, 0.43261414766311646, 0.11542406678199768, 0.10118365287780762], "conf": 0.3668859601020813}], "count_per_class": {"B1": 1, "B2": 1, "B3": 2, "B4": 0}, "side_index": 0}