{"image": "DAMIMAS_A21B_0294_1.jpg", "detector": "y26n_vanilla_local", "detections": [{"box_index": 0, "class_id": 2, "class_name": "B3", "bbox_yolo": [0.4780339300632477, 0.47999903559684753, 0.0645521804690361, 0.05708188936114311], "conf": 0.4097103476524353}, {"box_index": 1, "class_id": 2, "class_name": "B3", "bbox_yolo": [0.591878354549408, 0.46430084109306335, 0.1006927564740181, 0.06594333797693253], "conf": 0.34710776805877686}, {"box_index": 2, "class_id": 1, "class_name": "B2", "bbox_yolo": [0.36783596873283386, 0.5168204307556152, 0.08116909861564636, 0.057734157890081406], "conf": 0.3071556091308594}, {"box_index": 3, "class_id": 2, "class_name": "B3", "bbox_yolo": [0.340623140335083, 0.47185206413269043, 0.07310282438993454, 0.038750745356082916], "conf": 0.2912162244319916}], "count_per_class": {"B1": 0, "B2": 1, "B3": 3, "B4": 0}, "side_index": 0}