{"image": "DAMIMAS_A21B_0233_1.jpg", "detector": "y26n_vanilla_local", "detections": [{"box_index": 0, "class_id": 3, "class_name": "B4", "bbox_yolo": [0.5391005873680115, 0.36569738388061523, 0.10271158814430237, 0.06921117752790451], "conf": 0.5019092559814453}, {"box_index": 1, "class_id": 2, "class_name": "B3", "bbox_yolo": [0.32426053285598755, 0.4240280091762543, 0.11913461983203888, 0.09058506786823273], "conf": 0.2665301561355591}], "count_per_class": {"B1": 0, "B2": 0, "B3": 1, "B4": 1}, "side_index": 0}