{"image": "DAMIMAS_A21B_0110_3.jpg", "detector": "y26n_vanilla_local", "detections": [{"box_index": 0, "class_id": 2, "class_name": "B3", "bbox_yolo": [0.33787596225738525, 0.22172732651233673, 0.13207928836345673, 0.12538175284862518], "conf": 0.7267601490020752}, {"box_index": 1, "class_id": 2, "class_name": "B3", "bbox_yolo": [0.682126522064209, 0.18833523988723755, 0.10351970046758652, 0.0895254835486412], "conf": 0.3232899606227875}], "count_per_class": {"B1": 0, "B2": 0, "B3": 2, "B4": 0}, "side_index": 2}