{"image": "DAMIMAS_A21B_0487_4.jpg", "detector": "y26n_vanilla_local", "detections": [{"box_index": 0, "class_id": 2, "class_name": "B3", "bbox_yolo": [0.41233763098716736, 0.302584707736969, 0.10559994727373123, 0.08739099651575089], "conf": 0.5447194576263428}, {"box_index": 1, "class_id": 1, "class_name": "B2", "bbox_yolo": [0.36031368374824524, 0.36596155166625977, 0.11442121118307114, 0.08192797005176544], "conf": 0.4504391849040985}, {"box_index": 2, "class_id": 1, "class_name": "B2", "bbox_yolo": [0.36203381419181824, 0.3688083589076996, 0.12476352602243423, 0.08448968082666397], "conf": 0.42725175619125366}, {"box_index": 3, "class_id": 2, "class_name": "B3", "bbox_yolo": [0.6359712481498718, 0.35115334391593933, 0.11509425193071365, 0.11576526612043381], "conf": 0.34210485219955444}], "count_per_class": {"B1": 0, "B2": 2, "B3": 2, "B4": 0}, "side_index": 3}