{"image": "DAMIMAS_A21B_0471_2.jpg", "detector": "y26n_vanilla_local", "detections": [{"box_index": 0, "class_id": 2, "class_name": "B3", "bbox_yolo": [0.47208935022354126, 0.4080800712108612, 0.10210524499416351, 0.08496978133916855], "conf": 0.7242105603218079}, {"box_index": 1, "class_id": 1, "class_name": "B2", "bbox_yolo": [0.39051133394241333, 0.4399341642856598, 0.09079580754041672, 0.07683958858251572], "conf": 0.6082836985588074}, {"box_index": 2, "class_id": 1, "class_name": "B2", "bbox_yolo": [0.5867905020713806, 0.4298563003540039, 0.09322427958250046, 0.07212572544813156], "conf": 0.2769046127796173}, {"box_index": 3, "class_id": 2, "class_name": "B3", "bbox_yolo": [0.5867905020713806, 0.4298563003540039, 0.09322427958250046, 0.07212572544813156], "conf": 0.2616605758666992}], "count_per_class": {"B1": 0, "B2": 2, "B3": 2, "B4": 0}, "side_index": 1}