{"image": "DAMIMAS_A21B_0289_1.jpg", "detector": "y26n_vanilla_local", "detections": [{"box_index": 0, "class_id": 2, "class_name": "B3", "bbox_yolo": [0.3833928108215332, 0.41624218225479126, 0.12116435915231705, 0.09116881340742111], "conf": 0.466789573431015}, {"box_index": 1, "class_id": 2, "class_name": "B3", "bbox_yolo": [0.47645875811576843, 0.3778265416622162, 0.12295316904783249, 0.0849633738398552], "conf": 0.45562151074409485}, {"box_index": 2, "class_id": 1, "class_name": "B2", "bbox_yolo": [0.3833928108215332, 0.41624218225479126, 0.12116435915231705, 0.09116881340742111], "conf": 0.34921860694885254}, {"box_index": 3, "class_id": 2, "class_name": "B3", "bbox_yolo": [0.6210199594497681, 0.39359888434410095, 0.08446363359689713, 0.06453201919794083], "conf": 0.2887265384197235}], "count_per_class": {"B1": 0, "B2": 1, "B3": 3, "B4": 0}, "side_index": 0}