{"image": "DAMIMAS_A21B_0615_3.jpg", "detector": "y26n_vanilla_local", "detections": [{"box_index": 0, "class_id": 0, "class_name": "B1", "bbox_yolo": [0.4792079031467438, 0.4275321066379547, 0.27455416321754456, 0.18638940155506134], "conf": 0.8076973557472229}, {"box_index": 1, "class_id": 1, "class_name": "B2", "bbox_yolo": [0.2519029676914215, 0.37304219603538513, 0.18835914134979248, 0.13145723938941956], "conf": 0.6277855634689331}, {"box_index": 2, "class_id": 2, "class_name": "B3", "bbox_yolo": [0.6698795557022095, 0.33244362473487854, 0.16045615077018738, 0.1007075309753418], "conf": 0.48104825615882874}, {"box_index": 3, "class_id": 3, "class_name": "B4", "bbox_yolo": [0.2581397593021393, 0.2593129277229309, 0.11635151505470276, 0.09820029884576797], "conf": 0.3446405231952667}], "count_per_class": {"B1": 1, "B2": 1, "B3": 1, "B4": 1}, "side_index": 2}