{"image": "DAMIMAS_A21B_0266_1.jpg", "detector": "y26n_vanilla_local", "detections": [{"box_index": 0, "class_id": 2, "class_name": "B3", "bbox_yolo": [0.5538557171821594, 0.36149054765701294, 0.11635221540927887, 0.11701393127441406], "conf": 0.5199275612831116}, {"box_index": 1, "class_id": 2, "class_name": "B3", "bbox_yolo": [0.7237098813056946, 0.3620273768901825, 0.09682344645261765, 0.08295726776123047], "conf": 0.4266451299190521}, {"box_index": 2, "class_id": 3, "class_name": "B4", "bbox_yolo": [0.6487534642219543, 0.30525073409080505, 0.10848592966794968, 0.08675458282232285], "conf": 0.40856653451919556}], "count_per_class": {"B1": 0, "B2": 0, "B3": 2, "B4": 1}, "side_index": 0}