{"image": "DAMIMAS_A21B_0784_2.jpg", "detector": "y26n_vanilla_local", "detections": [{"box_index": 0, "class_id": 1, "class_name": "B2", "bbox_yolo": [0.701192319393158, 0.2066972702741623, 0.12423808127641678, 0.11922989040613174], "conf": 0.6958903074264526}, {"box_index": 1, "class_id": 2, "class_name": "B3", "bbox_yolo": [0.6289042234420776, 0.10708065330982208, 0.1165616437792778, 0.11751343309879303], "conf": 0.42643237113952637}], "count_per_class": {"B1": 0, "B2": 1, "B3": 1, "B4": 0}, "side_index": 1}