{"image": "DAMIMAS_A21B_0022_1.jpg", "detector": "y26n_vanilla_local", "detections": [{"box_index": 0, "class_id": 2, "class_name": "B3", "bbox_yolo": [0.46713489294052124, 0.4676993489265442, 0.11704378575086594, 0.08824515342712402], "conf": 0.6915634274482727}], "count_per_class": {"B1": 0, "B2": 0, "B3": 1, "B4": 0}, "side_index": 0}