{"image": "DAMIMAS_A21B_0228_3.jpg", "detector": "y26n_vanilla_local", "detections": [{"box_index": 0, "class_id": 0, "class_name": "B1", "bbox_yolo": [0.4526260495185852, 0.21900765597820282, 0.16315054893493652, 0.14568530023097992], "conf": 0.4728294312953949}, {"box_index": 1, "class_id": 2, "class_name": "B3", "bbox_yolo": [0.40369677543640137, 0.12910650670528412, 0.15045179426670074, 0.087506003677845], "conf": 0.41319453716278076}, {"box_index": 2, "class_id": 1, "class_name": "B2", "bbox_yolo": [0.4526260495185852, 0.21900765597820282, 0.16315054893493652, 0.14568530023097992], "conf": 0.33033913373947144}], "count_per_class": {"B1": 1, "B2": 1, "B3": 1, "B4": 0}, "side_index": 2}