{"image": "DAMIMAS_A21B_0480_3.jpg", "detector": "y26n_vanilla_local", "detections": [{"box_index": 0, "class_id": 0, "class_name": "B1", "bbox_yolo": [0.3875611126422882, 0.43554559350013733, 0.09752754122018814, 0.07860441505908966], "conf": 0.6837400197982788}, {"box_index": 1, "class_id": 2, "class_name": "B3", "bbox_yolo": [0.5553486347198486, 0.38661929965019226, 0.09142202138900757, 0.07420676201581955], "conf": 0.4645625650882721}, {"box_index": 2, "class_id": 2, "class_name": "B3", "bbox_yolo": [0.39225465059280396, 0.37813711166381836, 0.059522535651922226, 0.0492175817489624], "conf": 0.2740235924720764}, {"box_index": 3, "class_id": 2, "class_name": "B3", "bbox_yolo": [0.5592272877693176, 0.3820064067840576, 0.07606427371501923, 0.06501471996307373], "conf": 0.2662728726863861}], "count_per_class": {"B1": 1, "B2": 0, "B3": 3, "B4": 0}, "side_index": 2}