{"image": "DAMIMAS_A21B_0041_4.jpg", "detector": "y26n_vanilla_local", "detections": [{"box_index": 0, "class_id": 2, "class_name": "B3", "bbox_yolo": [0.5717812776565552, 0.5091623067855835, 0.11660255491733551, 0.09289026260375977], "conf": 0.6256783604621887}, {"box_index": 1, "class_id": 0, "class_name": "B1", "bbox_yolo": [0.43917974829673767, 0.5213920474052429, 0.12384071946144104, 0.11039934307336807], "conf": 0.42639029026031494}, {"box_index": 2, "class_id": 3, "class_name": "B4", "bbox_yolo": [0.5831307172775269, 0.4295634329319, 0.09105949848890305, 0.0664033442735672], "conf": 0.3494676649570465}, {"box_index": 3, "class_id": 2, "class_name": "B3", "bbox_yolo": [0.4869472086429596, 0.45371657609939575, 0.10229992121458054, 0.06694769859313965], "conf": 0.2975580394268036}], "count_per_class": {"B1": 1, "B2": 0, "B3": 2, "B4": 1}, "side_index": 3}