{"image": "DAMIMAS_A21B_0114_2.jpg", "detector": "y26n_vanilla_local", "detections": [{"box_index": 0, "class_id": 2, "class_name": "B3", "bbox_yolo": [0.3080729842185974, 0.45113062858581543, 0.1105019599199295, 0.08317156136035919], "conf": 0.36643341183662415}], "count_per_class": {"B1": 0, "B2": 0, "B3": 1, "B4": 0}, "side_index": 1}