{"image": "DAMIMAS_A21B_0329_1.jpg", "detector": "y26n_vanilla_local", "detections": [{"box_index": 0, "class_id": 0, "class_name": "B1", "bbox_yolo": [0.35300353169441223, 0.5069738626480103, 0.06773465871810913, 0.056325387209653854], "conf": 0.2793689966201782}], "count_per_class": {"B1": 1, "B2": 0, "B3": 0, "B4": 0}, "side_index": 0}