{"image": "DAMIMAS_A21B_0300_3.jpg", "detector": "y26n_vanilla_local", "detections": [{"box_index": 0, "class_id": 2, "class_name": "B3", "bbox_yolo": [0.811360776424408, 0.06021692976355553, 0.19971543550491333, 0.12001929432153702], "conf": 0.2529448866844177}], "count_per_class": {"B1": 0, "B2": 0, "B3": 1, "B4": 0}, "side_index": 2}