{"image": "DAMIMAS_A21B_0535_4.jpg", "detector": "y26n_vanilla_local", "detections": [{"box_index": 0, "class_id": 2, "class_name": "B3", "bbox_yolo": [0.444415420293808, 0.45653486251831055, 0.11318277567625046, 0.09047418087720871], "conf": 0.6534628868103027}, {"box_index": 1, "class_id": 1, "class_name": "B2", "bbox_yolo": [0.6679532527923584, 0.4900611340999603, 0.09660892933607101, 0.08480940014123917], "conf": 0.4555325508117676}, {"box_index": 2, "class_id": 2, "class_name": "B3", "bbox_yolo": [0.611469566822052, 0.44236642122268677, 0.10038764029741287, 0.07810473442077637], "conf": 0.3647882044315338}, {"box_index": 3, "class_id": 0, "class_name": "B1", "bbox_yolo": [0.311181902885437, 0.47859612107276917, 0.10689345002174377, 0.09598346054553986], "conf": 0.348162442445755}], "count_per_class": {"B1": 1, "B2": 1, "B3": 2, "B4": 0}, "side_index": 3}