{"image": "DAMIMAS_A21B_0323_4.jpg", "detector": "y26n_vanilla_local", "detections": [{"box_index": 0, "class_id": 2, "class_name": "B3", "bbox_yolo": [0.6768620014190674, 0.4285207688808441, 0.1279682219028473, 0.09263568371534348], "conf": 0.7490015029907227}], "count_per_class": {"B1": 0, "B2": 0, "B3": 1, "B4": 0}, "side_index": 3}