{"image": "DAMIMAS_A21B_0193_4.jpg", "detector": "y26n_vanilla_local", "detections": [{"box_index": 0, "class_id": 2, "class_name": "B3", "bbox_yolo": [0.539175271987915, 0.43439584970474243, 0.11046842485666275, 0.09367408603429794], "conf": 0.5221636295318604}, {"box_index": 1, "class_id": 2, "class_name": "B3", "bbox_yolo": [0.6626414060592651, 0.42093878984451294, 0.09777018427848816, 0.08337586373090744], "conf": 0.4460653066635132}, {"box_index": 2, "class_id": 2, "class_name": "B3", "bbox_yolo": [0.3441360592842102, 0.4903789460659027, 0.07834018766880035, 0.05894599109888077], "conf": 0.34601518511772156}, {"box_index": 3, "class_id": 2, "class_name": "B3", "bbox_yolo": [0.33900970220565796, 0.41693273186683655, 0.12637005746364594, 0.08298184722661972], "conf": 0.26289302110671997}], "count_per_class": {"B1": 0, "B2": 0, "B3": 4, "B4": 0}, "side_index": 3}