{"image": "DAMIMAS_A21B_0366_2.jpg", "detector": "y26n_vanilla_local", "detections": [{"box_index": 0, "class_id": 2, "class_name": "B3", "bbox_yolo": [0.43209388852119446, 0.3624827265739441, 0.09900611639022827, 0.0808386355638504], "conf": 0.4059273600578308}], "count_per_class": {"B1": 0, "B2": 0, "B3": 1, "B4": 0}, "side_index": 1}