{"image": "DAMIMAS_A21B_0768_1.jpg", "detector": "y26n_vanilla_local", "detections": [{"box_index": 0, "class_id": 0, "class_name": "B1", "bbox_yolo": [0.31779325008392334, 0.3375619649887085, 0.19823603332042694, 0.17063966393470764], "conf": 0.7805498242378235}, {"box_index": 1, "class_id": 2, "class_name": "B3", "bbox_yolo": [0.4963776469230652, 0.2526150643825531, 0.19071516394615173, 0.1733696013689041], "conf": 0.728394627571106}, {"box_index": 2, "class_id": 1, "class_name": "B2", "bbox_yolo": [0.7285578846931458, 0.2733096778392792, 0.18164126574993134, 0.19895035028457642], "conf": 0.27223432064056396}], "count_per_class": {"B1": 1, "B2": 1, "B3": 1, "B4": 0}, "side_index": 0}