{"image": "DAMIMAS_A21B_0059_1.jpg", "detector": "y26n_vanilla_local", "detections": [{"box_index": 0, "class_id": 0, "class_name": "B1", "bbox_yolo": [0.46337923407554626, 0.48009172081947327, 0.13753806054592133, 0.1051097884774208], "conf": 0.7967466115951538}, {"box_index": 1, "class_id": 2, "class_name": "B3", "bbox_yolo": [0.3591245710849762, 0.4588846266269684, 0.06192128360271454, 0.06343384087085724], "conf": 0.3414623737335205}, {"box_index": 2, "class_id": 2, "class_name": "B3", "bbox_yolo": [0.3608236610889435, 0.46082183718681335, 0.08139652013778687, 0.07482113689184189], "conf": 0.3061272203922272}], "count_per_class": {"B1": 1, "B2": 0, "B3": 2, "B4": 0}, "side_index": 0}