{"image": "DAMIMAS_A21B_0350_1.jpg", "detector": "y26n_vanilla_local", "detections": [{"box_index": 0, "class_id": 0, "class_name": "B1", "bbox_yolo": [0.44895461201667786, 0.4082789421081543, 0.11414258182048798, 0.10578007996082306], "conf": 0.854822039604187}, {"box_index": 1, "class_id": 2, "class_name": "B3", "bbox_yolo": [0.593069851398468, 0.3890242278575897, 0.10557575523853302, 0.08591673523187637], "conf": 0.47973620891571045}], "count_per_class": {"B1": 1, "B2": 0, "B3": 1, "B4": 0}, "side_index": 0}