{"image": "DAMIMAS_A21B_0324_2.jpg", "detector": "y26n_vanilla_local", "detections": [{"box_index": 0, "class_id": 2, "class_name": "B3", "bbox_yolo": [0.6453761458396912, 0.4807712137699127, 0.10840645432472229, 0.09098901599645615], "conf": 0.5512749552726746}, {"box_index": 1, "class_id": 2, "class_name": "B3", "bbox_yolo": [0.3390013575553894, 0.5240845084190369, 0.14958280324935913, 0.12241997569799423], "conf": 0.38875794410705566}, {"box_index": 2, "class_id": 2, "class_name": "B3", "bbox_yolo": [0.33931002020835876, 0.5278508067131042, 0.16046985983848572, 0.12889528274536133], "conf": 0.3397093117237091}], "count_per_class": {"B1": 0, "B2": 0, "B3": 3, "B4": 0}, "side_index": 1}