{"image": "DAMIMAS_A21B_0123_1.jpg", "detector": "y26n_vanilla_local", "detections": [{"box_index": 0, "class_id": 1, "class_name": "B2", "bbox_yolo": [0.4662134349346161, 0.4228396415710449, 0.11496560275554657, 0.08585367351770401], "conf": 0.8225060701370239}, {"box_index": 1, "class_id": 2, "class_name": "B3", "bbox_yolo": [0.4316217601299286, 0.3642041087150574, 0.08178634941577911, 0.04281792789697647], "conf": 0.2552368640899658}], "count_per_class": {"B1": 0, "B2": 1, "B3": 1, "B4": 0}, "side_index": 0}