{"image": "DAMIMAS_A21B_0401_3.jpg", "detector": "y26n_vanilla_local", "detections": [{"box_index": 0, "class_id": 2, "class_name": "B3", "bbox_yolo": [0.4527536630630493, 0.4583601653575897, 0.1415114402770996, 0.1064663901925087], "conf": 0.4148995280265808}, {"box_index": 1, "class_id": 1, "class_name": "B2", "bbox_yolo": [0.4527536630630493, 0.4583601653575897, 0.1415114402770996, 0.1064663901925087], "conf": 0.25790977478027344}], "count_per_class": {"B1": 0, "B2": 1, "B3": 1, "B4": 0}, "side_index": 2}