{"image": "DAMIMAS_A21B_0117_3.jpg", "detector": "y26n_vanilla_local", "detections": [{"box_index": 0, "class_id": 2, "class_name": "B3", "bbox_yolo": [0.4894762933254242, 0.5169324278831482, 0.10422112792730331, 0.11337309330701828], "conf": 0.7559293508529663}, {"box_index": 1, "class_id": 2, "class_name": "B3", "bbox_yolo": [0.5763707160949707, 0.6273078322410583, 0.09677489846944809, 0.07971511036157608], "conf": 0.2950834035873413}, {"box_index": 2, "class_id": 2, "class_name": "B3", "bbox_yolo": [0.5762919187545776, 0.6285982131958008, 0.08436146378517151, 0.06790924072265625], "conf": 0.2789969742298126}], "count_per_class": {"B1": 0, "B2": 0, "B3": 3, "B4": 0}, "side_index": 2}