{"image": "DAMIMAS_A21B_0171_4.jpg", "detector": "y26n_vanilla_local", "detections": [{"box_index": 0, "class_id": 2, "class_name": "B3", "bbox_yolo": [0.34128648042678833, 0.4400802254676819, 0.13429130613803864, 0.11237573623657227], "conf": 0.5532903075218201}, {"box_index": 1, "class_id": 3, "class_name": "B4", "bbox_yolo": [0.6383814811706543, 0.386502206325531, 0.1018749326467514, 0.09023032337427139], "conf": 0.3460245728492737}], "count_per_class": {"B1": 0, "B2": 0, "B3": 1, "B4": 1}, "side_index": 3}