{"image": "DAMIMAS_A21B_0271_1.jpg", "detector": "y26n_vanilla_local", "detections": [{"box_index": 0, "class_id": 2, "class_name": "B3", "bbox_yolo": [0.7526470422744751, 0.3786178231239319, 0.10800839215517044, 0.09045016765594482], "conf": 0.44080525636672974}, {"box_index": 1, "class_id": 2, "class_name": "B3", "bbox_yolo": [0.3464139997959137, 0.4047822654247284, 0.11515786498785019, 0.09663660824298859], "conf": 0.35182034969329834}, {"box_index": 2, "class_id": 2, "class_name": "B3", "bbox_yolo": [0.48175421357154846, 0.41065189242362976, 0.13611119985580444, 0.11945634335279465], "conf": 0.33976826071739197}], "count_per_class": {"B1": 0, "B2": 0, "B3": 3, "B4": 0}, "side_index": 0}