{"image": "DAMIMAS_A21B_0067_4.jpg", "detector": "y26n_vanilla_local", "detections": [{"box_index": 0, "class_id": 2, "class_name": "B3", "bbox_yolo": [0.3761599659919739, 0.5103546977043152, 0.12343139946460724, 0.10397100448608398], "conf": 0.8293178677558899}, {"box_index": 1, "class_id": 2, "class_name": "B3", "bbox_yolo": [0.4905811548233032, 0.4644601047039032, 0.10539360344409943, 0.08329463005065918], "conf": 0.4164107143878937}, {"box_index": 2, "class_id": 1, "class_name": "B2", "bbox_yolo": [0.5513312816619873, 0.5439383387565613, 0.14223802089691162, 0.10401587933301926], "conf": 0.31476250290870667}], "count_per_class": {"B1": 0, "B2": 1, "B3": 2, "B4": 0}, "side_index": 3}