{"image": "DAMIMAS_A21B_0113_1.jpg", "detector": "y26n_vanilla_local", "detections": [{"box_index": 0, "class_id": 2, "class_name": "B3", "bbox_yolo": [0.6089133024215698, 0.5437037348747253, 0.11700554192066193, 0.08604498207569122], "conf": 0.5395132899284363}, {"box_index": 1, "class_id": 1, "class_name": "B2", "bbox_yolo": [0.45852187275886536, 0.5693641901016235, 0.1351245939731598, 0.09579949826002121], "conf": 0.5345134139060974}, {"box_index": 2, "class_id": 1, "class_name": "B2", "bbox_yolo": [0.45744746923446655, 0.5750944018363953, 0.1458750218153, 0.10516481846570969], "conf": 0.4672733545303345}, {"box_index": 3, "class_id": 2, "class_name": "B3", "bbox_yolo": [0.38475871086120605, 0.5169229507446289, 0.09175457060337067, 0.05621638521552086], "conf": 0.3065294921398163}], "count_per_class": {"B1": 0, "B2": 2, "B3": 2, "B4": 0}, "side_index": 0}