{"image": "DAMIMAS_A21B_0017_3.jpg", "detector": "y26n_vanilla_local", "detections": [{"box_index": 0, "class_id": 1, "class_name": "B2", "bbox_yolo": [0.3677714467048645, 0.477154403924942, 0.15051206946372986, 0.11423283070325851], "conf": 0.6094659566879272}, {"box_index": 1, "class_id": 2, "class_name": "B3", "bbox_yolo": [0.6301184892654419, 0.44008156657218933, 0.11272138357162476, 0.08252697438001633], "conf": 0.4369659721851349}, {"box_index": 2, "class_id": 2, "class_name": "B3", "bbox_yolo": [0.5130435228347778, 0.4342145025730133, 0.1100350096821785, 0.08961363136768341], "conf": 0.2597101032733917}], "count_per_class": {"B1": 0, "B2": 1, "B3": 2, "B4": 0}, "side_index": 2}