{"image": "DAMIMAS_A21B_0447_4.jpg", "detector": "y26n_vanilla_local", "detections": [{"box_index": 0, "class_id": 3, "class_name": "B4", "bbox_yolo": [0.45708194375038147, 0.3729924261569977, 0.08924675732851028, 0.061165641993284225], "conf": 0.3235917091369629}, {"box_index": 1, "class_id": 2, "class_name": "B3", "bbox_yolo": [0.3944796323776245, 0.42068496346473694, 0.07627729326486588, 0.06214115768671036], "conf": 0.3219749629497528}, {"box_index": 2, "class_id": 2, "class_name": "B3", "bbox_yolo": [0.39572858810424805, 0.4281446933746338, 0.09290657192468643, 0.07871198654174805], "conf": 0.26627686619758606}, {"box_index": 3, "class_id": 3, "class_name": "B4", "bbox_yolo": [0.4602162539958954, 0.3732670545578003, 0.07366028428077698, 0.05259537696838379], "conf": 0.2508350908756256}], "count_per_class": {"B1": 0, "B2": 0, "B3": 2, "B4": 2}, "side_index": 3}