{"image": "DAMIMAS_A21B_0200_4.jpg", "detector": "y26n_vanilla_local", "detections": [{"box_index": 0, "class_id": 1, "class_name": "B2", "bbox_yolo": [0.39138320088386536, 0.4622739851474762, 0.15826378762722015, 0.12154798954725266], "conf": 0.6709305047988892}, {"box_index": 1, "class_id": 2, "class_name": "B3", "bbox_yolo": [0.6329650282859802, 0.428091824054718, 0.09957262873649597, 0.08298664540052414], "conf": 0.5673842430114746}], "count_per_class": {"B1": 0, "B2": 1, "B3": 1, "B4": 0}, "side_index": 3}