{"image": "DAMIMAS_A21B_0143_2.jpg", "detector": "y26n_vanilla_local", "detections": [{"box_index": 0, "class_id": 2, "class_name": "B3", "bbox_yolo": [0.4124748706817627, 0.4759688377380371, 0.13252703845500946, 0.098746158182621], "conf": 0.47138187289237976}, {"box_index": 1, "class_id": 2, "class_name": "B3", "bbox_yolo": [0.31118592619895935, 0.43826934695243835, 0.08812087774276733, 0.08200192451477051], "conf": 0.33321288228034973}, {"box_index": 2, "class_id": 3, "class_name": "B4", "bbox_yolo": [0.3881171643733978, 0.38092857599258423, 0.10141230374574661, 0.07461357116699219], "conf": 0.315335750579834}, {"box_index": 3, "class_id": 2, "class_name": "B3", "bbox_yolo": [0.6150386929512024, 0.43160805106163025, 0.09489091485738754, 0.0760233923792839], "conf": 0.2601872980594635}], "count_per_class": {"B1": 0, "B2": 0, "B3": 3, "B4": 1}, "side_index": 1}