{"image": "DAMIMAS_A21B_0400_1.jpg", "detector": "y26n_vanilla_local", "detections": [{"box_index": 0, "class_id": 3, "class_name": "B4", "bbox_yolo": [0.5139581561088562, 0.3711848556995392, 0.12001200020313263, 0.09040770679712296], "conf": 0.34014520049095154}, {"box_index": 1, "class_id": 1, "class_name": "B2", "bbox_yolo": [0.4758170545101166, 0.45854711532592773, 0.14741504192352295, 0.10329756885766983], "conf": 0.32198381423950195}, {"box_index": 2, "class_id": 2, "class_name": "B3", "bbox_yolo": [0.38791176676750183, 0.38364729285240173, 0.08287990093231201, 0.05989132076501846], "conf": 0.30220934748649597}], "count_per_class": {"B1": 0, "B2": 1, "B3": 1, "B4": 1}, "side_index": 0}