{"image": "DAMIMAS_A21B_0817_4.jpg", "detector": "y26n_vanilla_local", "detections": [{"box_index": 0, "class_id": 2, "class_name": "B3", "bbox_yolo": [0.4142474830150604, 0.36807551980018616, 0.11559858918190002, 0.11588811874389648], "conf": 0.6992058753967285}, {"box_index": 1, "class_id": 0, "class_name": "B1", "bbox_yolo": [0.609619677066803, 0.4071001708507538, 0.19545626640319824, 0.14228390157222748], "conf": 0.3567623794078827}, {"box_index": 2, "class_id": 1, "class_name": "B2", "bbox_yolo": [0.27041348814964294, 0.37183281779289246, 0.14156803488731384, 0.12575960159301758], "conf": 0.30316850543022156}], "count_per_class": {"B1": 1, "B2": 1, "B3": 1, "B4": 0}, "side_index": 3}