{"image": "DAMIMAS_A21B_0037_3.jpg", "detector": "y26n_vanilla_local", "detections": [{"box_index": 0, "class_id": 2, "class_name": "B3", "bbox_yolo": [0.5478426814079285, 0.4396746754646301, 0.11439559608697891, 0.08889808505773544], "conf": 0.7753504514694214}, {"box_index": 1, "class_id": 2, "class_name": "B3", "bbox_yolo": [0.6410302519798279, 0.47183677554130554, 0.09845791012048721, 0.07859740406274796], "conf": 0.5727871656417847}, {"box_index": 2, "class_id": 3, "class_name": "B4", "bbox_yolo": [0.43061986565589905, 0.4034281373023987, 0.10889085382223129, 0.08026476204395294], "conf": 0.3516730070114136}, {"box_index": 3, "class_id": 2, "class_name": "B3", "bbox_yolo": [0.36691969633102417, 0.47411903738975525, 0.1208849623799324, 0.09397907555103302], "conf": 0.3432977795600891}], "count_per_class": {"B1": 0, "B2": 0, "B3": 3, "B4": 1}, "side_index": 2}