{"image": "DAMIMAS_A21B_0377_2.jpg", "detector": "y26n_vanilla_local", "detections": [{"box_index": 0, "class_id": 2, "class_name": "B3", "bbox_yolo": [0.37890908122062683, 0.3934853971004486, 0.06936311721801758, 0.04829997941851616], "conf": 0.3692062497138977}, {"box_index": 1, "class_id": 2, "class_name": "B3", "bbox_yolo": [0.49615469574928284, 0.4268737733364105, 0.09127821028232574, 0.08179605007171631], "conf": 0.3210330009460449}, {"box_index": 2, "class_id": 2, "class_name": "B3", "bbox_yolo": [0.38185974955558777, 0.40030619502067566, 0.08520002663135529, 0.06675169616937637], "conf": 0.26688453555107117}], "count_per_class": {"B1": 0, "B2": 0, "B3": 3, "B4": 0}, "side_index": 1}