{"image": "DAMIMAS_A21B_0025_1.jpg", "detector": "y26n_vanilla_local", "detections": [{"box_index": 0, "class_id": 1, "class_name": "B2", "bbox_yolo": [0.4471898674964905, 0.588641345500946, 0.10569950938224792, 0.0860622450709343], "conf": 0.4679113030433655}, {"box_index": 1, "class_id": 2, "class_name": "B3", "bbox_yolo": [0.6155077815055847, 0.554535984992981, 0.08792362362146378, 0.06965632736682892], "conf": 0.45537906885147095}], "count_per_class": {"B1": 0, "B2": 1, "B3": 1, "B4": 0}, "side_index": 0}