{"image": "DAMIMAS_A21B_0835_3.jpg", "detector": "y26n_vanilla_local", "detections": [{"box_index": 0, "class_id": 2, "class_name": "B3", "bbox_yolo": [0.35943883657455444, 0.22659149765968323, 0.17858128249645233, 0.10728903114795685], "conf": 0.703537106513977}, {"box_index": 1, "class_id": 2, "class_name": "B3", "bbox_yolo": [0.41881033778190613, 0.33698731660842896, 0.17556312680244446, 0.13656571507453918], "conf": 0.5221140384674072}, {"box_index": 2, "class_id": 2, "class_name": "B3", "bbox_yolo": [0.27285584807395935, 0.34230032563209534, 0.10520589351654053, 0.0839533805847168], "conf": 0.37283962965011597}, {"box_index": 3, "class_id": 2, "class_name": "B3", "bbox_yolo": [0.726987898349762, 0.28832587599754333, 0.12839165329933167, 0.07942982017993927], "conf": 0.3524121046066284}], "count_per_class": {"B1": 0, "B2": 0, "B3": 4, "B4": 0}, "side_index": 2}