{"image": "DAMIMAS_A21B_0380_1.jpg", "detector": "y26n_vanilla_local", "detections": [{"box_index": 0, "class_id": 2, "class_name": "B3", "bbox_yolo": [0.4336250424385071, 0.41762447357177734, 0.12487663328647614, 0.09689440578222275], "conf": 0.6891605854034424}, {"box_index": 1, "class_id": 0, "class_name": "B1", "bbox_yolo": [0.6697896122932434, 0.4676705300807953, 0.10851173847913742, 0.10723719745874405], "conf": 0.6841987371444702}, {"box_index": 2, "class_id": 0, "class_name": "B1", "bbox_yolo": [0.3303559720516205, 0.4669407904148102, 0.11749490350484848, 0.10165586322546005], "conf": 0.3644753098487854}, {"box_index": 3, "class_id": 1, "class_name": "B2", "bbox_yolo": [0.3303559720516205, 0.4669407904148102, 0.11749490350484848, 0.10165586322546005], "conf": 0.3247082233428955}], "count_per_class": {"B1": 2, "B2": 1, "B3": 1, "B4": 0}, "side_index": 0}