{"image": "DAMIMAS_A21B_0070_3.jpg", "detector": "y26n_vanilla_local", "detections": [{"box_index": 0, "class_id": 2, "class_name": "B3", "bbox_yolo": [0.27598923444747925, 0.456045538187027, 0.15858787298202515, 0.11330018192529678], "conf": 0.6831005811691284}, {"box_index": 1, "class_id": 2, "class_name": "B3", "bbox_yolo": [0.5893539786338806, 0.42203769087791443, 0.1408102810382843, 0.12001623958349228], "conf": 0.6313081383705139}, {"box_index": 2, "class_id": 2, "class_name": "B3", "bbox_yolo": [0.46973103284835815, 0.4681547284126282, 0.1704910397529602, 0.15006236732006073], "conf": 0.44795289635658264}], "count_per_class": {"B1": 0, "B2": 0, "B3": 3, "B4": 0}, "side_index": 2}