{"image": "DAMIMAS_A21B_0003_4.jpg", "detector": "y26n_vanilla_local", "detections": [{"box_index": 0, "class_id": 2, "class_name": "B3", "bbox_yolo": [0.3766147792339325, 0.4049389064311981, 0.16696740686893463, 0.11836905777454376], "conf": 0.7139700055122375}, {"box_index": 1, "class_id": 1, "class_name": "B2", "bbox_yolo": [0.28373751044273376, 0.45269641280174255, 0.14104542136192322, 0.1166449561715126], "conf": 0.6895726919174194}, {"box_index": 2, "class_id": 2, "class_name": "B3", "bbox_yolo": [0.576266348361969, 0.4217150807380676, 0.16515399515628815, 0.13525019586086273], "conf": 0.6149295568466187}, {"box_index": 3, "class_id": 3, "class_name": "B4", "bbox_yolo": [0.6537446975708008, 0.3352411985397339, 0.11044681072235107, 0.07365942001342773], "conf": 0.48885732889175415}], "count_per_class": {"B1": 0, "B2": 1, "B3": 2, "B4": 1}, "side_index": 3}