{"image": "DAMIMAS_A21B_0352_4.jpg", "detector": "y26n_vanilla_local", "detections": [{"box_index": 0, "class_id": 0, "class_name": "B1", "bbox_yolo": [0.6015036106109619, 0.4017861485481262, 0.12647336721420288, 0.09163937717676163], "conf": 0.727480947971344}, {"box_index": 1, "class_id": 3, "class_name": "B4", "bbox_yolo": [0.41924935579299927, 0.3167702853679657, 0.1169445738196373, 0.0690617561340332], "conf": 0.31009525060653687}], "count_per_class": {"B1": 1, "B2": 0, "B3": 0, "B4": 1}, "side_index": 3}