{"image": "DAMIMAS_A21B_0240_3.jpg", "detector": "y26n_vanilla_local", "detections": [{"box_index": 0, "class_id": 2, "class_name": "B3", "bbox_yolo": [0.49679726362228394, 0.2952434718608856, 0.1517583578824997, 0.11122498661279678], "conf": 0.5512540936470032}, {"box_index": 1, "class_id": 3, "class_name": "B4", "bbox_yolo": [0.4650784134864807, 0.20154587924480438, 0.11894016712903976, 0.08109511435031891], "conf": 0.46557244658470154}, {"box_index": 2, "class_id": 2, "class_name": "B3", "bbox_yolo": [0.4946901798248291, 0.30139070749282837, 0.1603970229625702, 0.12316963821649551], "conf": 0.3585641384124756}, {"box_index": 3, "class_id": 2, "class_name": "B3", "bbox_yolo": [0.349322646856308, 0.30327877402305603, 0.10830247402191162, 0.09833937138319016], "conf": 0.2649684250354767}], "count_per_class": {"B1": 0, "B2": 0, "B3": 3, "B4": 1}, "side_index": 2}