{"image": "DAMIMAS_A21B_0211_4.jpg", "detector": "y26n_vanilla_local", "detections": [{"box_index": 0, "class_id": 0, "class_name": "B1", "bbox_yolo": [0.6100350022315979, 0.45449480414390564, 0.18140262365341187, 0.1400785744190216], "conf": 0.6859630346298218}, {"box_index": 1, "class_id": 2, "class_name": "B3", "bbox_yolo": [0.4151756465435028, 0.3974401652812958, 0.17860810458660126, 0.1450926810503006], "conf": 0.665015697479248}, {"box_index": 2, "class_id": 2, "class_name": "B3", "bbox_yolo": [0.7343959212303162, 0.3599010109901428, 0.10761776566505432, 0.09966059029102325], "conf": 0.31949955224990845}], "count_per_class": {"B1": 1, "B2": 0, "B3": 2, "B4": 0}, "side_index": 3}