{"image": "DAMIMAS_A21B_0189_4.jpg", "detector": "y26n_vanilla_local", "detections": [{"box_index": 0, "class_id": 2, "class_name": "B3", "bbox_yolo": [0.36270540952682495, 0.4684114456176758, 0.10352885723114014, 0.09105386584997177], "conf": 0.5563223361968994}, {"box_index": 1, "class_id": 1, "class_name": "B2", "bbox_yolo": [0.4912700653076172, 0.4433174133300781, 0.13309192657470703, 0.10346019268035889], "conf": 0.5382981896400452}], "count_per_class": {"B1": 0, "B2": 1, "B3": 1, "B4": 0}, "side_index": 3}