{"image": "DAMIMAS_A21B_0612_3.jpg", "detector": "y26n_vanilla_local", "detections": [{"box_index": 0, "class_id": 2, "class_name": "B3", "bbox_yolo": [0.6813128590583801, 0.4429393708705902, 0.1986740231513977, 0.14952535927295685], "conf": 0.775399923324585}, {"box_index": 1, "class_id": 1, "class_name": "B2", "bbox_yolo": [0.3880085051059723, 0.48910900950431824, 0.1470227688550949, 0.14425019919872284], "conf": 0.5319510698318481}, {"box_index": 2, "class_id": 1, "class_name": "B2", "bbox_yolo": [0.40600550174713135, 0.4892880618572235, 0.1862705647945404, 0.1482285112142563], "conf": 0.5270248651504517}, {"box_index": 3, "class_id": 2, "class_name": "B3", "bbox_yolo": [0.2833479642868042, 0.4062788486480713, 0.15069898962974548, 0.11662757396697998], "conf": 0.5081561803817749}], "count_per_class": {"B1": 0, "B2": 2, "B3": 2, "B4": 0}, "side_index": 2}