{"image": "DAMIMAS_A21B_0432_3.jpg", "detector": "y26n_vanilla_local", "detections": [{"box_index": 0, "class_id": 1, "class_name": "B2", "bbox_yolo": [0.5831910967826843, 0.5322813391685486, 0.0722384825348854, 0.053038883954286575], "conf": 0.43845808506011963}, {"box_index": 1, "class_id": 2, "class_name": "B3", "bbox_yolo": [0.49982237815856934, 0.5187729001045227, 0.06494204699993134, 0.05786628648638725], "conf": 0.39363425970077515}, {"box_index": 2, "class_id": 2, "class_name": "B3", "bbox_yolo": [0.617017924785614, 0.4923810064792633, 0.0637737289071083, 0.04184894636273384], "conf": 0.2861204445362091}], "count_per_class": {"B1": 0, "B2": 1, "B3": 2, "B4": 0}, "side_index": 2}