{"image": "DAMIMAS_A21B_0364_3.jpg", "detector": "y26n_vanilla_local", "detections": [{"box_index": 0, "class_id": 2, "class_name": "B3", "bbox_yolo": [0.5334122776985168, 0.26376810669898987, 0.11463610827922821, 0.11802413314580917], "conf": 0.6801077127456665}, {"box_index": 1, "class_id": 0, "class_name": "B1", "bbox_yolo": [0.5860434174537659, 0.3664252758026123, 0.19856654107570648, 0.11389973014593124], "conf": 0.6534153819084167}, {"box_index": 2, "class_id": 3, "class_name": "B4", "bbox_yolo": [0.34890425205230713, 0.21555392444133759, 0.1223117858171463, 0.09235750883817673], "conf": 0.6038545966148376}, {"box_index": 3, "class_id": 2, "class_name": "B3", "bbox_yolo": [0.3761718273162842, 0.3316231667995453, 0.15519626438617706, 0.14141316711902618], "conf": 0.5941977500915527}], "count_per_class": {"B1": 1, "B2": 0, "B3": 2, "B4": 1}, "side_index": 2}