{"image": "DAMIMAS_A21B_0408_1.jpg", "detector": "y26n_vanilla_local", "detections": [{"box_index": 0, "class_id": 0, "class_name": "B1", "bbox_yolo": [0.5139597654342651, 0.36904987692832947, 0.14096121490001678, 0.11435332149267197], "conf": 0.8473777770996094}, {"box_index": 1, "class_id": 2, "class_name": "B3", "bbox_yolo": [0.6498711705207825, 0.343990683555603, 0.1005580946803093, 0.08903755992650986], "conf": 0.48646724224090576}, {"box_index": 2, "class_id": 2, "class_name": "B3", "bbox_yolo": [0.2785581350326538, 0.3569513261318207, 0.0998866930603981, 0.08789556473493576], "conf": 0.3744889497756958}], "count_per_class": {"B1": 1, "B2": 0, "B3": 2, "B4": 0}, "side_index": 0}