{"image": "DAMIMAS_A21B_0667_2.jpg", "detector": "y26n_vanilla_local", "detections": [{"box_index": 0, "class_id": 2, "class_name": "B3", "bbox_yolo": [0.35143232345581055, 0.3668298125267029, 0.13283415138721466, 0.11031108349561691], "conf": 0.6993013620376587}, {"box_index": 1, "class_id": 1, "class_name": "B2", "bbox_yolo": [0.5378999710083008, 0.3932588994503021, 0.13243570923805237, 0.11992936581373215], "conf": 0.48555976152420044}], "count_per_class": {"B1": 0, "B2": 1, "B3": 1, "B4": 0}, "side_index": 1}