{"image": "DAMIMAS_A21B_0525_3.jpg", "detector": "y26n_vanilla_local", "detections": [{"box_index": 0, "class_id": 2, "class_name": "B3", "bbox_yolo": [0.5156844854354858, 0.5359579920768738, 0.10067253559827805, 0.09290194511413574], "conf": 0.7748675346374512}, {"box_index": 1, "class_id": 2, "class_name": "B3", "bbox_yolo": [0.3925323784351349, 0.5633835196495056, 0.10536789149045944, 0.08670759201049805], "conf": 0.6489261984825134}, {"box_index": 2, "class_id": 0, "class_name": "B1", "bbox_yolo": [0.6078044176101685, 0.5572314262390137, 0.0995597243309021, 0.086155466735363], "conf": 0.4912179112434387}, {"box_index": 3, "class_id": 1, "class_name": "B2", "bbox_yolo": [0.6078044176101685, 0.5572314262390137, 0.0995597243309021, 0.086155466735363], "conf": 0.3037487268447876}], "count_per_class": {"B1": 1, "B2": 1, "B3": 2, "B4": 0}, "side_index": 2}