{"image": "DAMIMAS_A21B_0339_3.jpg", "detector": "y26n_vanilla_local", "detections": [{"box_index": 0, "class_id": 0, "class_name": "B1", "bbox_yolo": [0.39650774002075195, 0.33260378241539, 0.10240940004587173, 0.07731395214796066], "conf": 0.5826573967933655}, {"box_index": 1, "class_id": 0, "class_name": "B1", "bbox_yolo": [0.6529526114463806, 0.35308119654655457, 0.08355751633644104, 0.06798379868268967], "conf": 0.4118274748325348}, {"box_index": 2, "class_id": 0, "class_name": "B1", "bbox_yolo": [0.6575944423675537, 0.35319486260414124, 0.06864757835865021, 0.0595044381916523], "conf": 0.405983567237854}, {"box_index": 3, "class_id": 2, "class_name": "B3", "bbox_yolo": [0.5057750344276428, 0.3102843761444092, 0.08742828667163849, 0.07534034550189972], "conf": 0.3631919324398041}], "count_per_class": {"B1": 3, "B2": 0, "B3": 1, "B4": 0}, "side_index": 2}