{"image": "DAMIMAS_A21B_0058_2.jpg", "detector": "y26n_vanilla_local", "detections": [{"box_index": 0, "class_id": 3, "class_name": "B4", "bbox_yolo": [0.34244784712791443, 0.43778419494628906, 0.10923392325639725, 0.07224597781896591], "conf": 0.33145248889923096}, {"box_index": 1, "class_id": 1, "class_name": "B2", "bbox_yolo": [0.3680775463581085, 0.5050821304321289, 0.11507146060466766, 0.08228792995214462], "conf": 0.32695499062538147}, {"box_index": 2, "class_id": 2, "class_name": "B3", "bbox_yolo": [0.5012211203575134, 0.4738507866859436, 0.10640431195497513, 0.07711782306432724], "conf": 0.28284260630607605}, {"box_index": 3, "class_id": 0, "class_name": "B1", "bbox_yolo": [0.3680775463581085, 0.5050821304321289, 0.11507146060466766, 0.08228792995214462], "conf": 0.27205315232276917}], "count_per_class": {"B1": 1, "B2": 1, "B3": 1, "B4": 1}, "side_index": 1}