{"image": "DAMIMAS_A21B_0309_4.jpg", "detector": "y26n_vanilla_local", "detections": [{"box_index": 0, "class_id": 2, "class_name": "B3", "bbox_yolo": [0.5338542461395264, 0.366186261177063, 0.19307926297187805, 0.14675994217395782], "conf": 0.5632410645484924}, {"box_index": 1, "class_id": 0, "class_name": "B1", "bbox_yolo": [0.24850322306156158, 0.4330861270427704, 0.1128767728805542, 0.09410388767719269], "conf": 0.551395833492279}, {"box_index": 2, "class_id": 2, "class_name": "B3", "bbox_yolo": [0.3351408839225769, 0.35710009932518005, 0.15270881354808807, 0.11872921139001846], "conf": 0.4659842848777771}, {"box_index": 3, "class_id": 2, "class_name": "B3", "bbox_yolo": [0.6596531271934509, 0.3179453909397125, 0.11168970167636871, 0.09319668263196945], "conf": 0.38793134689331055}], "count_per_class": {"B1": 1, "B2": 0, "B3": 3, "B4": 0}, "side_index": 3}