{"image": "DAMIMAS_A21B_0663_4.jpg", "detector": "y26n_vanilla_local", "detections": [{"box_index": 0, "class_id": 2, "class_name": "B3", "bbox_yolo": [0.4851575195789337, 0.30957141518592834, 0.17720229923725128, 0.13379834592342377], "conf": 0.5381473302841187}, {"box_index": 1, "class_id": 2, "class_name": "B3", "bbox_yolo": [0.28207817673683167, 0.32446470856666565, 0.15243515372276306, 0.12592637538909912], "conf": 0.37365150451660156}], "count_per_class": {"B1": 0, "B2": 0, "B3": 2, "B4": 0}, "side_index": 3}