{"image": "DAMIMAS_A21B_0453_4.jpg", "detector": "y26n_vanilla_local", "detections": [{"box_index": 0, "class_id": 0, "class_name": "B1", "bbox_yolo": [0.41889870166778564, 0.3352936804294586, 0.14288514852523804, 0.11320813000202179], "conf": 0.7098912000656128}, {"box_index": 1, "class_id": 3, "class_name": "B4", "bbox_yolo": [0.4711473286151886, 0.21836070716381073, 0.13408184051513672, 0.09432466328144073], "conf": 0.2866624891757965}], "count_per_class": {"B1": 1, "B2": 0, "B3": 0, "B4": 1}, "side_index": 3}