{"image": "DAMIMAS_A21B_0655_3.jpg", "detector": "y26n_vanilla_local", "detections": [{"box_index": 0, "class_id": 0, "class_name": "B1", "bbox_yolo": [0.29071369767189026, 0.2816423773765564, 0.15630659461021423, 0.1287776529788971], "conf": 0.7964166402816772}, {"box_index": 1, "class_id": 2, "class_name": "B3", "bbox_yolo": [0.41830700635910034, 0.2244667112827301, 0.1565506011247635, 0.11837615817785263], "conf": 0.5740020275115967}, {"box_index": 2, "class_id": 1, "class_name": "B2", "bbox_yolo": [0.6150510311126709, 0.2503133714199066, 0.12882094085216522, 0.09276757389307022], "conf": 0.3720317482948303}], "count_per_class": {"B1": 1, "B2": 1, "B3": 1, "B4": 0}, "side_index": 2}