{"image": "DAMIMAS_A21B_0633_2.jpg", "detector": "y26n_vanilla_local", "detections": [{"box_index": 0, "class_id": 1, "class_name": "B2", "bbox_yolo": [0.6157809495925903, 0.6520280838012695, 0.1584593504667282, 0.13610826432704926], "conf": 0.4998399019241333}, {"box_index": 1, "class_id": 2, "class_name": "B3", "bbox_yolo": [0.6157809495925903, 0.6520280838012695, 0.1584593504667282, 0.13610826432704926], "conf": 0.4813688099384308}], "count_per_class": {"B1": 0, "B2": 1, "B3": 1, "B4": 0}, "side_index": 1}