{"image": "DAMIMAS_A21B_0143_4.jpg", "detector": "y26n_vanilla_local", "detections": [{"box_index": 0, "class_id": 2, "class_name": "B3", "bbox_yolo": [0.4270551800727844, 0.43012067675590515, 0.12278411537408829, 0.09700983017683029], "conf": 0.7481552362442017}, {"box_index": 1, "class_id": 2, "class_name": "B3", "bbox_yolo": [0.6279504895210266, 0.38969922065734863, 0.09662692248821259, 0.07012386620044708], "conf": 0.5435131192207336}, {"box_index": 2, "class_id": 2, "class_name": "B3", "bbox_yolo": [0.5210472345352173, 0.38164371252059937, 0.11192598938941956, 0.08223338425159454], "conf": 0.5166906118392944}, {"box_index": 3, "class_id": 3, "class_name": "B4", "bbox_yolo": [0.3926800489425659, 0.34727779030799866, 0.0956849753856659, 0.06709201633930206], "conf": 0.33407509326934814}], "count_per_class": {"B1": 0, "B2": 0, "B3": 3, "B4": 1}, "side_index": 3}