{"image": "DAMIMAS_A21B_0448_1.jpg", "detector": "y26n_vanilla_local", "detections": [{"box_index": 0, "class_id": 2, "class_name": "B3", "bbox_yolo": [0.5962037444114685, 0.3873981833457947, 0.09850191324949265, 0.08130774646997452], "conf": 0.5620861053466797}, {"box_index": 1, "class_id": 1, "class_name": "B2", "bbox_yolo": [0.47391220927238464, 0.42175397276878357, 0.10650848597288132, 0.0827493667602539], "conf": 0.5476909875869751}, {"box_index": 2, "class_id": 3, "class_name": "B4", "bbox_yolo": [0.5130573511123657, 0.34301015734672546, 0.0924285277724266, 0.07038743793964386], "conf": 0.48555633425712585}], "count_per_class": {"B1": 0, "B2": 1, "B3": 1, "B4": 1}, "side_index": 0}