{"image": "DAMIMAS_A21B_0808_4.jpg", "detector": "y26n_vanilla_local", "detections": [{"box_index": 0, "class_id": 0, "class_name": "B1", "bbox_yolo": [0.3620764911174774, 0.3610853850841522, 0.19325236976146698, 0.16080467402935028], "conf": 0.8305249214172363}, {"box_index": 1, "class_id": 2, "class_name": "B3", "bbox_yolo": [0.5914117693901062, 0.3121626377105713, 0.1981302946805954, 0.16894042491912842], "conf": 0.6862776875495911}, {"box_index": 2, "class_id": 0, "class_name": "B1", "bbox_yolo": [0.7834305763244629, 0.36816635727882385, 0.10994505137205124, 0.09264364093542099], "conf": 0.5407955050468445}, {"box_index": 3, "class_id": 2, "class_name": "B3", "bbox_yolo": [0.7531642317771912, 0.2786889672279358, 0.1273229718208313, 0.11802027374505997], "conf": 0.3385632336139679}], "count_per_class": {"B1": 2, "B2": 0, "B3": 2, "B4": 0}, "side_index": 3}