{"image": "DAMIMAS_A21B_0737_3.jpg", "detector": "y26n_vanilla_local", "detections": [{"box_index": 0, "class_id": 2, "class_name": "B3", "bbox_yolo": [0.6261612176895142, 0.22061948478221893, 0.19736513495445251, 0.1621702015399933], "conf": 0.7677491903305054}, {"box_index": 1, "class_id": 2, "class_name": "B3", "bbox_yolo": [0.8384860754013062, 0.2231723517179489, 0.12826958298683167, 0.1506773680448532], "conf": 0.7297839522361755}], "count_per_class": {"B1": 0, "B2": 0, "B3": 2, "B4": 0}, "side_index": 2}