{"image": "DAMIMAS_A21B_0797_2.jpg", "detector": "y26n_vanilla_local", "detections": [{"box_index": 0, "class_id": 1, "class_name": "B2", "bbox_yolo": [0.7193503379821777, 0.2605452537536621, 0.1200166791677475, 0.11936607211828232], "conf": 0.30522650480270386}], "count_per_class": {"B1": 0, "B2": 1, "B3": 0, "B4": 0}, "side_index": 1}