{"image": "DAMIMAS_A21B_0541_2.jpg", "detector": "y26n_vanilla_local", "detections": [{"box_index": 0, "class_id": 0, "class_name": "B1", "bbox_yolo": [0.6439073085784912, 0.4940585196018219, 0.14872685074806213, 0.13472799956798553], "conf": 0.8227577209472656}, {"box_index": 1, "class_id": 2, "class_name": "B3", "bbox_yolo": [0.4475827217102051, 0.46945151686668396, 0.12587805092334747, 0.10410761833190918], "conf": 0.6712753176689148}], "count_per_class": {"B1": 1, "B2": 0, "B3": 1, "B4": 0}, "side_index": 1}