{"image": "DAMIMAS_A21B_0724_2.jpg", "detector": "y26n_vanilla_local", "detections": [{"box_index": 0, "class_id": 2, "class_name": "B3", "bbox_yolo": [0.31586670875549316, 0.5053020715713501, 0.20365647971630096, 0.14250826835632324], "conf": 0.44412925839424133}, {"box_index": 1, "class_id": 3, "class_name": "B4", "bbox_yolo": [0.6752438545227051, 0.3091523349285126, 0.16634738445281982, 0.11825358867645264], "conf": 0.39005330204963684}, {"box_index": 2, "class_id": 0, "class_name": "B1", "bbox_yolo": [0.6436059474945068, 0.44806256890296936, 0.18836569786071777, 0.19430363178253174], "conf": 0.3245014548301697}, {"box_index": 3, "class_id": 1, "class_name": "B2", "bbox_yolo": [0.6436059474945068, 0.44806256890296936, 0.18836569786071777, 0.19430363178253174], "conf": 0.26982012391090393}], "count_per_class": {"B1": 1, "B2": 1, "B3": 1, "B4": 1}, "side_index": 1}