{"image": "DAMIMAS_A21B_0719_1.jpg", "detector": "y26n_vanilla_local", "detections": [{"box_index": 0, "class_id": 2, "class_name": "B3", "bbox_yolo": [0.6137436628341675, 0.3574616611003876, 0.18637950718402863, 0.1301729530096054], "conf": 0.7215445637702942}, {"box_index": 1, "class_id": 0, "class_name": "B1", "bbox_yolo": [0.2036350667476654, 0.4422348439693451, 0.16314755380153656, 0.15084850788116455], "conf": 0.7129927277565002}, {"box_index": 2, "class_id": 0, "class_name": "B1", "bbox_yolo": [0.7416383624076843, 0.41665393114089966, 0.1627466231584549, 0.14049707353115082], "conf": 0.6935212016105652}, {"box_index": 3, "class_id": 2, "class_name": "B3", "bbox_yolo": [0.36400941014289856, 0.4116958677768707, 0.19733017683029175, 0.15842390060424805], "conf": 0.6756625771522522}], "count_per_class": {"B1": 2, "B2": 0, "B3": 2, "B4": 0}, "side_index": 0}