{"image": "DAMIMAS_A21B_0754_4.jpg", "detector": "y26n_vanilla_local", "detections": [{"box_index": 0, "class_id": 0, "class_name": "B1", "bbox_yolo": [0.3399142622947693, 0.3890721797943115, 0.12365949153900146, 0.10247590392827988], "conf": 0.4283144176006317}], "count_per_class": {"B1": 1, "B2": 0, "B3": 0, "B4": 0}, "side_index": 3}