{"image": "DAMIMAS_A21B_0517_3.jpg", "detector": "y26n_vanilla_local", "detections": [{"box_index": 0, "class_id": 2, "class_name": "B3", "bbox_yolo": [0.3617202341556549, 0.5021072626113892, 0.15193936228752136, 0.12530255317687988], "conf": 0.587062656879425}, {"box_index": 1, "class_id": 2, "class_name": "B3", "bbox_yolo": [0.4937613308429718, 0.4353307783603668, 0.11225761473178864, 0.09339292347431183], "conf": 0.504551887512207}, {"box_index": 2, "class_id": 3, "class_name": "B4", "bbox_yolo": [0.34381288290023804, 0.40664640069007874, 0.11337954550981522, 0.0787532851099968], "conf": 0.503596842288971}, {"box_index": 3, "class_id": 2, "class_name": "B3", "bbox_yolo": [0.6736899018287659, 0.45657968521118164, 0.12303072959184647, 0.09603609889745712], "conf": 0.4020974636077881}], "count_per_class": {"B1": 0, "B2": 0, "B3": 3, "B4": 1}, "side_index": 2}