{"image": "DAMIMAS_A21B_0215_3.jpg", "detector": "y26n_vanilla_local", "detections": [{"box_index": 0, "class_id": 2, "class_name": "B3", "bbox_yolo": [0.3837948739528656, 0.38889819383621216, 0.1181350126862526, 0.11252333968877792], "conf": 0.6438875198364258}, {"box_index": 1, "class_id": 0, "class_name": "B1", "bbox_yolo": [0.5239130258560181, 0.4095853865146637, 0.11228974908590317, 0.08925769478082657], "conf": 0.32368096709251404}, {"box_index": 2, "class_id": 1, "class_name": "B2", "bbox_yolo": [0.5239130258560181, 0.4095853865146637, 0.11228974908590317, 0.08925769478082657], "conf": 0.2797641158103943}], "count_per_class": {"B1": 1, "B2": 1, "B3": 1, "B4": 0}, "side_index": 2}