{"image": "DAMIMAS_A21B_0802_1.jpg", "detector": "y26n_vanilla_local", "detections": [{"box_index": 0, "class_id": 2, "class_name": "B3", "bbox_yolo": [0.7667925953865051, 0.23807235062122345, 0.1828695386648178, 0.1382499635219574], "conf": 0.3845916986465454}, {"box_index": 1, "class_id": 3, "class_name": "B4", "bbox_yolo": [0.29435136914253235, 0.20226819813251495, 0.17721213400363922, 0.10446472465991974], "conf": 0.34758198261260986}, {"box_index": 2, "class_id": 2, "class_name": "B3", "bbox_yolo": [0.41219624876976013, 0.30410680174827576, 0.14095288515090942, 0.16261516511440277], "conf": 0.26061946153640747}, {"box_index": 3, "class_id": 2, "class_name": "B3", "bbox_yolo": [0.415639191865921, 0.3112974166870117, 0.1620245724916458, 0.17241095006465912], "conf": 0.25848379731178284}], "count_per_class": {"B1": 0, "B2": 0, "B3": 3, "B4": 1}, "side_index": 0}