{"image": "DAMIMAS_A21B_0198_3.jpg", "detector": "y26n_vanilla_local", "detections": [{"box_index": 0, "class_id": 2, "class_name": "B3", "bbox_yolo": [0.6356909871101379, 0.5081670880317688, 0.11891041696071625, 0.0970950648188591], "conf": 0.42138832807540894}, {"box_index": 1, "class_id": 1, "class_name": "B2", "bbox_yolo": [0.3180660903453827, 0.5083094835281372, 0.13355812430381775, 0.10529780387878418], "conf": 0.41648104786872864}, {"box_index": 2, "class_id": 0, "class_name": "B1", "bbox_yolo": [0.3180660903453827, 0.5083094835281372, 0.13355812430381775, 0.10529780387878418], "conf": 0.25121772289276123}], "count_per_class": {"B1": 1, "B2": 1, "B3": 1, "B4": 0}, "side_index": 2}