{"image": "DAMIMAS_A21B_0184_4.jpg", "detector": "y26n_vanilla_local", "detections": [{"box_index": 0, "class_id": 2, "class_name": "B3", "bbox_yolo": [0.3658163249492645, 0.441789448261261, 0.1887630820274353, 0.15463213622570038], "conf": 0.699524462223053}, {"box_index": 1, "class_id": 2, "class_name": "B3", "bbox_yolo": [0.6417480707168579, 0.4065309464931488, 0.14848525822162628, 0.1149444580078125], "conf": 0.6991300582885742}], "count_per_class": {"B1": 0, "B2": 0, "B3": 2, "B4": 0}, "side_index": 3}