{"image": "DAMIMAS_A21B_0033_4.jpg", "detector": "y26n_vanilla_local", "detections": [{"box_index": 0, "class_id": 2, "class_name": "B3", "bbox_yolo": [0.2887948453426361, 0.47844991087913513, 0.10852779448032379, 0.08709607273340225], "conf": 0.5394697785377502}, {"box_index": 1, "class_id": 2, "class_name": "B3", "bbox_yolo": [0.6420469880104065, 0.442711740732193, 0.10513903945684433, 0.09045131504535675], "conf": 0.26375633478164673}], "count_per_class": {"B1": 0, "B2": 0, "B3": 2, "B4": 0}, "side_index": 3}