{"image": "DAMIMAS_A21B_0254_2.jpg", "detector": "y26n_vanilla_local", "detections": [{"box_index": 0, "class_id": 2, "class_name": "B3", "bbox_yolo": [0.32586410641670227, 0.0388973243534565, 0.18081071972846985, 0.077794648706913], "conf": 0.3834225833415985}], "count_per_class": {"B1": 0, "B2": 0, "B3": 1, "B4": 0}, "side_index": 1}