{"image": "DAMIMAS_A21B_0335_2.jpg", "detector": "y26n_vanilla_local", "detections": [{"box_index": 0, "class_id": 0, "class_name": "B1", "bbox_yolo": [0.35114163160324097, 0.4306360185146332, 0.1724463552236557, 0.11964612454175949], "conf": 0.7099685668945312}, {"box_index": 1, "class_id": 2, "class_name": "B3", "bbox_yolo": [0.5145808458328247, 0.3854120373725891, 0.14356853067874908, 0.12562818825244904], "conf": 0.6327329874038696}, {"box_index": 2, "class_id": 2, "class_name": "B3", "bbox_yolo": [0.6760140061378479, 0.382139652967453, 0.11296240985393524, 0.09934773296117783], "conf": 0.5483430027961731}], "count_per_class": {"B1": 1, "B2": 0, "B3": 2, "B4": 0}, "side_index": 1}