{"image": "LONSUM_A21A_0092_1.jpg", "detector": "y26n_vanilla_local", "detections": [{"box_index": 0, "class_id": 2, "class_name": "B3", "bbox_yolo": [0.4695027470588684, 0.1904435008764267, 0.06763795763254166, 0.054085493087768555], "conf": 0.44911089539527893}, {"box_index": 1, "class_id": 2, "class_name": "B3", "bbox_yolo": [0.42420142889022827, 0.22782857716083527, 0.049756910651922226, 0.047306012362241745], "conf": 0.2603345513343811}, {"box_index": 2, "class_id": 2, "class_name": "B3", "bbox_yolo": [0.42284202575683594, 0.2243565171957016, 0.04263649135828018, 0.04350607469677925], "conf": 0.25370368361473083}], "count_per_class": {"B1": 0, "B2": 0, "B3": 3, "B4": 0}, "side_index": 0}