{"image": "LONSUM_A21A_0062_1.jpg", "detector": "y26n_vanilla_local", "detections": [{"box_index": 0, "class_id": 2, "class_name": "B3", "bbox_yolo": [0.6822116374969482, 0.3290196359157562, 0.13015365600585938, 0.09252150356769562], "conf": 0.4706895351409912}, {"box_index": 1, "class_id": 2, "class_name": "B3", "bbox_yolo": [0.4316490888595581, 0.27261215448379517, 0.11013209819793701, 0.10851754993200302], "conf": 0.45954811573028564}, {"box_index": 2, "class_id": 2, "class_name": "B3", "bbox_yolo": [0.5827298760414124, 0.2552054524421692, 0.1696949154138565, 0.10963866859674454], "conf": 0.3631342649459839}, {"box_index": 3, "class_id": 1, "class_name": "B2", "bbox_yolo": [0.3311232328414917, 0.344849556684494, 0.12333886325359344, 0.10829146206378937], "conf": 0.3290797173976898}], "count_per_class": {"B1": 0, "B2": 1, "B3": 3, "B4": 0}, "side_index": 0}