{"image": "LONSUM_A21A_0050_4.jpg", "detector": "y26n_vanilla_local", "detections": [{"box_index": 0, "class_id": 2, "class_name": "B3", "bbox_yolo": [0.6300565600395203, 0.4793922007083893, 0.08168303966522217, 0.05445737764239311], "conf": 0.3540044128894806}], "count_per_class": {"B1": 0, "B2": 0, "B3": 1, "B4": 0}, "side_index": 3}