{"image": "LONSUM_A21A_0038_2.jpg", "detector": "y26n_vanilla_local", "detections": [{"box_index": 0, "class_id": 3, "class_name": "B4", "bbox_yolo": [0.5263710021972656, 0.36042022705078125, 0.09622974693775177, 0.07012281566858292], "conf": 0.2579677402973175}], "count_per_class": {"B1": 0, "B2": 0, "B3": 0, "B4": 1}, "side_index": 1}