{"image": "LONSUM_A21A_0012_4.jpg", "detector": "y26n_vanilla_local", "detections": [{"box_index": 0, "class_id": 2, "class_name": "B3", "bbox_yolo": [0.47999057173728943, 0.4367216229438782, 0.0980922132730484, 0.09715018421411514], "conf": 0.6337662935256958}, {"box_index": 1, "class_id": 2, "class_name": "B3", "bbox_yolo": [0.5876726508140564, 0.4741365611553192, 0.11415558308362961, 0.09497465938329697], "conf": 0.31705373525619507}], "count_per_class": {"B1": 0, "B2": 0, "B3": 2, "B4": 0}, "side_index": 3}