{"image": "LONSUM_A21A_0028_4.jpg", "detector": "y26n_vanilla_local", "detections": [{"box_index": 0, "class_id": 2, "class_name": "B3", "bbox_yolo": [0.5288785696029663, 0.4634470045566559, 0.07706000655889511, 0.055823661386966705], "conf": 0.4072831869125366}, {"box_index": 1, "class_id": 2, "class_name": "B3", "bbox_yolo": [0.44039037823677063, 0.4574536383152008, 0.052108705043792725, 0.05369143560528755], "conf": 0.27864691615104675}], "count_per_class": {"B1": 0, "B2": 0, "B3": 2, "B4": 0}, "side_index": 3}