{"image": "LONSUM_A21A_0011_3.jpg", "detector": "y26n_vanilla_local", "detections": [{"box_index": 0, "class_id": 2, "class_name": "B3", "bbox_yolo": [0.5560455322265625, 0.46680185198783875, 0.0756722167134285, 0.061112310737371445], "conf": 0.3588191568851471}, {"box_index": 1, "class_id": 2, "class_name": "B3", "bbox_yolo": [0.45454415678977966, 0.4870550334453583, 0.0942075178027153, 0.06797438114881516], "conf": 0.3485466241836548}, {"box_index": 2, "class_id": 1, "class_name": "B2", "bbox_yolo": [0.6322751045227051, 0.519927978515625, 0.09821485728025436, 0.07339177280664444], "conf": 0.30645790696144104}, {"box_index": 3, "class_id": 2, "class_name": "B3", "bbox_yolo": [0.5551117062568665, 0.46829816699028015, 0.08329115062952042, 0.06926422566175461], "conf": 0.2621079087257385}], "count_per_class": {"B1": 0, "B2": 1, "B3": 3, "B4": 0}, "side_index": 2}