{"image": "LONSUM_A21A_0038_4.jpg", "detector": "y26n_vanilla_local", "detections": [{"box_index": 0, "class_id": 2, "class_name": "B3", "bbox_yolo": [0.4764794409275055, 0.3785957992076874, 0.12885883450508118, 0.0942055732011795], "conf": 0.40621232986450195}, {"box_index": 1, "class_id": 2, "class_name": "B3", "bbox_yolo": [0.595442533493042, 0.38573047518730164, 0.11619365215301514, 0.09598369896411896], "conf": 0.393586665391922}, {"box_index": 2, "class_id": 1, "class_name": "B2", "bbox_yolo": [0.3580787777900696, 0.4432600438594818, 0.09812559187412262, 0.07921113818883896], "conf": 0.2774432301521301}], "count_per_class": {"B1": 0, "B2": 1, "B3": 2, "B4": 0}, "side_index": 3}