{"image": "LONSUM_A21A_0091_2.jpg", "detector": "y26n_vanilla_local", "detections": [{"box_index": 0, "class_id": 2, "class_name": "B3", "bbox_yolo": [0.5447710752487183, 0.22990043461322784, 0.06730630248785019, 0.05327477678656578], "conf": 0.5623902678489685}, {"box_index": 1, "class_id": 2, "class_name": "B3", "bbox_yolo": [0.4294295907020569, 0.2942129671573639, 0.044992733746767044, 0.051583029329776764], "conf": 0.30025985836982727}], "count_per_class": {"B1": 0, "B2": 0, "B3": 2, "B4": 0}, "side_index": 1}