{"image": "LONSUM_A21A_0029_2.jpg", "detector": "y26n_vanilla_local", "detections": [{"box_index": 0, "class_id": 2, "class_name": "B3", "bbox_yolo": [0.5694248676300049, 0.3402711749076843, 0.11182995140552521, 0.06685777008533478], "conf": 0.46644410490989685}, {"box_index": 1, "class_id": 1, "class_name": "B2", "bbox_yolo": [0.33275270462036133, 0.4020681083202362, 0.1042335256934166, 0.08673832565546036], "conf": 0.3057999610900879}], "count_per_class": {"B1": 0, "B2": 1, "B3": 1, "B4": 0}, "side_index": 1}