{"image": "LONSUM_A21A_0049_1.jpg", "detector": "y26n_vanilla_local", "detections": [{"box_index": 0, "class_id": 2, "class_name": "B3", "bbox_yolo": [0.4199800193309784, 0.45611467957496643, 0.07761939615011215, 0.0585542693734169], "conf": 0.351423442363739}, {"box_index": 1, "class_id": 2, "class_name": "B3", "bbox_yolo": [0.41420823335647583, 0.46088096499443054, 0.0991840735077858, 0.07310934364795685], "conf": 0.3258002698421478}], "count_per_class": {"B1": 0, "B2": 0, "B3": 2, "B4": 0}, "side_index": 0}