{"image": "LONSUM_A21A_0007_3.jpg", "detector": "y26n_vanilla_local", "detections": [{"box_index": 0, "class_id": 2, "class_name": "B3", "bbox_yolo": [0.4476107656955719, 0.5326249003410339, 0.14746825397014618, 0.1021808609366417], "conf": 0.5590566992759705}, {"box_index": 1, "class_id": 2, "class_name": "B3", "bbox_yolo": [0.7234162092208862, 0.5124819874763489, 0.1268128752708435, 0.10495877265930176], "conf": 0.46304383873939514}], "count_per_class": {"B1": 0, "B2": 0, "B3": 2, "B4": 0}, "side_index": 2}