{"image": "LONSUM_A21A_0039_3.jpg", "detector": "y26n_vanilla_local", "detections": [{"box_index": 0, "class_id": 2, "class_name": "B3", "bbox_yolo": [0.5806764364242554, 0.40733978152275085, 0.15632179379463196, 0.11986134201288223], "conf": 0.7411261796951294}, {"box_index": 1, "class_id": 2, "class_name": "B3", "bbox_yolo": [0.34748223423957825, 0.4326995015144348, 0.12093131244182587, 0.08262479305267334], "conf": 0.6733981370925903}, {"box_index": 2, "class_id": 3, "class_name": "B4", "bbox_yolo": [0.5957595705986023, 0.3314723074436188, 0.11574847251176834, 0.06018941476941109], "conf": 0.3095964193344116}, {"box_index": 3, "class_id": 3, "class_name": "B4", "bbox_yolo": [0.5994986295700073, 0.32924437522888184, 0.09828447550535202, 0.04791000112891197], "conf": 0.2785496413707733}], "count_per_class": {"B1": 0, "B2": 0, "B3": 2, "B4": 2}, "side_index": 2}