{"image": "LONSUM_A21A_0047_2.jpg", "detector": "y26n_vanilla_local", "detections": [{"box_index": 0, "class_id": 2, "class_name": "B3", "bbox_yolo": [0.48214271664619446, 0.327258825302124, 0.1168651357293129, 0.09185860306024551], "conf": 0.32966142892837524}, {"box_index": 1, "class_id": 2, "class_name": "B3", "bbox_yolo": [0.31538131833076477, 0.41046419739723206, 0.12386583536863327, 0.10065894573926926], "conf": 0.3020658791065216}], "count_per_class": {"B1": 0, "B2": 0, "B3": 2, "B4": 0}, "side_index": 1}