{"image": "LONSUM_A21A_0004_3.jpg", "detector": "y26n_vanilla_local", "detections": [{"box_index": 0, "class_id": 2, "class_name": "B3", "bbox_yolo": [0.5616429448127747, 0.36946967244148254, 0.06832247227430344, 0.06462740898132324], "conf": 0.31157758831977844}, {"box_index": 1, "class_id": 2, "class_name": "B3", "bbox_yolo": [0.4961865544319153, 0.43071532249450684, 0.1305912733078003, 0.08189251273870468], "conf": 0.2511119842529297}], "count_per_class": {"B1": 0, "B2": 0, "B3": 2, "B4": 0}, "side_index": 2}