{"image": "LONSUM_A21A_0036_4.jpg", "detector": "y26n_vanilla_local", "detections": [{"box_index": 0, "class_id": 2, "class_name": "B3", "bbox_yolo": [0.3726663887500763, 0.3906879127025604, 0.06486324220895767, 0.05054674297571182], "conf": 0.41005611419677734}, {"box_index": 1, "class_id": 2, "class_name": "B3", "bbox_yolo": [0.6254579424858093, 0.3735251724720001, 0.05997982248663902, 0.06317257881164551], "conf": 0.2832965552806854}], "count_per_class": {"B1": 0, "B2": 0, "B3": 2, "B4": 0}, "side_index": 3}