{"image": "LONSUM_A21A_0082_3.jpg", "detector": "y26n_vanilla_local", "detections": [{"box_index": 0, "class_id": 2, "class_name": "B3", "bbox_yolo": [0.3835964500904083, 0.07870780676603317, 0.08688345551490784, 0.07307694107294083], "conf": 0.4897920787334442}], "count_per_class": {"B1": 0, "B2": 0, "B3": 1, "B4": 0}, "side_index": 2}