{"image": "LONSUM_A21A_0008_1.jpg", "detector": "y26n_vanilla_local", "detections": [{"box_index": 0, "class_id": 2, "class_name": "B3", "bbox_yolo": [0.3050946295261383, 0.4814547002315521, 0.15768325328826904, 0.11021900177001953], "conf": 0.6117302775382996}], "count_per_class": {"B1": 0, "B2": 0, "B3": 1, "B4": 0}, "side_index": 0}