{"image": "LONSUM_A21A_0007_2.jpg", "detector": "y26n_vanilla_local", "detections": [{"box_index": 0, "class_id": 2, "class_name": "B3", "bbox_yolo": [0.653818666934967, 0.44087907671928406, 0.13159021735191345, 0.11628212779760361], "conf": 0.7587904930114746}, {"box_index": 1, "class_id": 2, "class_name": "B3", "bbox_yolo": [0.2852461040019989, 0.48160678148269653, 0.11273766309022903, 0.10543618351221085], "conf": 0.5282438397407532}], "count_per_class": {"B1": 0, "B2": 0, "B3": 2, "B4": 0}, "side_index": 1}