{"image": "LONSUM_A21A_0033_1.jpg", "detector": "y26n_vanilla_local", "detections": [{"box_index": 0, "class_id": 2, "class_name": "B3", "bbox_yolo": [0.619960367679596, 0.3927931785583496, 0.07647044211626053, 0.06105509027838707], "conf": 0.273357629776001}, {"box_index": 1, "class_id": 2, "class_name": "B3", "bbox_yolo": [0.615909993648529, 0.3984716832637787, 0.09518712759017944, 0.07545077800750732], "conf": 0.25757744908332825}], "count_per_class": {"B1": 0, "B2": 0, "B3": 2, "B4": 0}, "side_index": 0}