{"image": "LONSUM_A21A_0057_3.jpg", "detector": "y26n_vanilla_local", "detections": [{"box_index": 0, "class_id": 2, "class_name": "B3", "bbox_yolo": [0.4198332726955414, 0.5272316932678223, 0.12329953908920288, 0.09606299549341202], "conf": 0.3613535165786743}], "count_per_class": {"B1": 0, "B2": 0, "B3": 1, "B4": 0}, "side_index": 2}