{"image": "LONSUM_A21A_0087_3.jpg", "detector": "y26n_vanilla_local", "detections": [{"box_index": 0, "class_id": 2, "class_name": "B3", "bbox_yolo": [0.3673032224178314, 0.2590421736240387, 0.09099677950143814, 0.07316406071186066], "conf": 0.299715131521225}], "count_per_class": {"B1": 0, "B2": 0, "B3": 1, "B4": 0}, "side_index": 2}