{"image": "LONSUM_A21A_0025_1.jpg", "detector": "y26n_vanilla_local", "detections": [{"box_index": 0, "class_id": 2, "class_name": "B3", "bbox_yolo": [0.3882562518119812, 0.34910568594932556, 0.13661697506904602, 0.10941915959119797], "conf": 0.7329174876213074}, {"box_index": 1, "class_id": 2, "class_name": "B3", "bbox_yolo": [0.6775051355361938, 0.3838230073451996, 0.1426534652709961, 0.09432973712682724], "conf": 0.5178817510604858}, {"box_index": 2, "class_id": 3, "class_name": "B4", "bbox_yolo": [0.6592986583709717, 0.308027982711792, 0.0976790189743042, 0.07003786414861679], "conf": 0.26814836263656616}], "count_per_class": {"B1": 0, "B2": 0, "B3": 2, "B4": 1}, "side_index": 0}