{"image": "LONSUM_A21A_0076_1.jpg", "detector": "y26n_vanilla_local", "detections": [{"box_index": 0, "class_id": 2, "class_name": "B3", "bbox_yolo": [0.44925177097320557, 0.06363540142774582, 0.0923810675740242, 0.08529829978942871], "conf": 0.41171994805336}], "count_per_class": {"B1": 0, "B2": 0, "B3": 1, "B4": 0}, "side_index": 0}