{"image": "LONSUM_A21A_0003_2.jpg", "detector": "y26n_vanilla_local", "detections": [{"box_index": 0, "class_id": 2, "class_name": "B3", "bbox_yolo": [0.3203858733177185, 0.45470353960990906, 0.09756508469581604, 0.07897987216711044], "conf": 0.25600138306617737}], "count_per_class": {"B1": 0, "B2": 0, "B3": 1, "B4": 0}, "side_index": 1}