{"image": "LONSUM_A21A_0020_4.jpg", "detector": "y26n_vanilla_local", "detections": [{"box_index": 0, "class_id": 2, "class_name": "B3", "bbox_yolo": [0.4172516465187073, 0.510107696056366, 0.12320531904697418, 0.0969790443778038], "conf": 0.7082261443138123}], "count_per_class": {"B1": 0, "B2": 0, "B3": 1, "B4": 0}, "side_index": 3}