{"image": "LONSUM_A21A_0057_1.jpg", "detector": "y26n_vanilla_local", "detections": [{"box_index": 0, "class_id": 2, "class_name": "B3", "bbox_yolo": [0.6338808536529541, 0.48001232743263245, 0.07553164660930634, 0.06392131000757217], "conf": 0.31637144088745117}], "count_per_class": {"B1": 0, "B2": 0, "B3": 1, "B4": 0}, "side_index": 0}