{"image": "LONSUM_A21A_0034_4.jpg", "detector": "y26n_vanilla_local", "detections": [{"box_index": 0, "class_id": 2, "class_name": "B3", "bbox_yolo": [0.6010614037513733, 0.4119640290737152, 0.08747679740190506, 0.06895556300878525], "conf": 0.25888073444366455}], "count_per_class": {"B1": 0, "B2": 0, "B3": 1, "B4": 0}, "side_index": 3}