{"image": "LONSUM_A21A_0095_3.jpg", "detector": "y26n_vanilla_local", "detections": [{"box_index": 0, "class_id": 2, "class_name": "B3", "bbox_yolo": [0.6224552392959595, 0.24302151799201965, 0.06428986042737961, 0.05007324367761612], "conf": 0.2878883183002472}], "count_per_class": {"B1": 0, "B2": 0, "B3": 1, "B4": 0}, "side_index": 2}