{"image": "LONSUM_A21A_0043_3.jpg", "detector": "y26n_vanilla_local", "detections": [{"box_index": 0, "class_id": 2, "class_name": "B3", "bbox_yolo": [0.3356178402900696, 0.39622631669044495, 0.07224509119987488, 0.06106550619006157], "conf": 0.4852559566497803}], "count_per_class": {"B1": 0, "B2": 0, "B3": 1, "B4": 0}, "side_index": 2}