{"image": "LONSUM_A21A_0018_2.jpg", "detector": "y26n_vanilla_local", "detections": [{"box_index": 0, "class_id": 1, "class_name": "B2", "bbox_yolo": [0.5762378573417664, 0.4794382154941559, 0.13832691311836243, 0.1043223887681961], "conf": 0.43949031829833984}, {"box_index": 1, "class_id": 2, "class_name": "B3", "bbox_yolo": [0.5762378573417664, 0.4794382154941559, 0.13832691311836243, 0.1043223887681961], "conf": 0.31298568844795227}], "count_per_class": {"B1": 0, "B2": 1, "B3": 1, "B4": 0}, "side_index": 1}