{"image": "LONSUM_A21A_0013_3.jpg", "detector": "y26n_vanilla_local", "detections": [{"box_index": 0, "class_id": 2, "class_name": "B3", "bbox_yolo": [0.32123902440071106, 0.5268024802207947, 0.11854420602321625, 0.09150371700525284], "conf": 0.4432864487171173}, {"box_index": 1, "class_id": 2, "class_name": "B3", "bbox_yolo": [0.6692668199539185, 0.5028191804885864, 0.09159883111715317, 0.061920978128910065], "conf": 0.28656595945358276}], "count_per_class": {"B1": 0, "B2": 0, "B3": 2, "B4": 0}, "side_index": 2}