{"image": "LONSUM_A21A_0019_2.jpg", "detector": "y26n_vanilla_local", "detections": [{"box_index": 0, "class_id": 2, "class_name": "B3", "bbox_yolo": [0.3332330882549286, 0.40643736720085144, 0.13389462232589722, 0.09357478469610214], "conf": 0.6927700638771057}, {"box_index": 1, "class_id": 2, "class_name": "B3", "bbox_yolo": [0.5140315890312195, 0.43478646874427795, 0.12527698278427124, 0.13398230075836182], "conf": 0.6544374227523804}, {"box_index": 2, "class_id": 3, "class_name": "B4", "bbox_yolo": [0.6002471446990967, 0.36244845390319824, 0.10140902549028397, 0.07274284213781357], "conf": 0.29482370615005493}], "count_per_class": {"B1": 0, "B2": 0, "B3": 2, "B4": 1}, "side_index": 1}