{"image": "LONSUM_A21A_0004_2.jpg", "detector": "y26n_vanilla_local", "detections": [{"box_index": 0, "class_id": 2, "class_name": "B3", "bbox_yolo": [0.6435434222221375, 0.4733543395996094, 0.10652701556682587, 0.08054270595312119], "conf": 0.30813920497894287}, {"box_index": 1, "class_id": 2, "class_name": "B3", "bbox_yolo": [0.6505342125892639, 0.46613913774490356, 0.08233922719955444, 0.06139359623193741], "conf": 0.28960344195365906}, {"box_index": 2, "class_id": 2, "class_name": "B3", "bbox_yolo": [0.4166067838668823, 0.3854570984840393, 0.11493365466594696, 0.09172480553388596], "conf": 0.2565898895263672}], "count_per_class": {"B1": 0, "B2": 0, "B3": 3, "B4": 0}, "side_index": 1}