{"image": "LONSUM_A21A_0014_4.jpg", "detector": "y26n_vanilla_local", "detections": [{"box_index": 0, "class_id": 2, "class_name": "B3", "bbox_yolo": [0.42396244406700134, 0.3774583339691162, 0.10270443558692932, 0.08362169563770294], "conf": 0.6380249857902527}], "count_per_class": {"B1": 0, "B2": 0, "B3": 1, "B4": 0}, "side_index": 3}