{"image": "LONSUM_A21A_0033_4.jpg", "detector": "y26n_vanilla_local", "detections": [{"box_index": 0, "class_id": 2, "class_name": "B3", "bbox_yolo": [0.37934425473213196, 0.4349976181983948, 0.09188105911016464, 0.0715017318725586], "conf": 0.7128683924674988}], "count_per_class": {"B1": 0, "B2": 0, "B3": 1, "B4": 0}, "side_index": 3}