{"image": "LONSUM_A21A_0058_4.jpg", "detector": "y26n_vanilla_local", "detections": [{"box_index": 0, "class_id": 2, "class_name": "B3", "bbox_yolo": [0.5028300881385803, 0.45601892471313477, 0.11512918770313263, 0.08785414695739746], "conf": 0.6887579560279846}, {"box_index": 1, "class_id": 2, "class_name": "B3", "bbox_yolo": [0.624638020992279, 0.530144453048706, 0.13057231903076172, 0.10128307342529297], "conf": 0.6194950938224792}, {"box_index": 2, "class_id": 0, "class_name": "B1", "bbox_yolo": [0.3011529743671417, 0.5517343878746033, 0.12197446078062057, 0.09050340950489044], "conf": 0.27602872252464294}], "count_per_class": {"B1": 1, "B2": 0, "B3": 2, "B4": 0}, "side_index": 3}