{"image": "LONSUM_A21A_0096_4.jpg", "detector": "y26n_vanilla_local", "detections": [{"box_index": 0, "class_id": 2, "class_name": "B3", "bbox_yolo": [0.40502169728279114, 0.19561749696731567, 0.06339120864868164, 0.049381088465452194], "conf": 0.32244253158569336}], "count_per_class": {"B1": 0, "B2": 0, "B3": 1, "B4": 0}, "side_index": 3}