{"image": "LONSUM_A21A_0076_2.jpg", "detector": "y26n_vanilla_local", "detections": [{"box_index": 0, "class_id": 2, "class_name": "B3", "bbox_yolo": [0.42797884345054626, 0.038219500333070755, 0.10379114747047424, 0.07623451948165894], "conf": 0.3867141604423523}, {"box_index": 1, "class_id": 2, "class_name": "B3", "bbox_yolo": [0.6100155115127563, 0.099173404276371, 0.11990077048540115, 0.09934844821691513], "conf": 0.290168821811676}], "count_per_class": {"B1": 0, "B2": 0, "B3": 2, "B4": 0}, "side_index": 1}