{"image": "LONSUM_A21A_0031_2.jpg", "detector": "y26n_vanilla_local", "detections": [{"box_index": 0, "class_id": 2, "class_name": "B3", "bbox_yolo": [0.5830303430557251, 0.47318267822265625, 0.10094191879034042, 0.07544326782226562], "conf": 0.4412302076816559}], "count_per_class": {"B1": 0, "B2": 0, "B3": 1, "B4": 0}, "side_index": 1}