{"image": "LONSUM_A21A_0002_1.jpg", "detector": "y26n_vanilla_local", "detections": [{"box_index": 0, "class_id": 2, "class_name": "B3", "bbox_yolo": [0.5240136384963989, 0.4413686692714691, 0.23143711686134338, 0.16054819524288177], "conf": 0.7205737829208374}, {"box_index": 1, "class_id": 2, "class_name": "B3", "bbox_yolo": [0.2207002192735672, 0.4305330812931061, 0.1282527893781662, 0.09495218098163605], "conf": 0.42843306064605713}, {"box_index": 2, "class_id": 2, "class_name": "B3", "bbox_yolo": [0.34158557653427124, 0.3783225119113922, 0.14722730219364166, 0.11738348007202148], "conf": 0.32844191789627075}], "count_per_class": {"B1": 0, "B2": 0, "B3": 3, "B4": 0}, "side_index": 0}