{"image": "LONSUM_A21A_0036_2.jpg", "detector": "y26n_vanilla_local", "detections": [{"box_index": 0, "class_id": 2, "class_name": "B3", "bbox_yolo": [0.40811607241630554, 0.4362044036388397, 0.10125027596950531, 0.08770980685949326], "conf": 0.5063105225563049}], "count_per_class": {"B1": 0, "B2": 0, "B3": 1, "B4": 0}, "side_index": 1}