{"image": "LONSUM_A21A_0045_3.jpg", "detector": "y26n_vanilla_local", "detections": [{"box_index": 0, "class_id": 0, "class_name": "B1", "bbox_yolo": [0.509722888469696, 0.4345487654209137, 0.1011238768696785, 0.09326191246509552], "conf": 0.7878578901290894}, {"box_index": 1, "class_id": 1, "class_name": "B2", "bbox_yolo": [0.3958718776702881, 0.46262723207473755, 0.08738397061824799, 0.0753864273428917], "conf": 0.2916199266910553}], "count_per_class": {"B1": 1, "B2": 1, "B3": 0, "B4": 0}, "side_index": 2}