{"image": "LONSUM_A21A_0002_3.jpg", "detector": "y26n_vanilla_local", "detections": [{"box_index": 0, "class_id": 2, "class_name": "B3", "bbox_yolo": [0.35390734672546387, 0.4567353427410126, 0.13100259006023407, 0.10050377994775772], "conf": 0.5411160588264465}, {"box_index": 1, "class_id": 2, "class_name": "B3", "bbox_yolo": [0.5792354941368103, 0.4666418731212616, 0.12993629276752472, 0.10394801944494247], "conf": 0.26407647132873535}], "count_per_class": {"B1": 0, "B2": 0, "B3": 2, "B4": 0}, "side_index": 2}