{"image": "LONSUM_A21A_0083_4.jpg", "detector": "y26n_vanilla_local", "detections": [{"box_index": 0, "class_id": 2, "class_name": "B3", "bbox_yolo": [0.5868504047393799, 0.15969832241535187, 0.057920776307582855, 0.04584714397788048], "conf": 0.38463670015335083}], "count_per_class": {"B1": 0, "B2": 0, "B3": 1, "B4": 0}, "side_index": 3}