{"image": "LONSUM_A21A_0010_2.jpg", "detector": "y26n_vanilla_local", "detections": [{"box_index": 0, "class_id": 2, "class_name": "B3", "bbox_yolo": [0.3136727809906006, 0.4506716728210449, 0.121846504509449, 0.09466376155614853], "conf": 0.5928011536598206}, {"box_index": 1, "class_id": 1, "class_name": "B2", "bbox_yolo": [0.5239472389221191, 0.42998597025871277, 0.12694349884986877, 0.10202758759260178], "conf": 0.3052482306957245}], "count_per_class": {"B1": 0, "B2": 1, "B3": 1, "B4": 0}, "side_index": 1}