{"image": "LONSUM_A21A_0033_2.jpg", "detector": "y26n_vanilla_local", "detections": [{"box_index": 0, "class_id": 2, "class_name": "B3", "bbox_yolo": [0.6515479683876038, 0.4061480462551117, 0.06757037341594696, 0.0551878921687603], "conf": 0.2746388018131256}, {"box_index": 1, "class_id": 2, "class_name": "B3", "bbox_yolo": [0.4649377763271332, 0.3394448459148407, 0.09638532251119614, 0.07717540115118027], "conf": 0.25436514616012573}], "count_per_class": {"B1": 0, "B2": 0, "B3": 2, "B4": 0}, "side_index": 1}