{"image": "LONSUM_A21A_0091_3.jpg", "detector": "y26n_vanilla_local", "detections": [{"box_index": 0, "class_id": 2, "class_name": "B3", "bbox_yolo": [0.6266991496086121, 0.2747531831264496, 0.06067810207605362, 0.049482036381959915], "conf": 0.3238614797592163}], "count_per_class": {"B1": 0, "B2": 0, "B3": 1, "B4": 0}, "side_index": 2}