{"image": "LONSUM_A21A_0031_4.jpg", "detector": "y26n_vanilla_local", "detections": [{"box_index": 0, "class_id": 2, "class_name": "B3", "bbox_yolo": [0.4480716288089752, 0.3430905044078827, 0.15314485132694244, 0.11130373924970627], "conf": 0.6776140332221985}, {"box_index": 1, "class_id": 2, "class_name": "B3", "bbox_yolo": [0.3131040036678314, 0.40474602580070496, 0.11843481659889221, 0.07415225356817245], "conf": 0.5667845010757446}], "count_per_class": {"B1": 0, "B2": 0, "B3": 2, "B4": 0}, "side_index": 3}