{"image": "LONSUM_A21A_0096_2.jpg", "detector": "y26n_vanilla_local", "detections": [{"box_index": 0, "class_id": 2, "class_name": "B3", "bbox_yolo": [0.45286810398101807, 0.08012117445468903, 0.07592983543872833, 0.05023346096277237], "conf": 0.377778023481369}], "count_per_class": {"B1": 0, "B2": 0, "B3": 1, "B4": 0}, "side_index": 1}