{"image": "LONSUM_A21A_0066_1.jpg", "detector": "y26n_vanilla_local", "detections": [{"box_index": 0, "class_id": 2, "class_name": "B3", "bbox_yolo": [0.6910358667373657, 0.4367797374725342, 0.12524822354316711, 0.08936431258916855], "conf": 0.4522809088230133}, {"box_index": 1, "class_id": 2, "class_name": "B3", "bbox_yolo": [0.44239312410354614, 0.3356005847454071, 0.10737460851669312, 0.08266229927539825], "conf": 0.2900996208190918}], "count_per_class": {"B1": 0, "B2": 0, "B3": 2, "B4": 0}, "side_index": 0}