{"image": "LONSUM_A21A_0018_3.jpg", "detector": "y26n_vanilla_local", "detections": [{"box_index": 0, "class_id": 2, "class_name": "B3", "bbox_yolo": [0.3407193720340729, 0.4091869294643402, 0.10229117423295975, 0.07727503776550293], "conf": 0.3565637171268463}, {"box_index": 1, "class_id": 2, "class_name": "B3", "bbox_yolo": [0.6466213464736938, 0.399894654750824, 0.10348225384950638, 0.07594456523656845], "conf": 0.3465057611465454}, {"box_index": 2, "class_id": 2, "class_name": "B3", "bbox_yolo": [0.5058935284614563, 0.41091132164001465, 0.13145266473293304, 0.10566876083612442], "conf": 0.26919451355934143}], "count_per_class": {"B1": 0, "B2": 0, "B3": 3, "B4": 0}, "side_index": 2}