{"image": "LONSUM_A21A_0067_4.jpg", "detector": "y26n_vanilla_local", "detections": [{"box_index": 0, "class_id": 2, "class_name": "B3", "bbox_yolo": [0.3103145658969879, 0.46722307801246643, 0.10152032226324081, 0.07157359272241592], "conf": 0.4878650903701782}], "count_per_class": {"B1": 0, "B2": 0, "B3": 1, "B4": 0}, "side_index": 3}