{"image": "LONSUM_A21A_0061_3.jpg", "detector": "y26n_vanilla_local", "detections": [{"box_index": 0, "class_id": 0, "class_name": "B1", "bbox_yolo": [0.6683467626571655, 0.47906532883644104, 0.1946743130683899, 0.1462763398885727], "conf": 0.8091155886650085}, {"box_index": 1, "class_id": 2, "class_name": "B3", "bbox_yolo": [0.3920176327228546, 0.43108993768692017, 0.1398109495639801, 0.10105352848768234], "conf": 0.32649368047714233}], "count_per_class": {"B1": 1, "B2": 0, "B3": 1, "B4": 0}, "side_index": 2}