{"image": "LONSUM_A21A_0040_4.jpg", "detector": "y26n_vanilla_local", "detections": [{"box_index": 0, "class_id": 2, "class_name": "B3", "bbox_yolo": [0.5895344018936157, 0.3041059672832489, 0.09417038410902023, 0.08313629776239395], "conf": 0.3350660502910614}], "count_per_class": {"B1": 0, "B2": 0, "B3": 1, "B4": 0}, "side_index": 3}