{"image": "LONSUM_A21A_0040_1.jpg", "detector": "y26n_vanilla_local", "detections": [{"box_index": 0, "class_id": 2, "class_name": "B3", "bbox_yolo": [0.5185177326202393, 0.22771596908569336, 0.12772369384765625, 0.10166580975055695], "conf": 0.4902614653110504}, {"box_index": 1, "class_id": 2, "class_name": "B3", "bbox_yolo": [0.3398258686065674, 0.27288883924484253, 0.1043279692530632, 0.09369707107543945], "conf": 0.396179735660553}], "count_per_class": {"B1": 0, "B2": 0, "B3": 2, "B4": 0}, "side_index": 0}