{"image": "LONSUM_A21A_0027_4.jpg", "detector": "y26n_vanilla_local", "detections": [{"box_index": 0, "class_id": 2, "class_name": "B3", "bbox_yolo": [0.498625785112381, 0.4195215404033661, 0.1205366849899292, 0.11837315559387207], "conf": 0.726776659488678}, {"box_index": 1, "class_id": 2, "class_name": "B3", "bbox_yolo": [0.37637248635292053, 0.4740373194217682, 0.13416688144207, 0.11035070568323135], "conf": 0.5783424973487854}, {"box_index": 2, "class_id": 2, "class_name": "B3", "bbox_yolo": [0.6656728386878967, 0.46883949637413025, 0.1163925901055336, 0.074498750269413], "conf": 0.4012661278247833}], "count_per_class": {"B1": 0, "B2": 0, "B3": 3, "B4": 0}, "side_index": 3}