{"image": "LONSUM_A21A_0005_4.jpg", "detector": "y26n_vanilla_local", "detections": [{"box_index": 0, "class_id": 2, "class_name": "B3", "bbox_yolo": [0.42188751697540283, 0.44387713074684143, 0.09361693263053894, 0.08952813595533371], "conf": 0.5912345051765442}, {"box_index": 1, "class_id": 2, "class_name": "B3", "bbox_yolo": [0.6496061086654663, 0.4299502372741699, 0.09818185865879059, 0.07537579536437988], "conf": 0.451172411441803}], "count_per_class": {"B1": 0, "B2": 0, "B3": 2, "B4": 0}, "side_index": 3}