{"image": "LONSUM_A21A_0021_1.jpg", "detector": "y26n_vanilla_local", "detections": [{"box_index": 0, "class_id": 2, "class_name": "B3", "bbox_yolo": [0.3467508852481842, 0.46806976199150085, 0.06204020604491234, 0.049576520919799805], "conf": 0.4333174526691437}, {"box_index": 1, "class_id": 2, "class_name": "B3", "bbox_yolo": [0.39606815576553345, 0.41380390524864197, 0.07987646013498306, 0.052027106285095215], "conf": 0.3913266360759735}, {"box_index": 2, "class_id": 2, "class_name": "B3", "bbox_yolo": [0.6299993991851807, 0.4195668399333954, 0.056096144020557404, 0.056064654141664505], "conf": 0.3365245759487152}], "count_per_class": {"B1": 0, "B2": 0, "B3": 3, "B4": 0}, "side_index": 0}