{"image": "LONSUM_A21A_0090_2.jpg", "detector": "y26n_vanilla_local", "detections": [{"box_index": 0, "class_id": 2, "class_name": "B3", "bbox_yolo": [0.4881851375102997, 0.13179916143417358, 0.07195507735013962, 0.06144077703356743], "conf": 0.2648429870605469}], "count_per_class": {"B1": 0, "B2": 0, "B3": 1, "B4": 0}, "side_index": 1}