{"image": "LONSUM_A21A_0040_2.jpg", "detector": "y26n_vanilla_local", "detections": [{"box_index": 0, "class_id": 2, "class_name": "B3", "bbox_yolo": [0.5403344035148621, 0.37500062584877014, 0.10546824336051941, 0.08853473514318466], "conf": 0.5923937559127808}], "count_per_class": {"B1": 0, "B2": 0, "B3": 1, "B4": 0}, "side_index": 1}