{"image": "LONSUM_A21A_0036_1.jpg", "detector": "y26n_vanilla_local", "detections": [{"box_index": 0, "class_id": 2, "class_name": "B3", "bbox_yolo": [0.4444112777709961, 0.3004910945892334, 0.10696640610694885, 0.07566328346729279], "conf": 0.5282222032546997}, {"box_index": 1, "class_id": 2, "class_name": "B3", "bbox_yolo": [0.5829325914382935, 0.2956513464450836, 0.13241027295589447, 0.08081497997045517], "conf": 0.4292008578777313}], "count_per_class": {"B1": 0, "B2": 0, "B3": 2, "B4": 0}, "side_index": 0}