{"image": "LONSUM_A21A_0065_4.jpg", "detector": "y26n_vanilla_local", "detections": [{"box_index": 0, "class_id": 2, "class_name": "B3", "bbox_yolo": [0.780874490737915, 0.43585023283958435, 0.16166459023952484, 0.12484746426343918], "conf": 0.8020125031471252}, {"box_index": 1, "class_id": 2, "class_name": "B3", "bbox_yolo": [0.27215927839279175, 0.45873013138771057, 0.15289776027202606, 0.1040651798248291], "conf": 0.6391136050224304}, {"box_index": 2, "class_id": 2, "class_name": "B3", "bbox_yolo": [0.622085452079773, 0.3288629949092865, 0.12588705122470856, 0.10430879890918732], "conf": 0.6302666664123535}, {"box_index": 3, "class_id": 2, "class_name": "B3", "bbox_yolo": [0.4212925136089325, 0.3396763205528259, 0.16581977903842926, 0.14219985902309418], "conf": 0.4550411105155945}], "count_per_class": {"B1": 0, "B2": 0, "B3": 4, "B4": 0}, "side_index": 3}