{"image": "LONSUM_A21A_0026_3.jpg", "detector": "y26n_vanilla_local", "detections": [{"box_index": 0, "class_id": 2, "class_name": "B3", "bbox_yolo": [0.4698919951915741, 0.4419407844543457, 0.10855923593044281, 0.1229403018951416], "conf": 0.5324333310127258}], "count_per_class": {"B1": 0, "B2": 0, "B3": 1, "B4": 0}, "side_index": 2}