{"image": "LONSUM_A21A_0044_3.jpg", "detector": "y26n_vanilla_local", "detections": [{"box_index": 0, "class_id": 2, "class_name": "B3", "bbox_yolo": [0.5484730005264282, 0.3262321650981903, 0.12225399911403656, 0.08086009323596954], "conf": 0.5298852324485779}, {"box_index": 1, "class_id": 2, "class_name": "B3", "bbox_yolo": [0.42204558849334717, 0.34224236011505127, 0.11609005182981491, 0.08520140498876572], "conf": 0.37889665365219116}, {"box_index": 2, "class_id": 2, "class_name": "B3", "bbox_yolo": [0.34078431129455566, 0.4215106964111328, 0.11074117571115494, 0.09346332401037216], "conf": 0.3052831292152405}], "count_per_class": {"B1": 0, "B2": 0, "B3": 3, "B4": 0}, "side_index": 2}