{"image": "LONSUM_A21A_0079_1.jpg", "detector": "y26n_vanilla_local", "detections": [{"box_index": 0, "class_id": 2, "class_name": "B3", "bbox_yolo": [0.5753553509712219, 0.11664893478155136, 0.0509260855615139, 0.04457329586148262], "conf": 0.4294828772544861}], "count_per_class": {"B1": 0, "B2": 0, "B3": 1, "B4": 0}, "side_index": 0}