{"image": "LONSUM_A21A_0061_1.jpg", "detector": "y26n_vanilla_local", "detections": [{"box_index": 0, "class_id": 2, "class_name": "B3", "bbox_yolo": [0.37259364128112793, 0.47095489501953125, 0.13043321669101715, 0.12174525111913681], "conf": 0.7912517189979553}, {"box_index": 1, "class_id": 2, "class_name": "B3", "bbox_yolo": [0.5637603998184204, 0.46151214838027954, 0.15241330862045288, 0.1305386871099472], "conf": 0.7752158641815186}, {"box_index": 2, "class_id": 2, "class_name": "B3", "bbox_yolo": [0.7099903225898743, 0.46709004044532776, 0.1266486495733261, 0.11276545375585556], "conf": 0.7610809803009033}], "count_per_class": {"B1": 0, "B2": 0, "B3": 3, "B4": 0}, "side_index": 0}