{"image": "LONSUM_A21A_0066_4.jpg", "detector": "y26n_vanilla_local", "detections": [{"box_index": 0, "class_id": 2, "class_name": "B3", "bbox_yolo": [0.37278199195861816, 0.37110915780067444, 0.1551167219877243, 0.11168768256902695], "conf": 0.5920788645744324}, {"box_index": 1, "class_id": 2, "class_name": "B3", "bbox_yolo": [0.6360704302787781, 0.346605122089386, 0.13279476761817932, 0.10883398354053497], "conf": 0.5012999773025513}], "count_per_class": {"B1": 0, "B2": 0, "B3": 2, "B4": 0}, "side_index": 3}