{"image": "DAMIMAS_A21B_0438_1.jpg", "detector": "y26m_vanilla_local", "detections": [{"box_index": 0, "class_id": 2, "class_name": "B3", "bbox_yolo": [0.4498434066772461, 0.41978341341018677, 0.08096186816692352, 0.06305336952209473], "conf": 0.4742416441440582}, {"box_index": 1, "class_id": 2, "class_name": "B3", "bbox_yolo": [0.5567927360534668, 0.4038289189338684, 0.08341923356056213, 0.0712301954627037], "conf": 0.46618932485580444}, {"box_index": 2, "class_id": 1, "class_name": "B2", "bbox_yolo": [0.384888231754303, 0.4422578811645508, 0.07074356079101562, 0.06560206413269043], "conf": 0.3463660776615143}, {"box_index": 3, "class_id": 1, "class_name": "B2", "bbox_yolo": [0.6291109919548035, 0.43773651123046875, 0.09739170223474503, 0.07757842540740967], "conf": 0.2825362980365753}], "count_per_class": {"B1": 0, "B2": 2, "B3": 2, "B4": 0}, "side_index": 0}