{"image": "DAMIMAS_A21B_0797_1.jpg", "detector": "y26m_vanilla_local", "detections": [{"box_index": 0, "class_id": 1, "class_name": "B2", "bbox_yolo": [0.392304003238678, 0.3254518508911133, 0.16590115427970886, 0.11330421268939972], "conf": 0.3624853193759918}, {"box_index": 1, "class_id": 2, "class_name": "B3", "bbox_yolo": [0.5354489088058472, 0.28945431113243103, 0.08468654006719589, 0.09945390373468399], "conf": 0.32839712500572205}, {"box_index": 2, "class_id": 0, "class_name": "B1", "bbox_yolo": [0.3951834738254547, 0.3229508101940155, 0.1593199521303177, 0.11269515007734299], "conf": 0.2550741136074066}], "count_per_class": {"B1": 1, "B2": 1, "B3": 1, "B4": 0}, "side_index": 0}