{"image": "DAMIMAS_A21B_0655_4.jpg", "detector": "y26m_vanilla_local", "detections": [{"box_index": 0, "class_id": 1, "class_name": "B2", "bbox_yolo": [0.4359642267227173, 0.3237329125404358, 0.176149383187294, 0.129893496632576], "conf": 0.6722127795219421}, {"box_index": 1, "class_id": 0, "class_name": "B1", "bbox_yolo": [0.6291489601135254, 0.35843220353126526, 0.17436307668685913, 0.1172211691737175], "conf": 0.6552084684371948}, {"box_index": 2, "class_id": 2, "class_name": "B3", "bbox_yolo": [0.6982750296592712, 0.2790301442146301, 0.08281543105840683, 0.060555245727300644], "conf": 0.336830198764801}], "count_per_class": {"B1": 1, "B2": 1, "B3": 1, "B4": 0}, "side_index": 3}