{"image": "DAMIMAS_A21B_0608_3.jpg", "detector": "y26m_vanilla_local", "detections": [{"box_index": 0, "class_id": 2, "class_name": "B3", "bbox_yolo": [0.3986150324344635, 0.20054307579994202, 0.15787605941295624, 0.11486976593732834], "conf": 0.6522457599639893}, {"box_index": 1, "class_id": 1, "class_name": "B2", "bbox_yolo": [0.7149121165275574, 0.35536032915115356, 0.14152972400188446, 0.12712125480175018], "conf": 0.6026276350021362}, {"box_index": 2, "class_id": 2, "class_name": "B3", "bbox_yolo": [0.5995498895645142, 0.25296127796173096, 0.15694895386695862, 0.1606612205505371], "conf": 0.5959911942481995}, {"box_index": 3, "class_id": 1, "class_name": "B2", "bbox_yolo": [0.5977576971054077, 0.2552277147769928, 0.15856683254241943, 0.16271571815013885], "conf": 0.3475954830646515}], "count_per_class": {"B1": 0, "B2": 2, "B3": 2, "B4": 0}, "side_index": 2}