{"image": "DAMIMAS_A21B_0462_2.jpg", "detector": "y26m_vanilla_local", "detections": [{"box_index": 0, "class_id": 2, "class_name": "B3", "bbox_yolo": [0.411653995513916, 0.3586367070674896, 0.08890778571367264, 0.0769408717751503], "conf": 0.5291643142700195}, {"box_index": 1, "class_id": 0, "class_name": "B1", "bbox_yolo": [0.362724632024765, 0.3879677951335907, 0.0751051977276802, 0.07097134739160538], "conf": 0.40448516607284546}, {"box_index": 2, "class_id": 2, "class_name": "B3", "bbox_yolo": [0.5135228633880615, 0.3814750015735626, 0.10482591390609741, 0.07494912296533585], "conf": 0.28290316462516785}, {"box_index": 3, "class_id": 1, "class_name": "B2", "bbox_yolo": [0.5135228633880615, 0.3814750015735626, 0.10482591390609741, 0.07494912296533585], "conf": 0.2801080346107483}], "count_per_class": {"B1": 1, "B2": 1, "B3": 2, "B4": 0}, "side_index": 1}