{"image": "DAMIMAS_A21B_0129_2.jpg", "detector": "y26m_vanilla_local", "detections": [{"box_index": 0, "class_id": 2, "class_name": "B3", "bbox_yolo": [0.3594590723514557, 0.4804237484931946, 0.14021076261997223, 0.09889340400695801], "conf": 0.5796985626220703}, {"box_index": 1, "class_id": 2, "class_name": "B3", "bbox_yolo": [0.5692026615142822, 0.43009963631629944, 0.1298147588968277, 0.1157267615199089], "conf": 0.44100674986839294}, {"box_index": 2, "class_id": 2, "class_name": "B3", "bbox_yolo": [0.357181578874588, 0.4778732359409332, 0.13063278794288635, 0.08650340884923935], "conf": 0.37448593974113464}, {"box_index": 3, "class_id": 2, "class_name": "B3", "bbox_yolo": [0.6442391872406006, 0.4948517978191376, 0.09827544540166855, 0.08381857722997665], "conf": 0.3179393410682678}], "count_per_class": {"B1": 0, "B2": 0, "B3": 4, "B4": 0}, "side_index": 1}