{"image": "DAMIMAS_A21B_0101_3.jpg", "detector": "y26m_vanilla_local", "detections": [{"box_index": 0, "class_id": 0, "class_name": "B1", "bbox_yolo": [0.3643290400505066, 0.5800797343254089, 0.1281680166721344, 0.1031365916132927], "conf": 0.6624614596366882}, {"box_index": 1, "class_id": 2, "class_name": "B3", "bbox_yolo": [0.45494431257247925, 0.5407378077507019, 0.11023785918951035, 0.08751048892736435], "conf": 0.5421224236488342}], "count_per_class": {"B1": 1, "B2": 0, "B3": 1, "B4": 0}, "side_index": 2}