{"image": "DAMIMAS_A21B_0777_1.jpg", "detector": "y26m_vanilla_local", "detections": [{"box_index": 0, "class_id": 2, "class_name": "B3", "bbox_yolo": [0.7293751239776611, 0.35930725932121277, 0.15063312649726868, 0.10748472064733505], "conf": 0.648960530757904}, {"box_index": 1, "class_id": 0, "class_name": "B1", "bbox_yolo": [0.3850790858268738, 0.3488089144229889, 0.18730880320072174, 0.12769822776317596], "conf": 0.4954775869846344}, {"box_index": 2, "class_id": 1, "class_name": "B2", "bbox_yolo": [0.38697683811187744, 0.34956881403923035, 0.1832420825958252, 0.12748503684997559], "conf": 0.2906515896320343}], "count_per_class": {"B1": 1, "B2": 1, "B3": 1, "B4": 0}, "side_index": 0}