{"image": "DAMIMAS_A21B_0397_4.jpg", "detector": "y26m_vanilla_local", "detections": [{"box_index": 0, "class_id": 2, "class_name": "B3", "bbox_yolo": [0.6465026140213013, 0.32486581802368164, 0.13732726871967316, 0.11269011348485947], "conf": 0.6457284092903137}, {"box_index": 1, "class_id": 1, "class_name": "B2", "bbox_yolo": [0.7365761399269104, 0.37911316752433777, 0.09675681591033936, 0.08655538409948349], "conf": 0.3643803298473358}, {"box_index": 2, "class_id": 2, "class_name": "B3", "bbox_yolo": [0.4645610451698303, 0.35841384530067444, 0.08216216415166855, 0.08365707844495773], "conf": 0.32438838481903076}, {"box_index": 3, "class_id": 2, "class_name": "B3", "bbox_yolo": [0.48683035373687744, 0.3607034683227539, 0.13832902908325195, 0.09298498928546906], "conf": 0.2741868793964386}], "count_per_class": {"B1": 0, "B2": 1, "B3": 3, "B4": 0}, "side_index": 3}