{"image": "DAMIMAS_A21B_0328_2.jpg", "detector": "y26m_vanilla_local", "detections": [{"box_index": 0, "class_id": 2, "class_name": "B3", "bbox_yolo": [0.6590207815170288, 0.4600355327129364, 0.15870895981788635, 0.12847621738910675], "conf": 0.6405913829803467}, {"box_index": 1, "class_id": 2, "class_name": "B3", "bbox_yolo": [0.35621529817581177, 0.4020685851573944, 0.1638055294752121, 0.13752718269824982], "conf": 0.6282035112380981}, {"box_index": 2, "class_id": 2, "class_name": "B3", "bbox_yolo": [0.22926802933216095, 0.47267094254493713, 0.14604532718658447, 0.12101931869983673], "conf": 0.4199146032333374}], "count_per_class": {"B1": 0, "B2": 0, "B3": 3, "B4": 0}, "side_index": 1}