{"image": "DAMIMAS_A21B_0474_1.jpg", "detector": "y26m_vanilla_local", "detections": [{"box_index": 0, "class_id": 0, "class_name": "B1", "bbox_yolo": [0.4997961223125458, 0.4749372601509094, 0.09202484041452408, 0.06287341564893723], "conf": 0.5763636231422424}], "count_per_class": {"B1": 1, "B2": 0, "B3": 0, "B4": 0}, "side_index": 0}