{"image": "DAMIMAS_A21B_0503_4.jpg", "detector": "y26m_vanilla_local", "detections": [{"box_index": 0, "class_id": 3, "class_name": "B4", "bbox_yolo": [0.5935953855514526, 0.3835195004940033, 0.06525503844022751, 0.04661364480853081], "conf": 0.4276508688926697}, {"box_index": 1, "class_id": 1, "class_name": "B2", "bbox_yolo": [0.5392060875892639, 0.49670925736427307, 0.09467118978500366, 0.08551249653100967], "conf": 0.36941149830818176}, {"box_index": 2, "class_id": 2, "class_name": "B3", "bbox_yolo": [0.584771990776062, 0.43224427103996277, 0.07812882214784622, 0.0554845817387104], "conf": 0.2932610809803009}], "count_per_class": {"B1": 0, "B2": 1, "B3": 1, "B4": 1}, "side_index": 3}