{"image": "DAMIMAS_A21B_0413_1.jpg", "detector": "y26m_vanilla_local", "detections": [{"box_index": 0, "class_id": 1, "class_name": "B2", "bbox_yolo": [0.6469014883041382, 0.38309425115585327, 0.14776287972927094, 0.12940716743469238], "conf": 0.5740664005279541}, {"box_index": 1, "class_id": 2, "class_name": "B3", "bbox_yolo": [0.49190235137939453, 0.32719555497169495, 0.1399802565574646, 0.12304496765136719], "conf": 0.497967004776001}, {"box_index": 2, "class_id": 2, "class_name": "B3", "bbox_yolo": [0.47543489933013916, 0.32527923583984375, 0.08240223675966263, 0.11801452934741974], "conf": 0.29100632667541504}], "count_per_class": {"B1": 0, "B2": 1, "B3": 2, "B4": 0}, "side_index": 0}