{"image": "DAMIMAS_A21B_0814_5.jpg", "detector": "y26m_vanilla_local", "detections": [{"box_index": 0, "class_id": 2, "class_name": "B3", "bbox_yolo": [0.40212562680244446, 0.42483970522880554, 0.16369448602199554, 0.12288403511047363], "conf": 0.5784081816673279}, {"box_index": 1, "class_id": 2, "class_name": "B3", "bbox_yolo": [0.7125609517097473, 0.4331818222999573, 0.1397073119878769, 0.12247078865766525], "conf": 0.4166490137577057}, {"box_index": 2, "class_id": 2, "class_name": "B3", "bbox_yolo": [0.6014562249183655, 0.38233500719070435, 0.12871265411376953, 0.10198009014129639], "conf": 0.26353758573532104}], "count_per_class": {"B1": 0, "B2": 0, "B3": 3, "B4": 0}, "side_index": 4}