{"image": "DAMIMAS_A21B_0735_2.jpg", "detector": "y26m_vanilla_local", "detections": [{"box_index": 0, "class_id": 2, "class_name": "B3", "bbox_yolo": [0.49962714314460754, 0.19160142540931702, 0.19609856605529785, 0.21074162423610687], "conf": 0.6565268635749817}, {"box_index": 1, "class_id": 2, "class_name": "B3", "bbox_yolo": [0.7488799691200256, 0.1455949991941452, 0.17420554161071777, 0.13810491561889648], "conf": 0.5477513670921326}, {"box_index": 2, "class_id": 2, "class_name": "B3", "bbox_yolo": [0.20420663058757782, 0.13929483294487, 0.10403558611869812, 0.0755278617143631], "conf": 0.3545641005039215}, {"box_index": 3, "class_id": 3, "class_name": "B4", "bbox_yolo": [0.36569756269454956, 0.057126011699438095, 0.15282100439071655, 0.11014211177825928], "conf": 0.28370368480682373}], "count_per_class": {"B1": 0, "B2": 0, "B3": 3, "B4": 1}, "side_index": 1}