{"image": "DAMIMAS_A21B_0502_2.jpg", "detector": "y26m_vanilla_local", "detections": [{"box_index": 0, "class_id": 3, "class_name": "B4", "bbox_yolo": [0.6380139589309692, 0.36550965905189514, 0.0698394775390625, 0.053404927253723145], "conf": 0.31243762373924255}, {"box_index": 1, "class_id": 2, "class_name": "B3", "bbox_yolo": [0.7084582448005676, 0.3927898705005646, 0.07017199695110321, 0.06304135173559189], "conf": 0.27041226625442505}, {"box_index": 2, "class_id": 2, "class_name": "B3", "bbox_yolo": [0.41916272044181824, 0.4333252012729645, 0.06169964745640755, 0.054558612406253815], "conf": 0.2504519522190094}], "count_per_class": {"B1": 0, "B2": 0, "B3": 2, "B4": 1}, "side_index": 1}