{"image": "DAMIMAS_A21B_0128_1.jpg", "detector": "y26m_vanilla_local", "detections": [{"box_index": 0, "class_id": 2, "class_name": "B3", "bbox_yolo": [0.4268774390220642, 0.4961465895175934, 0.10950051248073578, 0.07958497852087021], "conf": 0.5411224961280823}, {"box_index": 1, "class_id": 1, "class_name": "B2", "bbox_yolo": [0.6228781342506409, 0.5133957862854004, 0.10235609114170074, 0.0718449130654335], "conf": 0.3919847309589386}], "count_per_class": {"B1": 0, "B2": 1, "B3": 1, "B4": 0}, "side_index": 0}