{"image": "DAMIMAS_A21B_0514_3.jpg", "detector": "y26m_vanilla_local", "detections": [{"box_index": 0, "class_id": 2, "class_name": "B3", "bbox_yolo": [0.6191605925559998, 0.4155270755290985, 0.10953617841005325, 0.08567314594984055], "conf": 0.5374833345413208}, {"box_index": 1, "class_id": 2, "class_name": "B3", "bbox_yolo": [0.4523060619831085, 0.43958836793899536, 0.0644475668668747, 0.0881560817360878], "conf": 0.25516319274902344}, {"box_index": 2, "class_id": 3, "class_name": "B4", "bbox_yolo": [0.5291112661361694, 0.35854673385620117, 0.06627124547958374, 0.06442584842443466], "conf": 0.2519781291484833}, {"box_index": 3, "class_id": 2, "class_name": "B3", "bbox_yolo": [0.32742127776145935, 0.41999945044517517, 0.07639297097921371, 0.06491734832525253], "conf": 0.25090667605400085}], "count_per_class": {"B1": 0, "B2": 0, "B3": 3, "B4": 1}, "side_index": 2}