{"image": "DAMIMAS_A21B_0590_1.jpg", "detector": "y26m_vanilla_local", "detections": [{"box_index": 0, "class_id": 0, "class_name": "B1", "bbox_yolo": [0.32583293318748474, 0.4613093435764313, 0.1668567806482315, 0.14438767731189728], "conf": 0.6946559548377991}, {"box_index": 1, "class_id": 0, "class_name": "B1", "bbox_yolo": [0.7190639972686768, 0.4791751801967621, 0.1277839094400406, 0.10889935493469238], "conf": 0.6122401356697083}, {"box_index": 2, "class_id": 2, "class_name": "B3", "bbox_yolo": [0.476506769657135, 0.4176190495491028, 0.14363616704940796, 0.1199837252497673], "conf": 0.3699776232242584}, {"box_index": 3, "class_id": 1, "class_name": "B2", "bbox_yolo": [0.476506769657135, 0.4176190495491028, 0.14363616704940796, 0.1199837252497673], "conf": 0.34251612424850464}], "count_per_class": {"B1": 2, "B2": 1, "B3": 1, "B4": 0}, "side_index": 0}