{"image": "DAMIMAS_A21B_0435_1.jpg", "detector": "y26m_vanilla_local", "detections": [{"box_index": 0, "class_id": 0, "class_name": "B1", "bbox_yolo": [0.5301975607872009, 0.500689685344696, 0.09511258453130722, 0.08172821998596191], "conf": 0.5177754163742065}, {"box_index": 1, "class_id": 0, "class_name": "B1", "bbox_yolo": [0.5298136472702026, 0.5015329718589783, 0.11289600282907486, 0.08811421692371368], "conf": 0.34830543398857117}, {"box_index": 2, "class_id": 2, "class_name": "B3", "bbox_yolo": [0.38407328724861145, 0.47888803482055664, 0.07037713378667831, 0.05760354921221733], "conf": 0.30376750230789185}, {"box_index": 3, "class_id": 2, "class_name": "B3", "bbox_yolo": [0.5643959045410156, 0.4390229284763336, 0.07141313701868057, 0.0505523681640625], "conf": 0.2999928295612335}], "count_per_class": {"B1": 2, "B2": 0, "B3": 2, "B4": 0}, "side_index": 0}