{"image": "DAMIMAS_A21B_0255_1.jpg", "detector": "y26m_vanilla_local", "detections": [{"box_index": 0, "class_id": 2, "class_name": "B3", "bbox_yolo": [0.4699976444244385, 0.3080754280090332, 0.15671636164188385, 0.12036504596471786], "conf": 0.6567248106002808}, {"box_index": 1, "class_id": 1, "class_name": "B2", "bbox_yolo": [0.3137170374393463, 0.3569415509700775, 0.14288590848445892, 0.12190394848585129], "conf": 0.6069242358207703}, {"box_index": 2, "class_id": 1, "class_name": "B2", "bbox_yolo": [0.46776944398880005, 0.30953511595726013, 0.16083262860774994, 0.12416701763868332], "conf": 0.2882939875125885}], "count_per_class": {"B1": 0, "B2": 2, "B3": 1, "B4": 0}, "side_index": 0}