{"image": "DAMIMAS_A21B_0371_4.jpg", "detector": "y26m_vanilla_local", "detections": [{"box_index": 0, "class_id": 0, "class_name": "B1", "bbox_yolo": [0.4560333788394928, 0.3898845314979553, 0.1160305067896843, 0.11867792904376984], "conf": 0.48664411902427673}, {"box_index": 1, "class_id": 2, "class_name": "B3", "bbox_yolo": [0.5952029228210449, 0.37671929597854614, 0.12198811024427414, 0.10467882454395294], "conf": 0.4395469129085541}], "count_per_class": {"B1": 1, "B2": 0, "B3": 1, "B4": 0}, "side_index": 3}