{"image": "DAMIMAS_A21B_0254_3.jpg", "detector": "y26m_vanilla_local", "detections": [{"box_index": 0, "class_id": 2, "class_name": "B3", "bbox_yolo": [0.7253668904304504, 0.16293933987617493, 0.17527371644973755, 0.14031128585338593], "conf": 0.5128927230834961}, {"box_index": 1, "class_id": 1, "class_name": "B2", "bbox_yolo": [0.7251346111297607, 0.16611872613430023, 0.1783013790845871, 0.1450519561767578], "conf": 0.3017619550228119}], "count_per_class": {"B1": 0, "B2": 1, "B3": 1, "B4": 0}, "side_index": 2}