{"image": "DAMIMAS_A21B_0033_2.jpg", "detector": "y26m_vanilla_local", "detections": [{"box_index": 0, "class_id": 2, "class_name": "B3", "bbox_yolo": [0.641083836555481, 0.4164890944957733, 0.08872935175895691, 0.06687767803668976], "conf": 0.29971474409103394}, {"box_index": 1, "class_id": 2, "class_name": "B3", "bbox_yolo": [0.5186580419540405, 0.3822994828224182, 0.09104767441749573, 0.07841157913208008], "conf": 0.2923886775970459}, {"box_index": 2, "class_id": 2, "class_name": "B3", "bbox_yolo": [0.41940179467201233, 0.4290015399456024, 0.08539041131734848, 0.07265794277191162], "conf": 0.2779189646244049}], "count_per_class": {"B1": 0, "B2": 0, "B3": 3, "B4": 0}, "side_index": 1}