{"image": "DAMIMAS_A21B_0524_4.jpg", "detector": "y26m_vanilla_local", "detections": [{"box_index": 0, "class_id": 1, "class_name": "B2", "bbox_yolo": [0.5193339586257935, 0.4195959270000458, 0.10904885083436966, 0.09365808963775635], "conf": 0.3643873929977417}, {"box_index": 1, "class_id": 1, "class_name": "B2", "bbox_yolo": [0.5184532999992371, 0.4224552810192108, 0.12353986501693726, 0.09810123592615128], "conf": 0.3494512140750885}, {"box_index": 2, "class_id": 2, "class_name": "B3", "bbox_yolo": [0.30483996868133545, 0.36700233817100525, 0.07486563175916672, 0.06246349960565567], "conf": 0.2775270938873291}], "count_per_class": {"B1": 0, "B2": 2, "B3": 1, "B4": 0}, "side_index": 3}