{"image": "DAMIMAS_A21B_0449_4.jpg", "detector": "y26m_vanilla_local", "detections": [{"box_index": 0, "class_id": 0, "class_name": "B1", "bbox_yolo": [0.46578165888786316, 0.4624950587749481, 0.08586521446704865, 0.05999164655804634], "conf": 0.279427170753479}], "count_per_class": {"B1": 1, "B2": 0, "B3": 0, "B4": 0}, "side_index": 3}