{"image": "DAMIMAS_A21B_0012_1.jpg", "detector": "y26m_vanilla_local", "detections": [{"box_index": 0, "class_id": 2, "class_name": "B3", "bbox_yolo": [0.5675128698348999, 0.6098758578300476, 0.0822470411658287, 0.062032509595155716], "conf": 0.35864004492759705}], "count_per_class": {"B1": 0, "B2": 0, "B3": 1, "B4": 0}, "side_index": 0}