{"image": "DAMIMAS_A21B_0811_6.jpg", "detector": "y26m_vanilla_local", "detections": [{"box_index": 0, "class_id": 2, "class_name": "B3", "bbox_yolo": [0.3968757688999176, 0.38131192326545715, 0.08567975461483002, 0.08398327976465225], "conf": 0.35979995131492615}, {"box_index": 1, "class_id": 2, "class_name": "B3", "bbox_yolo": [0.4098905324935913, 0.3875088691711426, 0.13071982562541962, 0.0947490707039833], "conf": 0.2574072480201721}], "count_per_class": {"B1": 0, "B2": 0, "B3": 2, "B4": 0}, "side_index": 5}