{"image": "DAMIMAS_A21B_0773_4.jpg", "detector": "y26m_vanilla_local", "detections": [{"box_index": 0, "class_id": 1, "class_name": "B2", "bbox_yolo": [0.5790821313858032, 0.3393041491508484, 0.16753512620925903, 0.14202581346035004], "conf": 0.536756157875061}, {"box_index": 1, "class_id": 2, "class_name": "B3", "bbox_yolo": [0.44702959060668945, 0.312021404504776, 0.13496409356594086, 0.09679052978754044], "conf": 0.3779653310775757}, {"box_index": 2, "class_id": 2, "class_name": "B3", "bbox_yolo": [0.7428756952285767, 0.329868882894516, 0.10854219645261765, 0.0830666571855545], "conf": 0.3734135925769806}, {"box_index": 3, "class_id": 0, "class_name": "B1", "bbox_yolo": [0.5780318379402161, 0.33864572644233704, 0.16944581270217896, 0.14169831573963165], "conf": 0.372612863779068}], "count_per_class": {"B1": 1, "B2": 1, "B3": 2, "B4": 0}, "side_index": 3}