{"image": "DAMIMAS_A21B_0144_2.jpg", "detector": "y26m_vanilla_local", "detections": [{"box_index": 0, "class_id": 2, "class_name": "B3", "bbox_yolo": [0.41321802139282227, 0.4963078200817108, 0.12778718769550323, 0.09463558346033096], "conf": 0.3934780955314636}, {"box_index": 1, "class_id": 2, "class_name": "B3", "bbox_yolo": [0.5654309391975403, 0.4920934736728668, 0.10459032654762268, 0.07426700741052628], "conf": 0.2909427881240845}, {"box_index": 2, "class_id": 2, "class_name": "B3", "bbox_yolo": [0.4147263765335083, 0.4930747449398041, 0.11504167318344116, 0.08923616260290146], "conf": 0.2735930383205414}, {"box_index": 3, "class_id": 2, "class_name": "B3", "bbox_yolo": [0.5608839392662048, 0.5024768710136414, 0.12223222106695175, 0.09512410312891006], "conf": 0.2666540741920471}], "count_per_class": {"B1": 0, "B2": 0, "B3": 4, "B4": 0}, "side_index": 1}