{"image": "DAMIMAS_A21B_0092_3.jpg", "detector": "y26m_vanilla_local", "detections": [{"box_index": 0, "class_id": 2, "class_name": "B3", "bbox_yolo": [0.32444313168525696, 0.5168497562408447, 0.14123260974884033, 0.10295944660902023], "conf": 0.5232186317443848}, {"box_index": 1, "class_id": 2, "class_name": "B3", "bbox_yolo": [0.6581651568412781, 0.49271702766418457, 0.09087619930505753, 0.07312612980604172], "conf": 0.3078319728374481}, {"box_index": 2, "class_id": 2, "class_name": "B3", "bbox_yolo": [0.5376043319702148, 0.454841285943985, 0.10408338159322739, 0.06442394107580185], "conf": 0.2625702917575836}, {"box_index": 3, "class_id": 2, "class_name": "B3", "bbox_yolo": [0.31586000323295593, 0.5105549693107605, 0.11699283123016357, 0.08525138348340988], "conf": 0.261011004447937}], "count_per_class": {"B1": 0, "B2": 0, "B3": 4, "B4": 0}, "side_index": 2}