{"image": "DAMIMAS_A21B_0304_4.jpg", "detector": "y26m_vanilla_local", "detections": [{"box_index": 0, "class_id": 2, "class_name": "B3", "bbox_yolo": [0.37063276767730713, 0.4061751365661621, 0.15732543170452118, 0.10528621822595596], "conf": 0.5390958786010742}, {"box_index": 1, "class_id": 2, "class_name": "B3", "bbox_yolo": [0.7412855625152588, 0.4219805896282196, 0.1427590698003769, 0.12164352089166641], "conf": 0.4100598394870758}], "count_per_class": {"B1": 0, "B2": 0, "B3": 2, "B4": 0}, "side_index": 3}