{"image": "DAMIMAS_A21B_0845_7.jpg", "detector": "y26m_vanilla_local", "detections": [{"box_index": 0, "class_id": 2, "class_name": "B3", "bbox_yolo": [0.4401175379753113, 0.2852437198162079, 0.16580799221992493, 0.13021083176136017], "conf": 0.6091508865356445}, {"box_index": 1, "class_id": 2, "class_name": "B3", "bbox_yolo": [0.43744465708732605, 0.2861475944519043, 0.16991373896598816, 0.12943576276302338], "conf": 0.2602398991584778}, {"box_index": 2, "class_id": 3, "class_name": "B4", "bbox_yolo": [0.41968658566474915, 0.18513326346874237, 0.0976375937461853, 0.06804286688566208], "conf": 0.2511524260044098}], "count_per_class": {"B1": 0, "B2": 0, "B3": 2, "B4": 1}, "side_index": 6}