{"image": "DAMIMAS_A21B_0043_4.jpg", "detector": "y26m_vanilla_local", "detections": [{"box_index": 0, "class_id": 0, "class_name": "B1", "bbox_yolo": [0.40811800956726074, 0.5825218558311462, 0.12130245566368103, 0.10231667011976242], "conf": 0.6797377467155457}, {"box_index": 1, "class_id": 2, "class_name": "B3", "bbox_yolo": [0.5179597735404968, 0.5378621816635132, 0.08423878997564316, 0.08652963489294052], "conf": 0.4315203130245209}, {"box_index": 2, "class_id": 3, "class_name": "B4", "bbox_yolo": [0.4037029445171356, 0.5087389349937439, 0.07705920934677124, 0.051333095878362656], "conf": 0.3758140504360199}], "count_per_class": {"B1": 1, "B2": 0, "B3": 1, "B4": 1}, "side_index": 3}