{"image": "DAMIMAS_A21B_0071_2.jpg", "detector": "y26m_vanilla_local", "detections": [{"box_index": 0, "class_id": 0, "class_name": "B1", "bbox_yolo": [0.6131376028060913, 0.5016247034072876, 0.12813594937324524, 0.12184958904981613], "conf": 0.6014598608016968}, {"box_index": 1, "class_id": 2, "class_name": "B3", "bbox_yolo": [0.3739013373851776, 0.469889372587204, 0.09755294024944305, 0.07585330307483673], "conf": 0.36721378564834595}, {"box_index": 2, "class_id": 2, "class_name": "B3", "bbox_yolo": [0.5025833249092102, 0.48575296998023987, 0.08372148126363754, 0.09794002026319504], "conf": 0.3348025679588318}], "count_per_class": {"B1": 1, "B2": 0, "B3": 2, "B4": 0}, "side_index": 1}