{"image": "DAMIMAS_A21B_0494_3.jpg", "detector": "y26m_vanilla_local", "detections": [{"box_index": 0, "class_id": 2, "class_name": "B3", "bbox_yolo": [0.37776753306388855, 0.34462085366249084, 0.13772517442703247, 0.09378986805677414], "conf": 0.3834162652492523}, {"box_index": 1, "class_id": 0, "class_name": "B1", "bbox_yolo": [0.6569196581840515, 0.3862358033657074, 0.10403614491224289, 0.07969816029071808], "conf": 0.3180226981639862}, {"box_index": 2, "class_id": 0, "class_name": "B1", "bbox_yolo": [0.6503892540931702, 0.3897554874420166, 0.1218704953789711, 0.09862108528614044], "conf": 0.2648037075996399}, {"box_index": 3, "class_id": 3, "class_name": "B4", "bbox_yolo": [0.5101227760314941, 0.2936252951622009, 0.07535804808139801, 0.07395253330469131], "conf": 0.262762188911438}], "count_per_class": {"B1": 2, "B2": 0, "B3": 1, "B4": 1}, "side_index": 2}