{"image": "DAMIMAS_A21B_0329_4.jpg", "detector": "y26m_vanilla_local", "detections": [{"box_index": 0, "class_id": 1, "class_name": "B2", "bbox_yolo": [0.2796218693256378, 0.39699456095695496, 0.1794549971818924, 0.13440494239330292], "conf": 0.4155671298503876}, {"box_index": 1, "class_id": 2, "class_name": "B3", "bbox_yolo": [0.49900782108306885, 0.3401007652282715, 0.21980099380016327, 0.1673586219549179], "conf": 0.31927990913391113}], "count_per_class": {"B1": 0, "B2": 1, "B3": 1, "B4": 0}, "side_index": 3}