{"image": "DAMIMAS_A21B_0783_2.jpg", "detector": "y26m_vanilla_local", "detections": [{"box_index": 0, "class_id": 2, "class_name": "B3", "bbox_yolo": [0.4796784222126007, 0.2582566738128662, 0.14367030560970306, 0.11677112430334091], "conf": 0.5899536609649658}, {"box_index": 1, "class_id": 1, "class_name": "B2", "bbox_yolo": [0.6329318284988403, 0.2818065583705902, 0.10795383900403976, 0.08216941356658936], "conf": 0.4549538195133209}, {"box_index": 2, "class_id": 2, "class_name": "B3", "bbox_yolo": [0.3354876637458801, 0.3433530032634735, 0.09531339257955551, 0.08385568112134933], "conf": 0.43733319640159607}, {"box_index": 3, "class_id": 1, "class_name": "B2", "bbox_yolo": [0.6339719891548157, 0.2851123511791229, 0.12107951194047928, 0.093601755797863], "conf": 0.26352840662002563}], "count_per_class": {"B1": 0, "B2": 2, "B3": 2, "B4": 0}, "side_index": 1}