{"image": "DAMIMAS_A21B_0141_3.jpg", "detector": "y26m_vanilla_local", "detections": [{"box_index": 0, "class_id": 2, "class_name": "B3", "bbox_yolo": [0.5551099181175232, 0.3983287215232849, 0.14389197528362274, 0.09696707874536514], "conf": 0.6223145127296448}, {"box_index": 1, "class_id": 2, "class_name": "B3", "bbox_yolo": [0.3793753683567047, 0.45140954852104187, 0.14138178527355194, 0.10310828685760498], "conf": 0.4130585491657257}], "count_per_class": {"B1": 0, "B2": 0, "B3": 2, "B4": 0}, "side_index": 2}