{"image": "DAMIMAS_A21B_0497_3.jpg", "detector": "y26m_vanilla_local", "detections": [{"box_index": 0, "class_id": 2, "class_name": "B3", "bbox_yolo": [0.5771108269691467, 0.3556881248950958, 0.13622406125068665, 0.10211034119129181], "conf": 0.454093873500824}, {"box_index": 1, "class_id": 1, "class_name": "B2", "bbox_yolo": [0.5771108269691467, 0.3556881248950958, 0.13622406125068665, 0.10211034119129181], "conf": 0.330374151468277}, {"box_index": 2, "class_id": 3, "class_name": "B4", "bbox_yolo": [0.6165887713432312, 0.2732177674770355, 0.10985012352466583, 0.06568832695484161], "conf": 0.3039611577987671}], "count_per_class": {"B1": 0, "B2": 1, "B3": 1, "B4": 1}, "side_index": 2}