{"image": "DAMIMAS_A21B_0024_2.jpg", "detector": "y26m_vanilla_local", "detections": [{"box_index": 0, "class_id": 3, "class_name": "B4", "bbox_yolo": [0.4295942485332489, 0.4642467498779297, 0.09273462742567062, 0.0634041354060173], "conf": 0.45527002215385437}, {"box_index": 1, "class_id": 2, "class_name": "B3", "bbox_yolo": [0.5193866491317749, 0.49869489669799805, 0.09933090955018997, 0.0787804126739502], "conf": 0.35970738530158997}, {"box_index": 2, "class_id": 2, "class_name": "B3", "bbox_yolo": [0.3719159662723541, 0.5266200304031372, 0.10140480101108551, 0.0781732127070427], "conf": 0.3521663248538971}], "count_per_class": {"B1": 0, "B2": 0, "B3": 2, "B4": 1}, "side_index": 1}