{"image": "DAMIMAS_A21B_0667_1.jpg", "detector": "y26m_vanilla_local", "detections": [{"box_index": 0, "class_id": 0, "class_name": "B1", "bbox_yolo": [0.7131235003471375, 0.32269492745399475, 0.14719626307487488, 0.10796010494232178], "conf": 0.6089676022529602}, {"box_index": 1, "class_id": 2, "class_name": "B3", "bbox_yolo": [0.41751629114151, 0.28511887788772583, 0.1132613867521286, 0.09240732342004776], "conf": 0.37321701645851135}, {"box_index": 2, "class_id": 2, "class_name": "B3", "bbox_yolo": [0.3468016982078552, 0.32331782579421997, 0.07949664443731308, 0.08883948624134064], "conf": 0.258095920085907}], "count_per_class": {"B1": 1, "B2": 0, "B3": 2, "B4": 0}, "side_index": 0}