{"image": "DAMIMAS_A21B_0800_2.jpg", "detector": "y26m_vanilla_local", "detections": [{"box_index": 0, "class_id": 2, "class_name": "B3", "bbox_yolo": [0.3761211037635803, 0.16073866188526154, 0.2312183529138565, 0.20724926888942719], "conf": 0.6805673837661743}, {"box_index": 1, "class_id": 1, "class_name": "B2", "bbox_yolo": [0.682073175907135, 0.20296035706996918, 0.2848382592201233, 0.23416732251644135], "conf": 0.43574920296669006}, {"box_index": 2, "class_id": 0, "class_name": "B1", "bbox_yolo": [0.6794347763061523, 0.20321206748485565, 0.2794029414653778, 0.2301124632358551], "conf": 0.3454732894897461}, {"box_index": 3, "class_id": 1, "class_name": "B2", "bbox_yolo": [0.3763529062271118, 0.16206708550453186, 0.23516039550304413, 0.2099839299917221], "conf": 0.26847946643829346}], "count_per_class": {"B1": 1, "B2": 2, "B3": 1, "B4": 0}, "side_index": 1}