{"image": "DAMIMAS_A21B_0011_4.jpg", "detector": "y26m_vanilla_local", "detections": [{"box_index": 0, "class_id": 2, "class_name": "B3", "bbox_yolo": [0.5348271727561951, 0.4766230583190918, 0.08955231308937073, 0.06780743598937988], "conf": 0.2821864187717438}], "count_per_class": {"B1": 0, "B2": 0, "B3": 1, "B4": 0}, "side_index": 3}