{"image": "DAMIMAS_A21B_0468_4.jpg", "detector": "y26m_vanilla_local", "detections": [{"box_index": 0, "class_id": 0, "class_name": "B1", "bbox_yolo": [0.5198387503623962, 0.3529011905193329, 0.11476361751556396, 0.08357355743646622], "conf": 0.49656036496162415}, {"box_index": 1, "class_id": 0, "class_name": "B1", "bbox_yolo": [0.5172510147094727, 0.3557940125465393, 0.12203789502382278, 0.09383087605237961], "conf": 0.3715837895870209}, {"box_index": 2, "class_id": 2, "class_name": "B3", "bbox_yolo": [0.37485042214393616, 0.3419588506221771, 0.09125827997922897, 0.07180412113666534], "conf": 0.3572101891040802}], "count_per_class": {"B1": 2, "B2": 0, "B3": 1, "B4": 0}, "side_index": 3}