{"image": "DAMIMAS_A21B_0330_1.jpg", "detector": "y26m_vanilla_local", "detections": [{"box_index": 0, "class_id": 1, "class_name": "B2", "bbox_yolo": [0.7423065304756165, 0.4264286160469055, 0.12937679886817932, 0.12472701072692871], "conf": 0.5265842080116272}, {"box_index": 1, "class_id": 2, "class_name": "B3", "bbox_yolo": [0.3644922077655792, 0.42505285143852234, 0.16291320323944092, 0.11299441009759903], "conf": 0.5019218921661377}, {"box_index": 2, "class_id": 3, "class_name": "B4", "bbox_yolo": [0.6736606955528259, 0.3076825439929962, 0.0804242491722107, 0.04849443584680557], "conf": 0.38547831773757935}, {"box_index": 3, "class_id": 2, "class_name": "B3", "bbox_yolo": [0.6491672992706299, 0.36973294615745544, 0.10679652541875839, 0.08969328552484512], "conf": 0.33284714818000793}], "count_per_class": {"B1": 0, "B2": 1, "B3": 2, "B4": 1}, "side_index": 0}