{"image": "DAMIMAS_A21B_0646_4.jpg", "detector": "y26m_vanilla_local", "detections": [{"box_index": 0, "class_id": 2, "class_name": "B3", "bbox_yolo": [0.3254113793373108, 0.3280004858970642, 0.19714227318763733, 0.13446716964244843], "conf": 0.7059485912322998}, {"box_index": 1, "class_id": 2, "class_name": "B3", "bbox_yolo": [0.8281515836715698, 0.41583213210105896, 0.17028185725212097, 0.14931237697601318], "conf": 0.5836913585662842}, {"box_index": 2, "class_id": 1, "class_name": "B2", "bbox_yolo": [0.47459083795547485, 0.43426164984703064, 0.22332663834095, 0.15298262238502502], "conf": 0.5060533881187439}, {"box_index": 3, "class_id": 1, "class_name": "B2", "bbox_yolo": [0.824951171875, 0.4174036979675293, 0.18102456629276276, 0.1533862203359604], "conf": 0.3464224338531494}], "count_per_class": {"B1": 0, "B2": 2, "B3": 2, "B4": 0}, "side_index": 3}