{"image": "DAMIMAS_A21B_0473_1.jpg", "detector": "y26m_vanilla_local", "detections": [{"box_index": 0, "class_id": 2, "class_name": "B3", "bbox_yolo": [0.4207248091697693, 0.3582245409488678, 0.07395020127296448, 0.06297176331281662], "conf": 0.5262840390205383}], "count_per_class": {"B1": 0, "B2": 0, "B3": 1, "B4": 0}, "side_index": 0}