{"image": "DAMIMAS_A21B_0306_1.jpg", "detector": "y26m_vanilla_local", "detections": [{"box_index": 0, "class_id": 2, "class_name": "B3", "bbox_yolo": [0.6337714195251465, 0.5076436996459961, 0.08076242357492447, 0.08968839794397354], "conf": 0.3509646952152252}], "count_per_class": {"B1": 0, "B2": 0, "B3": 1, "B4": 0}, "side_index": 0}