{"image": "DAMIMAS_A21B_0360_4.jpg", "detector": "y26m_vanilla_local", "detections": [{"box_index": 0, "class_id": 0, "class_name": "B1", "bbox_yolo": [0.6961089372634888, 0.37859877943992615, 0.12271939218044281, 0.10390763729810715], "conf": 0.6260938048362732}, {"box_index": 1, "class_id": 2, "class_name": "B3", "bbox_yolo": [0.39035072922706604, 0.3038826584815979, 0.09752369672060013, 0.06559651345014572], "conf": 0.35034626722335815}, {"box_index": 2, "class_id": 2, "class_name": "B3", "bbox_yolo": [0.5788329243659973, 0.3414238393306732, 0.11886361986398697, 0.0821128860116005], "conf": 0.26566264033317566}, {"box_index": 3, "class_id": 3, "class_name": "B4", "bbox_yolo": [0.38406315445899963, 0.24991300702095032, 0.082277812063694, 0.05981722101569176], "conf": 0.2583971321582794}], "count_per_class": {"B1": 1, "B2": 0, "B3": 2, "B4": 1}, "side_index": 3}