{"image": "DAMIMAS_A21B_0063_1.jpg", "detector": "y26m_vanilla_local", "detections": [{"box_index": 0, "class_id": 0, "class_name": "B1", "bbox_yolo": [0.4472168982028961, 0.5321463942527771, 0.1477741301059723, 0.11031637340784073], "conf": 0.7405148148536682}, {"box_index": 1, "class_id": 2, "class_name": "B3", "bbox_yolo": [0.5657773613929749, 0.4950166642665863, 0.09236826002597809, 0.07108121365308762], "conf": 0.3374355733394623}, {"box_index": 2, "class_id": 2, "class_name": "B3", "bbox_yolo": [0.3219342827796936, 0.509218692779541, 0.07943932712078094, 0.0805778056383133], "conf": 0.3139800727367401}], "count_per_class": {"B1": 1, "B2": 0, "B3": 2, "B4": 0}, "side_index": 0}