{"image": "DAMIMAS_A21B_0389_1.jpg", "detector": "y26m_vanilla_local", "detections": [{"box_index": 0, "class_id": 1, "class_name": "B2", "bbox_yolo": [0.352094441652298, 0.4407576620578766, 0.10303618758916855, 0.07810177654027939], "conf": 0.5311699509620667}, {"box_index": 1, "class_id": 2, "class_name": "B3", "bbox_yolo": [0.4426726996898651, 0.4046686291694641, 0.08380435407161713, 0.06961806118488312], "conf": 0.3244897425174713}, {"box_index": 2, "class_id": 2, "class_name": "B3", "bbox_yolo": [0.6593302488327026, 0.3911885619163513, 0.07683290541172028, 0.06441950798034668], "conf": 0.2797873616218567}, {"box_index": 3, "class_id": 3, "class_name": "B4", "bbox_yolo": [0.43717482686042786, 0.34414055943489075, 0.06564226746559143, 0.05692024156451225], "conf": 0.26041340827941895}], "count_per_class": {"B1": 0, "B2": 1, "B3": 2, "B4": 1}, "side_index": 0}