{"image": "DAMIMAS_A21B_0428_1.jpg", "detector": "y26m_vanilla_local", "detections": [{"box_index": 0, "class_id": 0, "class_name": "B1", "bbox_yolo": [0.5402044653892517, 0.48929283022880554, 0.16072531044483185, 0.12693548202514648], "conf": 0.6349399089813232}, {"box_index": 1, "class_id": 2, "class_name": "B3", "bbox_yolo": [0.41822826862335205, 0.4365367889404297, 0.1349344253540039, 0.10051947087049484], "conf": 0.4608442485332489}, {"box_index": 2, "class_id": 2, "class_name": "B3", "bbox_yolo": [0.29226621985435486, 0.4372813403606415, 0.08912970870733261, 0.08644881099462509], "conf": 0.3328585624694824}, {"box_index": 3, "class_id": 2, "class_name": "B3", "bbox_yolo": [0.6855118274688721, 0.4553726315498352, 0.09228916466236115, 0.09978199005126953], "conf": 0.3314594626426697}], "count_per_class": {"B1": 1, "B2": 0, "B3": 3, "B4": 0}, "side_index": 0}