{"image": "DAMIMAS_A21B_0241_2.jpg", "detector": "y26m_vanilla_local", "detections": [{"box_index": 0, "class_id": 2, "class_name": "B3", "bbox_yolo": [0.5178333520889282, 0.4769260585308075, 0.12469463795423508, 0.11655545234680176], "conf": 0.5020143985748291}, {"box_index": 1, "class_id": 2, "class_name": "B3", "bbox_yolo": [0.3689921796321869, 0.4468901753425598, 0.0941062644124031, 0.07841195911169052], "conf": 0.32669293880462646}, {"box_index": 2, "class_id": 1, "class_name": "B2", "bbox_yolo": [0.5206698179244995, 0.47600385546684265, 0.1280997097492218, 0.12024464458227158], "conf": 0.30797746777534485}], "count_per_class": {"B1": 0, "B2": 1, "B3": 2, "B4": 0}, "side_index": 1}