{"image": "DAMIMAS_A21B_0841_8.jpg", "detector": "y26m_vanilla_local", "detections": [{"box_index": 0, "class_id": 3, "class_name": "B4", "bbox_yolo": [0.44131287932395935, 0.3156091272830963, 0.09492108225822449, 0.0705149695277214], "conf": 0.5295924544334412}, {"box_index": 1, "class_id": 1, "class_name": "B2", "bbox_yolo": [0.477933794260025, 0.40597090125083923, 0.11338549107313156, 0.09260759502649307], "conf": 0.4793877601623535}, {"box_index": 2, "class_id": 2, "class_name": "B3", "bbox_yolo": [0.5638908743858337, 0.3560652434825897, 0.09816431254148483, 0.08047409355640411], "conf": 0.4473506212234497}, {"box_index": 3, "class_id": 2, "class_name": "B3", "bbox_yolo": [0.33849015831947327, 0.38540634512901306, 0.08771508932113647, 0.08395238220691681], "conf": 0.36925578117370605}], "count_per_class": {"B1": 0, "B2": 1, "B3": 2, "B4": 1}, "side_index": 7}