{"image": "DAMIMAS_A21B_0029_1.jpg", "detector": "y26m_vanilla_local", "detections": [{"box_index": 0, "class_id": 1, "class_name": "B2", "bbox_yolo": [0.5201097130775452, 0.48239755630493164, 0.13320425152778625, 0.09944553673267365], "conf": 0.5224555134773254}, {"box_index": 1, "class_id": 1, "class_name": "B2", "bbox_yolo": [0.5198323726654053, 0.47834691405296326, 0.12251142412424088, 0.09116339683532715], "conf": 0.3152802884578705}], "count_per_class": {"B1": 0, "B2": 2, "B3": 0, "B4": 0}, "side_index": 0}