{"image": "DAMIMAS_A21B_0058_1.jpg", "detector": "y26m_vanilla_local", "detections": [{"box_index": 0, "class_id": 2, "class_name": "B3", "bbox_yolo": [0.45078831911087036, 0.502117931842804, 0.10985009372234344, 0.0859747901558876], "conf": 0.26079684495925903}], "count_per_class": {"B1": 0, "B2": 0, "B3": 1, "B4": 0}, "side_index": 0}