{"image": "DAMIMAS_A21B_0667_2.jpg", "detector": "y26m_vanilla_local", "detections": [{"box_index": 0, "class_id": 1, "class_name": "B2", "bbox_yolo": [0.5330864787101746, 0.3948551118373871, 0.14281482994556427, 0.12401149421930313], "conf": 0.4160836338996887}, {"box_index": 1, "class_id": 2, "class_name": "B3", "bbox_yolo": [0.5362086296081543, 0.3941558301448822, 0.13672441244125366, 0.12083454430103302], "conf": 0.39697346091270447}, {"box_index": 2, "class_id": 2, "class_name": "B3", "bbox_yolo": [0.3502318859100342, 0.3598049581050873, 0.11026319116353989, 0.09155040234327316], "conf": 0.325724720954895}, {"box_index": 3, "class_id": 2, "class_name": "B3", "bbox_yolo": [0.3470204770565033, 0.36625152826309204, 0.1432621031999588, 0.1123226210474968], "conf": 0.32493263483047485}], "count_per_class": {"B1": 0, "B2": 1, "B3": 3, "B4": 0}, "side_index": 1}