{"image": "DAMIMAS_A21B_0651_3.jpg", "detector": "y26m_vanilla_local", "detections": [{"box_index": 0, "class_id": 2, "class_name": "B3", "bbox_yolo": [0.35381385684013367, 0.10598397254943848, 0.13600757718086243, 0.11431293934583664], "conf": 0.4718506336212158}, {"box_index": 1, "class_id": 2, "class_name": "B3", "bbox_yolo": [0.5293043851852417, 0.12686927616596222, 0.15920385718345642, 0.12064627557992935], "conf": 0.4476081430912018}, {"box_index": 2, "class_id": 0, "class_name": "B1", "bbox_yolo": [0.7090352773666382, 0.16763614118099213, 0.16563524305820465, 0.14003986120224], "conf": 0.391282856464386}, {"box_index": 3, "class_id": 1, "class_name": "B2", "bbox_yolo": [0.7080729603767395, 0.16916367411613464, 0.1658777892589569, 0.13963258266448975], "conf": 0.28814902901649475}], "count_per_class": {"B1": 1, "B2": 1, "B3": 2, "B4": 0}, "side_index": 2}