{"image": "DAMIMAS_A21B_0740_4.jpg", "detector": "y26m_vanilla_local", "detections": [{"box_index": 0, "class_id": 2, "class_name": "B3", "bbox_yolo": [0.3276176452636719, 0.21536965668201447, 0.18318843841552734, 0.1574583798646927], "conf": 0.7118453979492188}, {"box_index": 1, "class_id": 2, "class_name": "B3", "bbox_yolo": [0.5826215147972107, 0.270693302154541, 0.17648166418075562, 0.18973182141780853], "conf": 0.5928860306739807}, {"box_index": 2, "class_id": 2, "class_name": "B3", "bbox_yolo": [0.24131661653518677, 0.3180004060268402, 0.15071576833724976, 0.13457953929901123], "conf": 0.4582207202911377}, {"box_index": 3, "class_id": 1, "class_name": "B2", "bbox_yolo": [0.5803118944168091, 0.2717045843601227, 0.18586884438991547, 0.19508159160614014], "conf": 0.3634614050388336}], "count_per_class": {"B1": 0, "B2": 1, "B3": 3, "B4": 0}, "side_index": 3}