{"image": "DAMIMAS_A21B_0804_2.jpg", "detector": "y26m_vanilla_local", "detections": [{"box_index": 0, "class_id": 2, "class_name": "B3", "bbox_yolo": [0.47791433334350586, 0.2745058238506317, 0.14100699126720428, 0.11365020275115967], "conf": 0.6047002077102661}, {"box_index": 1, "class_id": 1, "class_name": "B2", "bbox_yolo": [0.3610166609287262, 0.33694615960121155, 0.136483296751976, 0.11810705810785294], "conf": 0.5558388233184814}, {"box_index": 2, "class_id": 0, "class_name": "B1", "bbox_yolo": [0.3615497052669525, 0.3365499973297119, 0.1367088407278061, 0.11863940209150314], "conf": 0.2626560926437378}], "count_per_class": {"B1": 1, "B2": 1, "B3": 1, "B4": 0}, "side_index": 1}