{"image": "DAMIMAS_A21B_0133_2.jpg", "detector": "y26m_vanilla_local", "detections": [{"box_index": 0, "class_id": 2, "class_name": "B3", "bbox_yolo": [0.4818364083766937, 0.40393027663230896, 0.15439806878566742, 0.12392272800207138], "conf": 0.700136125087738}, {"box_index": 1, "class_id": 2, "class_name": "B3", "bbox_yolo": [0.3148137927055359, 0.38836216926574707, 0.14457708597183228, 0.10936286300420761], "conf": 0.607131838798523}, {"box_index": 2, "class_id": 3, "class_name": "B4", "bbox_yolo": [0.443086713552475, 0.3037768602371216, 0.10515518486499786, 0.06597729027271271], "conf": 0.5770217776298523}, {"box_index": 3, "class_id": 2, "class_name": "B3", "bbox_yolo": [0.6809775829315186, 0.3764974772930145, 0.08529052883386612, 0.0655626580119133], "conf": 0.2975832521915436}], "count_per_class": {"B1": 0, "B2": 0, "B3": 3, "B4": 1}, "side_index": 1}