{"image": "DAMIMAS_A21B_0035_2.jpg", "detector": "y26m_vanilla_local", "detections": [{"box_index": 0, "class_id": 2, "class_name": "B3", "bbox_yolo": [0.492281436920166, 0.46320176124572754, 0.1098485067486763, 0.07851715385913849], "conf": 0.29436132311820984}], "count_per_class": {"B1": 0, "B2": 0, "B3": 1, "B4": 0}, "side_index": 1}