{"image": "DAMIMAS_A21B_0065_4.jpg", "detector": "y26m_vanilla_local", "detections": [{"box_index": 0, "class_id": 2, "class_name": "B3", "bbox_yolo": [0.44389739632606506, 0.5553209185600281, 0.14055001735687256, 0.11116881668567657], "conf": 0.5170497298240662}, {"box_index": 1, "class_id": 0, "class_name": "B1", "bbox_yolo": [0.6429770588874817, 0.5738254189491272, 0.15465311706066132, 0.10527238994836807], "conf": 0.5032567977905273}, {"box_index": 2, "class_id": 2, "class_name": "B3", "bbox_yolo": [0.31769633293151855, 0.5285593867301941, 0.09933659434318542, 0.08496518433094025], "conf": 0.3780481815338135}, {"box_index": 3, "class_id": 0, "class_name": "B1", "bbox_yolo": [0.3041362166404724, 0.5888671278953552, 0.07519089430570602, 0.0581180565059185], "conf": 0.29285821318626404}], "count_per_class": {"B1": 2, "B2": 0, "B3": 2, "B4": 0}, "side_index": 3}