{"image": "DAMIMAS_A21B_0218_4.jpg", "detector": "y26m_vanilla_local", "detections": [{"box_index": 0, "class_id": 3, "class_name": "B4", "bbox_yolo": [0.5136054158210754, 0.28843972086906433, 0.1111157163977623, 0.0741339698433876], "conf": 0.3940902650356293}, {"box_index": 1, "class_id": 2, "class_name": "B3", "bbox_yolo": [0.34472447633743286, 0.3456546366214752, 0.130745068192482, 0.11325235664844513], "conf": 0.3829808831214905}, {"box_index": 2, "class_id": 2, "class_name": "B3", "bbox_yolo": [0.6493200659751892, 0.3677859604358673, 0.09995295852422714, 0.08384022861719131], "conf": 0.3152204751968384}, {"box_index": 3, "class_id": 1, "class_name": "B2", "bbox_yolo": [0.46144208312034607, 0.37908852100372314, 0.13333508372306824, 0.1137656718492508], "conf": 0.3069606423377991}], "count_per_class": {"B1": 0, "B2": 1, "B3": 2, "B4": 1}, "side_index": 3}