{"image": "DAMIMAS_A21B_0434_1.jpg", "detector": "y26m_vanilla_local", "detections": [{"box_index": 0, "class_id": 0, "class_name": "B1", "bbox_yolo": [0.4341685175895691, 0.44657275080680847, 0.0730811133980751, 0.059322454035282135], "conf": 0.2637717127799988}, {"box_index": 1, "class_id": 2, "class_name": "B3", "bbox_yolo": [0.47215741872787476, 0.3929615616798401, 0.062487032264471054, 0.04977557808160782], "conf": 0.26018646359443665}, {"box_index": 2, "class_id": 2, "class_name": "B3", "bbox_yolo": [0.6095477342605591, 0.406381756067276, 0.06434574723243713, 0.05774393305182457], "conf": 0.2513427734375}], "count_per_class": {"B1": 1, "B2": 0, "B3": 2, "B4": 0}, "side_index": 0}