{"image": "DAMIMAS_A21B_0313_4.jpg", "detector": "y26m_vanilla_local", "detections": [{"box_index": 0, "class_id": 0, "class_name": "B1", "bbox_yolo": [0.6578640341758728, 0.5026504397392273, 0.09475383907556534, 0.08776712417602539], "conf": 0.4548247158527374}, {"box_index": 1, "class_id": 0, "class_name": "B1", "bbox_yolo": [0.6552031636238098, 0.5041417479515076, 0.11409931629896164, 0.1000123992562294], "conf": 0.3334372639656067}], "count_per_class": {"B1": 2, "B2": 0, "B3": 0, "B4": 0}, "side_index": 3}