{"image": "DAMIMAS_A21B_0542_4.jpg", "detector": "y26m_vanilla_local", "detections": [{"box_index": 0, "class_id": 0, "class_name": "B1", "bbox_yolo": [0.4110296368598938, 0.5185357928276062, 0.14430488646030426, 0.12193818390369415], "conf": 0.6321195363998413}], "count_per_class": {"B1": 1, "B2": 0, "B3": 0, "B4": 0}, "side_index": 3}