{"image": "DAMIMAS_A21B_0796_2.jpg", "detector": "y26m_vanilla_local", "detections": [{"box_index": 0, "class_id": 2, "class_name": "B3", "bbox_yolo": [0.24218349158763885, 0.3380453586578369, 0.19133903086185455, 0.16801081597805023], "conf": 0.7305424213409424}, {"box_index": 1, "class_id": 2, "class_name": "B3", "bbox_yolo": [0.6907735466957092, 0.3163245618343353, 0.25355201959609985, 0.18170690536499023], "conf": 0.5894769430160522}, {"box_index": 2, "class_id": 2, "class_name": "B3", "bbox_yolo": [0.8659825921058655, 0.29612165689468384, 0.14410419762134552, 0.11070313304662704], "conf": 0.40434274077415466}], "count_per_class": {"B1": 0, "B2": 0, "B3": 3, "B4": 0}, "side_index": 1}