{"image": "DAMIMAS_A21B_0093_2.jpg", "detector": "y26m_vanilla_local", "detections": [{"box_index": 0, "class_id": 2, "class_name": "B3", "bbox_yolo": [0.29753783345222473, 0.522239089012146, 0.1594657003879547, 0.14209890365600586], "conf": 0.7320199012756348}, {"box_index": 1, "class_id": 2, "class_name": "B3", "bbox_yolo": [0.4381330907344818, 0.45854663848876953, 0.14763088524341583, 0.11885657161474228], "conf": 0.5908708572387695}, {"box_index": 2, "class_id": 2, "class_name": "B3", "bbox_yolo": [0.6536943316459656, 0.5114203691482544, 0.15121467411518097, 0.11154713481664658], "conf": 0.33781948685646057}], "count_per_class": {"B1": 0, "B2": 0, "B3": 3, "B4": 0}, "side_index": 1}