{"image": "DAMIMAS_A21B_0785_2.jpg", "detector": "y26m_vanilla_local", "detections": [{"box_index": 0, "class_id": 2, "class_name": "B3", "bbox_yolo": [0.3405173420906067, 0.23180556297302246, 0.17613734304904938, 0.15043841302394867], "conf": 0.6897496581077576}, {"box_index": 1, "class_id": 2, "class_name": "B3", "bbox_yolo": [0.6748424768447876, 0.23155717551708221, 0.1792668104171753, 0.12339484691619873], "conf": 0.4476605951786041}, {"box_index": 2, "class_id": 2, "class_name": "B3", "bbox_yolo": [0.2751436233520508, 0.31776705384254456, 0.13095106184482574, 0.11200056225061417], "conf": 0.2719925343990326}], "count_per_class": {"B1": 0, "B2": 0, "B3": 3, "B4": 0}, "side_index": 1}