{"image": "DAMIMAS_A21B_0597_4.jpg", "detector": "y26m_vanilla_local", "detections": [{"box_index": 0, "class_id": 2, "class_name": "B3", "bbox_yolo": [0.32747682929039, 0.38524624705314636, 0.26155221462249756, 0.2298082858324051], "conf": 0.7229098081588745}, {"box_index": 1, "class_id": 2, "class_name": "B3", "bbox_yolo": [0.5635506510734558, 0.2799541652202606, 0.21503537893295288, 0.18158191442489624], "conf": 0.506060779094696}, {"box_index": 2, "class_id": 3, "class_name": "B4", "bbox_yolo": [0.23511852324008942, 0.2155192643404007, 0.1286873072385788, 0.09239711612462997], "conf": 0.3228263258934021}], "count_per_class": {"B1": 0, "B2": 0, "B3": 2, "B4": 1}, "side_index": 3}