{"image": "DAMIMAS_A21B_0423_1.jpg", "detector": "y26m_vanilla_local", "detections": [{"box_index": 0, "class_id": 2, "class_name": "B3", "bbox_yolo": [0.5777472257614136, 0.46499767899513245, 0.10183481127023697, 0.07545237988233566], "conf": 0.4173646867275238}, {"box_index": 1, "class_id": 2, "class_name": "B3", "bbox_yolo": [0.47765636444091797, 0.5091308355331421, 0.11693465709686279, 0.07808198779821396], "conf": 0.29067274928092957}, {"box_index": 2, "class_id": 2, "class_name": "B3", "bbox_yolo": [0.34546759724617004, 0.500619649887085, 0.09674889594316483, 0.06678476184606552], "conf": 0.2645263373851776}], "count_per_class": {"B1": 0, "B2": 0, "B3": 3, "B4": 0}, "side_index": 0}