{"image": "DAMIMAS_A21B_0224_2.jpg", "detector": "y26m_vanilla_local", "detections": [{"box_index": 0, "class_id": 2, "class_name": "B3", "bbox_yolo": [0.637482762336731, 0.3827684819698334, 0.1732570081949234, 0.12522833049297333], "conf": 0.660285234451294}, {"box_index": 1, "class_id": 0, "class_name": "B1", "bbox_yolo": [0.7514867782592773, 0.4464605450630188, 0.09927788376808167, 0.09919381141662598], "conf": 0.2823183834552765}, {"box_index": 2, "class_id": 0, "class_name": "B1", "bbox_yolo": [0.7415359020233154, 0.4530832767486572, 0.13292808830738068, 0.11601918190717697], "conf": 0.25721216201782227}], "count_per_class": {"B1": 2, "B2": 0, "B3": 1, "B4": 0}, "side_index": 1}