{"image": "DAMIMAS_A21B_0307_3.jpg", "detector": "y26m_vanilla_local", "detections": [{"box_index": 0, "class_id": 2, "class_name": "B3", "bbox_yolo": [0.4390244483947754, 0.4480246603488922, 0.1523360311985016, 0.11759191006422043], "conf": 0.7493463158607483}, {"box_index": 1, "class_id": 3, "class_name": "B4", "bbox_yolo": [0.5587791800498962, 0.37891650199890137, 0.11844126880168915, 0.07661211490631104], "conf": 0.3794931471347809}, {"box_index": 2, "class_id": 1, "class_name": "B2", "bbox_yolo": [0.6778947710990906, 0.46153804659843445, 0.1384945660829544, 0.13048802316188812], "conf": 0.28051280975341797}, {"box_index": 3, "class_id": 2, "class_name": "B3", "bbox_yolo": [0.3124440312385559, 0.4334259033203125, 0.11963362991809845, 0.11585946381092072], "conf": 0.2771017253398895}], "count_per_class": {"B1": 0, "B2": 1, "B3": 2, "B4": 1}, "side_index": 2}