{"image": "DAMIMAS_A21B_0269_2.jpg", "detector": "y26m_vanilla_local", "detections": [{"box_index": 0, "class_id": 2, "class_name": "B3", "bbox_yolo": [0.612153172492981, 0.44948655366897583, 0.14710357785224915, 0.10964789241552353], "conf": 0.6503223180770874}], "count_per_class": {"B1": 0, "B2": 0, "B3": 1, "B4": 0}, "side_index": 1}