{"image": "DAMIMAS_A21B_0017_3.jpg", "detector": "y26m_vanilla_local", "detections": [{"box_index": 0, "class_id": 1, "class_name": "B2", "bbox_yolo": [0.36307477951049805, 0.47462892532348633, 0.1431581825017929, 0.10787606239318848], "conf": 0.6021847128868103}, {"box_index": 1, "class_id": 2, "class_name": "B3", "bbox_yolo": [0.6356834769248962, 0.43700751662254333, 0.09533253312110901, 0.0646863505244255], "conf": 0.30690860748291016}, {"box_index": 2, "class_id": 1, "class_name": "B2", "bbox_yolo": [0.36093869805336, 0.4686656594276428, 0.13015715777873993, 0.09562130272388458], "conf": 0.27331045269966125}], "count_per_class": {"B1": 0, "B2": 2, "B3": 1, "B4": 0}, "side_index": 2}