{"image": "DAMIMAS_A21B_0279_1.jpg", "detector": "y26m_vanilla_local", "detections": [{"box_index": 0, "class_id": 2, "class_name": "B3", "bbox_yolo": [0.5877618193626404, 0.5062951445579529, 0.10358181595802307, 0.08420605957508087], "conf": 0.37706947326660156}, {"box_index": 1, "class_id": 2, "class_name": "B3", "bbox_yolo": [0.31948480010032654, 0.5229517221450806, 0.10250286012887955, 0.07564377784729004], "conf": 0.3060688078403473}, {"box_index": 2, "class_id": 2, "class_name": "B3", "bbox_yolo": [0.4602738320827484, 0.4867102801799774, 0.13759943842887878, 0.10662160068750381], "conf": 0.2909190058708191}], "count_per_class": {"B1": 0, "B2": 0, "B3": 3, "B4": 0}, "side_index": 0}