{"image": "DAMIMAS_A21B_0521_1.jpg", "detector": "y26m_vanilla_local", "detections": [{"box_index": 0, "class_id": 2, "class_name": "B3", "bbox_yolo": [0.40346017479896545, 0.38594359159469604, 0.13162772357463837, 0.10117059201002121], "conf": 0.3322412073612213}, {"box_index": 1, "class_id": 2, "class_name": "B3", "bbox_yolo": [0.3990522027015686, 0.38202476501464844, 0.11273324489593506, 0.09041345119476318], "conf": 0.30392172932624817}], "count_per_class": {"B1": 0, "B2": 0, "B3": 2, "B4": 0}, "side_index": 0}