{"image": "DAMIMAS_A21B_0078_2.jpg", "detector": "y26m_vanilla_local", "detections": [{"box_index": 0, "class_id": 2, "class_name": "B3", "bbox_yolo": [0.6057648062705994, 0.5301608443260193, 0.0923626646399498, 0.08106408268213272], "conf": 0.30630573630332947}, {"box_index": 1, "class_id": 2, "class_name": "B3", "bbox_yolo": [0.31505224108695984, 0.5284823179244995, 0.05941934883594513, 0.055600833147764206], "conf": 0.27147796750068665}, {"box_index": 2, "class_id": 2, "class_name": "B3", "bbox_yolo": [0.3212478756904602, 0.5304656028747559, 0.0741237998008728, 0.06189770624041557], "conf": 0.26565220952033997}], "count_per_class": {"B1": 0, "B2": 0, "B3": 3, "B4": 0}, "side_index": 1}