{"image": "DAMIMAS_A21B_0840_1.jpg", "detector": "y26m_vanilla_local", "detections": [{"box_index": 0, "class_id": 1, "class_name": "B2", "bbox_yolo": [0.642663836479187, 0.4666980803012848, 0.17268912494182587, 0.1293189525604248], "conf": 0.5558118224143982}, {"box_index": 1, "class_id": 2, "class_name": "B3", "bbox_yolo": [0.3245895504951477, 0.454850971698761, 0.14175119996070862, 0.11027367413043976], "conf": 0.3719070851802826}, {"box_index": 2, "class_id": 2, "class_name": "B3", "bbox_yolo": [0.4723353087902069, 0.41370439529418945, 0.13625966012477875, 0.12656250596046448], "conf": 0.338389128446579}, {"box_index": 3, "class_id": 2, "class_name": "B3", "bbox_yolo": [0.48239272832870483, 0.4147505462169647, 0.16358710825443268, 0.13206027448177338], "conf": 0.3338891267776489}], "count_per_class": {"B1": 0, "B2": 1, "B3": 3, "B4": 0}, "side_index": 0}