{"image": "DAMIMAS_A21B_0768_3.jpg", "detector": "y26m_vanilla_local", "detections": [{"box_index": 0, "class_id": 2, "class_name": "B3", "bbox_yolo": [0.36789947748184204, 0.34577128291130066, 0.14251133799552917, 0.10471639782190323], "conf": 0.6090928316116333}, {"box_index": 1, "class_id": 0, "class_name": "B1", "bbox_yolo": [0.5431197881698608, 0.34737253189086914, 0.14309225976467133, 0.13253679871559143], "conf": 0.5196393132209778}], "count_per_class": {"B1": 1, "B2": 0, "B3": 1, "B4": 0}, "side_index": 2}