{"image": "DAMIMAS_A21B_0317_2.jpg", "detector": "y26m_vanilla_local", "detections": [{"box_index": 0, "class_id": 2, "class_name": "B3", "bbox_yolo": [0.3744288384914398, 0.4235301911830902, 0.14121904969215393, 0.10891356319189072], "conf": 0.6359974145889282}, {"box_index": 1, "class_id": 2, "class_name": "B3", "bbox_yolo": [0.5866186022758484, 0.3824382722377777, 0.10019411146640778, 0.07851951569318771], "conf": 0.3001861274242401}], "count_per_class": {"B1": 0, "B2": 0, "B3": 2, "B4": 0}, "side_index": 1}