{"image": "DAMIMAS_A21B_0190_4.jpg", "detector": "y26m_vanilla_local", "detections": [{"box_index": 0, "class_id": 1, "class_name": "B2", "bbox_yolo": [0.37113165855407715, 0.4301097095012665, 0.14410604536533356, 0.10999131202697754], "conf": 0.5686256885528564}, {"box_index": 1, "class_id": 1, "class_name": "B2", "bbox_yolo": [0.6571474075317383, 0.41616126894950867, 0.09287109971046448, 0.07250425964593887], "conf": 0.4410790503025055}, {"box_index": 2, "class_id": 0, "class_name": "B1", "bbox_yolo": [0.37297865748405457, 0.4286316931247711, 0.1432669460773468, 0.10955452919006348], "conf": 0.3344801068305969}, {"box_index": 3, "class_id": 3, "class_name": "B4", "bbox_yolo": [0.3941188454627991, 0.343097448348999, 0.08199167996644974, 0.06464733928442001], "conf": 0.33036476373672485}], "count_per_class": {"B1": 1, "B2": 2, "B3": 0, "B4": 1}, "side_index": 3}