{"image": "DAMIMAS_A21B_0358_4.jpg", "detector": "y26m_vanilla_local", "detections": [{"box_index": 0, "class_id": 2, "class_name": "B3", "bbox_yolo": [0.34847021102905273, 0.30490294098854065, 0.10697591304779053, 0.07372994720935822], "conf": 0.5125889182090759}, {"box_index": 1, "class_id": 0, "class_name": "B1", "bbox_yolo": [0.6556490659713745, 0.32691171765327454, 0.10519848763942719, 0.07401404529809952], "conf": 0.3855956196784973}, {"box_index": 2, "class_id": 3, "class_name": "B4", "bbox_yolo": [0.4361596405506134, 0.2570779323577881, 0.08682079613208771, 0.06297753006219864], "conf": 0.2949770987033844}], "count_per_class": {"B1": 1, "B2": 0, "B3": 1, "B4": 1}, "side_index": 3}