{"image": "DAMIMAS_A21B_0224_3.jpg", "detector": "y26m_vanilla_local", "detections": [{"box_index": 0, "class_id": 1, "class_name": "B2", "bbox_yolo": [0.3312683403491974, 0.3527853190898895, 0.1414497345685959, 0.10752465575933456], "conf": 0.43855196237564087}, {"box_index": 1, "class_id": 2, "class_name": "B3", "bbox_yolo": [0.6862879991531372, 0.3109508454799652, 0.13811105489730835, 0.10389571636915207], "conf": 0.2856018841266632}], "count_per_class": {"B1": 0, "B2": 1, "B3": 1, "B4": 0}, "side_index": 2}