{"image": "DAMIMAS_A21B_0314_1.jpg", "detector": "y26m_vanilla_local", "detections": [{"box_index": 0, "class_id": 2, "class_name": "B3", "bbox_yolo": [0.6232001185417175, 0.44068965315818787, 0.13640932738780975, 0.09875478595495224], "conf": 0.3972102105617523}, {"box_index": 1, "class_id": 2, "class_name": "B3", "bbox_yolo": [0.7150006890296936, 0.5064382553100586, 0.11018664389848709, 0.08384952694177628], "conf": 0.38518038392066956}, {"box_index": 2, "class_id": 2, "class_name": "B3", "bbox_yolo": [0.6281845569610596, 0.4347953796386719, 0.11736316978931427, 0.08290553092956543], "conf": 0.3429243862628937}, {"box_index": 3, "class_id": 3, "class_name": "B4", "bbox_yolo": [0.5310214757919312, 0.36947101354599, 0.13853958249092102, 0.09749074280261993], "conf": 0.25805920362472534}], "count_per_class": {"B1": 0, "B2": 0, "B3": 3, "B4": 1}, "side_index": 0}