{"image": "DAMIMAS_A21B_0153_2.jpg", "detector": "y26m_vanilla_local", "detections": [{"box_index": 0, "class_id": 2, "class_name": "B3", "bbox_yolo": [0.418327659368515, 0.38069748878479004, 0.1389489620923996, 0.10897817462682724], "conf": 0.6721634864807129}, {"box_index": 1, "class_id": 2, "class_name": "B3", "bbox_yolo": [0.5736998319625854, 0.39512068033218384, 0.11294817179441452, 0.08026409149169922], "conf": 0.46340182423591614}], "count_per_class": {"B1": 0, "B2": 0, "B3": 2, "B4": 0}, "side_index": 1}