{"image": "DAMIMAS_A21B_0189_2.jpg", "detector": "y26m_vanilla_local", "detections": [{"box_index": 0, "class_id": 0, "class_name": "B1", "bbox_yolo": [0.5068885684013367, 0.41847091913223267, 0.11890164017677307, 0.11326342076063156], "conf": 0.4501182436943054}, {"box_index": 1, "class_id": 2, "class_name": "B3", "bbox_yolo": [0.6435570120811462, 0.38429027795791626, 0.0863121747970581, 0.08119900524616241], "conf": 0.39330923557281494}, {"box_index": 2, "class_id": 1, "class_name": "B2", "bbox_yolo": [0.34757596254348755, 0.4193863868713379, 0.09654630720615387, 0.06428010761737823], "conf": 0.28988027572631836}], "count_per_class": {"B1": 1, "B2": 1, "B3": 1, "B4": 0}, "side_index": 1}