{"image": "DAMIMAS_A21B_0444_3.jpg", "detector": "y26m_vanilla_local", "detections": [{"box_index": 0, "class_id": 0, "class_name": "B1", "bbox_yolo": [0.3827907145023346, 0.5023981928825378, 0.10675574094057083, 0.08319669216871262], "conf": 0.56813645362854}, {"box_index": 1, "class_id": 2, "class_name": "B3", "bbox_yolo": [0.4816471338272095, 0.4686013162136078, 0.09107056260108948, 0.0757354274392128], "conf": 0.4030325710773468}, {"box_index": 2, "class_id": 0, "class_name": "B1", "bbox_yolo": [0.38334372639656067, 0.5055817365646362, 0.11869669705629349, 0.09026260673999786], "conf": 0.31894245743751526}, {"box_index": 3, "class_id": 2, "class_name": "B3", "bbox_yolo": [0.6228293180465698, 0.4329442083835602, 0.05756715312600136, 0.05005202442407608], "conf": 0.2637585401535034}], "count_per_class": {"B1": 2, "B2": 0, "B3": 2, "B4": 0}, "side_index": 2}