{"image": "DAMIMAS_A21B_0737_2.jpg", "detector": "y26m_vanilla_local", "detections": [{"box_index": 0, "class_id": 2, "class_name": "B3", "bbox_yolo": [0.5844380259513855, 0.2203102558851242, 0.24134446680545807, 0.20659230649471283], "conf": 0.7750564217567444}, {"box_index": 1, "class_id": 2, "class_name": "B3", "bbox_yolo": [0.3460889458656311, 0.17207388579845428, 0.1688683032989502, 0.16346286237239838], "conf": 0.5822737812995911}, {"box_index": 2, "class_id": 2, "class_name": "B3", "bbox_yolo": [0.3424636423587799, 0.1721275895833969, 0.15488509833812714, 0.1594160795211792], "conf": 0.5519657135009766}, {"box_index": 3, "class_id": 3, "class_name": "B4", "bbox_yolo": [0.6566362977027893, 0.053228940814733505, 0.16207772493362427, 0.10610263794660568], "conf": 0.39800000190734863}], "count_per_class": {"B1": 0, "B2": 0, "B3": 3, "B4": 1}, "side_index": 1}