{"image": "DAMIMAS_A21B_0039_2.jpg", "detector": "y26m_vanilla_local", "detections": [{"box_index": 0, "class_id": 2, "class_name": "B3", "bbox_yolo": [0.6306049823760986, 0.5184659361839294, 0.09396260976791382, 0.07405328750610352], "conf": 0.42965394258499146}, {"box_index": 1, "class_id": 1, "class_name": "B2", "bbox_yolo": [0.4057155251502991, 0.5564141869544983, 0.11066847294569016, 0.08009958267211914], "conf": 0.3903106153011322}, {"box_index": 2, "class_id": 2, "class_name": "B3", "bbox_yolo": [0.5286390781402588, 0.5095571875572205, 0.07654743641614914, 0.07240309566259384], "conf": 0.2701527178287506}], "count_per_class": {"B1": 0, "B2": 1, "B3": 2, "B4": 0}, "side_index": 1}