{"image": "DAMIMAS_A21B_0795_1.jpg", "detector": "y26m_vanilla_local", "detections": [{"box_index": 0, "class_id": 2, "class_name": "B3", "bbox_yolo": [0.6903510093688965, 0.2591874301433563, 0.16628654301166534, 0.16379573941230774], "conf": 0.6456086039543152}, {"box_index": 1, "class_id": 1, "class_name": "B2", "bbox_yolo": [0.32798534631729126, 0.3201764225959778, 0.2322748899459839, 0.16174593567848206], "conf": 0.44880273938179016}, {"box_index": 2, "class_id": 0, "class_name": "B1", "bbox_yolo": [0.78891921043396, 0.34774652123451233, 0.16244985163211823, 0.17449036240577698], "conf": 0.43046343326568604}, {"box_index": 3, "class_id": 1, "class_name": "B2", "bbox_yolo": [0.7886903285980225, 0.35153403878211975, 0.1678328961133957, 0.1751847267150879], "conf": 0.25871261954307556}], "count_per_class": {"B1": 1, "B2": 2, "B3": 1, "B4": 0}, "side_index": 0}