{"image": "DAMIMAS_A21B_0354_2.jpg", "detector": "y26m_vanilla_local", "detections": [{"box_index": 0, "class_id": 2, "class_name": "B3", "bbox_yolo": [0.4305678904056549, 0.37728944420814514, 0.078676737844944, 0.05103890970349312], "conf": 0.4855365455150604}, {"box_index": 1, "class_id": 2, "class_name": "B3", "bbox_yolo": [0.5712047815322876, 0.4062463939189911, 0.09020659327507019, 0.0734926238656044], "conf": 0.4666939377784729}, {"box_index": 2, "class_id": 2, "class_name": "B3", "bbox_yolo": [0.3516594171524048, 0.41920796036720276, 0.08109401166439056, 0.0658641830086708], "conf": 0.35012057423591614}, {"box_index": 3, "class_id": 0, "class_name": "B1", "bbox_yolo": [0.4596967399120331, 0.4277687072753906, 0.08521439880132675, 0.0672273188829422], "conf": 0.2688843309879303}], "count_per_class": {"B1": 1, "B2": 0, "B3": 3, "B4": 0}, "side_index": 1}