{"image": "DAMIMAS_A21B_0289_1.jpg", "detector": "y26m_vanilla_local", "detections": [{"box_index": 0, "class_id": 2, "class_name": "B3", "bbox_yolo": [0.3773176968097687, 0.4149520993232727, 0.11787348240613937, 0.08869671821594238], "conf": 0.3441009223461151}, {"box_index": 1, "class_id": 2, "class_name": "B3", "bbox_yolo": [0.4695543646812439, 0.3697856664657593, 0.111260324716568, 0.07386956363916397], "conf": 0.2609401047229767}], "count_per_class": {"B1": 0, "B2": 0, "B3": 2, "B4": 0}, "side_index": 0}