{"image": "DAMIMAS_A21B_0628_3.jpg", "detector": "y26m_vanilla_local", "detections": [{"box_index": 0, "class_id": 1, "class_name": "B2", "bbox_yolo": [0.19645501673221588, 0.429451048374176, 0.19000372290611267, 0.1635390967130661], "conf": 0.6756593585014343}, {"box_index": 1, "class_id": 2, "class_name": "B3", "bbox_yolo": [0.6539236903190613, 0.35680949687957764, 0.15205904841423035, 0.13914866745471954], "conf": 0.6537578701972961}, {"box_index": 2, "class_id": 2, "class_name": "B3", "bbox_yolo": [0.41840118169784546, 0.41190105676651, 0.18620450794696808, 0.18584775924682617], "conf": 0.5537932515144348}, {"box_index": 3, "class_id": 1, "class_name": "B2", "bbox_yolo": [0.4166001081466675, 0.41273102164268494, 0.18087464570999146, 0.18598496913909912], "conf": 0.4555068016052246}], "count_per_class": {"B1": 0, "B2": 2, "B3": 2, "B4": 0}, "side_index": 2}