{"image": "DAMIMAS_A21B_0255_4.jpg", "detector": "y26m_vanilla_local", "detections": [{"box_index": 0, "class_id": 2, "class_name": "B3", "bbox_yolo": [0.46072354912757874, 0.2550680935382843, 0.17100925743579865, 0.1363888829946518], "conf": 0.7187418937683105}, {"box_index": 1, "class_id": 2, "class_name": "B3", "bbox_yolo": [0.303628146648407, 0.3085266053676605, 0.15010662376880646, 0.12367694824934006], "conf": 0.5629268288612366}, {"box_index": 2, "class_id": 1, "class_name": "B2", "bbox_yolo": [0.30117079615592957, 0.309868186712265, 0.15294060111045837, 0.12577955424785614], "conf": 0.39363664388656616}], "count_per_class": {"B1": 0, "B2": 1, "B3": 2, "B4": 0}, "side_index": 3}