{"image": "DAMIMAS_A21B_0080_2.jpg", "detector": "y26m_vanilla_local", "detections": [{"box_index": 0, "class_id": 0, "class_name": "B1", "bbox_yolo": [0.6684020161628723, 0.5339348912239075, 0.13299453258514404, 0.12040553241968155], "conf": 0.5965929627418518}, {"box_index": 1, "class_id": 2, "class_name": "B3", "bbox_yolo": [0.5702802538871765, 0.49798986315727234, 0.12432169169187546, 0.1046721488237381], "conf": 0.5943999886512756}], "count_per_class": {"B1": 1, "B2": 0, "B3": 1, "B4": 0}, "side_index": 1}