{"image": "DAMIMAS_A21B_0446_4.jpg", "detector": "y26m_vanilla_local", "detections": [{"box_index": 0, "class_id": 2, "class_name": "B3", "bbox_yolo": [0.5184901356697083, 0.36823511123657227, 0.07398726791143417, 0.058597661554813385], "conf": 0.33768996596336365}, {"box_index": 1, "class_id": 0, "class_name": "B1", "bbox_yolo": [0.3295537531375885, 0.401449590921402, 0.08449646830558777, 0.07649912685155869], "conf": 0.2923968732357025}], "count_per_class": {"B1": 1, "B2": 0, "B3": 1, "B4": 0}, "side_index": 3}