{"image": "DAMIMAS_A21B_0053_1.jpg", "detector": "y26m_vanilla_local", "detections": [{"box_index": 0, "class_id": 2, "class_name": "B3", "bbox_yolo": [0.33512619137763977, 0.5116164088249207, 0.09669682383537292, 0.07725067436695099], "conf": 0.2681257128715515}], "count_per_class": {"B1": 0, "B2": 0, "B3": 1, "B4": 0}, "side_index": 0}