{"image": "DAMIMAS_A21B_0095_2.jpg", "detector": "y26m_vanilla_local", "detections": [{"box_index": 0, "class_id": 1, "class_name": "B2", "bbox_yolo": [0.5525906085968018, 0.5255735516548157, 0.13324804604053497, 0.11333384364843369], "conf": 0.656738817691803}, {"box_index": 1, "class_id": 2, "class_name": "B3", "bbox_yolo": [0.34355080127716064, 0.4943062961101532, 0.08082523941993713, 0.07421155273914337], "conf": 0.35741767287254333}], "count_per_class": {"B1": 0, "B2": 1, "B3": 1, "B4": 0}, "side_index": 1}