{"image": "DAMIMAS_A21B_0031_4.jpg", "detector": "y26m_vanilla_local", "detections": [{"box_index": 0, "class_id": 2, "class_name": "B3", "bbox_yolo": [0.5172922015190125, 0.39161914587020874, 0.13727684319019318, 0.12331948429346085], "conf": 0.45349228382110596}], "count_per_class": {"B1": 0, "B2": 0, "B3": 1, "B4": 0}, "side_index": 3}