{"image": "DAMIMAS_A21B_0052_2.jpg", "detector": "y26m_vanilla_local", "detections": [{"box_index": 0, "class_id": 1, "class_name": "B2", "bbox_yolo": [0.33911561965942383, 0.5027511715888977, 0.13531726598739624, 0.10796099156141281], "conf": 0.6247606873512268}, {"box_index": 1, "class_id": 2, "class_name": "B3", "bbox_yolo": [0.4584905505180359, 0.4425826072692871, 0.09727713465690613, 0.09143362194299698], "conf": 0.4368847906589508}, {"box_index": 2, "class_id": 2, "class_name": "B3", "bbox_yolo": [0.45276913046836853, 0.44643673300743103, 0.1276838332414627, 0.09918365627527237], "conf": 0.2781813442707062}, {"box_index": 3, "class_id": 1, "class_name": "B2", "bbox_yolo": [0.5913867354393005, 0.48257961869239807, 0.136957585811615, 0.1042032241821289], "conf": 0.26618221402168274}], "count_per_class": {"B1": 0, "B2": 2, "B3": 2, "B4": 0}, "side_index": 1}