{"image": "DAMIMAS_A21B_0276_4.jpg", "detector": "y26m_vanilla_local", "detections": [{"box_index": 0, "class_id": 0, "class_name": "B1", "bbox_yolo": [0.3857692778110504, 0.5607101917266846, 0.12629751861095428, 0.10705051571130753], "conf": 0.6795398592948914}, {"box_index": 1, "class_id": 2, "class_name": "B3", "bbox_yolo": [0.5333773493766785, 0.529727041721344, 0.10001914203166962, 0.07431507110595703], "conf": 0.3014381527900696}], "count_per_class": {"B1": 1, "B2": 0, "B3": 1, "B4": 0}, "side_index": 3}