{"image": "DAMIMAS_A21B_0603_4.jpg", "detector": "y26m_vanilla_local", "detections": [{"box_index": 0, "class_id": 1, "class_name": "B2", "bbox_yolo": [0.30919674038887024, 0.4460100829601288, 0.17735421657562256, 0.14379708468914032], "conf": 0.49714335799217224}, {"box_index": 1, "class_id": 2, "class_name": "B3", "bbox_yolo": [0.30931293964385986, 0.4439113736152649, 0.17754262685775757, 0.14375463128089905], "conf": 0.40978777408599854}, {"box_index": 2, "class_id": 0, "class_name": "B1", "bbox_yolo": [0.5579867959022522, 0.4342474937438965, 0.1583254635334015, 0.12708643078804016], "conf": 0.36897751688957214}, {"box_index": 3, "class_id": 2, "class_name": "B3", "bbox_yolo": [0.2902434766292572, 0.32003435492515564, 0.14992773532867432, 0.1112588420510292], "conf": 0.3210468292236328}], "count_per_class": {"B1": 1, "B2": 1, "B3": 2, "B4": 0}, "side_index": 3}