{"image": "DAMIMAS_A21B_0487_3.jpg", "detector": "y26m_vanilla_local", "detections": [{"box_index": 0, "class_id": 2, "class_name": "B3", "bbox_yolo": [0.5925512909889221, 0.36777862906455994, 0.08003705739974976, 0.0692654401063919], "conf": 0.4853460192680359}, {"box_index": 1, "class_id": 3, "class_name": "B4", "bbox_yolo": [0.521624743938446, 0.3157004714012146, 0.0780019462108612, 0.060998011380434036], "conf": 0.42187508940696716}, {"box_index": 2, "class_id": 2, "class_name": "B3", "bbox_yolo": [0.34734106063842773, 0.3685874938964844, 0.05952422320842743, 0.0595555305480957], "conf": 0.2951804995536804}, {"box_index": 3, "class_id": 2, "class_name": "B3", "bbox_yolo": [0.48823076486587524, 0.3822241723537445, 0.09348151087760925, 0.068689726293087], "conf": 0.26047617197036743}], "count_per_class": {"B1": 0, "B2": 0, "B3": 3, "B4": 1}, "side_index": 2}