{"image": "DAMIMAS_A21B_0283_1.jpg", "detector": "y26m_vanilla_local", "detections": [{"box_index": 0, "class_id": 1, "class_name": "B2", "bbox_yolo": [0.393276184797287, 0.5026141405105591, 0.14762307703495026, 0.1097724437713623], "conf": 0.5364716649055481}, {"box_index": 1, "class_id": 3, "class_name": "B4", "bbox_yolo": [0.4020995795726776, 0.41331878304481506, 0.09836702793836594, 0.06715746223926544], "conf": 0.27597764134407043}, {"box_index": 2, "class_id": 0, "class_name": "B1", "bbox_yolo": [0.3943907618522644, 0.5015795826911926, 0.14419162273406982, 0.1098397746682167], "conf": 0.2577827572822571}, {"box_index": 3, "class_id": 2, "class_name": "B3", "bbox_yolo": [0.6474097967147827, 0.46815213561058044, 0.08281911909580231, 0.07666230201721191], "conf": 0.25358471274375916}], "count_per_class": {"B1": 1, "B2": 1, "B3": 1, "B4": 1}, "side_index": 0}