{"image": "DAMIMAS_A21B_0850_5.jpg", "detector": "y26m_vanilla_local", "detections": [{"box_index": 0, "class_id": 2, "class_name": "B3", "bbox_yolo": [0.6423531174659729, 0.3616904318332672, 0.13501957058906555, 0.10771544277667999], "conf": 0.5247975587844849}, {"box_index": 1, "class_id": 1, "class_name": "B2", "bbox_yolo": [0.7161815166473389, 0.4276714026927948, 0.10715179890394211, 0.08775866031646729], "conf": 0.45264932513237}, {"box_index": 2, "class_id": 2, "class_name": "B3", "bbox_yolo": [0.33917269110679626, 0.3781861960887909, 0.09854396432638168, 0.08054091781377792], "conf": 0.39179307222366333}, {"box_index": 3, "class_id": 1, "class_name": "B2", "bbox_yolo": [0.7089433670043945, 0.42886725068092346, 0.12604936957359314, 0.09784779697656631], "conf": 0.35664552450180054}], "count_per_class": {"B1": 0, "B2": 2, "B3": 2, "B4": 0}, "side_index": 4}