{"image": "DAMIMAS_A21B_0841_6.jpg", "detector": "y26m_vanilla_local", "detections": [{"box_index": 0, "class_id": 2, "class_name": "B3", "bbox_yolo": [0.4338395595550537, 0.3506668508052826, 0.12550176680088043, 0.10554029792547226], "conf": 0.3708253800868988}], "count_per_class": {"B1": 0, "B2": 0, "B3": 1, "B4": 0}, "side_index": 5}