{"image": "DAMIMAS_A21B_0327_2.jpg", "detector": "y26m_vanilla_local", "detections": [{"box_index": 0, "class_id": 2, "class_name": "B3", "bbox_yolo": [0.6645393967628479, 0.3372931182384491, 0.18880559504032135, 0.14297127723693848], "conf": 0.5091018080711365}], "count_per_class": {"B1": 0, "B2": 0, "B3": 1, "B4": 0}, "side_index": 1}