{"image": "DAMIMAS_A21B_0448_1.jpg", "detector": "y26m_vanilla_local", "detections": [{"box_index": 0, "class_id": 1, "class_name": "B2", "bbox_yolo": [0.4748200476169586, 0.4181339740753174, 0.09778900444507599, 0.08568427711725235], "conf": 0.5237981081008911}, {"box_index": 1, "class_id": 2, "class_name": "B3", "bbox_yolo": [0.6013736128807068, 0.3852151036262512, 0.0877733901143074, 0.07595720142126083], "conf": 0.40938127040863037}, {"box_index": 2, "class_id": 3, "class_name": "B4", "bbox_yolo": [0.511344850063324, 0.340374618768692, 0.07575149834156036, 0.05742046982049942], "conf": 0.3115360736846924}], "count_per_class": {"B1": 0, "B2": 1, "B3": 1, "B4": 1}, "side_index": 0}