{"image": "DAMIMAS_A21B_0189_1.jpg", "detector": "y26m_vanilla_local", "detections": [{"box_index": 0, "class_id": 1, "class_name": "B2", "bbox_yolo": [0.6595574021339417, 0.4363568425178528, 0.11297284066677094, 0.08327221870422363], "conf": 0.40232792496681213}, {"box_index": 1, "class_id": 1, "class_name": "B2", "bbox_yolo": [0.6607890129089355, 0.4402463138103485, 0.1293846219778061, 0.09270232170820236], "conf": 0.3722454607486725}], "count_per_class": {"B1": 0, "B2": 2, "B3": 0, "B4": 0}, "side_index": 0}