{"image": "DAMIMAS_A21B_0459_1.jpg", "detector": "y26m_vanilla_local", "detections": [{"box_index": 0, "class_id": 0, "class_name": "B1", "bbox_yolo": [0.5063214898109436, 0.4220695197582245, 0.07610280066728592, 0.07148440182209015], "conf": 0.561948835849762}, {"box_index": 1, "class_id": 2, "class_name": "B3", "bbox_yolo": [0.4078773856163025, 0.40759387612342834, 0.07392460852861404, 0.054387666285037994], "conf": 0.4502623975276947}, {"box_index": 2, "class_id": 0, "class_name": "B1", "bbox_yolo": [0.5066186785697937, 0.42332419753074646, 0.08975309133529663, 0.07704968750476837], "conf": 0.33428314328193665}], "count_per_class": {"B1": 2, "B2": 0, "B3": 1, "B4": 0}, "side_index": 0}