{"image": "DAMIMAS_A21B_0025_4.jpg", "detector": "y26m_vanilla_local", "detections": [{"box_index": 0, "class_id": 2, "class_name": "B3", "bbox_yolo": [0.6319056153297424, 0.4937443733215332, 0.07153066247701645, 0.05992012098431587], "conf": 0.3657650053501129}, {"box_index": 1, "class_id": 1, "class_name": "B2", "bbox_yolo": [0.5359595417976379, 0.508577287197113, 0.10702737420797348, 0.0840064063668251], "conf": 0.34012916684150696}], "count_per_class": {"B1": 0, "B2": 1, "B3": 1, "B4": 0}, "side_index": 3}