{"image": "DAMIMAS_A21B_0383_2.jpg", "detector": "y26m_vanilla_local", "detections": [{"box_index": 0, "class_id": 1, "class_name": "B2", "bbox_yolo": [0.6351578235626221, 0.506855309009552, 0.10524807870388031, 0.07783593982458115], "conf": 0.31494706869125366}, {"box_index": 1, "class_id": 2, "class_name": "B3", "bbox_yolo": [0.6351578235626221, 0.506855309009552, 0.10524807870388031, 0.07783593982458115], "conf": 0.2938959300518036}, {"box_index": 2, "class_id": 1, "class_name": "B2", "bbox_yolo": [0.3409162759780884, 0.5175477862358093, 0.07709287106990814, 0.06758642196655273], "conf": 0.28488752245903015}], "count_per_class": {"B1": 0, "B2": 2, "B3": 1, "B4": 0}, "side_index": 1}