{"image": "DAMIMAS_A21B_0011_2.jpg", "detector": "y26m_vanilla_local", "detections": [{"box_index": 0, "class_id": 2, "class_name": "B3", "bbox_yolo": [0.3697981834411621, 0.5557944178581238, 0.09053322672843933, 0.07284631580114365], "conf": 0.33036527037620544}], "count_per_class": {"B1": 0, "B2": 0, "B3": 1, "B4": 0}, "side_index": 1}