{"image": "DAMIMAS_A21B_0432_3.jpg", "detector": "y26m_vanilla_local", "detections": [{"box_index": 0, "class_id": 2, "class_name": "B3", "bbox_yolo": [0.4966590106487274, 0.5159719586372375, 0.06699041277170181, 0.0571354404091835], "conf": 0.34712234139442444}, {"box_index": 1, "class_id": 2, "class_name": "B3", "bbox_yolo": [0.6144526600837708, 0.4930173456668854, 0.05800718069076538, 0.039429474622011185], "conf": 0.34093955159187317}], "count_per_class": {"B1": 0, "B2": 0, "B3": 2, "B4": 0}, "side_index": 2}