{"image": "DAMIMAS_A21B_0750_4.jpg", "detector": "y26m_vanilla_local", "detections": [{"box_index": 0, "class_id": 2, "class_name": "B3", "bbox_yolo": [0.5610083341598511, 0.5004488825798035, 0.1773688793182373, 0.13931213319301605], "conf": 0.7006584405899048}, {"box_index": 1, "class_id": 2, "class_name": "B3", "bbox_yolo": [0.2786749005317688, 0.42937803268432617, 0.1320130079984665, 0.1034759059548378], "conf": 0.2991485893726349}, {"box_index": 2, "class_id": 2, "class_name": "B3", "bbox_yolo": [0.4305483102798462, 0.3984878957271576, 0.15137244760990143, 0.10654015839099884], "conf": 0.25235578417778015}], "count_per_class": {"B1": 0, "B2": 0, "B3": 3, "B4": 0}, "side_index": 3}