{"image": "DAMIMAS_A21B_0277_2.jpg", "detector": "y26m_vanilla_local", "detections": [{"box_index": 0, "class_id": 1, "class_name": "B2", "bbox_yolo": [0.33575645089149475, 0.44448405504226685, 0.1609095335006714, 0.12875662744045258], "conf": 0.5347188115119934}, {"box_index": 1, "class_id": 2, "class_name": "B3", "bbox_yolo": [0.3398204743862152, 0.44701051712036133, 0.1637907177209854, 0.13267484307289124], "conf": 0.38793858885765076}, {"box_index": 2, "class_id": 2, "class_name": "B3", "bbox_yolo": [0.6263963580131531, 0.40410834550857544, 0.14924761652946472, 0.10690417140722275], "conf": 0.2559319734573364}], "count_per_class": {"B1": 0, "B2": 1, "B3": 2, "B4": 0}, "side_index": 1}