{"image": "DAMIMAS_A21B_0804_1.jpg", "detector": "y26m_vanilla_local", "detections": [{"box_index": 0, "class_id": 2, "class_name": "B3", "bbox_yolo": [0.36586979031562805, 0.17502205073833466, 0.15154975652694702, 0.1137675791978836], "conf": 0.5334143042564392}, {"box_index": 1, "class_id": 2, "class_name": "B3", "bbox_yolo": [0.5431803464889526, 0.22041264176368713, 0.14449015259742737, 0.12433584779500961], "conf": 0.3736024796962738}, {"box_index": 2, "class_id": 2, "class_name": "B3", "bbox_yolo": [0.2479632943868637, 0.26683780550956726, 0.15099745988845825, 0.12072937935590744], "conf": 0.2922140955924988}], "count_per_class": {"B1": 0, "B2": 0, "B3": 3, "B4": 0}, "side_index": 0}