{"image": "DAMIMAS_A21B_0854_5.jpg", "detector": "y26m_vanilla_local", "detections": [{"box_index": 0, "class_id": 0, "class_name": "B1", "bbox_yolo": [0.45814573764801025, 0.5351134538650513, 0.14393047988414764, 0.13181018829345703], "conf": 0.7301814556121826}, {"box_index": 1, "class_id": 2, "class_name": "B3", "bbox_yolo": [0.40785717964172363, 0.43937236070632935, 0.11634960770606995, 0.06986675411462784], "conf": 0.31722936034202576}], "count_per_class": {"B1": 1, "B2": 0, "B3": 1, "B4": 0}, "side_index": 4}