{"image": "DAMIMAS_A21B_0319_3.jpg", "detector": "y26m_vanilla_local", "detections": [{"box_index": 0, "class_id": 2, "class_name": "B3", "bbox_yolo": [0.38663148880004883, 0.4985230565071106, 0.1274643987417221, 0.09902992099523544], "conf": 0.4442662000656128}, {"box_index": 1, "class_id": 2, "class_name": "B3", "bbox_yolo": [0.4830080270767212, 0.5568749308586121, 0.12661908566951752, 0.09731411933898926], "conf": 0.2613753080368042}], "count_per_class": {"B1": 0, "B2": 0, "B3": 2, "B4": 0}, "side_index": 2}