{"image": "DAMIMAS_A21B_0353_1.jpg", "detector": "y26m_vanilla_local", "detections": [{"box_index": 0, "class_id": 0, "class_name": "B1", "bbox_yolo": [0.3591063916683197, 0.4453538954257965, 0.12104499340057373, 0.09518992900848389], "conf": 0.4992654323577881}, {"box_index": 1, "class_id": 0, "class_name": "B1", "bbox_yolo": [0.35992133617401123, 0.4440229535102844, 0.1138254851102829, 0.09063231945037842], "conf": 0.4498922526836395}, {"box_index": 2, "class_id": 2, "class_name": "B3", "bbox_yolo": [0.46781715750694275, 0.42580947279930115, 0.08464686572551727, 0.0899377092719078], "conf": 0.3248738646507263}], "count_per_class": {"B1": 2, "B2": 0, "B3": 1, "B4": 0}, "side_index": 0}