{"image": "DAMIMAS_A21B_0194_4.jpg", "detector": "y26m_vanilla_local", "detections": [{"box_index": 0, "class_id": 2, "class_name": "B3", "bbox_yolo": [0.400479257106781, 0.28225037455558777, 0.1349835842847824, 0.09598725289106369], "conf": 0.48445209860801697}, {"box_index": 1, "class_id": 2, "class_name": "B3", "bbox_yolo": [0.6070828437805176, 0.302467405796051, 0.0971219465136528, 0.07272284477949142], "conf": 0.29720234870910645}, {"box_index": 2, "class_id": 2, "class_name": "B3", "bbox_yolo": [0.4019213914871216, 0.27829059958457947, 0.12154980003833771, 0.08494184166193008], "conf": 0.2806117534637451}], "count_per_class": {"B1": 0, "B2": 0, "B3": 3, "B4": 0}, "side_index": 3}