{"image": "DAMIMAS_A21B_0012_3.jpg", "detector": "y26m_vanilla_local", "detections": [{"box_index": 0, "class_id": 1, "class_name": "B2", "bbox_yolo": [0.6146228909492493, 0.5164617300033569, 0.07972037047147751, 0.07596006244421005], "conf": 0.3693155348300934}, {"box_index": 1, "class_id": 2, "class_name": "B3", "bbox_yolo": [0.54694002866745, 0.49050673842430115, 0.0720127746462822, 0.0627775713801384], "conf": 0.3435431122779846}, {"box_index": 2, "class_id": 2, "class_name": "B3", "bbox_yolo": [0.6146228909492493, 0.5164617300033569, 0.07972037047147751, 0.07596006244421005], "conf": 0.325204461812973}], "count_per_class": {"B1": 0, "B2": 1, "B3": 2, "B4": 0}, "side_index": 2}