{"image": "DAMIMAS_A21B_0056_3.jpg", "detector": "y26m_vanilla_local", "detections": [{"box_index": 0, "class_id": 1, "class_name": "B2", "bbox_yolo": [0.3079518675804138, 0.5122284293174744, 0.10272856056690216, 0.07607688754796982], "conf": 0.3442126512527466}, {"box_index": 1, "class_id": 2, "class_name": "B3", "bbox_yolo": [0.3435075879096985, 0.4496626853942871, 0.11490822583436966, 0.0799589678645134], "conf": 0.2913219630718231}], "count_per_class": {"B1": 0, "B2": 1, "B3": 1, "B4": 0}, "side_index": 2}