{"image": "DAMIMAS_A21B_0843_1.jpg", "detector": "y26m_vanilla_local", "detections": [{"box_index": 0, "class_id": 2, "class_name": "B3", "bbox_yolo": [0.5323495268821716, 0.435659795999527, 0.09990403056144714, 0.0747479721903801], "conf": 0.33267393708229065}, {"box_index": 1, "class_id": 1, "class_name": "B2", "bbox_yolo": [0.3247697055339813, 0.47559022903442383, 0.09505660086870193, 0.07592759281396866], "conf": 0.2642490267753601}], "count_per_class": {"B1": 0, "B2": 1, "B3": 1, "B4": 0}, "side_index": 0}