{"image": "DAMIMAS_A21B_0034_3.jpg", "detector": "y26m_vanilla_local", "detections": [{"box_index": 0, "class_id": 2, "class_name": "B3", "bbox_yolo": [0.6205992698669434, 0.43998071551322937, 0.10923881828784943, 0.08605480194091797], "conf": 0.41554930806159973}, {"box_index": 1, "class_id": 2, "class_name": "B3", "bbox_yolo": [0.6236423254013062, 0.4426296353340149, 0.1285092681646347, 0.09503652900457382], "conf": 0.36373040080070496}, {"box_index": 2, "class_id": 1, "class_name": "B2", "bbox_yolo": [0.4866809844970703, 0.4831533133983612, 0.1346772015094757, 0.093763068318367], "conf": 0.34868788719177246}, {"box_index": 3, "class_id": 2, "class_name": "B3", "bbox_yolo": [0.35654470324516296, 0.4791482985019684, 0.08155445009469986, 0.06836066395044327], "conf": 0.26297101378440857}], "count_per_class": {"B1": 0, "B2": 1, "B3": 3, "B4": 0}, "side_index": 2}