{"image": "DAMIMAS_A21B_0574_1.jpg", "detector": "y26m_vanilla_local", "detections": [{"box_index": 0, "class_id": 2, "class_name": "B3", "bbox_yolo": [0.3691066801548004, 0.32518455386161804, 0.13571718335151672, 0.10605709999799728], "conf": 0.6491290330886841}, {"box_index": 1, "class_id": 2, "class_name": "B3", "bbox_yolo": [0.5558000206947327, 0.3429240584373474, 0.1653580367565155, 0.13570590317249298], "conf": 0.6057559847831726}, {"box_index": 2, "class_id": 2, "class_name": "B3", "bbox_yolo": [0.7416520714759827, 0.3692420721054077, 0.14478938281536102, 0.13633695244789124], "conf": 0.31246495246887207}], "count_per_class": {"B1": 0, "B2": 0, "B3": 3, "B4": 0}, "side_index": 0}