{"image": "DAMIMAS_A21B_0816_2.jpg", "detector": "y26m_vanilla_local", "detections": [{"box_index": 0, "class_id": 3, "class_name": "B4", "bbox_yolo": [0.40389585494995117, 0.38226237893104553, 0.08349161595106125, 0.059071995317935944], "conf": 0.4856930673122406}, {"box_index": 1, "class_id": 2, "class_name": "B3", "bbox_yolo": [0.4328654110431671, 0.4657871425151825, 0.12702615559101105, 0.09510397911071777], "conf": 0.4312571585178375}, {"box_index": 2, "class_id": 1, "class_name": "B2", "bbox_yolo": [0.33149370551109314, 0.503384530544281, 0.12821601331233978, 0.10258760303258896], "conf": 0.4167567491531372}, {"box_index": 3, "class_id": 1, "class_name": "B2", "bbox_yolo": [0.32652348279953003, 0.4974604547023773, 0.10798229277133942, 0.08696847409009933], "conf": 0.40125036239624023}], "count_per_class": {"B1": 0, "B2": 2, "B3": 1, "B4": 1}, "side_index": 1}