{"image": "DAMIMAS_A21B_0411_2.jpg", "detector": "y26m_vanilla_local", "detections": [{"box_index": 0, "class_id": 0, "class_name": "B1", "bbox_yolo": [0.31437748670578003, 0.36496978998184204, 0.0993795096874237, 0.08946559578180313], "conf": 0.5714534521102905}, {"box_index": 1, "class_id": 2, "class_name": "B3", "bbox_yolo": [0.6233803629875183, 0.32310768961906433, 0.10119082778692245, 0.08476030826568604], "conf": 0.46370652318000793}, {"box_index": 2, "class_id": 0, "class_name": "B1", "bbox_yolo": [0.32365304231643677, 0.3730909824371338, 0.12859150767326355, 0.10708343982696533], "conf": 0.35704925656318665}], "count_per_class": {"B1": 2, "B2": 0, "B3": 1, "B4": 0}, "side_index": 1}