{"image": "DAMIMAS_A21B_0005_1.jpg", "detector": "y26m_vanilla_local", "detections": [{"box_index": 0, "class_id": 2, "class_name": "B3", "bbox_yolo": [0.32146474719047546, 0.5004826784133911, 0.147170290350914, 0.10577817261219025], "conf": 0.6762815713882446}, {"box_index": 1, "class_id": 3, "class_name": "B4", "bbox_yolo": [0.44323667883872986, 0.4324789047241211, 0.11719910800457001, 0.07545804977416992], "conf": 0.28435441851615906}], "count_per_class": {"B1": 0, "B2": 0, "B3": 1, "B4": 1}, "side_index": 0}