{"image": "DAMIMAS_A21B_0392_1.jpg", "detector": "y26m_vanilla_local", "detections": [{"box_index": 0, "class_id": 2, "class_name": "B3", "bbox_yolo": [0.36337319016456604, 0.4043872058391571, 0.14481770992279053, 0.11528968811035156], "conf": 0.7563599944114685}, {"box_index": 1, "class_id": 0, "class_name": "B1", "bbox_yolo": [0.26738032698631287, 0.47116032242774963, 0.12473617494106293, 0.1147400364279747], "conf": 0.6789802312850952}, {"box_index": 2, "class_id": 2, "class_name": "B3", "bbox_yolo": [0.5642446279525757, 0.45823174715042114, 0.16592653095722198, 0.13161173462867737], "conf": 0.282709538936615}, {"box_index": 3, "class_id": 2, "class_name": "B3", "bbox_yolo": [0.2721289396286011, 0.3533211052417755, 0.06414240598678589, 0.057480670511722565], "conf": 0.27954891324043274}], "count_per_class": {"B1": 1, "B2": 0, "B3": 3, "B4": 0}, "side_index": 0}