{"image": "DAMIMAS_A21B_0800_4.jpg", "detector": "y26m_vanilla_local", "detections": [{"box_index": 0, "class_id": 2, "class_name": "B3", "bbox_yolo": [0.35793083906173706, 0.3604526221752167, 0.13115949928760529, 0.10957200825214386], "conf": 0.3975110948085785}, {"box_index": 1, "class_id": 2, "class_name": "B3", "bbox_yolo": [0.3581148087978363, 0.3592180013656616, 0.10986735671758652, 0.10349440574645996], "conf": 0.290939062833786}], "count_per_class": {"B1": 0, "B2": 0, "B3": 2, "B4": 0}, "side_index": 3}