{"image": "DAMIMAS_A21B_0234_4.jpg", "detector": "y26m_vanilla_local", "detections": [{"box_index": 0, "class_id": 2, "class_name": "B3", "bbox_yolo": [0.3032359480857849, 0.3026992976665497, 0.0935865268111229, 0.07289109379053116], "conf": 0.27824023365974426}], "count_per_class": {"B1": 0, "B2": 0, "B3": 1, "B4": 0}, "side_index": 3}