{"image": "DAMIMAS_A21B_0563_2.jpg", "detector": "y26m_vanilla_local", "detections": [{"box_index": 0, "class_id": 2, "class_name": "B3", "bbox_yolo": [0.43411606550216675, 0.18435613811016083, 0.16003748774528503, 0.15719734132289886], "conf": 0.5053699016571045}, {"box_index": 1, "class_id": 1, "class_name": "B2", "bbox_yolo": [0.43137481808662415, 0.1853581964969635, 0.16537603735923767, 0.1612561196088791], "conf": 0.4200493395328522}, {"box_index": 2, "class_id": 2, "class_name": "B3", "bbox_yolo": [0.2912442684173584, 0.17187191545963287, 0.1021873876452446, 0.0992337018251419], "conf": 0.39902058243751526}, {"box_index": 3, "class_id": 2, "class_name": "B3", "bbox_yolo": [0.2925943434238434, 0.17686498165130615, 0.12975475192070007, 0.11338315159082413], "conf": 0.26661548018455505}], "count_per_class": {"B1": 0, "B2": 1, "B3": 3, "B4": 0}, "side_index": 1}