{"image": "DAMIMAS_A21B_0753_1.jpg", "detector": "y26m_vanilla_local", "detections": [{"box_index": 0, "class_id": 2, "class_name": "B3", "bbox_yolo": [0.39081645011901855, 0.33996063470840454, 0.175172820687294, 0.14861705899238586], "conf": 0.6978548765182495}, {"box_index": 1, "class_id": 0, "class_name": "B1", "bbox_yolo": [0.28411000967025757, 0.4056556224822998, 0.13791202008724213, 0.12606564164161682], "conf": 0.6523761749267578}, {"box_index": 2, "class_id": 2, "class_name": "B3", "bbox_yolo": [0.6051904559135437, 0.3930005133152008, 0.17037668824195862, 0.14633119106292725], "conf": 0.37002071738243103}, {"box_index": 3, "class_id": 2, "class_name": "B3", "bbox_yolo": [0.6880662441253662, 0.29029878973960876, 0.11784649640321732, 0.08775122463703156], "conf": 0.2744889557361603}], "count_per_class": {"B1": 1, "B2": 0, "B3": 3, "B4": 0}, "side_index": 0}