{"image": "DAMIMAS_A21B_0810_2.jpg", "detector": "y26m_vanilla_local", "detections": [{"box_index": 0, "class_id": 2, "class_name": "B3", "bbox_yolo": [0.27252593636512756, 0.43205195665359497, 0.12823055684566498, 0.1154361292719841], "conf": 0.49111077189445496}, {"box_index": 1, "class_id": 2, "class_name": "B3", "bbox_yolo": [0.5547980666160583, 0.4652572572231293, 0.15116377174854279, 0.10472483932971954], "conf": 0.3517947793006897}, {"box_index": 2, "class_id": 2, "class_name": "B3", "bbox_yolo": [0.4201154112815857, 0.4106331467628479, 0.1376742124557495, 0.09513457119464874], "conf": 0.3292521834373474}, {"box_index": 3, "class_id": 1, "class_name": "B2", "bbox_yolo": [0.5543733835220337, 0.466113418340683, 0.15091794729232788, 0.10557909309864044], "conf": 0.29438450932502747}], "count_per_class": {"B1": 0, "B2": 1, "B3": 3, "B4": 0}, "side_index": 1}