{"image": "DAMIMAS_A21B_0116_2.jpg", "detector": "y26m_vanilla_local", "detections": [{"box_index": 0, "class_id": 2, "class_name": "B3", "bbox_yolo": [0.6862058639526367, 0.47085556387901306, 0.12794463336467743, 0.09728050231933594], "conf": 0.37696194648742676}, {"box_index": 1, "class_id": 2, "class_name": "B3", "bbox_yolo": [0.30633899569511414, 0.4671158790588379, 0.10018188506364822, 0.08568721264600754], "conf": 0.3704911470413208}, {"box_index": 2, "class_id": 2, "class_name": "B3", "bbox_yolo": [0.44905900955200195, 0.44417425990104675, 0.14215050637722015, 0.09213664382696152], "conf": 0.30750420689582825}, {"box_index": 3, "class_id": 3, "class_name": "B4", "bbox_yolo": [0.6031497120857239, 0.3412476181983948, 0.08486983180046082, 0.07004163414239883], "conf": 0.2978525459766388}], "count_per_class": {"B1": 0, "B2": 0, "B3": 3, "B4": 1}, "side_index": 1}