{"image": "DAMIMAS_A21B_0442_1.jpg", "detector": "y26m_vanilla_local", "detections": [{"box_index": 0, "class_id": 2, "class_name": "B3", "bbox_yolo": [0.44505032896995544, 0.3921438157558441, 0.05858183279633522, 0.04636135324835777], "conf": 0.3676599860191345}, {"box_index": 1, "class_id": 2, "class_name": "B3", "bbox_yolo": [0.5245963931083679, 0.41409316658973694, 0.0720478743314743, 0.06493272632360458], "conf": 0.2606130540370941}], "count_per_class": {"B1": 0, "B2": 0, "B3": 2, "B4": 0}, "side_index": 0}