{"image": "DAMIMAS_A21B_0717_1.jpg", "detector": "y26m_vanilla_local", "detections": [{"box_index": 0, "class_id": 2, "class_name": "B3", "bbox_yolo": [0.47406116127967834, 0.3851810693740845, 0.21094638109207153, 0.15858188271522522], "conf": 0.6291070580482483}, {"box_index": 1, "class_id": 1, "class_name": "B2", "bbox_yolo": [0.7360314726829529, 0.4233620762825012, 0.2364775389432907, 0.18919162452220917], "conf": 0.5252553820610046}, {"box_index": 2, "class_id": 2, "class_name": "B3", "bbox_yolo": [0.6477921009063721, 0.27911970019340515, 0.17283955216407776, 0.12246380001306534], "conf": 0.436722069978714}, {"box_index": 3, "class_id": 0, "class_name": "B1", "bbox_yolo": [0.7342174649238586, 0.42149996757507324, 0.23816713690757751, 0.1849903166294098], "conf": 0.2979600727558136}], "count_per_class": {"B1": 1, "B2": 1, "B3": 2, "B4": 0}, "side_index": 0}