{"image": "DAMIMAS_A21B_0130_3.jpg", "detector": "y26m_vanilla_local", "detections": [{"box_index": 0, "class_id": 0, "class_name": "B1", "bbox_yolo": [0.5390895009040833, 0.4859982430934906, 0.12037080526351929, 0.10067963600158691], "conf": 0.3635624945163727}, {"box_index": 1, "class_id": 2, "class_name": "B3", "bbox_yolo": [0.4471096992492676, 0.459459125995636, 0.09523303061723709, 0.07599301636219025], "conf": 0.33441758155822754}, {"box_index": 2, "class_id": 1, "class_name": "B2", "bbox_yolo": [0.5372186303138733, 0.48271775245666504, 0.10836802423000336, 0.09084215015172958], "conf": 0.2859007716178894}], "count_per_class": {"B1": 1, "B2": 1, "B3": 1, "B4": 0}, "side_index": 2}