{"image": "DAMIMAS_A21B_0149_3.jpg", "detector": "y26m_vanilla_local", "detections": [{"box_index": 0, "class_id": 2, "class_name": "B3", "bbox_yolo": [0.49441128969192505, 0.4379247725009918, 0.1494157612323761, 0.11547715961933136], "conf": 0.5548754930496216}, {"box_index": 1, "class_id": 2, "class_name": "B3", "bbox_yolo": [0.30477550625801086, 0.43110010027885437, 0.09532863646745682, 0.07604771107435226], "conf": 0.41433778405189514}, {"box_index": 2, "class_id": 2, "class_name": "B3", "bbox_yolo": [0.4735046625137329, 0.4360993802547455, 0.09716406464576721, 0.10926344245672226], "conf": 0.30067217350006104}], "count_per_class": {"B1": 0, "B2": 0, "B3": 3, "B4": 0}, "side_index": 2}