{"image": "DAMIMAS_A21B_0359_1.jpg", "detector": "y26m_vanilla_local", "detections": [{"box_index": 0, "class_id": 2, "class_name": "B3", "bbox_yolo": [0.5211593508720398, 0.35375943779945374, 0.1287466436624527, 0.0960172638297081], "conf": 0.35922113060951233}, {"box_index": 1, "class_id": 3, "class_name": "B4", "bbox_yolo": [0.5625509023666382, 0.27353739738464355, 0.09933402389287949, 0.06774943321943283], "conf": 0.28522202372550964}, {"box_index": 2, "class_id": 2, "class_name": "B3", "bbox_yolo": [0.6573634147644043, 0.3073704242706299, 0.075010746717453, 0.05517122894525528], "conf": 0.2677152156829834}, {"box_index": 3, "class_id": 0, "class_name": "B1", "bbox_yolo": [0.6521477103233337, 0.37161603569984436, 0.10120277851819992, 0.07716894149780273], "conf": 0.2636251449584961}], "count_per_class": {"B1": 1, "B2": 0, "B3": 2, "B4": 1}, "side_index": 0}