{"image": "DAMIMAS_A21B_0070_4.jpg", "detector": "y26m_vanilla_local", "detections": [{"box_index": 0, "class_id": 3, "class_name": "B4", "bbox_yolo": [0.35027962923049927, 0.3685017228126526, 0.09685631096363068, 0.06103010103106499], "conf": 0.38399067521095276}, {"box_index": 1, "class_id": 2, "class_name": "B3", "bbox_yolo": [0.6179620623588562, 0.40311500430107117, 0.11419080942869186, 0.08445873111486435], "conf": 0.3534252643585205}, {"box_index": 2, "class_id": 2, "class_name": "B3", "bbox_yolo": [0.37325990200042725, 0.43575188517570496, 0.11347656697034836, 0.08573992550373077], "conf": 0.3493657112121582}], "count_per_class": {"B1": 0, "B2": 0, "B3": 2, "B4": 1}, "side_index": 3}