{"image": "DAMIMAS_A21B_0755_2.jpg", "detector": "y26m_vanilla_local", "detections": [{"box_index": 0, "class_id": 2, "class_name": "B3", "bbox_yolo": [0.7001845240592957, 0.3066193759441376, 0.15842203795909882, 0.12159440666437149], "conf": 0.6387138962745667}, {"box_index": 1, "class_id": 0, "class_name": "B1", "bbox_yolo": [0.7881466746330261, 0.3800704777240753, 0.1277950406074524, 0.12213101238012314], "conf": 0.5493270754814148}, {"box_index": 2, "class_id": 2, "class_name": "B3", "bbox_yolo": [0.5023009777069092, 0.33709320425987244, 0.19252492487430573, 0.1355990469455719], "conf": 0.30472883582115173}, {"box_index": 3, "class_id": 1, "class_name": "B2", "bbox_yolo": [0.5001773834228516, 0.33903777599334717, 0.19550423324108124, 0.13977685570716858], "conf": 0.27766937017440796}], "count_per_class": {"B1": 1, "B2": 1, "B3": 2, "B4": 0}, "side_index": 1}