{"image": "DAMIMAS_A21B_0767_3.jpg", "detector": "y26m_vanilla_local", "detections": [{"box_index": 0, "class_id": 0, "class_name": "B1", "bbox_yolo": [0.5028594732284546, 0.39490222930908203, 0.15114054083824158, 0.10362491756677628], "conf": 0.4385218024253845}, {"box_index": 1, "class_id": 2, "class_name": "B3", "bbox_yolo": [0.6959918141365051, 0.39252954721450806, 0.13806521892547607, 0.10641708225011826], "conf": 0.4074881374835968}, {"box_index": 2, "class_id": 2, "class_name": "B3", "bbox_yolo": [0.30710044503211975, 0.44339799880981445, 0.09457798302173615, 0.08519864082336426], "conf": 0.2986624538898468}], "count_per_class": {"B1": 1, "B2": 0, "B3": 2, "B4": 0}, "side_index": 2}