{"image": "DAMIMAS_A21B_0403_3.jpg", "detector": "y26m_vanilla_local", "detections": [{"box_index": 0, "class_id": 3, "class_name": "B4", "bbox_yolo": [0.6007809042930603, 0.4134312570095062, 0.09487972408533096, 0.061650943011045456], "conf": 0.3403664827346802}, {"box_index": 1, "class_id": 2, "class_name": "B3", "bbox_yolo": [0.35192373394966125, 0.46604248881340027, 0.09132633358240128, 0.06834612041711807], "conf": 0.3295901119709015}], "count_per_class": {"B1": 0, "B2": 0, "B3": 1, "B4": 1}, "side_index": 2}