{"image": "DAMIMAS_A21B_0464_3.jpg", "detector": "y26m_vanilla_local", "detections": [{"box_index": 0, "class_id": 0, "class_name": "B1", "bbox_yolo": [0.38085538148880005, 0.43120643496513367, 0.0776776373386383, 0.07471313327550888], "conf": 0.6305678486824036}, {"box_index": 1, "class_id": 0, "class_name": "B1", "bbox_yolo": [0.6089197993278503, 0.42567139863967896, 0.09147211909294128, 0.06571292877197266], "conf": 0.5671993494033813}, {"box_index": 2, "class_id": 2, "class_name": "B3", "bbox_yolo": [0.5331001281738281, 0.3885352611541748, 0.08541441708803177, 0.07273874431848526], "conf": 0.30232328176498413}, {"box_index": 3, "class_id": 2, "class_name": "B3", "bbox_yolo": [0.43987542390823364, 0.40371590852737427, 0.07187388837337494, 0.06070356443524361], "conf": 0.2668135464191437}], "count_per_class": {"B1": 2, "B2": 0, "B3": 2, "B4": 0}, "side_index": 2}