{"image": "DAMIMAS_A21B_0228_3.jpg", "detector": "y26m_vanilla_local", "detections": [{"box_index": 0, "class_id": 0, "class_name": "B1", "bbox_yolo": [0.45058465003967285, 0.22048702836036682, 0.16399714350700378, 0.14576402306556702], "conf": 0.5813485980033875}], "count_per_class": {"B1": 1, "B2": 0, "B3": 0, "B4": 0}, "side_index": 2}