{"image": "DAMIMAS_A21B_0055_3.jpg", "detector": "y26m_vanilla_local", "detections": [{"box_index": 0, "class_id": 0, "class_name": "B1", "bbox_yolo": [0.6404516100883484, 0.44661495089530945, 0.12428468465805054, 0.10621114075183868], "conf": 0.5435461401939392}, {"box_index": 1, "class_id": 1, "class_name": "B2", "bbox_yolo": [0.3250013589859009, 0.45635977387428284, 0.09491746127605438, 0.08348240703344345], "conf": 0.40293392539024353}, {"box_index": 2, "class_id": 2, "class_name": "B3", "bbox_yolo": [0.37859204411506653, 0.4002363681793213, 0.10930214822292328, 0.08625020831823349], "conf": 0.35479408502578735}, {"box_index": 3, "class_id": 2, "class_name": "B3", "bbox_yolo": [0.5240835547447205, 0.4111219048500061, 0.09138524532318115, 0.08425598591566086], "conf": 0.3300032615661621}], "count_per_class": {"B1": 1, "B2": 1, "B3": 2, "B4": 0}, "side_index": 2}