{"image": "DAMIMAS_A21B_0426_4.jpg", "detector": "y26m_vanilla_local", "detections": [{"box_index": 0, "class_id": 2, "class_name": "B3", "bbox_yolo": [0.6314204335212708, 0.5387936234474182, 0.15136319398880005, 0.10462923347949982], "conf": 0.6387052536010742}, {"box_index": 1, "class_id": 2, "class_name": "B3", "bbox_yolo": [0.4570219814777374, 0.509356677532196, 0.17160896956920624, 0.11405730247497559], "conf": 0.5851470232009888}, {"box_index": 2, "class_id": 3, "class_name": "B4", "bbox_yolo": [0.6858067512512207, 0.44343701004981995, 0.12438393384218216, 0.07935643196105957], "conf": 0.3069436848163605}, {"box_index": 3, "class_id": 2, "class_name": "B3", "bbox_yolo": [0.7039262652397156, 0.4675934910774231, 0.16439858078956604, 0.12612438201904297], "conf": 0.29174289107322693}], "count_per_class": {"B1": 0, "B2": 0, "B3": 3, "B4": 1}, "side_index": 3}