{"image": "DAMIMAS_A21B_0735_4.jpg", "detector": "y26m_vanilla_local", "detections": [{"box_index": 0, "class_id": 2, "class_name": "B3", "bbox_yolo": [0.7337886095046997, 0.33547160029411316, 0.22682979702949524, 0.1839364618062973], "conf": 0.6639192700386047}, {"box_index": 1, "class_id": 2, "class_name": "B3", "bbox_yolo": [0.554810643196106, 0.21424828469753265, 0.17289727926254272, 0.13744299113750458], "conf": 0.45791465044021606}, {"box_index": 2, "class_id": 1, "class_name": "B2", "bbox_yolo": [0.7327743768692017, 0.33792445063591003, 0.22912955284118652, 0.18700920045375824], "conf": 0.2736201882362366}], "count_per_class": {"B1": 0, "B2": 1, "B3": 2, "B4": 0}, "side_index": 3}