{"image": "DAMIMAS_A21B_0649_4.jpg", "detector": "y26m_vanilla_local", "detections": [{"box_index": 0, "class_id": 2, "class_name": "B3", "bbox_yolo": [0.4014427363872528, 0.4079899787902832, 0.23652735352516174, 0.18755555152893066], "conf": 0.6297815442085266}, {"box_index": 1, "class_id": 3, "class_name": "B4", "bbox_yolo": [0.3411385416984558, 0.26213210821151733, 0.14466525614261627, 0.10941672325134277], "conf": 0.3800133764743805}, {"box_index": 2, "class_id": 3, "class_name": "B4", "bbox_yolo": [0.33755818009376526, 0.26372504234313965, 0.12899841368198395, 0.09465134143829346], "conf": 0.31373631954193115}], "count_per_class": {"B1": 0, "B2": 0, "B3": 1, "B4": 2}, "side_index": 3}