{"image": "DAMIMAS_A21B_0684_4.jpg", "detector": "y26m_vanilla_local", "detections": [{"box_index": 0, "class_id": 2, "class_name": "B3", "bbox_yolo": [0.2591320872306824, 0.5715997815132141, 0.19646982848644257, 0.1421390026807785], "conf": 0.7166111469268799}, {"box_index": 1, "class_id": 2, "class_name": "B3", "bbox_yolo": [0.4747171700000763, 0.4848000705242157, 0.22393904626369476, 0.17287461459636688], "conf": 0.6868661046028137}, {"box_index": 2, "class_id": 2, "class_name": "B3", "bbox_yolo": [0.7415094375610352, 0.5133537650108337, 0.2136906385421753, 0.16726775467395782], "conf": 0.5170671939849854}, {"box_index": 3, "class_id": 1, "class_name": "B2", "bbox_yolo": [0.7396087050437927, 0.5157398581504822, 0.21366171538829803, 0.1724596470594406], "conf": 0.3169488310813904}], "count_per_class": {"B1": 0, "B2": 1, "B3": 3, "B4": 0}, "side_index": 3}