{"image": "DAMIMAS_A21B_0119_2.jpg", "detector": "y26m_vanilla_local", "detections": [{"box_index": 0, "class_id": 1, "class_name": "B2", "bbox_yolo": [0.626905620098114, 0.5035428404808044, 0.13354581594467163, 0.09992776066064835], "conf": 0.6029176712036133}, {"box_index": 1, "class_id": 1, "class_name": "B2", "bbox_yolo": [0.6263073086738586, 0.5056846141815186, 0.12389393150806427, 0.08646297454833984], "conf": 0.4119640588760376}, {"box_index": 2, "class_id": 2, "class_name": "B3", "bbox_yolo": [0.5114604234695435, 0.44273683428764343, 0.1159396842122078, 0.0901721939444542], "conf": 0.25139322876930237}], "count_per_class": {"B1": 0, "B2": 2, "B3": 1, "B4": 0}, "side_index": 1}