{"image": "DAMIMAS_A21B_0035_4.jpg", "detector": "y26m_vanilla_local", "detections": [{"box_index": 0, "class_id": 2, "class_name": "B3", "bbox_yolo": [0.4696381092071533, 0.47652727365493774, 0.08681107312440872, 0.061585426330566406], "conf": 0.2625415027141571}, {"box_index": 1, "class_id": 2, "class_name": "B3", "bbox_yolo": [0.5871261954307556, 0.49353083968162537, 0.08206743001937866, 0.06957931816577911], "conf": 0.2516370117664337}], "count_per_class": {"B1": 0, "B2": 0, "B3": 2, "B4": 0}, "side_index": 3}