{"image": "DAMIMAS_A21B_0342_1.jpg", "detector": "y26m_vanilla_local", "detections": [{"box_index": 0, "class_id": 2, "class_name": "B3", "bbox_yolo": [0.5200798511505127, 0.43382832407951355, 0.0675305724143982, 0.0790041908621788], "conf": 0.2891528904438019}], "count_per_class": {"B1": 0, "B2": 0, "B3": 1, "B4": 0}, "side_index": 0}