{"image": "DAMIMAS_A21B_0030_2.jpg", "detector": "y26m_vanilla_local", "detections": [{"box_index": 0, "class_id": 2, "class_name": "B3", "bbox_yolo": [0.6185572743415833, 0.4803767800331116, 0.11012592911720276, 0.08727731555700302], "conf": 0.4780566990375519}, {"box_index": 1, "class_id": 2, "class_name": "B3", "bbox_yolo": [0.6136806607246399, 0.4829310476779938, 0.12958189845085144, 0.09770884364843369], "conf": 0.4119732677936554}, {"box_index": 2, "class_id": 2, "class_name": "B3", "bbox_yolo": [0.46598997712135315, 0.4978179633617401, 0.11758827418088913, 0.09502420574426651], "conf": 0.3088192939758301}, {"box_index": 3, "class_id": 2, "class_name": "B3", "bbox_yolo": [0.4635142982006073, 0.49484679102897644, 0.09754619747400284, 0.09055309742689133], "conf": 0.2986433804035187}], "count_per_class": {"B1": 0, "B2": 0, "B3": 4, "B4": 0}, "side_index": 1}