{"image": "DAMIMAS_A21B_0738_1.jpg", "detector": "y26m_vanilla_local", "detections": [{"box_index": 0, "class_id": 2, "class_name": "B3", "bbox_yolo": [0.47497108578681946, 0.2338619977235794, 0.19333283603191376, 0.1665625274181366], "conf": 0.6524900794029236}, {"box_index": 1, "class_id": 2, "class_name": "B3", "bbox_yolo": [0.6758897304534912, 0.2057739943265915, 0.1572561413049698, 0.1158183217048645], "conf": 0.49364468455314636}, {"box_index": 2, "class_id": 2, "class_name": "B3", "bbox_yolo": [0.3473767638206482, 0.15382695198059082, 0.1588592231273651, 0.1197114959359169], "conf": 0.4703640639781952}], "count_per_class": {"B1": 0, "B2": 0, "B3": 3, "B4": 0}, "side_index": 0}