{"image": "DAMIMAS_A21B_0220_3.jpg", "detector": "y26m_vanilla_local", "detections": [{"box_index": 0, "class_id": 2, "class_name": "B3", "bbox_yolo": [0.6935102343559265, 0.3872677981853485, 0.13631115853786469, 0.13442397117614746], "conf": 0.4424697160720825}, {"box_index": 1, "class_id": 0, "class_name": "B1", "bbox_yolo": [0.3384624421596527, 0.3827391564846039, 0.1408473402261734, 0.1316232532262802], "conf": 0.4055803716182709}, {"box_index": 2, "class_id": 1, "class_name": "B2", "bbox_yolo": [0.33521297574043274, 0.3838755488395691, 0.14143066108226776, 0.13334298133850098], "conf": 0.3652331233024597}], "count_per_class": {"B1": 1, "B2": 1, "B3": 1, "B4": 0}, "side_index": 2}