{"image": "DAMIMAS_A21B_0402_4.jpg", "detector": "y26m_vanilla_local", "detections": [{"box_index": 0, "class_id": 2, "class_name": "B3", "bbox_yolo": [0.32860130071640015, 0.3802049458026886, 0.1116907149553299, 0.07569251209497452], "conf": 0.4060143828392029}], "count_per_class": {"B1": 0, "B2": 0, "B3": 1, "B4": 0}, "side_index": 3}