{"image": "DAMIMAS_A21B_0288_4.jpg", "detector": "y26m_vanilla_local", "detections": [{"box_index": 0, "class_id": 3, "class_name": "B4", "bbox_yolo": [0.4217953085899353, 0.3692554533481598, 0.10958293825387955, 0.07326497882604599], "conf": 0.38301435112953186}, {"box_index": 1, "class_id": 2, "class_name": "B3", "bbox_yolo": [0.6313698291778564, 0.45447492599487305, 0.12276408821344376, 0.10998599976301193], "conf": 0.32130366563796997}, {"box_index": 2, "class_id": 2, "class_name": "B3", "bbox_yolo": [0.635577917098999, 0.4672311842441559, 0.10700321942567825, 0.08190494030714035], "conf": 0.2802022695541382}], "count_per_class": {"B1": 0, "B2": 0, "B3": 2, "B4": 1}, "side_index": 3}