{"image": "DAMIMAS_A21B_0367_4.jpg", "detector": "y26m_vanilla_local", "detections": [{"box_index": 0, "class_id": 2, "class_name": "B3", "bbox_yolo": [0.622049868106842, 0.42931780219078064, 0.10791632533073425, 0.09089632332324982], "conf": 0.5438980460166931}, {"box_index": 1, "class_id": 2, "class_name": "B3", "bbox_yolo": [0.6193051934242249, 0.430558979511261, 0.12175420671701431, 0.09813928604125977], "conf": 0.34785786271095276}, {"box_index": 2, "class_id": 2, "class_name": "B3", "bbox_yolo": [0.40582531690597534, 0.41498586535453796, 0.09932709485292435, 0.06888847798109055], "conf": 0.2783283293247223}], "count_per_class": {"B1": 0, "B2": 0, "B3": 3, "B4": 0}, "side_index": 3}