{"image": "DAMIMAS_A21B_0603_1.jpg", "detector": "y26m_vanilla_local", "detections": [{"box_index": 0, "class_id": 0, "class_name": "B1", "bbox_yolo": [0.35898706316947937, 0.47382980585098267, 0.23339705169200897, 0.18219709396362305], "conf": 0.6438170075416565}, {"box_index": 1, "class_id": 2, "class_name": "B3", "bbox_yolo": [0.31602802872657776, 0.34229856729507446, 0.1673620045185089, 0.10053002834320068], "conf": 0.4434123635292053}, {"box_index": 2, "class_id": 2, "class_name": "B3", "bbox_yolo": [0.5685113668441772, 0.4033205211162567, 0.1651069074869156, 0.14075906574726105], "conf": 0.36604979634284973}], "count_per_class": {"B1": 1, "B2": 0, "B3": 2, "B4": 0}, "side_index": 0}