{"image": "DAMIMAS_A21B_0132_4.jpg", "detector": "y26m_vanilla_local", "detections": [{"box_index": 0, "class_id": 0, "class_name": "B1", "bbox_yolo": [0.6400087475776672, 0.4146752953529358, 0.16518288850784302, 0.13606785237789154], "conf": 0.3569644093513489}, {"box_index": 1, "class_id": 2, "class_name": "B3", "bbox_yolo": [0.3842845559120178, 0.40157005190849304, 0.13055220246315002, 0.11341498047113419], "conf": 0.3089960217475891}, {"box_index": 2, "class_id": 2, "class_name": "B3", "bbox_yolo": [0.503217875957489, 0.3687243163585663, 0.08732627332210541, 0.09862358868122101], "conf": 0.2999047338962555}], "count_per_class": {"B1": 1, "B2": 0, "B3": 2, "B4": 0}, "side_index": 3}