{"image": "DAMIMAS_A21B_0106_3.jpg", "detector": "y26m_vanilla_local", "detections": [{"box_index": 0, "class_id": 0, "class_name": "B1", "bbox_yolo": [0.6173187494277954, 0.564572274684906, 0.1233636885881424, 0.09658074378967285], "conf": 0.5704035758972168}, {"box_index": 1, "class_id": 2, "class_name": "B3", "bbox_yolo": [0.5169079303741455, 0.5341262817382812, 0.10767396539449692, 0.08137979358434677], "conf": 0.5486539006233215}, {"box_index": 2, "class_id": 2, "class_name": "B3", "bbox_yolo": [0.37579214572906494, 0.560302734375, 0.10722469538450241, 0.08128781616687775], "conf": 0.40916407108306885}], "count_per_class": {"B1": 1, "B2": 0, "B3": 2, "B4": 0}, "side_index": 2}