{"image": "DAMIMAS_A21B_0062_1.jpg", "detector": "y26m_vanilla_local", "detections": [{"box_index": 0, "class_id": 2, "class_name": "B3", "bbox_yolo": [0.4483625292778015, 0.304979532957077, 0.10831337422132492, 0.08137514442205429], "conf": 0.5030688643455505}, {"box_index": 1, "class_id": 1, "class_name": "B2", "bbox_yolo": [0.5621771216392517, 0.33383461833000183, 0.08914627134799957, 0.06870098412036896], "conf": 0.47089698910713196}, {"box_index": 2, "class_id": 2, "class_name": "B3", "bbox_yolo": [0.33237069845199585, 0.30363893508911133, 0.08063192665576935, 0.06305670738220215], "conf": 0.3272121250629425}], "count_per_class": {"B1": 0, "B2": 1, "B3": 2, "B4": 0}, "side_index": 0}