{"image": "DAMIMAS_A21B_0633_1.jpg", "detector": "y26m_vanilla_local", "detections": [{"box_index": 0, "class_id": 2, "class_name": "B3", "bbox_yolo": [0.3187132775783539, 0.5910008549690247, 0.14570589363574982, 0.10430460423231125], "conf": 0.44378331303596497}, {"box_index": 1, "class_id": 2, "class_name": "B3", "bbox_yolo": [0.6676599383354187, 0.5972566604614258, 0.14485964179039001, 0.11244187504053116], "conf": 0.3456460237503052}], "count_per_class": {"B1": 0, "B2": 0, "B3": 2, "B4": 0}, "side_index": 0}