{"image": "DAMIMAS_A21B_0475_4.jpg", "detector": "y26m_vanilla_local", "detections": [{"box_index": 0, "class_id": 3, "class_name": "B4", "bbox_yolo": [0.5651066303253174, 0.37722423672676086, 0.08469811081886292, 0.06405768543481827], "conf": 0.3412121534347534}], "count_per_class": {"B1": 0, "B2": 0, "B3": 0, "B4": 1}, "side_index": 3}