{"image": "DAMIMAS_A21B_0751_4.jpg", "detector": "y26m_vanilla_local", "detections": [{"box_index": 0, "class_id": 2, "class_name": "B3", "bbox_yolo": [0.44904330372810364, 0.3617362082004547, 0.22721485793590546, 0.15527069568634033], "conf": 0.6977106928825378}, {"box_index": 1, "class_id": 1, "class_name": "B2", "bbox_yolo": [0.28188255429267883, 0.4266302287578583, 0.1639682501554489, 0.13359026610851288], "conf": 0.6401649713516235}, {"box_index": 2, "class_id": 2, "class_name": "B3", "bbox_yolo": [0.7234345078468323, 0.3964836299419403, 0.16838964819908142, 0.12251110374927521], "conf": 0.5761232972145081}, {"box_index": 3, "class_id": 0, "class_name": "B1", "bbox_yolo": [0.5373576283454895, 0.4896817207336426, 0.2342061847448349, 0.1496848613023758], "conf": 0.5492302179336548}], "count_per_class": {"B1": 1, "B2": 1, "B3": 2, "B4": 0}, "side_index": 3}