{"image": "DAMIMAS_A21B_0811_5.jpg", "detector": "y26m_vanilla_local", "detections": [{"box_index": 0, "class_id": 3, "class_name": "B4", "bbox_yolo": [0.4575536847114563, 0.33992353081703186, 0.10567967593669891, 0.08165991306304932], "conf": 0.3774805963039398}, {"box_index": 1, "class_id": 0, "class_name": "B1", "bbox_yolo": [0.6584653854370117, 0.417302668094635, 0.09347362816333771, 0.06971757858991623], "conf": 0.31371524930000305}, {"box_index": 2, "class_id": 2, "class_name": "B3", "bbox_yolo": [0.4575536847114563, 0.33992353081703186, 0.10567967593669891, 0.08165991306304932], "conf": 0.2823101878166199}, {"box_index": 3, "class_id": 2, "class_name": "B3", "bbox_yolo": [0.4808339476585388, 0.4122167229652405, 0.07824148237705231, 0.07286455482244492], "conf": 0.26193705201148987}], "count_per_class": {"B1": 1, "B2": 0, "B3": 2, "B4": 1}, "side_index": 4}