{"image": "DAMIMAS_A21B_0667_3.jpg", "detector": "y26m_vanilla_local", "detections": [{"box_index": 0, "class_id": 2, "class_name": "B3", "bbox_yolo": [0.36899256706237793, 0.4020187556743622, 0.1256757527589798, 0.10332121700048447], "conf": 0.48965373635292053}, {"box_index": 1, "class_id": 2, "class_name": "B3", "bbox_yolo": [0.47361084818840027, 0.35706648230552673, 0.09785585850477219, 0.07346539944410324], "conf": 0.34888675808906555}, {"box_index": 2, "class_id": 2, "class_name": "B3", "bbox_yolo": [0.6082133054733276, 0.3802148103713989, 0.09865672141313553, 0.08075480908155441], "conf": 0.33116230368614197}, {"box_index": 3, "class_id": 1, "class_name": "B2", "bbox_yolo": [0.36963945627212524, 0.4032977223396301, 0.12697970867156982, 0.09856648743152618], "conf": 0.3091650605201721}], "count_per_class": {"B1": 0, "B2": 1, "B3": 3, "B4": 0}, "side_index": 2}