{"image": "DAMIMAS_A21B_0333_4.jpg", "detector": "y26m_vanilla_local", "detections": [{"box_index": 0, "class_id": 2, "class_name": "B3", "bbox_yolo": [0.44231316447257996, 0.5034491419792175, 0.1018407866358757, 0.07940158993005753], "conf": 0.5860010385513306}], "count_per_class": {"B1": 0, "B2": 0, "B3": 1, "B4": 0}, "side_index": 3}