{"image": "DAMIMAS_A21B_0405_1.jpg", "detector": "y26m_vanilla_local", "detections": [{"box_index": 0, "class_id": 2, "class_name": "B3", "bbox_yolo": [0.6532666087150574, 0.3354596793651581, 0.1324535459280014, 0.11848681420087814], "conf": 0.5587932467460632}, {"box_index": 1, "class_id": 1, "class_name": "B2", "bbox_yolo": [0.5021446943283081, 0.35580676794052124, 0.13715362548828125, 0.11730418354272842], "conf": 0.45659762620925903}], "count_per_class": {"B1": 0, "B2": 1, "B3": 1, "B4": 0}, "side_index": 0}