{"image": "DAMIMAS_A21B_0849_1.jpg", "detector": "y26m_vanilla_local", "detections": [{"box_index": 0, "class_id": 2, "class_name": "B3", "bbox_yolo": [0.34324705600738525, 0.2788599133491516, 0.1781964898109436, 0.1568942368030548], "conf": 0.6229245066642761}, {"box_index": 1, "class_id": 1, "class_name": "B2", "bbox_yolo": [0.7475724816322327, 0.3183569610118866, 0.15715733170509338, 0.14790348708629608], "conf": 0.3026883006095886}], "count_per_class": {"B1": 0, "B2": 1, "B3": 1, "B4": 0}, "side_index": 0}