{"image": "DAMIMAS_A21B_0157_1.jpg", "detector": "y26m_vanilla_local", "detections": [{"box_index": 0, "class_id": 2, "class_name": "B3", "bbox_yolo": [0.5247002243995667, 0.45631763339042664, 0.1463691145181656, 0.12354188412427902], "conf": 0.7595049142837524}, {"box_index": 1, "class_id": 3, "class_name": "B4", "bbox_yolo": [0.41048991680145264, 0.39593425393104553, 0.11208299547433853, 0.07941436767578125], "conf": 0.4554148316383362}, {"box_index": 2, "class_id": 2, "class_name": "B3", "bbox_yolo": [0.3496933579444885, 0.4904595911502838, 0.15272369980812073, 0.101409912109375], "conf": 0.4120999574661255}, {"box_index": 3, "class_id": 1, "class_name": "B2", "bbox_yolo": [0.6377214789390564, 0.5040046572685242, 0.13606682419776917, 0.10351210087537766], "conf": 0.306942880153656}], "count_per_class": {"B1": 0, "B2": 1, "B3": 2, "B4": 1}, "side_index": 0}