{"image": "DAMIMAS_A21B_0433_3.jpg", "detector": "y26m_vanilla_local", "detections": [{"box_index": 0, "class_id": 0, "class_name": "B1", "bbox_yolo": [0.44093355536460876, 0.4239000976085663, 0.12985971570014954, 0.10392501205205917], "conf": 0.7926731109619141}, {"box_index": 1, "class_id": 0, "class_name": "B1", "bbox_yolo": [0.6526975631713867, 0.41037946939468384, 0.11637325584888458, 0.10042750835418701], "conf": 0.508888304233551}, {"box_index": 2, "class_id": 0, "class_name": "B1", "bbox_yolo": [0.6552775502204895, 0.40804940462112427, 0.10043443739414215, 0.09330608695745468], "conf": 0.26873978972435}], "count_per_class": {"B1": 3, "B2": 0, "B3": 0, "B4": 0}, "side_index": 2}