{"image": "DAMIMAS_A21B_0295_1.jpg", "detector": "y26m_vanilla_local", "detections": [{"box_index": 0, "class_id": 2, "class_name": "B3", "bbox_yolo": [0.34132441878318787, 0.41884517669677734, 0.10985203087329865, 0.07780299335718155], "conf": 0.38470375537872314}, {"box_index": 1, "class_id": 2, "class_name": "B3", "bbox_yolo": [0.49232128262519836, 0.44552651047706604, 0.1366395354270935, 0.10889983177185059], "conf": 0.37343892455101013}, {"box_index": 2, "class_id": 2, "class_name": "B3", "bbox_yolo": [0.33968386054039, 0.4270281493663788, 0.1323091834783554, 0.10323935002088547], "conf": 0.2849552631378174}], "count_per_class": {"B1": 0, "B2": 0, "B3": 3, "B4": 0}, "side_index": 0}