{"image": "DAMIMAS_A21B_0033_4.jpg", "detector": "y26m_vanilla_local", "detections": [{"box_index": 0, "class_id": 2, "class_name": "B3", "bbox_yolo": [0.6424995064735413, 0.45462971925735474, 0.09094734489917755, 0.06289911270141602], "conf": 0.2606165409088135}], "count_per_class": {"B1": 0, "B2": 0, "B3": 1, "B4": 0}, "side_index": 3}