{"image": "DAMIMAS_A21B_0266_4.jpg", "detector": "y26m_vanilla_local", "detections": [{"box_index": 0, "class_id": 0, "class_name": "B1", "bbox_yolo": [0.6852956414222717, 0.43126875162124634, 0.1384541243314743, 0.1300763189792633], "conf": 0.4969494342803955}, {"box_index": 1, "class_id": 2, "class_name": "B3", "bbox_yolo": [0.5082295536994934, 0.39535149931907654, 0.15381044149398804, 0.13268093764781952], "conf": 0.4365837872028351}, {"box_index": 2, "class_id": 2, "class_name": "B3", "bbox_yolo": [0.28982818126678467, 0.45684394240379333, 0.09723508358001709, 0.09354491531848907], "conf": 0.30546003580093384}, {"box_index": 3, "class_id": 2, "class_name": "B3", "bbox_yolo": [0.3442985713481903, 0.3759942650794983, 0.14163409173488617, 0.11027844250202179], "conf": 0.29292547702789307}], "count_per_class": {"B1": 1, "B2": 0, "B3": 3, "B4": 0}, "side_index": 3}