{"image": "DAMIMAS_A21B_0455_2.jpg", "detector": "y26m_vanilla_local", "detections": [{"box_index": 0, "class_id": 2, "class_name": "B3", "bbox_yolo": [0.620031476020813, 0.41875481605529785, 0.12689819931983948, 0.08402671664953232], "conf": 0.32204481959342957}, {"box_index": 1, "class_id": 2, "class_name": "B3", "bbox_yolo": [0.6151543855667114, 0.4236527979373932, 0.1399974822998047, 0.09413506835699081], "conf": 0.2741530239582062}, {"box_index": 2, "class_id": 2, "class_name": "B3", "bbox_yolo": [0.4576142728328705, 0.3908240795135498, 0.13692888617515564, 0.09704353660345078], "conf": 0.2523994445800781}], "count_per_class": {"B1": 0, "B2": 0, "B3": 3, "B4": 0}, "side_index": 1}