{"image": "DAMIMAS_A21B_0209_3.jpg", "detector": "y26m_vanilla_local", "detections": [{"box_index": 0, "class_id": 2, "class_name": "B3", "bbox_yolo": [0.5595989227294922, 0.35874325037002563, 0.13638795912265778, 0.12244348973035812], "conf": 0.7032938003540039}, {"box_index": 1, "class_id": 2, "class_name": "B3", "bbox_yolo": [0.3494153618812561, 0.34398016333580017, 0.12540249526500702, 0.11392376571893692], "conf": 0.41136887669563293}, {"box_index": 2, "class_id": 1, "class_name": "B2", "bbox_yolo": [0.5599944591522217, 0.3592897951602936, 0.1399172842502594, 0.12484826892614365], "conf": 0.25766465067863464}], "count_per_class": {"B1": 0, "B2": 1, "B3": 2, "B4": 0}, "side_index": 2}