{"image": "DAMIMAS_A21B_0689_3.jpg", "detector": "y26m_vanilla_local", "detections": [{"box_index": 0, "class_id": 2, "class_name": "B3", "bbox_yolo": [0.27074581384658813, 0.2315739393234253, 0.19345945119857788, 0.1650773137807846], "conf": 0.7405412197113037}, {"box_index": 1, "class_id": 0, "class_name": "B1", "bbox_yolo": [0.7555310726165771, 0.3385576903820038, 0.15514443814754486, 0.1313469260931015], "conf": 0.6150810718536377}, {"box_index": 2, "class_id": 2, "class_name": "B3", "bbox_yolo": [0.5513913631439209, 0.29505500197410583, 0.1867373287677765, 0.1362268030643463], "conf": 0.3417976498603821}, {"box_index": 3, "class_id": 3, "class_name": "B4", "bbox_yolo": [0.6683332324028015, 0.16714319586753845, 0.13659846782684326, 0.11052902042865753], "conf": 0.3127126097679138}], "count_per_class": {"B1": 1, "B2": 0, "B3": 2, "B4": 1}, "side_index": 2}