{"image": "DAMIMAS_A21B_0848_1.jpg", "detector": "y26m_vanilla_local", "detections": [{"box_index": 0, "class_id": 2, "class_name": "B3", "bbox_yolo": [0.4382835328578949, 0.6080986261367798, 0.11189531534910202, 0.07426963001489639], "conf": 0.4567621052265167}], "count_per_class": {"B1": 0, "B2": 0, "B3": 1, "B4": 0}, "side_index": 0}