{"image": "DAMIMAS_A21B_0771_3.jpg", "detector": "y26m_vanilla_local", "detections": [{"box_index": 0, "class_id": 1, "class_name": "B2", "bbox_yolo": [0.6502606868743896, 0.3738957345485687, 0.15835228562355042, 0.0989631935954094], "conf": 0.5057191848754883}], "count_per_class": {"B1": 0, "B2": 1, "B3": 0, "B4": 0}, "side_index": 2}