{"image": "DAMIMAS_A21B_0185_4.jpg", "detector": "y26m_vanilla_local", "detections": [{"box_index": 0, "class_id": 2, "class_name": "B3", "bbox_yolo": [0.32412537932395935, 0.3799046576023102, 0.1519399732351303, 0.11157572269439697], "conf": 0.7142419815063477}, {"box_index": 1, "class_id": 2, "class_name": "B3", "bbox_yolo": [0.5048710703849792, 0.40812674164772034, 0.1394556164741516, 0.1200694814324379], "conf": 0.35382458567619324}, {"box_index": 2, "class_id": 2, "class_name": "B3", "bbox_yolo": [0.6874116659164429, 0.39318180084228516, 0.09732691943645477, 0.08394744247198105], "conf": 0.3343315124511719}, {"box_index": 3, "class_id": 3, "class_name": "B4", "bbox_yolo": [0.5893502831459045, 0.3300637900829315, 0.10341396927833557, 0.07336986064910889], "conf": 0.32109513878822327}], "count_per_class": {"B1": 0, "B2": 0, "B3": 3, "B4": 1}, "side_index": 3}