{"image": "DAMIMAS_A21B_0447_4.jpg", "detector": "y26m_vanilla_local", "detections": [{"box_index": 0, "class_id": 3, "class_name": "B4", "bbox_yolo": [0.46004584431648254, 0.3754635453224182, 0.07555039972066879, 0.05728769302368164], "conf": 0.3325274586677551}, {"box_index": 1, "class_id": 2, "class_name": "B3", "bbox_yolo": [0.39536845684051514, 0.42513442039489746, 0.09070724248886108, 0.0716341957449913], "conf": 0.27831318974494934}], "count_per_class": {"B1": 0, "B2": 0, "B3": 1, "B4": 1}, "side_index": 3}