{"image": "DAMIMAS_A21B_0825_5.jpg", "detector": "y26m_vanilla_local", "detections": [{"box_index": 0, "class_id": 0, "class_name": "B1", "bbox_yolo": [0.5083611607551575, 0.5349305868148804, 0.19457922875881195, 0.13750945031642914], "conf": 0.5725014805793762}, {"box_index": 1, "class_id": 2, "class_name": "B3", "bbox_yolo": [0.5611761212348938, 0.43128353357315063, 0.1318943053483963, 0.113319993019104], "conf": 0.5383701324462891}, {"box_index": 2, "class_id": 1, "class_name": "B2", "bbox_yolo": [0.694648265838623, 0.5056940913200378, 0.13694866001605988, 0.12624268233776093], "conf": 0.5077491998672485}, {"box_index": 3, "class_id": 2, "class_name": "B3", "bbox_yolo": [0.38063928484916687, 0.4570798873901367, 0.10083615779876709, 0.08058848232030869], "conf": 0.2614336609840393}], "count_per_class": {"B1": 1, "B2": 1, "B3": 2, "B4": 0}, "side_index": 4}