{"image": "DAMIMAS_A21B_0404_4.jpg", "detector": "y26m_vanilla_local", "detections": [{"box_index": 0, "class_id": 0, "class_name": "B1", "bbox_yolo": [0.3539885878562927, 0.44364842772483826, 0.1372056007385254, 0.10400547832250595], "conf": 0.6409668922424316}, {"box_index": 1, "class_id": 0, "class_name": "B1", "bbox_yolo": [0.7509185075759888, 0.4393041133880615, 0.12249094992876053, 0.1201939582824707], "conf": 0.5665196776390076}, {"box_index": 2, "class_id": 2, "class_name": "B3", "bbox_yolo": [0.6618911623954773, 0.3941047787666321, 0.14223799109458923, 0.10260515660047531], "conf": 0.48026251792907715}], "count_per_class": {"B1": 2, "B2": 0, "B3": 1, "B4": 0}, "side_index": 3}