{"image": "DAMIMAS_A21B_0845_3.jpg", "detector": "y26m_vanilla_local", "detections": [{"box_index": 0, "class_id": 2, "class_name": "B3", "bbox_yolo": [0.43074241280555725, 0.22571273148059845, 0.13624417781829834, 0.11183283478021622], "conf": 0.7198160290718079}, {"box_index": 1, "class_id": 1, "class_name": "B2", "bbox_yolo": [0.3267124891281128, 0.2926389276981354, 0.13465364277362823, 0.13121770322322845], "conf": 0.48708415031433105}, {"box_index": 2, "class_id": 2, "class_name": "B3", "bbox_yolo": [0.604019045829773, 0.26463279128074646, 0.15417779982089996, 0.13592548668384552], "conf": 0.48057639598846436}, {"box_index": 3, "class_id": 0, "class_name": "B1", "bbox_yolo": [0.3288208842277527, 0.2915078103542328, 0.13232609629631042, 0.1275123804807663], "conf": 0.36929500102996826}], "count_per_class": {"B1": 1, "B2": 1, "B3": 2, "B4": 0}, "side_index": 2}