{"image": "DAMIMAS_A21B_0771_2.jpg", "detector": "y26m_vanilla_local", "detections": [{"box_index": 0, "class_id": 2, "class_name": "B3", "bbox_yolo": [0.6632640957832336, 0.40305352210998535, 0.13214315474033356, 0.10341894626617432], "conf": 0.46065768599510193}, {"box_index": 1, "class_id": 1, "class_name": "B2", "bbox_yolo": [0.37183859944343567, 0.411532461643219, 0.1304316520690918, 0.08216943591833115], "conf": 0.4450136423110962}], "count_per_class": {"B1": 0, "B2": 1, "B3": 1, "B4": 0}, "side_index": 1}