{"image": "DAMIMAS_A21B_0602_3.jpg", "detector": "y26m_vanilla_local", "detections": [{"box_index": 0, "class_id": 1, "class_name": "B2", "bbox_yolo": [0.6633284687995911, 0.33822402358055115, 0.19325359165668488, 0.15756678581237793], "conf": 0.6754189133644104}, {"box_index": 1, "class_id": 0, "class_name": "B1", "bbox_yolo": [0.4161304831504822, 0.3305041790008545, 0.15984946489334106, 0.12524805963039398], "conf": 0.45426198840141296}, {"box_index": 2, "class_id": 3, "class_name": "B4", "bbox_yolo": [0.6745989918708801, 0.2285311073064804, 0.12101466208696365, 0.06595660746097565], "conf": 0.3260214924812317}], "count_per_class": {"B1": 1, "B2": 1, "B3": 0, "B4": 1}, "side_index": 2}