{"image": "DAMIMAS_A21B_0269_3.jpg", "detector": "y26m_vanilla_local", "detections": [{"box_index": 0, "class_id": 2, "class_name": "B3", "bbox_yolo": [0.5174523591995239, 0.4470925033092499, 0.14159928262233734, 0.10037870705127716], "conf": 0.38642898201942444}, {"box_index": 1, "class_id": 2, "class_name": "B3", "bbox_yolo": [0.520437479019165, 0.44196557998657227, 0.12803129851818085, 0.08859162777662277], "conf": 0.2959193289279938}], "count_per_class": {"B1": 0, "B2": 0, "B3": 2, "B4": 0}, "side_index": 2}