{"image": "DAMIMAS_A21B_0806_4.jpg", "detector": "y26m_vanilla_local", "detections": [{"box_index": 0, "class_id": 0, "class_name": "B1", "bbox_yolo": [0.44004958868026733, 0.3657887578010559, 0.2657870948314667, 0.19822442531585693], "conf": 0.658916175365448}, {"box_index": 1, "class_id": 2, "class_name": "B3", "bbox_yolo": [0.6916307210922241, 0.29706260561943054, 0.20751439034938812, 0.15910474956035614], "conf": 0.5628014802932739}, {"box_index": 2, "class_id": 1, "class_name": "B2", "bbox_yolo": [0.6925368905067444, 0.29650649428367615, 0.21025314927101135, 0.16412630677223206], "conf": 0.2972031533718109}], "count_per_class": {"B1": 1, "B2": 1, "B3": 1, "B4": 0}, "side_index": 3}