{"image": "DAMIMAS_A21B_0014_3.jpg", "detector": "y26m_vanilla_local", "detections": [{"box_index": 0, "class_id": 2, "class_name": "B3", "bbox_yolo": [0.4063967168331146, 0.5837243795394897, 0.10025196522474289, 0.08317261189222336], "conf": 0.5623356103897095}, {"box_index": 1, "class_id": 2, "class_name": "B3", "bbox_yolo": [0.5525094866752625, 0.5980876684188843, 0.06993154436349869, 0.072901152074337], "conf": 0.3791159391403198}, {"box_index": 2, "class_id": 1, "class_name": "B2", "bbox_yolo": [0.3423577547073364, 0.6169030666351318, 0.0882452055811882, 0.07224597781896591], "conf": 0.3247864544391632}, {"box_index": 3, "class_id": 0, "class_name": "B1", "bbox_yolo": [0.3423577547073364, 0.6169030666351318, 0.0882452055811882, 0.07224597781896591], "conf": 0.3024923801422119}], "count_per_class": {"B1": 1, "B2": 1, "B3": 2, "B4": 0}, "side_index": 2}