{"image": "DAMIMAS_A21B_0443_2.jpg", "detector": "y26m_vanilla_local", "detections": [{"box_index": 0, "class_id": 2, "class_name": "B3", "bbox_yolo": [0.4646272361278534, 0.43300971388816833, 0.09897909313440323, 0.0763220563530922], "conf": 0.6317751407623291}, {"box_index": 1, "class_id": 0, "class_name": "B1", "bbox_yolo": [0.39106523990631104, 0.4593636095523834, 0.09178858250379562, 0.0821511298418045], "conf": 0.5953903198242188}, {"box_index": 2, "class_id": 3, "class_name": "B4", "bbox_yolo": [0.45452842116355896, 0.3684559464454651, 0.06658922880887985, 0.04817531257867813], "conf": 0.36080580949783325}], "count_per_class": {"B1": 1, "B2": 0, "B3": 1, "B4": 1}, "side_index": 1}