{"image": "DAMIMAS_A21B_0318_1.jpg", "detector": "y26m_vanilla_local", "detections": [{"box_index": 0, "class_id": 2, "class_name": "B3", "bbox_yolo": [0.3315810561180115, 0.3579903244972229, 0.19187912344932556, 0.1323428452014923], "conf": 0.5932527184486389}, {"box_index": 1, "class_id": 2, "class_name": "B3", "bbox_yolo": [0.7468999028205872, 0.3764772117137909, 0.14788781106472015, 0.1084434986114502], "conf": 0.52972811460495}], "count_per_class": {"B1": 0, "B2": 0, "B3": 2, "B4": 0}, "side_index": 0}