{"image": "DAMIMAS_A21B_0799_3.jpg", "detector": "y26m_vanilla_local", "detections": [{"box_index": 0, "class_id": 2, "class_name": "B3", "bbox_yolo": [0.23223045468330383, 0.3016584515571594, 0.17121413350105286, 0.14842866361141205], "conf": 0.6189665794372559}, {"box_index": 1, "class_id": 2, "class_name": "B3", "bbox_yolo": [0.5649049878120422, 0.29440245032310486, 0.19272775948047638, 0.18455485999584198], "conf": 0.5976999998092651}, {"box_index": 2, "class_id": 2, "class_name": "B3", "bbox_yolo": [0.7816499471664429, 0.26156559586524963, 0.1452362835407257, 0.1599511057138443], "conf": 0.40708640217781067}, {"box_index": 3, "class_id": 2, "class_name": "B3", "bbox_yolo": [0.4103027880191803, 0.21469910442829132, 0.18429623544216156, 0.12467676401138306], "conf": 0.40011832118034363}], "count_per_class": {"B1": 0, "B2": 0, "B3": 4, "B4": 0}, "side_index": 2}