{"image": "DAMIMAS_A21B_0391_4.jpg", "detector": "y26m_vanilla_local", "detections": [{"box_index": 0, "class_id": 0, "class_name": "B1", "bbox_yolo": [0.4839441180229187, 0.4398025572299957, 0.12259210646152496, 0.10597240924835205], "conf": 0.5685437917709351}, {"box_index": 1, "class_id": 2, "class_name": "B3", "bbox_yolo": [0.6180573105812073, 0.4201129078865051, 0.10030022263526917, 0.09106235951185226], "conf": 0.5331733822822571}, {"box_index": 2, "class_id": 2, "class_name": "B3", "bbox_yolo": [0.3264092803001404, 0.41705322265625, 0.07253535836935043, 0.0585814006626606], "conf": 0.32274293899536133}], "count_per_class": {"B1": 1, "B2": 0, "B3": 2, "B4": 0}, "side_index": 3}