{"image": "DAMIMAS_A21B_0124_2.jpg", "detector": "y26m_vanilla_local", "detections": [{"box_index": 0, "class_id": 2, "class_name": "B3", "bbox_yolo": [0.6038689017295837, 0.3812448978424072, 0.14044031500816345, 0.1063300371170044], "conf": 0.7060796022415161}, {"box_index": 1, "class_id": 3, "class_name": "B4", "bbox_yolo": [0.609879732131958, 0.29448577761650085, 0.09449711441993713, 0.06600284576416016], "conf": 0.6138358116149902}], "count_per_class": {"B1": 0, "B2": 0, "B3": 1, "B4": 1}, "side_index": 1}