{"image": "DAMIMAS_A21B_0804_4.jpg", "detector": "y26m_vanilla_local", "detections": [{"box_index": 0, "class_id": 0, "class_name": "B1", "bbox_yolo": [0.442455917596817, 0.3242832124233246, 0.17439664900302887, 0.1218724250793457], "conf": 0.6118773221969604}, {"box_index": 1, "class_id": 2, "class_name": "B3", "bbox_yolo": [0.7033653855323792, 0.3092850148677826, 0.1284102201461792, 0.11438782513141632], "conf": 0.4749760031700134}, {"box_index": 2, "class_id": 2, "class_name": "B3", "bbox_yolo": [0.5877228379249573, 0.2765592038631439, 0.13754813373088837, 0.11314713954925537], "conf": 0.30030784010887146}, {"box_index": 3, "class_id": 2, "class_name": "B3", "bbox_yolo": [0.7069358825683594, 0.3064955174922943, 0.11130575090646744, 0.0971788689494133], "conf": 0.27456918358802795}], "count_per_class": {"B1": 1, "B2": 0, "B3": 3, "B4": 0}, "side_index": 3}