{"image": "DAMIMAS_A21B_0468_2.jpg", "detector": "y26m_vanilla_local", "detections": [{"box_index": 0, "class_id": 0, "class_name": "B1", "bbox_yolo": [0.6398398280143738, 0.4567491114139557, 0.08338318020105362, 0.07612933963537216], "conf": 0.5459619164466858}, {"box_index": 1, "class_id": 0, "class_name": "B1", "bbox_yolo": [0.6370307207107544, 0.45904341340065, 0.0973265990614891, 0.07789192348718643], "conf": 0.5052964687347412}, {"box_index": 2, "class_id": 2, "class_name": "B3", "bbox_yolo": [0.4125456213951111, 0.42942914366722107, 0.08626826852560043, 0.06782414764165878], "conf": 0.45163679122924805}], "count_per_class": {"B1": 2, "B2": 0, "B3": 1, "B4": 0}, "side_index": 1}