{"image": "DAMIMAS_A21B_0032_4.jpg", "detector": "y26m_vanilla_local", "detections": [{"box_index": 0, "class_id": 1, "class_name": "B2", "bbox_yolo": [0.397834837436676, 0.5141791701316833, 0.14280186593532562, 0.1060212180018425], "conf": 0.5206931829452515}, {"box_index": 1, "class_id": 2, "class_name": "B3", "bbox_yolo": [0.32961809635162354, 0.4553798735141754, 0.09082162380218506, 0.05892539024353027], "conf": 0.3465850353240967}, {"box_index": 2, "class_id": 3, "class_name": "B4", "bbox_yolo": [0.6045711040496826, 0.4022707939147949, 0.08548291772603989, 0.0618959441781044], "conf": 0.3188770115375519}, {"box_index": 3, "class_id": 0, "class_name": "B1", "bbox_yolo": [0.39896923303604126, 0.5137143135070801, 0.14391037821769714, 0.10575776547193527], "conf": 0.25267738103866577}], "count_per_class": {"B1": 1, "B2": 1, "B3": 1, "B4": 1}, "side_index": 3}