{"image": "DAMIMAS_A21B_0795_3.jpg", "detector": "y26m_vanilla_local", "detections": [{"box_index": 0, "class_id": 2, "class_name": "B3", "bbox_yolo": [0.4287639558315277, 0.3270375430583954, 0.2253141552209854, 0.22348208725452423], "conf": 0.518477737903595}, {"box_index": 1, "class_id": 2, "class_name": "B3", "bbox_yolo": [0.3656536638736725, 0.3028143048286438, 0.31181445717811584, 0.20152004063129425], "conf": 0.26107585430145264}], "count_per_class": {"B1": 0, "B2": 0, "B3": 2, "B4": 0}, "side_index": 2}