{"image": "DAMIMAS_A21B_0166_4.jpg", "detector": "y26m_vanilla_local", "detections": [{"box_index": 0, "class_id": 0, "class_name": "B1", "bbox_yolo": [0.37592145800590515, 0.5236124992370605, 0.12958543002605438, 0.10470066219568253], "conf": 0.6848530769348145}, {"box_index": 1, "class_id": 2, "class_name": "B3", "bbox_yolo": [0.480000764131546, 0.4888283908367157, 0.1053057387471199, 0.08998288959264755], "conf": 0.3065207600593567}, {"box_index": 2, "class_id": 2, "class_name": "B3", "bbox_yolo": [0.6253684759140015, 0.5006515383720398, 0.10464923083782196, 0.08642774075269699], "conf": 0.2523551881313324}], "count_per_class": {"B1": 1, "B2": 0, "B3": 2, "B4": 0}, "side_index": 3}