{"image": "DAMIMAS_A21B_0815_3.jpg", "detector": "y26m_vanilla_local", "detections": [{"box_index": 0, "class_id": 2, "class_name": "B3", "bbox_yolo": [0.5632400512695312, 0.37733861804008484, 0.13029293715953827, 0.11116249859333038], "conf": 0.6855018138885498}, {"box_index": 1, "class_id": 1, "class_name": "B2", "bbox_yolo": [0.6762148141860962, 0.4316355884075165, 0.12688027322292328, 0.10612840950489044], "conf": 0.38411059975624084}, {"box_index": 2, "class_id": 1, "class_name": "B2", "bbox_yolo": [0.6783100366592407, 0.42937254905700684, 0.10919933766126633, 0.09303253144025803], "conf": 0.33498117327690125}], "count_per_class": {"B1": 0, "B2": 2, "B3": 1, "B4": 0}, "side_index": 2}