{"image": "DAMIMAS_A21B_0003_3.jpg", "detector": "y26m_vanilla_local", "detections": [{"box_index": 0, "class_id": 2, "class_name": "B3", "bbox_yolo": [0.5361326932907104, 0.45888376235961914, 0.13485108315944672, 0.09935565292835236], "conf": 0.5285305976867676}, {"box_index": 1, "class_id": 2, "class_name": "B3", "bbox_yolo": [0.6720902919769287, 0.4664137065410614, 0.09867166727781296, 0.08085808902978897], "conf": 0.3937225639820099}], "count_per_class": {"B1": 0, "B2": 0, "B3": 2, "B4": 0}, "side_index": 2}