{"image": "DAMIMAS_A21B_0122_4.jpg", "detector": "y26m_vanilla_local", "detections": [{"box_index": 0, "class_id": 0, "class_name": "B1", "bbox_yolo": [0.37538281083106995, 0.5004677176475525, 0.12011096626520157, 0.09622535854578018], "conf": 0.25647273659706116}], "count_per_class": {"B1": 1, "B2": 0, "B3": 0, "B4": 0}, "side_index": 3}