{"image": "DAMIMAS_A21B_0487_1.jpg", "detector": "y26m_vanilla_local", "detections": [{"box_index": 0, "class_id": 2, "class_name": "B3", "bbox_yolo": [0.5502817630767822, 0.35333189368247986, 0.07193019241094589, 0.0570557601749897], "conf": 0.35379624366760254}, {"box_index": 1, "class_id": 3, "class_name": "B4", "bbox_yolo": [0.48405852913856506, 0.3207271695137024, 0.05923033133149147, 0.04587600380182266], "conf": 0.34390443563461304}], "count_per_class": {"B1": 0, "B2": 0, "B3": 1, "B4": 1}, "side_index": 0}