{"image": "DAMIMAS_A21B_0556_3.jpg", "detector": "y26m_vanilla_local", "detections": [{"box_index": 0, "class_id": 0, "class_name": "B1", "bbox_yolo": [0.6066254377365112, 0.36436742544174194, 0.18102948367595673, 0.14103494584560394], "conf": 0.6682604551315308}, {"box_index": 1, "class_id": 1, "class_name": "B2", "bbox_yolo": [0.45281538367271423, 0.3273347020149231, 0.13475863635540009, 0.11926215142011642], "conf": 0.31311747431755066}, {"box_index": 2, "class_id": 2, "class_name": "B3", "bbox_yolo": [0.45487552881240845, 0.327189177274704, 0.13988110423088074, 0.12186193466186523], "conf": 0.27839988470077515}, {"box_index": 3, "class_id": 2, "class_name": "B3", "bbox_yolo": [0.6407842040061951, 0.2641059458255768, 0.11787319928407669, 0.07043617218732834], "conf": 0.2537885010242462}], "count_per_class": {"B1": 1, "B2": 1, "B3": 2, "B4": 0}, "side_index": 2}