{"image": "DAMIMAS_A21B_0485_1.jpg", "detector": "y26m_vanilla_local", "detections": [{"box_index": 0, "class_id": 0, "class_name": "B1", "bbox_yolo": [0.4870317280292511, 0.5288557410240173, 0.07705695182085037, 0.05912480503320694], "conf": 0.7186614871025085}, {"box_index": 1, "class_id": 2, "class_name": "B3", "bbox_yolo": [0.5907084941864014, 0.5171868205070496, 0.05587425455451012, 0.05556903034448624], "conf": 0.2775222957134247}], "count_per_class": {"B1": 1, "B2": 0, "B3": 1, "B4": 0}, "side_index": 0}