{"image": "DAMIMAS_A21B_0459_4.jpg", "detector": "y26m_vanilla_local", "detections": [{"box_index": 0, "class_id": 0, "class_name": "B1", "bbox_yolo": [0.36983609199523926, 0.49023643136024475, 0.08789997547864914, 0.08496055752038956], "conf": 0.5630474090576172}, {"box_index": 1, "class_id": 2, "class_name": "B3", "bbox_yolo": [0.4245057702064514, 0.4522635042667389, 0.0994805097579956, 0.07676076889038086], "conf": 0.3895358741283417}, {"box_index": 2, "class_id": 1, "class_name": "B2", "bbox_yolo": [0.5451369881629944, 0.46826639771461487, 0.10906852781772614, 0.08870740234851837], "conf": 0.3456912338733673}], "count_per_class": {"B1": 1, "B2": 1, "B3": 1, "B4": 0}, "side_index": 3}