{"image": "DAMIMAS_A21B_0340_2.jpg", "detector": "y26m_vanilla_local", "detections": [{"box_index": 0, "class_id": 2, "class_name": "B3", "bbox_yolo": [0.36375969648361206, 0.34254953265190125, 0.07854796200990677, 0.06901104748249054], "conf": 0.28634384274482727}], "count_per_class": {"B1": 0, "B2": 0, "B3": 1, "B4": 0}, "side_index": 1}