{"image": "DAMIMAS_A21B_0346_4.jpg", "detector": "y26m_vanilla_local", "detections": [{"box_index": 0, "class_id": 2, "class_name": "B3", "bbox_yolo": [0.4574349820613861, 0.3644374907016754, 0.12920717895030975, 0.10901432484388351], "conf": 0.5244148969650269}, {"box_index": 1, "class_id": 1, "class_name": "B2", "bbox_yolo": [0.459120512008667, 0.36340948939323425, 0.13073328137397766, 0.10803192108869553], "conf": 0.39502668380737305}, {"box_index": 2, "class_id": 0, "class_name": "B1", "bbox_yolo": [0.29387736320495605, 0.40365368127822876, 0.09083910286426544, 0.07530441135168076], "conf": 0.25205227732658386}], "count_per_class": {"B1": 1, "B2": 1, "B3": 1, "B4": 0}, "side_index": 3}