{"image": "DAMIMAS_A21B_0509_1.jpg", "detector": "y26m_vanilla_local", "detections": [{"box_index": 0, "class_id": 2, "class_name": "B3", "bbox_yolo": [0.3448168635368347, 0.41790303587913513, 0.06249755620956421, 0.06603217124938965], "conf": 0.39820918440818787}, {"box_index": 1, "class_id": 2, "class_name": "B3", "bbox_yolo": [0.5988856554031372, 0.4220428466796875, 0.07847773283720016, 0.07882485538721085], "conf": 0.3276190459728241}, {"box_index": 2, "class_id": 2, "class_name": "B3", "bbox_yolo": [0.41180911660194397, 0.4071539044380188, 0.07734111696481705, 0.060816049575805664], "conf": 0.26525139808654785}], "count_per_class": {"B1": 0, "B2": 0, "B3": 3, "B4": 0}, "side_index": 0}