{"image": "DAMIMAS_A21B_0720_1.jpg", "detector": "y26m_vanilla_local", "detections": [{"box_index": 0, "class_id": 0, "class_name": "B1", "bbox_yolo": [0.7427285313606262, 0.4333361089229584, 0.2309822142124176, 0.17164002358913422], "conf": 0.6696900129318237}, {"box_index": 1, "class_id": 2, "class_name": "B3", "bbox_yolo": [0.5408552885055542, 0.3608156144618988, 0.2148323506116867, 0.17178459465503693], "conf": 0.6180306673049927}, {"box_index": 2, "class_id": 1, "class_name": "B2", "bbox_yolo": [0.539679229259491, 0.36322346329689026, 0.21563276648521423, 0.17576885223388672], "conf": 0.3552149832248688}], "count_per_class": {"B1": 1, "B2": 1, "B3": 1, "B4": 0}, "side_index": 0}