{"image": "DAMIMAS_A21B_0570_1.jpg", "detector": "y26m_vanilla_local", "detections": [{"box_index": 0, "class_id": 2, "class_name": "B3", "bbox_yolo": [0.36691057682037354, 0.39076825976371765, 0.17502327263355255, 0.12877260148525238], "conf": 0.6475903987884521}, {"box_index": 1, "class_id": 1, "class_name": "B2", "bbox_yolo": [0.5576567053794861, 0.4078403413295746, 0.1508914977312088, 0.10298371315002441], "conf": 0.5432008504867554}, {"box_index": 2, "class_id": 2, "class_name": "B3", "bbox_yolo": [0.4951000213623047, 0.3179872930049896, 0.15032178163528442, 0.10333042591810226], "conf": 0.3600931763648987}, {"box_index": 3, "class_id": 3, "class_name": "B4", "bbox_yolo": [0.4951000213623047, 0.3179872930049896, 0.15032178163528442, 0.10333042591810226], "conf": 0.31998205184936523}], "count_per_class": {"B1": 0, "B2": 1, "B3": 2, "B4": 1}, "side_index": 0}