{"image": "DAMIMAS_A21B_0852_2.jpg", "detector": "y26m_vanilla_local", "detections": [{"box_index": 0, "class_id": 2, "class_name": "B3", "bbox_yolo": [0.4715876877307892, 0.634854257106781, 0.09929575026035309, 0.08185811340808868], "conf": 0.3347991406917572}], "count_per_class": {"B1": 0, "B2": 0, "B3": 1, "B4": 0}, "side_index": 1}