{"image": "DAMIMAS_A21B_0445_1.jpg", "detector": "y26m_vanilla_local", "detections": [{"box_index": 0, "class_id": 0, "class_name": "B1", "bbox_yolo": [0.591022253036499, 0.43334513902664185, 0.08907878398895264, 0.06971728801727295], "conf": 0.6136325001716614}], "count_per_class": {"B1": 1, "B2": 0, "B3": 0, "B4": 0}, "side_index": 0}