{"image": "DAMIMAS_A21B_0034_4.jpg", "detector": "y26m_vanilla_local", "detections": [{"box_index": 0, "class_id": 2, "class_name": "B3", "bbox_yolo": [0.5772031545639038, 0.43350949883461, 0.1258918195962906, 0.0963176041841507], "conf": 0.3197212517261505}, {"box_index": 1, "class_id": 3, "class_name": "B4", "bbox_yolo": [0.363046795129776, 0.41173693537712097, 0.07819852977991104, 0.06296844780445099], "conf": 0.2523879110813141}, {"box_index": 2, "class_id": 2, "class_name": "B3", "bbox_yolo": [0.32258233428001404, 0.4764985740184784, 0.09181646257638931, 0.07465124130249023], "conf": 0.2511942386627197}], "count_per_class": {"B1": 0, "B2": 0, "B3": 2, "B4": 1}, "side_index": 3}