{"image": "DAMIMAS_A21B_0212_4.jpg", "detector": "y26m_vanilla_local", "detections": [{"box_index": 0, "class_id": 0, "class_name": "B1", "bbox_yolo": [0.4870634973049164, 0.5150274038314819, 0.18806356191635132, 0.15374736487865448], "conf": 0.7059034705162048}, {"box_index": 1, "class_id": 2, "class_name": "B3", "bbox_yolo": [0.3302166759967804, 0.4800693690776825, 0.13507476449012756, 0.11759757995605469], "conf": 0.39203858375549316}, {"box_index": 2, "class_id": 1, "class_name": "B2", "bbox_yolo": [0.3293974995613098, 0.4810599386692047, 0.13712964951992035, 0.11676140129566193], "conf": 0.29092666506767273}], "count_per_class": {"B1": 1, "B2": 1, "B3": 1, "B4": 0}, "side_index": 3}