{"image": "DAMIMAS_A21B_0834_4.jpg", "detector": "y26m_vanilla_local", "detections": [{"box_index": 0, "class_id": 2, "class_name": "B3", "bbox_yolo": [0.5887004733085632, 0.24233786761760712, 0.1488591581583023, 0.0997018814086914], "conf": 0.5518105030059814}, {"box_index": 1, "class_id": 0, "class_name": "B1", "bbox_yolo": [0.3060401976108551, 0.3496682345867157, 0.14386475086212158, 0.12116584926843643], "conf": 0.5302544236183167}, {"box_index": 2, "class_id": 3, "class_name": "B4", "bbox_yolo": [0.4094443917274475, 0.20574970543384552, 0.10014258325099945, 0.10040038079023361], "conf": 0.44995903968811035}], "count_per_class": {"B1": 1, "B2": 0, "B3": 1, "B4": 1}, "side_index": 3}