{"image": "DAMIMAS_A21B_0450_1.jpg", "detector": "y26m_vanilla_local", "detections": [{"box_index": 0, "class_id": 2, "class_name": "B3", "bbox_yolo": [0.49122196435928345, 0.42631807923316956, 0.07479734718799591, 0.06633561104536057], "conf": 0.3352634906768799}], "count_per_class": {"B1": 0, "B2": 0, "B3": 1, "B4": 0}, "side_index": 0}