{"image": "DAMIMAS_A21B_0240_3.jpg", "detector": "y26m_vanilla_local", "detections": [{"box_index": 0, "class_id": 2, "class_name": "B3", "bbox_yolo": [0.4991571605205536, 0.29986023902893066, 0.1504155844449997, 0.11447391659021378], "conf": 0.435682475566864}, {"box_index": 1, "class_id": 2, "class_name": "B3", "bbox_yolo": [0.34513363242149353, 0.2941807210445404, 0.08789355307817459, 0.08587298542261124], "conf": 0.3000440001487732}], "count_per_class": {"B1": 0, "B2": 0, "B3": 2, "B4": 0}, "side_index": 2}