{"image": "DAMIMAS_A21B_0302_3.jpg", "detector": "y26m_vanilla_local", "detections": [{"box_index": 0, "class_id": 2, "class_name": "B3", "bbox_yolo": [0.5507194399833679, 0.39817890524864197, 0.14534133672714233, 0.11546237766742706], "conf": 0.5802893042564392}, {"box_index": 1, "class_id": 0, "class_name": "B1", "bbox_yolo": [0.40161433815956116, 0.41512057185173035, 0.16610337793827057, 0.1150287613272667], "conf": 0.42448049783706665}], "count_per_class": {"B1": 1, "B2": 0, "B3": 1, "B4": 0}, "side_index": 2}