{"image": "DAMIMAS_A21B_0368_2.jpg", "detector": "y26m_vanilla_local", "detections": [{"box_index": 0, "class_id": 2, "class_name": "B3", "bbox_yolo": [0.47050076723098755, 0.35225725173950195, 0.11687540262937546, 0.07688267529010773], "conf": 0.44327983260154724}, {"box_index": 1, "class_id": 3, "class_name": "B4", "bbox_yolo": [0.4427872598171234, 0.28030717372894287, 0.09103696048259735, 0.061148691922426224], "conf": 0.4420497715473175}, {"box_index": 2, "class_id": 1, "class_name": "B2", "bbox_yolo": [0.36619606614112854, 0.3894411623477936, 0.10687348246574402, 0.08881218731403351], "conf": 0.36196866631507874}, {"box_index": 3, "class_id": 0, "class_name": "B1", "bbox_yolo": [0.6838498711585999, 0.38710176944732666, 0.07673206925392151, 0.06371980160474777], "conf": 0.32320255041122437}], "count_per_class": {"B1": 1, "B2": 1, "B3": 1, "B4": 1}, "side_index": 1}