{"image": "DAMIMAS_A21B_0833_4.jpg", "detector": "y26m_vanilla_local", "detections": [{"box_index": 0, "class_id": 0, "class_name": "B1", "bbox_yolo": [0.6861131191253662, 0.46074411273002625, 0.17559382319450378, 0.13696257770061493], "conf": 0.6031429171562195}, {"box_index": 1, "class_id": 1, "class_name": "B2", "bbox_yolo": [0.4842715859413147, 0.4486258625984192, 0.1593489795923233, 0.1413436383008957], "conf": 0.5303058624267578}, {"box_index": 2, "class_id": 2, "class_name": "B3", "bbox_yolo": [0.48581811785697937, 0.4469013810157776, 0.15506412088871002, 0.1409156769514084], "conf": 0.4727362394332886}], "count_per_class": {"B1": 1, "B2": 1, "B3": 1, "B4": 0}, "side_index": 3}