{"image": "DAMIMAS_A21B_0624_1.jpg", "detector": "y26m_vanilla_local", "detections": [{"box_index": 0, "class_id": 0, "class_name": "B1", "bbox_yolo": [0.4077189862728119, 0.5777347683906555, 0.19195522367954254, 0.12059235572814941], "conf": 0.6612836718559265}, {"box_index": 1, "class_id": 2, "class_name": "B3", "bbox_yolo": [0.6003199815750122, 0.5403558015823364, 0.1397741138935089, 0.1261787861585617], "conf": 0.50483638048172}, {"box_index": 2, "class_id": 2, "class_name": "B3", "bbox_yolo": [0.29655274748802185, 0.49850836396217346, 0.14424733817577362, 0.1166662722826004], "conf": 0.4070647358894348}, {"box_index": 3, "class_id": 2, "class_name": "B3", "bbox_yolo": [0.3026880621910095, 0.4983205795288086, 0.10888075083494186, 0.10006008297204971], "conf": 0.2948093116283417}], "count_per_class": {"B1": 1, "B2": 0, "B3": 3, "B4": 0}, "side_index": 0}