{"image": "DAMIMAS_A21B_0504_1.jpg", "detector": "y26m_vanilla_local", "detections": [{"box_index": 0, "class_id": 2, "class_name": "B3", "bbox_yolo": [0.4285672903060913, 0.4034508168697357, 0.10397765040397644, 0.05729658529162407], "conf": 0.392314076423645}, {"box_index": 1, "class_id": 3, "class_name": "B4", "bbox_yolo": [0.4252222776412964, 0.3405068814754486, 0.06753604114055634, 0.05496485158801079], "conf": 0.2876121401786804}], "count_per_class": {"B1": 0, "B2": 0, "B3": 1, "B4": 1}, "side_index": 0}