{"image": "DAMIMAS_A21B_0239_1.jpg", "detector": "y26m_vanilla_local", "detections": [{"box_index": 0, "class_id": 2, "class_name": "B3", "bbox_yolo": [0.5007863640785217, 0.44602012634277344, 0.1292647421360016, 0.1167636439204216], "conf": 0.7175941467285156}, {"box_index": 1, "class_id": 0, "class_name": "B1", "bbox_yolo": [0.6529597043991089, 0.49814388155937195, 0.156770721077919, 0.12066779285669327], "conf": 0.6115486025810242}, {"box_index": 2, "class_id": 2, "class_name": "B3", "bbox_yolo": [0.6411651968955994, 0.4070737957954407, 0.09747283160686493, 0.06808652728796005], "conf": 0.29265928268432617}], "count_per_class": {"B1": 1, "B2": 0, "B3": 2, "B4": 0}, "side_index": 0}