{"image": "DAMIMAS_A21B_0826_6.jpg", "detector": "y26m_vanilla_local", "detections": [{"box_index": 0, "class_id": 1, "class_name": "B2", "bbox_yolo": [0.3580220639705658, 0.3694845139980316, 0.13750799000263214, 0.11754298210144043], "conf": 0.43848440051078796}, {"box_index": 1, "class_id": 1, "class_name": "B2", "bbox_yolo": [0.592735230922699, 0.3516218364238739, 0.14035123586654663, 0.11254487186670303], "conf": 0.3354901075363159}, {"box_index": 2, "class_id": 2, "class_name": "B3", "bbox_yolo": [0.35788270831108093, 0.3684006631374359, 0.13434156775474548, 0.11817121505737305], "conf": 0.33488568663597107}, {"box_index": 3, "class_id": 2, "class_name": "B3", "bbox_yolo": [0.5941517949104309, 0.3509843349456787, 0.1366761326789856, 0.11178119480609894], "conf": 0.2870712876319885}], "count_per_class": {"B1": 0, "B2": 2, "B3": 2, "B4": 0}, "side_index": 5}