{"image": "DAMIMAS_A21B_0109_4.jpg", "detector": "y26m_vanilla_local", "detections": [{"box_index": 0, "class_id": 2, "class_name": "B3", "bbox_yolo": [0.3702491223812103, 0.4283517897129059, 0.13123542070388794, 0.10574956238269806], "conf": 0.6994287371635437}, {"box_index": 1, "class_id": 0, "class_name": "B1", "bbox_yolo": [0.6508234739303589, 0.4772789180278778, 0.14321079850196838, 0.10021543502807617], "conf": 0.6151917576789856}, {"box_index": 2, "class_id": 2, "class_name": "B3", "bbox_yolo": [0.5377889275550842, 0.4687233865261078, 0.09043344110250473, 0.10150380432605743], "conf": 0.3734213709831238}, {"box_index": 3, "class_id": 0, "class_name": "B1", "bbox_yolo": [0.27434033155441284, 0.49319180846214294, 0.13597643375396729, 0.10817952454090118], "conf": 0.2743179500102997}], "count_per_class": {"B1": 2, "B2": 0, "B3": 2, "B4": 0}, "side_index": 3}