{"image": "DAMIMAS_A21B_0178_2.jpg", "detector": "y26m_vanilla_local", "detections": [{"box_index": 0, "class_id": 2, "class_name": "B3", "bbox_yolo": [0.4272690713405609, 0.5817335247993469, 0.14765968918800354, 0.10109086334705353], "conf": 0.6427457332611084}, {"box_index": 1, "class_id": 2, "class_name": "B3", "bbox_yolo": [0.5892252326011658, 0.5553839802742004, 0.14321140944957733, 0.11186414211988449], "conf": 0.5582599639892578}, {"box_index": 2, "class_id": 1, "class_name": "B2", "bbox_yolo": [0.26065149903297424, 0.5917863249778748, 0.11407210677862167, 0.09264054149389267], "conf": 0.5538927316665649}, {"box_index": 3, "class_id": 1, "class_name": "B2", "bbox_yolo": [0.2661817967891693, 0.5940415263175964, 0.1354440599679947, 0.1004752665758133], "conf": 0.49252620339393616}], "count_per_class": {"B1": 0, "B2": 2, "B3": 2, "B4": 0}, "side_index": 1}