{"image": "DAMIMAS_A21B_0257_1.jpg", "detector": "y26m_vanilla_local", "detections": [{"box_index": 0, "class_id": 2, "class_name": "B3", "bbox_yolo": [0.4870046377182007, 0.2986701428890228, 0.13652144372463226, 0.10332813113927841], "conf": 0.427267849445343}, {"box_index": 1, "class_id": 0, "class_name": "B1", "bbox_yolo": [0.5920034050941467, 0.35308465361595154, 0.1260310858488083, 0.12102966755628586], "conf": 0.2976565361022949}, {"box_index": 2, "class_id": 2, "class_name": "B3", "bbox_yolo": [0.34534934163093567, 0.3428533971309662, 0.10482906550168991, 0.07608196884393692], "conf": 0.2972128987312317}], "count_per_class": {"B1": 1, "B2": 0, "B3": 2, "B4": 0}, "side_index": 0}