{"image": "DAMIMAS_A21B_0521_4.jpg", "detector": "y26m_vanilla_local", "detections": [{"box_index": 0, "class_id": 2, "class_name": "B3", "bbox_yolo": [0.3977926969528198, 0.4272348880767822, 0.12895841896533966, 0.10815782845020294], "conf": 0.5650267601013184}, {"box_index": 1, "class_id": 1, "class_name": "B2", "bbox_yolo": [0.5511674284934998, 0.4562148153781891, 0.1490122526884079, 0.1268008053302765], "conf": 0.4325280785560608}, {"box_index": 2, "class_id": 0, "class_name": "B1", "bbox_yolo": [0.5493415594100952, 0.45540687441825867, 0.15027311444282532, 0.1227181926369667], "conf": 0.3956310451030731}], "count_per_class": {"B1": 1, "B2": 1, "B3": 1, "B4": 0}, "side_index": 3}