{"image": "DAMIMAS_A21B_0173_3.jpg", "detector": "y26m_vanilla_local", "detections": [{"box_index": 0, "class_id": 1, "class_name": "B2", "bbox_yolo": [0.5736483931541443, 0.5444390177726746, 0.110730841755867, 0.0852971076965332], "conf": 0.40373948216438293}, {"box_index": 1, "class_id": 3, "class_name": "B4", "bbox_yolo": [0.5830555558204651, 0.4785948693752289, 0.07493763417005539, 0.04993424564599991], "conf": 0.3447932302951813}, {"box_index": 2, "class_id": 2, "class_name": "B3", "bbox_yolo": [0.46678274869918823, 0.5204559564590454, 0.06405824422836304, 0.05632305145263672], "conf": 0.28137117624282837}, {"box_index": 3, "class_id": 2, "class_name": "B3", "bbox_yolo": [0.6596962213516235, 0.5099554061889648, 0.05522600933909416, 0.05216708406805992], "conf": 0.27413004636764526}], "count_per_class": {"B1": 0, "B2": 1, "B3": 2, "B4": 1}, "side_index": 2}