{"image": "DAMIMAS_A21B_0083_1.jpg", "detector": "y26m_vanilla_local", "detections": [{"box_index": 0, "class_id": 1, "class_name": "B2", "bbox_yolo": [0.4874754548072815, 0.44523724913597107, 0.09730777889490128, 0.07617773860692978], "conf": 0.3349876403808594}], "count_per_class": {"B1": 0, "B2": 1, "B3": 0, "B4": 0}, "side_index": 0}