{"image": "DAMIMAS_A21B_0851_6.jpg", "detector": "y26m_vanilla_local", "detections": [{"box_index": 0, "class_id": 2, "class_name": "B3", "bbox_yolo": [0.6054890155792236, 0.4463992118835449, 0.1453741192817688, 0.10827507823705673], "conf": 0.7515406608581543}, {"box_index": 1, "class_id": 1, "class_name": "B2", "bbox_yolo": [0.7040609121322632, 0.5027167797088623, 0.1380654126405716, 0.10906095802783966], "conf": 0.5277639627456665}, {"box_index": 2, "class_id": 1, "class_name": "B2", "bbox_yolo": [0.7156566977500916, 0.49462491273880005, 0.10608184337615967, 0.09764652699232101], "conf": 0.2714555263519287}], "count_per_class": {"B1": 0, "B2": 2, "B3": 1, "B4": 0}, "side_index": 5}