{"image": "DAMIMAS_A21B_0006_1.jpg", "detector": "y26m_vanilla_local", "detections": [{"box_index": 0, "class_id": 2, "class_name": "B3", "bbox_yolo": [0.43468591570854187, 0.49321576952934265, 0.1306290626525879, 0.09828305244445801], "conf": 0.6366084218025208}], "count_per_class": {"B1": 0, "B2": 0, "B3": 1, "B4": 0}, "side_index": 0}