{"image": "DAMIMAS_A21B_0765_1.jpg", "detector": "y26m_vanilla_local", "detections": [{"box_index": 0, "class_id": 0, "class_name": "B1", "bbox_yolo": [0.661453127861023, 0.5128116011619568, 0.20781053602695465, 0.14490294456481934], "conf": 0.7220914363861084}, {"box_index": 1, "class_id": 2, "class_name": "B3", "bbox_yolo": [0.4577809274196625, 0.4790162742137909, 0.15077899396419525, 0.10995330661535263], "conf": 0.5148194432258606}, {"box_index": 2, "class_id": 1, "class_name": "B2", "bbox_yolo": [0.456668883562088, 0.4799407124519348, 0.15094096958637238, 0.10917430371046066], "conf": 0.3363259434700012}], "count_per_class": {"B1": 1, "B2": 1, "B3": 1, "B4": 0}, "side_index": 0}