{"image": "DAMIMAS_A21B_0135_3.jpg", "detector": "y26m_vanilla_local", "detections": [{"box_index": 0, "class_id": 1, "class_name": "B2", "bbox_yolo": [0.4361644685268402, 0.47934970259666443, 0.11460254341363907, 0.08185000717639923], "conf": 0.6428993940353394}, {"box_index": 1, "class_id": 1, "class_name": "B2", "bbox_yolo": [0.4310523271560669, 0.485222727060318, 0.12533995509147644, 0.09079795330762863], "conf": 0.2582491636276245}], "count_per_class": {"B1": 0, "B2": 2, "B3": 0, "B4": 0}, "side_index": 2}