{"image": "DAMIMAS_A21B_0540_1.jpg", "detector": "y26m_vanilla_local", "detections": [{"box_index": 0, "class_id": 0, "class_name": "B1", "bbox_yolo": [0.6620889902114868, 0.45683422684669495, 0.1215536817908287, 0.10791430622339249], "conf": 0.7160986065864563}, {"box_index": 1, "class_id": 0, "class_name": "B1", "bbox_yolo": [0.32154926657676697, 0.4769810140132904, 0.12694428861141205, 0.10845404118299484], "conf": 0.5999248027801514}, {"box_index": 2, "class_id": 2, "class_name": "B3", "bbox_yolo": [0.40102726221084595, 0.4322408139705658, 0.10674985498189926, 0.08255212754011154], "conf": 0.36384859681129456}, {"box_index": 3, "class_id": 2, "class_name": "B3", "bbox_yolo": [0.555051326751709, 0.4460373818874359, 0.08332335948944092, 0.10555439442396164], "conf": 0.27484530210494995}], "count_per_class": {"B1": 2, "B2": 0, "B3": 2, "B4": 0}, "side_index": 0}