{"image": "DAMIMAS_A21B_0714_3.jpg", "detector": "y26m_vanilla_local", "detections": [{"box_index": 0, "class_id": 2, "class_name": "B3", "bbox_yolo": [0.5997723340988159, 0.38027098774909973, 0.2316592037677765, 0.18103356659412384], "conf": 0.587539553642273}, {"box_index": 1, "class_id": 2, "class_name": "B3", "bbox_yolo": [0.30599015951156616, 0.426617830991745, 0.2367982715368271, 0.19771496951580048], "conf": 0.42120280861854553}], "count_per_class": {"B1": 0, "B2": 0, "B3": 2, "B4": 0}, "side_index": 2}