{"image": "DAMIMAS_A21B_0645_3.jpg", "detector": "y26m_vanilla_local", "detections": [{"box_index": 0, "class_id": 2, "class_name": "B3", "bbox_yolo": [0.7012289762496948, 0.20883582532405853, 0.20023518800735474, 0.12256007641553879], "conf": 0.4191972017288208}, {"box_index": 1, "class_id": 2, "class_name": "B3", "bbox_yolo": [0.309962660074234, 0.25592613220214844, 0.14942120015621185, 0.13253134489059448], "conf": 0.3754018545150757}, {"box_index": 2, "class_id": 2, "class_name": "B3", "bbox_yolo": [0.25589555501937866, 0.37169814109802246, 0.14402157068252563, 0.1189490333199501], "conf": 0.30879366397857666}], "count_per_class": {"B1": 0, "B2": 0, "B3": 3, "B4": 0}, "side_index": 2}