{"image": "DAMIMAS_A21B_0826_2.jpg", "detector": "y26m_vanilla_local", "detections": [{"box_index": 0, "class_id": 2, "class_name": "B3", "bbox_yolo": [0.36931660771369934, 0.43599674105644226, 0.13626258075237274, 0.11942000687122345], "conf": 0.4013196527957916}, {"box_index": 1, "class_id": 1, "class_name": "B2", "bbox_yolo": [0.3671170473098755, 0.4370148777961731, 0.13860709965229034, 0.11776512116193771], "conf": 0.3461649715900421}], "count_per_class": {"B1": 0, "B2": 1, "B3": 1, "B4": 0}, "side_index": 1}