{"image": "DAMIMAS_A21B_0836_4.jpg", "detector": "y26m_vanilla_local", "detections": [{"box_index": 0, "class_id": 0, "class_name": "B1", "bbox_yolo": [0.6366442441940308, 0.5250235199928284, 0.13750846683979034, 0.12025423347949982], "conf": 0.7253605127334595}, {"box_index": 1, "class_id": 2, "class_name": "B3", "bbox_yolo": [0.5129241943359375, 0.4774157702922821, 0.13690218329429626, 0.12701092660427094], "conf": 0.6454534530639648}, {"box_index": 2, "class_id": 1, "class_name": "B2", "bbox_yolo": [0.35809874534606934, 0.5015719532966614, 0.14515258371829987, 0.11831126362085342], "conf": 0.5164085030555725}], "count_per_class": {"B1": 1, "B2": 1, "B3": 1, "B4": 0}, "side_index": 3}