{"image": "DAMIMAS_A21B_0079_4.jpg", "detector": "y26m_vanilla_local", "detections": [{"box_index": 0, "class_id": 2, "class_name": "B3", "bbox_yolo": [0.5458323359489441, 0.5039654970169067, 0.11297906935214996, 0.08062415570020676], "conf": 0.5306915640830994}, {"box_index": 1, "class_id": 2, "class_name": "B3", "bbox_yolo": [0.6371670365333557, 0.5434354543685913, 0.09708837419748306, 0.0702097937464714], "conf": 0.47872182726860046}, {"box_index": 2, "class_id": 3, "class_name": "B4", "bbox_yolo": [0.6253926753997803, 0.47918573021888733, 0.06685594469308853, 0.058615781366825104], "conf": 0.3618173897266388}, {"box_index": 3, "class_id": 2, "class_name": "B3", "bbox_yolo": [0.42308276891708374, 0.526196300983429, 0.09180489182472229, 0.06841607391834259], "conf": 0.2979806959629059}], "count_per_class": {"B1": 0, "B2": 0, "B3": 3, "B4": 1}, "side_index": 3}