{"image": "DAMIMAS_A21B_0584_4.jpg", "detector": "y26m_vanilla_local", "detections": [{"box_index": 0, "class_id": 1, "class_name": "B2", "bbox_yolo": [0.5082384943962097, 0.4380050599575043, 0.14123587310314178, 0.12041278183460236], "conf": 0.3887198865413666}, {"box_index": 1, "class_id": 2, "class_name": "B3", "bbox_yolo": [0.5082384943962097, 0.4380050599575043, 0.14123587310314178, 0.12041278183460236], "conf": 0.37274977564811707}, {"box_index": 2, "class_id": 2, "class_name": "B3", "bbox_yolo": [0.3337380886077881, 0.41299930214881897, 0.1334729641675949, 0.10059042274951935], "conf": 0.2803902328014374}], "count_per_class": {"B1": 0, "B2": 1, "B3": 2, "B4": 0}, "side_index": 3}