{"image": "DAMIMAS_A21B_0362_4.jpg", "detector": "y26m_vanilla_local", "detections": [{"box_index": 0, "class_id": 2, "class_name": "B3", "bbox_yolo": [0.631423830986023, 0.40650010108947754, 0.09899743646383286, 0.08749263733625412], "conf": 0.5548287630081177}, {"box_index": 1, "class_id": 3, "class_name": "B4", "bbox_yolo": [0.522930383682251, 0.35871559381484985, 0.07583151012659073, 0.0610806941986084], "conf": 0.30921006202697754}], "count_per_class": {"B1": 0, "B2": 0, "B3": 1, "B4": 1}, "side_index": 3}