{"image": "DAMIMAS_A21B_0325_4.jpg", "detector": "y26m_vanilla_local", "detections": [{"box_index": 0, "class_id": 3, "class_name": "B4", "bbox_yolo": [0.6999600529670715, 0.35693272948265076, 0.07987912744283676, 0.06656618416309357], "conf": 0.2959829270839691}, {"box_index": 1, "class_id": 3, "class_name": "B4", "bbox_yolo": [0.437486857175827, 0.387848436832428, 0.13190706074237823, 0.06760044395923615], "conf": 0.2809213399887085}, {"box_index": 2, "class_id": 2, "class_name": "B3", "bbox_yolo": [0.33810603618621826, 0.46728259325027466, 0.11534491181373596, 0.08720660209655762], "conf": 0.2788275182247162}], "count_per_class": {"B1": 0, "B2": 0, "B3": 1, "B4": 2}, "side_index": 3}