{"image": "DAMIMAS_A21B_0121_4.jpg", "detector": "y26m_vanilla_local", "detections": [{"box_index": 0, "class_id": 3, "class_name": "B4", "bbox_yolo": [0.5782688856124878, 0.31180253624916077, 0.09352312237024307, 0.06675992161035538], "conf": 0.2919613718986511}], "count_per_class": {"B1": 0, "B2": 0, "B3": 0, "B4": 1}, "side_index": 3}