{"image": "DAMIMAS_A21B_0036_3.jpg", "detector": "y26m_vanilla_local", "detections": [{"box_index": 0, "class_id": 2, "class_name": "B3", "bbox_yolo": [0.3130838871002197, 0.48151999711990356, 0.08704535663127899, 0.0809992328286171], "conf": 0.48820164799690247}, {"box_index": 1, "class_id": 2, "class_name": "B3", "bbox_yolo": [0.3680829703807831, 0.4407791197299957, 0.10263850539922714, 0.08389389514923096], "conf": 0.3743633031845093}, {"box_index": 2, "class_id": 2, "class_name": "B3", "bbox_yolo": [0.6234763264656067, 0.46799230575561523, 0.1016349196434021, 0.08278875797986984], "conf": 0.3730941116809845}, {"box_index": 3, "class_id": 2, "class_name": "B3", "bbox_yolo": [0.5043152570724487, 0.46091532707214355, 0.1258992850780487, 0.09439773857593536], "conf": 0.2691136598587036}], "count_per_class": {"B1": 0, "B2": 0, "B3": 4, "B4": 0}, "side_index": 2}