{"image": "DAMIMAS_A21B_0386_2.jpg", "detector": "y26m_vanilla_local", "detections": [{"box_index": 0, "class_id": 0, "class_name": "B1", "bbox_yolo": [0.5155225992202759, 0.4542425274848938, 0.11805471032857895, 0.1035006046295166], "conf": 0.40026748180389404}, {"box_index": 1, "class_id": 0, "class_name": "B1", "bbox_yolo": [0.5124844908714294, 0.45356088876724243, 0.09846093505620956, 0.0968058630824089], "conf": 0.39857742190361023}, {"box_index": 2, "class_id": 2, "class_name": "B3", "bbox_yolo": [0.6500962376594543, 0.452982634305954, 0.11008835583925247, 0.08493643254041672], "conf": 0.37383943796157837}], "count_per_class": {"B1": 2, "B2": 0, "B3": 1, "B4": 0}, "side_index": 1}