{"image": "DAMIMAS_A21B_0326_1.jpg", "detector": "y26m_vanilla_local", "detections": [{"box_index": 0, "class_id": 2, "class_name": "B3", "bbox_yolo": [0.3255089521408081, 0.36866986751556396, 0.08597619086503983, 0.07764363288879395], "conf": 0.25778597593307495}], "count_per_class": {"B1": 0, "B2": 0, "B3": 1, "B4": 0}, "side_index": 0}