{"image": "DAMIMAS_A21B_0163_4.jpg", "detector": "y26m_vanilla_local", "detections": [{"box_index": 0, "class_id": 1, "class_name": "B2", "bbox_yolo": [0.31423118710517883, 0.42216283082962036, 0.1565733402967453, 0.13851971924304962], "conf": 0.6557068824768066}, {"box_index": 1, "class_id": 2, "class_name": "B3", "bbox_yolo": [0.5230861306190491, 0.31433552503585815, 0.14296561479568481, 0.09686937183141708], "conf": 0.2865917980670929}, {"box_index": 2, "class_id": 2, "class_name": "B3", "bbox_yolo": [0.4523738920688629, 0.3786093294620514, 0.08882840722799301, 0.07710065692663193], "conf": 0.2563200891017914}, {"box_index": 3, "class_id": 2, "class_name": "B3", "bbox_yolo": [0.31166312098503113, 0.42320558428764343, 0.1589812934398651, 0.13822975754737854], "conf": 0.2538161277770996}], "count_per_class": {"B1": 0, "B2": 1, "B3": 3, "B4": 0}, "side_index": 3}