{"image": "DAMIMAS_A21B_0279_2.jpg", "detector": "y26m_vanilla_local", "detections": [{"box_index": 0, "class_id": 2, "class_name": "B3", "bbox_yolo": [0.5037125945091248, 0.4421270489692688, 0.13631531596183777, 0.10529308766126633], "conf": 0.5192618370056152}, {"box_index": 1, "class_id": 2, "class_name": "B3", "bbox_yolo": [0.37192365527153015, 0.5182799696922302, 0.16197997331619263, 0.10848817974328995], "conf": 0.4679108262062073}, {"box_index": 2, "class_id": 3, "class_name": "B4", "bbox_yolo": [0.3619655668735504, 0.4307830035686493, 0.0920676589012146, 0.07205567508935928], "conf": 0.38224974274635315}, {"box_index": 3, "class_id": 2, "class_name": "B3", "bbox_yolo": [0.6547155380249023, 0.4719655215740204, 0.10634340345859528, 0.08587217330932617], "conf": 0.32578498125076294}], "count_per_class": {"B1": 0, "B2": 0, "B3": 3, "B4": 1}, "side_index": 1}