{"image": "DAMIMAS_A21B_0119_3.jpg", "detector": "y26m_vanilla_local", "detections": [{"box_index": 0, "class_id": 1, "class_name": "B2", "bbox_yolo": [0.5255587697029114, 0.5118852853775024, 0.13958099484443665, 0.13203386962413788], "conf": 0.4692361652851105}, {"box_index": 1, "class_id": 2, "class_name": "B3", "bbox_yolo": [0.4225258231163025, 0.4671763479709625, 0.1257498562335968, 0.10841994732618332], "conf": 0.43330201506614685}, {"box_index": 2, "class_id": 0, "class_name": "B1", "bbox_yolo": [0.5272203087806702, 0.5112854838371277, 0.14099173247814178, 0.1325726956129074], "conf": 0.30298036336898804}, {"box_index": 3, "class_id": 2, "class_name": "B3", "bbox_yolo": [0.6732531785964966, 0.4914608895778656, 0.09427109360694885, 0.07736244052648544], "conf": 0.279701292514801}], "count_per_class": {"B1": 1, "B2": 1, "B3": 2, "B4": 0}, "side_index": 2}