{"image": "DAMIMAS_A21B_0283_4.jpg", "detector": "y26m_vanilla_local", "detections": [{"box_index": 0, "class_id": 2, "class_name": "B3", "bbox_yolo": [0.31722551584243774, 0.4599047303199768, 0.09879996627569199, 0.09529095143079758], "conf": 0.34046632051467896}, {"box_index": 1, "class_id": 2, "class_name": "B3", "bbox_yolo": [0.3225734531879425, 0.4664531648159027, 0.13077543675899506, 0.10824427753686905], "conf": 0.30384597182273865}], "count_per_class": {"B1": 0, "B2": 0, "B3": 2, "B4": 0}, "side_index": 3}