{"image": "DAMIMAS_A21B_0642_3.jpg", "detector": "y26m_vanilla_local", "detections": [{"box_index": 0, "class_id": 2, "class_name": "B3", "bbox_yolo": [0.2609970271587372, 0.3582579493522644, 0.249805748462677, 0.1723671406507492], "conf": 0.6655539274215698}, {"box_index": 1, "class_id": 2, "class_name": "B3", "bbox_yolo": [0.7832862734794617, 0.332916259765625, 0.18131092190742493, 0.108833909034729], "conf": 0.2919100224971771}, {"box_index": 2, "class_id": 1, "class_name": "B2", "bbox_yolo": [0.17005544900894165, 0.49037256836891174, 0.14948824048042297, 0.13717351853847504], "conf": 0.26754868030548096}], "count_per_class": {"B1": 0, "B2": 1, "B3": 2, "B4": 0}, "side_index": 2}