{"image": "DAMIMAS_A21B_0001_2.jpg", "detector": "y26m_vanilla_local", "detections": [{"box_index": 0, "class_id": 2, "class_name": "B3", "bbox_yolo": [0.611761748790741, 0.350405216217041, 0.13033288717269897, 0.10901232063770294], "conf": 0.5253680944442749}, {"box_index": 1, "class_id": 2, "class_name": "B3", "bbox_yolo": [0.35405993461608887, 0.35998860001564026, 0.09436719119548798, 0.08494112640619278], "conf": 0.5002601146697998}, {"box_index": 2, "class_id": 1, "class_name": "B2", "bbox_yolo": [0.48779618740081787, 0.35353541374206543, 0.11626158654689789, 0.10861768573522568], "conf": 0.39797061681747437}], "count_per_class": {"B1": 0, "B2": 1, "B3": 2, "B4": 0}, "side_index": 1}