{"image": "DAMIMAS_A21B_0642_4.jpg", "detector": "y26m_vanilla_local", "detections": [{"box_index": 0, "class_id": 2, "class_name": "B3", "bbox_yolo": [0.3181823790073395, 0.2507593631744385, 0.15617921948432922, 0.12968042492866516], "conf": 0.47905951738357544}, {"box_index": 1, "class_id": 1, "class_name": "B2", "bbox_yolo": [0.5076674222946167, 0.31673717498779297, 0.25502029061317444, 0.23651237785816193], "conf": 0.4605414569377899}, {"box_index": 2, "class_id": 2, "class_name": "B3", "bbox_yolo": [0.5094488263130188, 0.31832289695739746, 0.2456851452589035, 0.23873355984687805], "conf": 0.36341047286987305}], "count_per_class": {"B1": 0, "B2": 1, "B3": 2, "B4": 0}, "side_index": 3}