{"image": "DAMIMAS_A21B_0142_4.jpg", "detector": "y26m_vanilla_local", "detections": [{"box_index": 0, "class_id": 2, "class_name": "B3", "bbox_yolo": [0.4496784210205078, 0.43048277497291565, 0.12990157306194305, 0.10159053653478622], "conf": 0.3691111207008362}], "count_per_class": {"B1": 0, "B2": 0, "B3": 1, "B4": 0}, "side_index": 3}