{"image": "DAMIMAS_A21B_0025_3.jpg", "detector": "y26m_vanilla_local", "detections": [{"box_index": 0, "class_id": 0, "class_name": "B1", "bbox_yolo": [0.6863802671432495, 0.4774358868598938, 0.14873537421226501, 0.13739705085754395], "conf": 0.6390736699104309}, {"box_index": 1, "class_id": 1, "class_name": "B2", "bbox_yolo": [0.33064141869544983, 0.4743066430091858, 0.12617842853069305, 0.1102147102355957], "conf": 0.3935686945915222}, {"box_index": 2, "class_id": 1, "class_name": "B2", "bbox_yolo": [0.326435387134552, 0.4700472950935364, 0.11115462332963943, 0.10117144882678986], "conf": 0.3143117427825928}], "count_per_class": {"B1": 1, "B2": 2, "B3": 0, "B4": 0}, "side_index": 2}