{"image": "DAMIMAS_A21B_0329_2.jpg", "detector": "y26m_vanilla_local", "detections": [{"box_index": 0, "class_id": 0, "class_name": "B1", "bbox_yolo": [0.4808070957660675, 0.407449871301651, 0.14277084171772003, 0.11759807914495468], "conf": 0.6761593818664551}], "count_per_class": {"B1": 1, "B2": 0, "B3": 0, "B4": 0}, "side_index": 1}