{"image": "DAMIMAS_A21B_0833_3.jpg", "detector": "y26m_vanilla_local", "detections": [{"box_index": 0, "class_id": 0, "class_name": "B1", "bbox_yolo": [0.5157290697097778, 0.4353318214416504, 0.156613290309906, 0.15820470452308655], "conf": 0.6703254580497742}, {"box_index": 1, "class_id": 2, "class_name": "B3", "bbox_yolo": [0.34092047810554504, 0.4120936393737793, 0.13621433079242706, 0.13071350753307343], "conf": 0.4038538336753845}, {"box_index": 2, "class_id": 1, "class_name": "B2", "bbox_yolo": [0.33977770805358887, 0.41313105821609497, 0.13865652680397034, 0.12946610152721405], "conf": 0.35811692476272583}], "count_per_class": {"B1": 1, "B2": 1, "B3": 1, "B4": 0}, "side_index": 2}