{"image": "DAMIMAS_A21B_0270_4.jpg", "detector": "y26m_vanilla_local", "detections": [{"box_index": 0, "class_id": 0, "class_name": "B1", "bbox_yolo": [0.6832132339477539, 0.49702903628349304, 0.15820224583148956, 0.1354076862335205], "conf": 0.6431952714920044}, {"box_index": 1, "class_id": 2, "class_name": "B3", "bbox_yolo": [0.5312907099723816, 0.46001091599464417, 0.12771981954574585, 0.12735705077648163], "conf": 0.5999046564102173}, {"box_index": 2, "class_id": 2, "class_name": "B3", "bbox_yolo": [0.3946075737476349, 0.49524736404418945, 0.13711103796958923, 0.11821999400854111], "conf": 0.582677960395813}, {"box_index": 3, "class_id": 1, "class_name": "B2", "bbox_yolo": [0.3935968577861786, 0.49724122881889343, 0.141752690076828, 0.12183375656604767], "conf": 0.3018338978290558}], "count_per_class": {"B1": 1, "B2": 1, "B3": 2, "B4": 0}, "side_index": 3}