{"image": "DAMIMAS_A21B_0236_4.jpg", "detector": "y26m_vanilla_local", "detections": [{"box_index": 0, "class_id": 2, "class_name": "B3", "bbox_yolo": [0.6251198053359985, 0.27493253350257874, 0.16683515906333923, 0.11238253116607666], "conf": 0.3963649570941925}, {"box_index": 1, "class_id": 3, "class_name": "B4", "bbox_yolo": [0.48650914430618286, 0.19793623685836792, 0.07227183133363724, 0.08797366917133331], "conf": 0.3047521710395813}, {"box_index": 2, "class_id": 2, "class_name": "B3", "bbox_yolo": [0.4004988670349121, 0.2948766350746155, 0.09487505257129669, 0.08944012969732285], "conf": 0.26392054557800293}], "count_per_class": {"B1": 0, "B2": 0, "B3": 2, "B4": 1}, "side_index": 3}