{"image": "DAMIMAS_A21B_0491_1.jpg", "detector": "y26m_vanilla_local", "detections": [{"box_index": 0, "class_id": 3, "class_name": "B4", "bbox_yolo": [0.5740039944648743, 0.2660854160785675, 0.07700678706169128, 0.05674600601196289], "conf": 0.4324685335159302}, {"box_index": 1, "class_id": 1, "class_name": "B2", "bbox_yolo": [0.4322710931301117, 0.363215833902359, 0.11967509984970093, 0.08252573013305664], "conf": 0.40001237392425537}, {"box_index": 2, "class_id": 2, "class_name": "B3", "bbox_yolo": [0.5266754627227783, 0.31935858726501465, 0.10853510349988937, 0.07763045281171799], "conf": 0.32378819584846497}], "count_per_class": {"B1": 0, "B2": 1, "B3": 1, "B4": 1}, "side_index": 0}