{"image": "DAMIMAS_A21B_0249_4.jpg", "detector": "y26m_vanilla_local", "detections": [{"box_index": 0, "class_id": 2, "class_name": "B3", "bbox_yolo": [0.4683151841163635, 0.37583789229393005, 0.14474113285541534, 0.11654837429523468], "conf": 0.6355775594711304}, {"box_index": 1, "class_id": 2, "class_name": "B3", "bbox_yolo": [0.6092965006828308, 0.32489609718322754, 0.13884875178337097, 0.11793222278356552], "conf": 0.3080619275569916}, {"box_index": 2, "class_id": 2, "class_name": "B3", "bbox_yolo": [0.30715858936309814, 0.34094372391700745, 0.11030317097902298, 0.09919712692499161], "conf": 0.26318761706352234}], "count_per_class": {"B1": 0, "B2": 0, "B3": 3, "B4": 0}, "side_index": 3}