{"image": "DAMIMAS_A21B_0248_4.jpg", "detector": "y26m_vanilla_local", "detections": [{"box_index": 0, "class_id": 2, "class_name": "B3", "bbox_yolo": [0.6946786642074585, 0.3111276626586914, 0.17328014969825745, 0.12996533513069153], "conf": 0.4594994783401489}, {"box_index": 1, "class_id": 3, "class_name": "B4", "bbox_yolo": [0.33052486181259155, 0.2239570915699005, 0.15226605534553528, 0.11097245663404465], "conf": 0.3115203082561493}, {"box_index": 2, "class_id": 2, "class_name": "B3", "bbox_yolo": [0.33052486181259155, 0.2239570915699005, 0.15226605534553528, 0.11097245663404465], "conf": 0.29987096786499023}, {"box_index": 3, "class_id": 2, "class_name": "B3", "bbox_yolo": [0.362723171710968, 0.32432398200035095, 0.15312603116035461, 0.11390721797943115], "conf": 0.26597028970718384}], "count_per_class": {"B1": 0, "B2": 0, "B3": 3, "B4": 1}, "side_index": 3}