{"image": "DAMIMAS_A21B_0823_8.jpg", "detector": "y26m_vanilla_local", "detections": [{"box_index": 0, "class_id": 0, "class_name": "B1", "bbox_yolo": [0.5832449197769165, 0.40010079741477966, 0.19268304109573364, 0.11854682117700577], "conf": 0.6744924187660217}, {"box_index": 1, "class_id": 3, "class_name": "B4", "bbox_yolo": [0.4896808862686157, 0.2691006660461426, 0.14269384741783142, 0.11807163059711456], "conf": 0.29565879702568054}, {"box_index": 2, "class_id": 2, "class_name": "B3", "bbox_yolo": [0.32347071170806885, 0.3032954931259155, 0.0986354872584343, 0.08954419940710068], "conf": 0.2779844105243683}, {"box_index": 3, "class_id": 2, "class_name": "B3", "bbox_yolo": [0.669582188129425, 0.3138717710971832, 0.1157483458518982, 0.08810105174779892], "conf": 0.2574487328529358}], "count_per_class": {"B1": 1, "B2": 0, "B3": 2, "B4": 1}, "side_index": 7}