{"image": "DAMIMAS_A21B_0696_4.jpg", "detector": "y26m_vanilla_local", "detections": [{"box_index": 0, "class_id": 2, "class_name": "B3", "bbox_yolo": [0.31399911642074585, 0.20773325860500336, 0.18747544288635254, 0.16816504299640656], "conf": 0.7561981081962585}, {"box_index": 1, "class_id": 2, "class_name": "B3", "bbox_yolo": [0.8137490749359131, 0.2358136922121048, 0.15228570997714996, 0.13773402571678162], "conf": 0.6239224076271057}, {"box_index": 2, "class_id": 2, "class_name": "B3", "bbox_yolo": [0.5375237464904785, 0.23647022247314453, 0.19319216907024384, 0.17214088141918182], "conf": 0.5473591685295105}, {"box_index": 3, "class_id": 3, "class_name": "B4", "bbox_yolo": [0.7013744711875916, 0.1212085708975792, 0.14671751856803894, 0.12375221401453018], "conf": 0.25270169973373413}], "count_per_class": {"B1": 0, "B2": 0, "B3": 3, "B4": 1}, "side_index": 3}