{"image": "DAMIMAS_A21B_0430_3.jpg", "detector": "y26m_vanilla_local", "detections": [{"box_index": 0, "class_id": 2, "class_name": "B3", "bbox_yolo": [0.3541695475578308, 0.5158161520957947, 0.08188638836145401, 0.061695195734500885], "conf": 0.3952661454677582}, {"box_index": 1, "class_id": 2, "class_name": "B3", "bbox_yolo": [0.43720579147338867, 0.503201425075531, 0.08128589391708374, 0.058536481112241745], "conf": 0.3154352307319641}, {"box_index": 2, "class_id": 0, "class_name": "B1", "bbox_yolo": [0.5255020260810852, 0.5376771092414856, 0.11334546655416489, 0.0762447863817215], "conf": 0.2887158691883087}], "count_per_class": {"B1": 1, "B2": 0, "B3": 2, "B4": 0}, "side_index": 2}