{"image": "DAMIMAS_A21B_0189_3.jpg", "detector": "y26m_vanilla_local", "detections": [{"box_index": 0, "class_id": 1, "class_name": "B2", "bbox_yolo": [0.5573985576629639, 0.43619081377983093, 0.157506063580513, 0.14434921741485596], "conf": 0.48106810450553894}, {"box_index": 1, "class_id": 0, "class_name": "B1", "bbox_yolo": [0.5578023195266724, 0.4345850944519043, 0.15667499601840973, 0.1418873369693756], "conf": 0.31782859563827515}], "count_per_class": {"B1": 1, "B2": 1, "B3": 0, "B4": 0}, "side_index": 2}