{"image": "DAMIMAS_A21B_0400_3.jpg", "detector": "y26m_vanilla_local", "detections": [{"box_index": 0, "class_id": 3, "class_name": "B4", "bbox_yolo": [0.589955747127533, 0.36714619398117065, 0.07901840656995773, 0.059137772768735886], "conf": 0.46366435289382935}, {"box_index": 1, "class_id": 2, "class_name": "B3", "bbox_yolo": [0.37481334805488586, 0.43402352929115295, 0.11347360908985138, 0.07306289672851562], "conf": 0.35590603947639465}], "count_per_class": {"B1": 0, "B2": 0, "B3": 1, "B4": 1}, "side_index": 2}