{"image": "DAMIMAS_A21B_0448_4.jpg", "detector": "y26m_vanilla_local", "detections": [{"box_index": 0, "class_id": 2, "class_name": "B3", "bbox_yolo": [0.4292934238910675, 0.4444604814052582, 0.0730605497956276, 0.057949163019657135], "conf": 0.551837682723999}, {"box_index": 1, "class_id": 2, "class_name": "B3", "bbox_yolo": [0.5816939473152161, 0.4666713774204254, 0.0808078795671463, 0.06522126495838165], "conf": 0.45089414715766907}, {"box_index": 2, "class_id": 2, "class_name": "B3", "bbox_yolo": [0.5160655379295349, 0.4312547743320465, 0.06981439888477325, 0.06367802619934082], "conf": 0.28399765491485596}], "count_per_class": {"B1": 0, "B2": 0, "B3": 3, "B4": 0}, "side_index": 3}