{"image": "DAMIMAS_A21B_0235_3.jpg", "detector": "y26m_vanilla_local", "detections": [{"box_index": 0, "class_id": 2, "class_name": "B3", "bbox_yolo": [0.5580533742904663, 0.34225597977638245, 0.0976814329624176, 0.08697636425495148], "conf": 0.5478817820549011}, {"box_index": 1, "class_id": 2, "class_name": "B3", "bbox_yolo": [0.4035910367965698, 0.2926768958568573, 0.0827816054224968, 0.08024439960718155], "conf": 0.33294570446014404}, {"box_index": 2, "class_id": 2, "class_name": "B3", "bbox_yolo": [0.5526480674743652, 0.3461814820766449, 0.1257033795118332, 0.09538435935974121], "conf": 0.2942052483558655}], "count_per_class": {"B1": 0, "B2": 0, "B3": 3, "B4": 0}, "side_index": 2}