{"image": "DAMIMAS_A21B_0753_2.jpg", "detector": "y26m_vanilla_local", "detections": [{"box_index": 0, "class_id": 0, "class_name": "B1", "bbox_yolo": [0.4873793423175812, 0.4186113476753235, 0.21473735570907593, 0.15235427021980286], "conf": 0.6609097719192505}, {"box_index": 1, "class_id": 2, "class_name": "B3", "bbox_yolo": [0.31077030301094055, 0.37818002700805664, 0.15431739389896393, 0.11876411736011505], "conf": 0.4826255738735199}, {"box_index": 2, "class_id": 1, "class_name": "B2", "bbox_yolo": [0.3150442838668823, 0.37860241532325745, 0.15080587565898895, 0.11828682571649551], "conf": 0.25522181391716003}], "count_per_class": {"B1": 1, "B2": 1, "B3": 1, "B4": 0}, "side_index": 1}