{"image": "DAMIMAS_A21B_0127_4.jpg", "detector": "y26m_vanilla_local", "detections": [{"box_index": 0, "class_id": 2, "class_name": "B3", "bbox_yolo": [0.340808242559433, 0.5317201614379883, 0.10932710021734238, 0.07734842598438263], "conf": 0.45600759983062744}, {"box_index": 1, "class_id": 3, "class_name": "B4", "bbox_yolo": [0.45925217866897583, 0.46855393052101135, 0.10107031464576721, 0.06593041867017746], "conf": 0.2727225422859192}, {"box_index": 2, "class_id": 3, "class_name": "B4", "bbox_yolo": [0.3336161971092224, 0.4652296006679535, 0.08506457507610321, 0.055128004401922226], "conf": 0.26786381006240845}], "count_per_class": {"B1": 0, "B2": 0, "B3": 1, "B4": 2}, "side_index": 3}