{"image": "DAMIMAS_A21B_0724_1.jpg", "detector": "y26m_vanilla_local", "detections": [{"box_index": 0, "class_id": 2, "class_name": "B3", "bbox_yolo": [0.3828444182872772, 0.25110766291618347, 0.18548369407653809, 0.168174609541893], "conf": 0.603760302066803}, {"box_index": 1, "class_id": 2, "class_name": "B3", "bbox_yolo": [0.6809677481651306, 0.3134385943412781, 0.1956358700990677, 0.1470615416765213], "conf": 0.4366338551044464}], "count_per_class": {"B1": 0, "B2": 0, "B3": 2, "B4": 0}, "side_index": 0}