{"image": "DAMIMAS_A21B_0324_2.jpg", "detector": "y26m_vanilla_local", "detections": [{"box_index": 0, "class_id": 2, "class_name": "B3", "bbox_yolo": [0.34037908911705017, 0.5261234641075134, 0.15443216264247894, 0.11625857651233673], "conf": 0.5282251834869385}], "count_per_class": {"B1": 0, "B2": 0, "B3": 1, "B4": 0}, "side_index": 1}