{"image": "DAMIMAS_A21B_0135_1.jpg", "detector": "y26m_vanilla_local", "detections": [{"box_index": 0, "class_id": 0, "class_name": "B1", "bbox_yolo": [0.5422260165214539, 0.5039825439453125, 0.1201443076133728, 0.10763030499219894], "conf": 0.6774588227272034}, {"box_index": 1, "class_id": 1, "class_name": "B2", "bbox_yolo": [0.3419927656650543, 0.49745556712150574, 0.07745997607707977, 0.055860042572021484], "conf": 0.30907830595970154}], "count_per_class": {"B1": 1, "B2": 1, "B3": 0, "B4": 0}, "side_index": 0}