{"image": "DAMIMAS_A21B_0051_3.jpg", "detector": "y26m_vanilla_local", "detections": [{"box_index": 0, "class_id": 2, "class_name": "B3", "bbox_yolo": [0.3614792823791504, 0.5370793342590332, 0.11044016480445862, 0.08641090244054794], "conf": 0.3746519386768341}, {"box_index": 1, "class_id": 3, "class_name": "B4", "bbox_yolo": [0.6130895018577576, 0.4583350121974945, 0.09141375869512558, 0.07296385616064072], "conf": 0.37119290232658386}, {"box_index": 2, "class_id": 2, "class_name": "B3", "bbox_yolo": [0.4920854866504669, 0.4914158880710602, 0.11332464963197708, 0.08159179985523224], "conf": 0.3701978325843811}, {"box_index": 3, "class_id": 2, "class_name": "B3", "bbox_yolo": [0.493696928024292, 0.4940888583660126, 0.12111566215753555, 0.0880771204829216], "conf": 0.26162484288215637}], "count_per_class": {"B1": 0, "B2": 0, "B3": 3, "B4": 1}, "side_index": 2}