{"image": "DAMIMAS_A21B_0406_1.jpg", "detector": "y26m_vanilla_local", "detections": [{"box_index": 0, "class_id": 0, "class_name": "B1", "bbox_yolo": [0.39709600806236267, 0.3973332643508911, 0.16800817847251892, 0.13323970139026642], "conf": 0.7336608171463013}, {"box_index": 1, "class_id": 2, "class_name": "B3", "bbox_yolo": [0.6724403500556946, 0.3539377748966217, 0.12157294899225235, 0.10428059101104736], "conf": 0.336284875869751}, {"box_index": 2, "class_id": 2, "class_name": "B3", "bbox_yolo": [0.5381009578704834, 0.3572141230106354, 0.1223369687795639, 0.11461017280817032], "conf": 0.2866300940513611}, {"box_index": 3, "class_id": 2, "class_name": "B3", "bbox_yolo": [0.6754404902458191, 0.3471372127532959, 0.10035642236471176, 0.07968113571405411], "conf": 0.26698318123817444}], "count_per_class": {"B1": 1, "B2": 0, "B3": 3, "B4": 0}, "side_index": 0}