{"image": "DAMIMAS_A21B_0810_1.jpg", "detector": "y26m_vanilla_local", "detections": [{"box_index": 0, "class_id": 2, "class_name": "B3", "bbox_yolo": [0.5366559624671936, 0.4277458190917969, 0.1296391487121582, 0.0999700054526329], "conf": 0.5529738664627075}, {"box_index": 1, "class_id": 0, "class_name": "B1", "bbox_yolo": [0.6472082734107971, 0.46559473872184753, 0.10638491809368134, 0.09295874089002609], "conf": 0.4849405288696289}, {"box_index": 2, "class_id": 0, "class_name": "B1", "bbox_yolo": [0.6444075703620911, 0.4683217704296112, 0.11978588998317719, 0.09931965172290802], "conf": 0.4206007719039917}, {"box_index": 3, "class_id": 2, "class_name": "B3", "bbox_yolo": [0.37456661462783813, 0.45672836899757385, 0.11958835273981094, 0.0832241103053093], "conf": 0.41346052289009094}], "count_per_class": {"B1": 2, "B2": 0, "B3": 2, "B4": 0}, "side_index": 0}