{"image": "DAMIMAS_A21B_0445_2.jpg", "detector": "y26m_vanilla_local", "detections": [{"box_index": 0, "class_id": 0, "class_name": "B1", "bbox_yolo": [0.4873020648956299, 0.41820183396339417, 0.12912261486053467, 0.09073653072118759], "conf": 0.5989835858345032}, {"box_index": 1, "class_id": 2, "class_name": "B3", "bbox_yolo": [0.6179271936416626, 0.3960780203342438, 0.1009075865149498, 0.07409407943487167], "conf": 0.29399511218070984}, {"box_index": 2, "class_id": 1, "class_name": "B2", "bbox_yolo": [0.6179271936416626, 0.3960780203342438, 0.1009075865149498, 0.07409407943487167], "conf": 0.26970231533050537}], "count_per_class": {"B1": 1, "B2": 1, "B3": 1, "B4": 0}, "side_index": 1}