{"image": "DAMIMAS_A21B_0512_1.jpg", "detector": "y26m_vanilla_local", "detections": [{"box_index": 0, "class_id": 2, "class_name": "B3", "bbox_yolo": [0.47570574283599854, 0.3557753264904022, 0.10153621435165405, 0.08589544147253036], "conf": 0.5333103537559509}, {"box_index": 1, "class_id": 3, "class_name": "B4", "bbox_yolo": [0.5516966581344604, 0.31315675377845764, 0.08398355543613434, 0.0621754415333271], "conf": 0.4651466906070709}, {"box_index": 2, "class_id": 2, "class_name": "B3", "bbox_yolo": [0.3928973078727722, 0.40329524874687195, 0.11069873720407486, 0.08547430485486984], "conf": 0.28146934509277344}, {"box_index": 3, "class_id": 0, "class_name": "B1", "bbox_yolo": [0.6649834513664246, 0.3969871699810028, 0.08490855246782303, 0.07525475323200226], "conf": 0.2793455719947815}], "count_per_class": {"B1": 1, "B2": 0, "B3": 2, "B4": 1}, "side_index": 0}