{"image": "DAMIMAS_A21B_0791_1.jpg", "detector": "y26m_vanilla_local", "detections": [{"box_index": 0, "class_id": 0, "class_name": "B1", "bbox_yolo": [0.3317784070968628, 0.5527968406677246, 0.1779395192861557, 0.16322647035121918], "conf": 0.5642241835594177}], "count_per_class": {"B1": 1, "B2": 0, "B3": 0, "B4": 0}, "side_index": 0}