{"image": "DAMIMAS_A21B_0004_3.jpg", "detector": "y26m_vanilla_local", "detections": [{"box_index": 0, "class_id": 2, "class_name": "B3", "bbox_yolo": [0.3766241669654846, 0.514117419719696, 0.09689852595329285, 0.07825250923633575], "conf": 0.36418652534484863}, {"box_index": 1, "class_id": 2, "class_name": "B3", "bbox_yolo": [0.5911955833435059, 0.4612855911254883, 0.08979816734790802, 0.07672257721424103], "conf": 0.34292224049568176}], "count_per_class": {"B1": 0, "B2": 0, "B3": 2, "B4": 0}, "side_index": 2}