{"image": "DAMIMAS_A21B_0552_4.jpg", "detector": "y26m_vanilla_local", "detections": [{"box_index": 0, "class_id": 0, "class_name": "B1", "bbox_yolo": [0.4811103343963623, 0.4326682984828949, 0.18580205738544464, 0.15105925500392914], "conf": 0.6806687712669373}, {"box_index": 1, "class_id": 1, "class_name": "B2", "bbox_yolo": [0.31121477484703064, 0.4259714186191559, 0.14244648814201355, 0.12080178409814835], "conf": 0.38085103034973145}, {"box_index": 2, "class_id": 1, "class_name": "B2", "bbox_yolo": [0.6674066185951233, 0.4284566342830658, 0.12729766964912415, 0.11315687000751495], "conf": 0.3349364697933197}, {"box_index": 3, "class_id": 0, "class_name": "B1", "bbox_yolo": [0.6695935130119324, 0.42626267671585083, 0.12241656333208084, 0.11414575576782227], "conf": 0.25652867555618286}], "count_per_class": {"B1": 2, "B2": 2, "B3": 0, "B4": 0}, "side_index": 3}