{"image": "DAMIMAS_A21B_0731_4.jpg", "detector": "y26m_vanilla_local", "detections": [{"box_index": 0, "class_id": 2, "class_name": "B3", "bbox_yolo": [0.3524351119995117, 0.21933329105377197, 0.26274505257606506, 0.1800212264060974], "conf": 0.748408317565918}, {"box_index": 1, "class_id": 2, "class_name": "B3", "bbox_yolo": [0.595680296421051, 0.2665742039680481, 0.18151195347309113, 0.1358603984117508], "conf": 0.2615402936935425}], "count_per_class": {"B1": 0, "B2": 0, "B3": 2, "B4": 0}, "side_index": 3}