{"image": "DAMIMAS_A21B_0695_3.jpg", "detector": "y26m_vanilla_local", "detections": [{"box_index": 0, "class_id": 2, "class_name": "B3", "bbox_yolo": [0.3910801112651825, 0.2736634910106659, 0.19880549609661102, 0.14595842361450195], "conf": 0.7366313934326172}, {"box_index": 1, "class_id": 0, "class_name": "B1", "bbox_yolo": [0.6602371335029602, 0.31544986367225647, 0.194407656788826, 0.14230990409851074], "conf": 0.6462951302528381}, {"box_index": 2, "class_id": 2, "class_name": "B3", "bbox_yolo": [0.5623503923416138, 0.18726550042629242, 0.16697408258914948, 0.13300839066505432], "conf": 0.4003370702266693}, {"box_index": 3, "class_id": 3, "class_name": "B4", "bbox_yolo": [0.5623503923416138, 0.18726550042629242, 0.16697408258914948, 0.13300839066505432], "conf": 0.2638688385486603}], "count_per_class": {"B1": 1, "B2": 0, "B3": 2, "B4": 1}, "side_index": 2}