{"image": "DAMIMAS_A21B_0369_4.jpg", "detector": "y26m_vanilla_local", "detections": [{"box_index": 0, "class_id": 0, "class_name": "B1", "bbox_yolo": [0.4366968274116516, 0.42648839950561523, 0.13705861568450928, 0.1016668826341629], "conf": 0.47655126452445984}, {"box_index": 1, "class_id": 3, "class_name": "B4", "bbox_yolo": [0.40968623757362366, 0.35115352272987366, 0.1050972044467926, 0.06598949432373047], "conf": 0.33418411016464233}, {"box_index": 2, "class_id": 2, "class_name": "B3", "bbox_yolo": [0.40968623757362366, 0.35115352272987366, 0.1050972044467926, 0.06598949432373047], "conf": 0.318362295627594}], "count_per_class": {"B1": 1, "B2": 0, "B3": 1, "B4": 1}, "side_index": 3}