{"image": "DAMIMAS_A21B_0816_6.jpg", "detector": "y26m_vanilla_local", "detections": [{"box_index": 0, "class_id": 0, "class_name": "B1", "bbox_yolo": [0.5826598405838013, 0.45787739753723145, 0.11182703077793121, 0.08288335800170898], "conf": 0.4142220616340637}, {"box_index": 1, "class_id": 2, "class_name": "B3", "bbox_yolo": [0.49906134605407715, 0.393877238035202, 0.12060115486383438, 0.07832968235015869], "conf": 0.3465289771556854}], "count_per_class": {"B1": 1, "B2": 0, "B3": 1, "B4": 0}, "side_index": 5}