{"image": "DAMIMAS_A21B_0653_1.jpg", "detector": "y26m_vanilla_local", "detections": [{"box_index": 0, "class_id": 2, "class_name": "B3", "bbox_yolo": [0.5673770904541016, 0.25915953516960144, 0.13126611709594727, 0.11801943928003311], "conf": 0.6346479058265686}, {"box_index": 1, "class_id": 1, "class_name": "B2", "bbox_yolo": [0.4236140847206116, 0.2764844298362732, 0.13427817821502686, 0.11358103901147842], "conf": 0.4880152940750122}, {"box_index": 2, "class_id": 3, "class_name": "B4", "bbox_yolo": [0.46542978286743164, 0.18080176413059235, 0.11575566232204437, 0.07127473503351212], "conf": 0.3622134327888489}], "count_per_class": {"B1": 0, "B2": 1, "B3": 1, "B4": 1}, "side_index": 0}