{"image": "DAMIMAS_A21B_0270_2.jpg", "detector": "y26m_vanilla_local", "detections": [{"box_index": 0, "class_id": 1, "class_name": "B2", "bbox_yolo": [0.6037997603416443, 0.445039838552475, 0.19577984511852264, 0.18246594071388245], "conf": 0.6276870369911194}, {"box_index": 1, "class_id": 2, "class_name": "B3", "bbox_yolo": [0.2765588164329529, 0.41959115862846375, 0.09783894568681717, 0.09373176097869873], "conf": 0.39415884017944336}], "count_per_class": {"B1": 0, "B2": 1, "B3": 1, "B4": 0}, "side_index": 1}