{"image": "DAMIMAS_A21B_0453_4.jpg", "detector": "y26m_vanilla_local", "detections": [{"box_index": 0, "class_id": 0, "class_name": "B1", "bbox_yolo": [0.414102703332901, 0.330354779958725, 0.14788958430290222, 0.11393804848194122], "conf": 0.5519578456878662}], "count_per_class": {"B1": 1, "B2": 0, "B3": 0, "B4": 0}, "side_index": 3}