{"image": "DAMIMAS_A21B_0104_3.jpg", "detector": "y26m_vanilla_local", "detections": [{"box_index": 0, "class_id": 2, "class_name": "B3", "bbox_yolo": [0.3547164499759674, 0.5724015235900879, 0.1445530354976654, 0.10973010212182999], "conf": 0.5732405185699463}, {"box_index": 1, "class_id": 3, "class_name": "B4", "bbox_yolo": [0.32652297616004944, 0.48832306265830994, 0.10082817822694778, 0.06041078642010689], "conf": 0.2944393754005432}], "count_per_class": {"B1": 0, "B2": 0, "B3": 1, "B4": 1}, "side_index": 2}