{"image": "DAMIMAS_A21B_0646_1.jpg", "detector": "y26m_vanilla_local", "detections": [{"box_index": 0, "class_id": 2, "class_name": "B3", "bbox_yolo": [0.6668566465377808, 0.4060892164707184, 0.24035511910915375, 0.17240838706493378], "conf": 0.5337231159210205}, {"box_index": 1, "class_id": 1, "class_name": "B2", "bbox_yolo": [0.18280057609081268, 0.3834700584411621, 0.19971692562103271, 0.14528189599514008], "conf": 0.3585870563983917}, {"box_index": 2, "class_id": 2, "class_name": "B3", "bbox_yolo": [0.1838853359222412, 0.38070157170295715, 0.2057538479566574, 0.15396714210510254], "conf": 0.33131060004234314}, {"box_index": 3, "class_id": 2, "class_name": "B3", "bbox_yolo": [0.6753943562507629, 0.4033317565917969, 0.2280772626399994, 0.164698988199234], "conf": 0.3286225199699402}], "count_per_class": {"B1": 0, "B2": 1, "B3": 3, "B4": 0}, "side_index": 0}