{"image": "DAMIMAS_A21B_0062_3.jpg", "detector": "y26m_vanilla_local", "detections": [{"box_index": 0, "class_id": 2, "class_name": "B3", "bbox_yolo": [0.4269971549510956, 0.37719759345054626, 0.13812075555324554, 0.11258015781641006], "conf": 0.7193015813827515}, {"box_index": 1, "class_id": 0, "class_name": "B1", "bbox_yolo": [0.5956239104270935, 0.3909592032432556, 0.142995685338974, 0.11319126933813095], "conf": 0.3808840811252594}, {"box_index": 2, "class_id": 1, "class_name": "B2", "bbox_yolo": [0.594214677810669, 0.39151811599731445, 0.1409599334001541, 0.11640377342700958], "conf": 0.319856196641922}, {"box_index": 3, "class_id": 3, "class_name": "B4", "bbox_yolo": [0.523582398891449, 0.3170367181301117, 0.10237544775009155, 0.05866832658648491], "conf": 0.29125767946243286}], "count_per_class": {"B1": 1, "B2": 1, "B3": 1, "B4": 1}, "side_index": 2}