{"image": "DAMIMAS_A21B_0141_1.jpg", "detector": "y26m_vanilla_local", "detections": [{"box_index": 0, "class_id": 2, "class_name": "B3", "bbox_yolo": [0.5296751260757446, 0.48044395446777344, 0.1297278106212616, 0.09886588901281357], "conf": 0.6425467133522034}, {"box_index": 1, "class_id": 2, "class_name": "B3", "bbox_yolo": [0.3694353997707367, 0.5125530362129211, 0.12095871567726135, 0.0751485824584961], "conf": 0.4636932611465454}], "count_per_class": {"B1": 0, "B2": 0, "B3": 2, "B4": 0}, "side_index": 0}