{"image": "DAMIMAS_A21B_0374_1.jpg", "detector": "y26m_vanilla_local", "detections": [{"box_index": 0, "class_id": 2, "class_name": "B3", "bbox_yolo": [0.45536091923713684, 0.3490001857280731, 0.10353667289018631, 0.07396727055311203], "conf": 0.33275777101516724}, {"box_index": 1, "class_id": 2, "class_name": "B3", "bbox_yolo": [0.45729517936706543, 0.3468845784664154, 0.09125713258981705, 0.06833980232477188], "conf": 0.3256060779094696}, {"box_index": 2, "class_id": 2, "class_name": "B3", "bbox_yolo": [0.5991539359092712, 0.3769609332084656, 0.08862476795911789, 0.06817412376403809], "conf": 0.3028697073459625}], "count_per_class": {"B1": 0, "B2": 0, "B3": 3, "B4": 0}, "side_index": 0}