{"image": "DAMIMAS_A21B_0031_1.jpg", "detector": "y26m_vanilla_local", "detections": [{"box_index": 0, "class_id": 2, "class_name": "B3", "bbox_yolo": [0.6748144030570984, 0.5601291060447693, 0.09779873490333557, 0.08242616802453995], "conf": 0.43760308623313904}, {"box_index": 1, "class_id": 2, "class_name": "B3", "bbox_yolo": [0.4440612494945526, 0.5267259478569031, 0.0957149863243103, 0.08011513203382492], "conf": 0.26759278774261475}, {"box_index": 2, "class_id": 3, "class_name": "B4", "bbox_yolo": [0.5947783589363098, 0.5153608322143555, 0.09947758167982101, 0.07189121097326279], "conf": 0.2542151212692261}, {"box_index": 3, "class_id": 2, "class_name": "B3", "bbox_yolo": [0.45675355195999146, 0.5302985310554504, 0.12568509578704834, 0.08920564502477646], "conf": 0.25037550926208496}], "count_per_class": {"B1": 0, "B2": 0, "B3": 3, "B4": 1}, "side_index": 0}