{"image": "DAMIMAS_A21B_0838_6.jpg", "detector": "y26m_vanilla_local", "detections": [{"box_index": 0, "class_id": 3, "class_name": "B4", "bbox_yolo": [0.5715979933738708, 0.30740776658058167, 0.10004489123821259, 0.08372314274311066], "conf": 0.5825631618499756}], "count_per_class": {"B1": 0, "B2": 0, "B3": 0, "B4": 1}, "side_index": 5}