{"image": "DAMIMAS_A21B_0766_1.jpg", "detector": "y26m_vanilla_local", "detections": [{"box_index": 0, "class_id": 2, "class_name": "B3", "bbox_yolo": [0.6641877889633179, 0.2904583513736725, 0.15120449662208557, 0.13103488087654114], "conf": 0.4437885284423828}, {"box_index": 1, "class_id": 2, "class_name": "B3", "bbox_yolo": [0.32198119163513184, 0.3276413381099701, 0.15608276426792145, 0.11626305431127548], "conf": 0.4233063757419586}], "count_per_class": {"B1": 0, "B2": 0, "B3": 2, "B4": 0}, "side_index": 0}