{"image": "DAMIMAS_A21B_0452_2.jpg", "detector": "y26m_vanilla_local", "detections": [{"box_index": 0, "class_id": 0, "class_name": "B1", "bbox_yolo": [0.5440646409988403, 0.4436332881450653, 0.08277703076601028, 0.060182809829711914], "conf": 0.6154251098632812}, {"box_index": 1, "class_id": 0, "class_name": "B1", "bbox_yolo": [0.5425989031791687, 0.4469444453716278, 0.09661760926246643, 0.07045960426330566], "conf": 0.3310011327266693}], "count_per_class": {"B1": 2, "B2": 0, "B3": 0, "B4": 0}, "side_index": 1}