{"image": "DAMIMAS_A21B_0525_2.jpg", "detector": "y26m_vanilla_local", "detections": [{"box_index": 0, "class_id": 0, "class_name": "B1", "bbox_yolo": [0.36033129692077637, 0.5929532051086426, 0.12620249390602112, 0.10897183418273926], "conf": 0.6350059509277344}, {"box_index": 1, "class_id": 2, "class_name": "B3", "bbox_yolo": [0.5060328841209412, 0.5717806816101074, 0.11229006946086884, 0.08838506042957306], "conf": 0.4591822326183319}, {"box_index": 2, "class_id": 2, "class_name": "B3", "bbox_yolo": [0.5063502788543701, 0.5747108459472656, 0.12605680525302887, 0.10178299248218536], "conf": 0.41547539830207825}], "count_per_class": {"B1": 1, "B2": 0, "B3": 2, "B4": 0}, "side_index": 1}