{"image": "DAMIMAS_A21B_0439_4.jpg", "detector": "y26m_vanilla_local", "detections": [{"box_index": 0, "class_id": 2, "class_name": "B3", "bbox_yolo": [0.512698769569397, 0.5010590553283691, 0.07523813843727112, 0.06642718613147736], "conf": 0.29019448161125183}, {"box_index": 1, "class_id": 1, "class_name": "B2", "bbox_yolo": [0.42343586683273315, 0.5153231024742126, 0.06985623389482498, 0.055130816996097565], "conf": 0.25389859080314636}, {"box_index": 2, "class_id": 2, "class_name": "B3", "bbox_yolo": [0.5116540193557739, 0.4997042119503021, 0.05915896221995354, 0.06249962002038956], "conf": 0.2530134618282318}], "count_per_class": {"B1": 0, "B2": 1, "B3": 2, "B4": 0}, "side_index": 3}