{"image": "DAMIMAS_A21B_0271_1.jpg", "detector": "y26m_vanilla_local", "detections": [{"box_index": 0, "class_id": 2, "class_name": "B3", "bbox_yolo": [0.5935345888137817, 0.3495081067085266, 0.14355364441871643, 0.09832930564880371], "conf": 0.3076342046260834}, {"box_index": 1, "class_id": 1, "class_name": "B2", "bbox_yolo": [0.4683029055595398, 0.40861597657203674, 0.1550993025302887, 0.11441417038440704], "conf": 0.3015255033969879}, {"box_index": 2, "class_id": 2, "class_name": "B3", "bbox_yolo": [0.4722883403301239, 0.4071889817714691, 0.15057983994483948, 0.11520671844482422], "conf": 0.25436505675315857}], "count_per_class": {"B1": 0, "B2": 1, "B3": 2, "B4": 0}, "side_index": 0}