{"image": "DAMIMAS_A21B_0732_3.jpg", "detector": "y26m_vanilla_local", "detections": [{"box_index": 0, "class_id": 2, "class_name": "B3", "bbox_yolo": [0.34964483976364136, 0.20935793220996857, 0.23066160082817078, 0.1856459379196167], "conf": 0.7574157118797302}, {"box_index": 1, "class_id": 2, "class_name": "B3", "bbox_yolo": [0.6289317011833191, 0.23961810767650604, 0.24687498807907104, 0.18932025134563446], "conf": 0.6434609889984131}], "count_per_class": {"B1": 0, "B2": 0, "B3": 2, "B4": 0}, "side_index": 2}