{"image": "DAMIMAS_A21B_0209_2.jpg", "detector": "y26m_vanilla_local", "detections": [{"box_index": 0, "class_id": 1, "class_name": "B2", "bbox_yolo": [0.6065065860748291, 0.34959807991981506, 0.1460515409708023, 0.11179611831903458], "conf": 0.6420457363128662}, {"box_index": 1, "class_id": 2, "class_name": "B3", "bbox_yolo": [0.3796403110027313, 0.3181849420070648, 0.10605138540267944, 0.08321652561426163], "conf": 0.41935276985168457}, {"box_index": 2, "class_id": 2, "class_name": "B3", "bbox_yolo": [0.4996252655982971, 0.30324786901474, 0.12033850699663162, 0.10364069789648056], "conf": 0.30993184447288513}], "count_per_class": {"B1": 0, "B2": 1, "B3": 2, "B4": 0}, "side_index": 1}