{"image": "DAMIMAS_A21B_0034_1.jpg", "detector": "y26m_vanilla_local", "detections": [{"box_index": 0, "class_id": 2, "class_name": "B3", "bbox_yolo": [0.46939706802368164, 0.49574002623558044, 0.07576726377010345, 0.06725640594959259], "conf": 0.26739227771759033}], "count_per_class": {"B1": 0, "B2": 0, "B3": 1, "B4": 0}, "side_index": 0}