{"image": "DAMIMAS_A21B_0784_2.jpg", "detector": "y26m_vanilla_local", "detections": [{"box_index": 0, "class_id": 1, "class_name": "B2", "bbox_yolo": [0.6934366822242737, 0.20172028243541718, 0.1341952085494995, 0.1092853769659996], "conf": 0.3042275607585907}], "count_per_class": {"B1": 0, "B2": 1, "B3": 0, "B4": 0}, "side_index": 1}