{"image": "DAMIMAS_A21B_0460_2.jpg", "detector": "y26m_vanilla_local", "detections": [{"box_index": 0, "class_id": 2, "class_name": "B3", "bbox_yolo": [0.4125800132751465, 0.35263606905937195, 0.08117902278900146, 0.06304409354925156], "conf": 0.37202784419059753}, {"box_index": 1, "class_id": 2, "class_name": "B3", "bbox_yolo": [0.609711229801178, 0.3822978734970093, 0.08432108908891678, 0.0733528658747673], "conf": 0.34267765283584595}, {"box_index": 2, "class_id": 2, "class_name": "B3", "bbox_yolo": [0.4849989712238312, 0.40615707635879517, 0.12471657246351242, 0.09973609447479248], "conf": 0.2886284291744232}], "count_per_class": {"B1": 0, "B2": 0, "B3": 3, "B4": 0}, "side_index": 1}