{"image": "DAMIMAS_A21B_0228_1.jpg", "detector": "y26m_vanilla_local", "detections": [{"box_index": 0, "class_id": 1, "class_name": "B2", "bbox_yolo": [0.5979680418968201, 0.31445008516311646, 0.10262152552604675, 0.07394721359014511], "conf": 0.3866225481033325}, {"box_index": 1, "class_id": 2, "class_name": "B3", "bbox_yolo": [0.45987170934677124, 0.3165922164916992, 0.12859268486499786, 0.09462976455688477], "conf": 0.35354533791542053}, {"box_index": 2, "class_id": 2, "class_name": "B3", "bbox_yolo": [0.3411403298377991, 0.29012930393218994, 0.08680503070354462, 0.07001771777868271], "conf": 0.27998438477516174}], "count_per_class": {"B1": 0, "B2": 1, "B3": 2, "B4": 0}, "side_index": 0}