{"image": "DAMIMAS_A21B_0264_3.jpg", "detector": "y26m_vanilla_local", "detections": [{"box_index": 0, "class_id": 2, "class_name": "B3", "bbox_yolo": [0.5154477953910828, 0.5154985189437866, 0.10778319835662842, 0.08280115574598312], "conf": 0.5521159768104553}, {"box_index": 1, "class_id": 0, "class_name": "B1", "bbox_yolo": [0.6132767200469971, 0.5549237132072449, 0.11967316269874573, 0.0963771864771843], "conf": 0.4823141396045685}, {"box_index": 2, "class_id": 0, "class_name": "B1", "bbox_yolo": [0.614361584186554, 0.5548356175422668, 0.1147305890917778, 0.09046492725610733], "conf": 0.3809671998023987}], "count_per_class": {"B1": 2, "B2": 0, "B3": 1, "B4": 0}, "side_index": 2}