{"image": "DAMIMAS_A21B_0767_4.jpg", "detector": "y26m_vanilla_local", "detections": [{"box_index": 0, "class_id": 1, "class_name": "B2", "bbox_yolo": [0.4880639612674713, 0.39700546860694885, 0.1301758885383606, 0.108347587287426], "conf": 0.5328279733657837}, {"box_index": 1, "class_id": 1, "class_name": "B2", "bbox_yolo": [0.4847472012042999, 0.39295101165771484, 0.11037646234035492, 0.09652550518512726], "conf": 0.3742371201515198}, {"box_index": 2, "class_id": 2, "class_name": "B3", "bbox_yolo": [0.30439719557762146, 0.4146591126918793, 0.09881088137626648, 0.0735616683959961], "conf": 0.28059759736061096}], "count_per_class": {"B1": 0, "B2": 2, "B3": 1, "B4": 0}, "side_index": 3}