{"image": "DAMIMAS_A21B_0134_4.jpg", "detector": "y26m_vanilla_local", "detections": [{"box_index": 0, "class_id": 2, "class_name": "B3", "bbox_yolo": [0.3317149877548218, 0.4081861972808838, 0.07045282423496246, 0.07563307136297226], "conf": 0.3127281665802002}, {"box_index": 1, "class_id": 2, "class_name": "B3", "bbox_yolo": [0.5118122100830078, 0.3572486340999603, 0.0906139388680458, 0.09292598068714142], "conf": 0.3082481026649475}, {"box_index": 2, "class_id": 2, "class_name": "B3", "bbox_yolo": [0.36842915415763855, 0.35129639506340027, 0.09760961681604385, 0.07227838039398193], "conf": 0.2598659098148346}], "count_per_class": {"B1": 0, "B2": 0, "B3": 3, "B4": 0}, "side_index": 3}