{"image": "DAMIMAS_A21B_0604_4.jpg", "detector": "y26m_vanilla_local", "detections": [{"box_index": 0, "class_id": 1, "class_name": "B2", "bbox_yolo": [0.6697025895118713, 0.3167247772216797, 0.19155167043209076, 0.19907350838184357], "conf": 0.5099308490753174}, {"box_index": 1, "class_id": 2, "class_name": "B3", "bbox_yolo": [0.4372156262397766, 0.2806623876094818, 0.18168269097805023, 0.17576539516448975], "conf": 0.4206467568874359}, {"box_index": 2, "class_id": 0, "class_name": "B1", "bbox_yolo": [0.6677212119102478, 0.31500184535980225, 0.20463258028030396, 0.1987890750169754], "conf": 0.27226123213768005}, {"box_index": 3, "class_id": 1, "class_name": "B2", "bbox_yolo": [0.2638707756996155, 0.3940201699733734, 0.13512448966503143, 0.1151621863245964], "conf": 0.25816184282302856}], "count_per_class": {"B1": 1, "B2": 2, "B3": 1, "B4": 0}, "side_index": 3}