{"image": "DAMIMAS_A21B_0297_2.jpg", "detector": "y26m_vanilla_local", "detections": [{"box_index": 0, "class_id": 2, "class_name": "B3", "bbox_yolo": [0.5741636753082275, 0.45466119050979614, 0.0977344885468483, 0.0917535349726677], "conf": 0.4314604103565216}, {"box_index": 1, "class_id": 2, "class_name": "B3", "bbox_yolo": [0.31153690814971924, 0.48538240790367126, 0.08039767295122147, 0.08605518192052841], "conf": 0.3774015009403229}, {"box_index": 2, "class_id": 3, "class_name": "B4", "bbox_yolo": [0.4070645868778229, 0.40749087929725647, 0.0767584815621376, 0.05385858938097954], "conf": 0.2558785080909729}], "count_per_class": {"B1": 0, "B2": 0, "B3": 2, "B4": 1}, "side_index": 1}