{"image": "DAMIMAS_A21B_0450_3.jpg", "detector": "y26m_vanilla_local", "detections": [{"box_index": 0, "class_id": 0, "class_name": "B1", "bbox_yolo": [0.4337373971939087, 0.45639729499816895, 0.09884755313396454, 0.06543264538049698], "conf": 0.5937991142272949}, {"box_index": 1, "class_id": 3, "class_name": "B4", "bbox_yolo": [0.4192276895046234, 0.3956223428249359, 0.07148739695549011, 0.0535159595310688], "conf": 0.3420618176460266}], "count_per_class": {"B1": 1, "B2": 0, "B3": 0, "B4": 1}, "side_index": 2}