{"image": "DAMIMAS_A21B_0258_4.jpg", "detector": "y26m_vanilla_local", "detections": [{"box_index": 0, "class_id": 1, "class_name": "B2", "bbox_yolo": [0.3013475239276886, 0.45635539293289185, 0.16034966707229614, 0.1314856857061386], "conf": 0.5812587141990662}, {"box_index": 1, "class_id": 2, "class_name": "B3", "bbox_yolo": [0.6620830297470093, 0.3821231424808502, 0.12956874072551727, 0.10544297844171524], "conf": 0.42243579030036926}, {"box_index": 2, "class_id": 2, "class_name": "B3", "bbox_yolo": [0.7362323999404907, 0.46713247895240784, 0.1308223158121109, 0.11823201179504395], "conf": 0.28754639625549316}], "count_per_class": {"B1": 0, "B2": 1, "B3": 2, "B4": 0}, "side_index": 3}