{"image": "DAMIMAS_A21B_0527_2.jpg", "detector": "y26m_vanilla_local", "detections": [{"box_index": 0, "class_id": 2, "class_name": "B3", "bbox_yolo": [0.46036970615386963, 0.42164143919944763, 0.13160811364650726, 0.11927838623523712], "conf": 0.6555880308151245}, {"box_index": 1, "class_id": 3, "class_name": "B4", "bbox_yolo": [0.5921739339828491, 0.36692944169044495, 0.09436226636171341, 0.08450472354888916], "conf": 0.28298473358154297}], "count_per_class": {"B1": 0, "B2": 0, "B3": 1, "B4": 1}, "side_index": 1}