{"image": "DAMIMAS_A21B_0053_4.jpg", "detector": "y26m_vanilla_local", "detections": [{"box_index": 0, "class_id": 3, "class_name": "B4", "bbox_yolo": [0.5496182441711426, 0.4025057256221771, 0.09210634976625443, 0.06489019840955734], "conf": 0.4964524209499359}, {"box_index": 1, "class_id": 1, "class_name": "B2", "bbox_yolo": [0.5869312882423401, 0.4749763011932373, 0.09130503982305527, 0.07228317111730576], "conf": 0.36046627163887024}, {"box_index": 2, "class_id": 2, "class_name": "B3", "bbox_yolo": [0.5069934725761414, 0.471332848072052, 0.06374060362577438, 0.07749056816101074], "conf": 0.28172633051872253}, {"box_index": 3, "class_id": 2, "class_name": "B3", "bbox_yolo": [0.6250565052032471, 0.433218389749527, 0.05756143108010292, 0.03485598787665367], "conf": 0.2715986967086792}], "count_per_class": {"B1": 0, "B2": 1, "B3": 2, "B4": 1}, "side_index": 3}