{"image": "DAMIMAS_A21B_0328_4.jpg", "detector": "y26m_vanilla_local", "detections": [{"box_index": 0, "class_id": 3, "class_name": "B4", "bbox_yolo": [0.5970615744590759, 0.4286690652370453, 0.08793939650058746, 0.07099642604589462], "conf": 0.2837974727153778}], "count_per_class": {"B1": 0, "B2": 0, "B3": 0, "B4": 1}, "side_index": 3}