{"image": "DAMIMAS_A21B_0414_3.jpg", "detector": "y26m_vanilla_local", "detections": [{"box_index": 0, "class_id": 2, "class_name": "B3", "bbox_yolo": [0.4098394513130188, 0.3460451662540436, 0.1498958319425583, 0.10412180423736572], "conf": 0.5122693777084351}, {"box_index": 1, "class_id": 2, "class_name": "B3", "bbox_yolo": [0.6587808132171631, 0.316546231508255, 0.10759773850440979, 0.08536367863416672], "conf": 0.2676055133342743}], "count_per_class": {"B1": 0, "B2": 0, "B3": 2, "B4": 0}, "side_index": 2}