{"image": "DAMIMAS_A21B_0759_4.jpg", "detector": "y26m_vanilla_local", "detections": [{"box_index": 0, "class_id": 2, "class_name": "B3", "bbox_yolo": [0.36982348561286926, 0.35895591974258423, 0.14731204509735107, 0.13858918845653534], "conf": 0.5621216893196106}, {"box_index": 1, "class_id": 2, "class_name": "B3", "bbox_yolo": [0.5288791060447693, 0.3132813572883606, 0.14452515542507172, 0.1068183183670044], "conf": 0.2503484785556793}], "count_per_class": {"B1": 0, "B2": 0, "B3": 2, "B4": 0}, "side_index": 3}