{"image": "DAMIMAS_A21B_0195_2.jpg", "detector": "y26m_vanilla_local", "detections": [{"box_index": 0, "class_id": 0, "class_name": "B1", "bbox_yolo": [0.5005359649658203, 0.4007117748260498, 0.13438574969768524, 0.16142931580543518], "conf": 0.48288795351982117}, {"box_index": 1, "class_id": 2, "class_name": "B3", "bbox_yolo": [0.3050965964794159, 0.37946268916130066, 0.11320513486862183, 0.0826728343963623], "conf": 0.25543931126594543}], "count_per_class": {"B1": 1, "B2": 0, "B3": 1, "B4": 0}, "side_index": 1}