{"image": "DAMIMAS_A21B_0471_3.jpg", "detector": "y26m_vanilla_local", "detections": [{"box_index": 0, "class_id": 2, "class_name": "B3", "bbox_yolo": [0.4969117045402527, 0.38028985261917114, 0.10213601589202881, 0.08163364231586456], "conf": 0.4892430305480957}, {"box_index": 1, "class_id": 1, "class_name": "B2", "bbox_yolo": [0.6295192837715149, 0.4192669093608856, 0.09991995990276337, 0.07508015632629395], "conf": 0.3056105077266693}, {"box_index": 2, "class_id": 3, "class_name": "B4", "bbox_yolo": [0.4862944483757019, 0.3153623640537262, 0.07028567045927048, 0.049387671053409576], "conf": 0.29488736391067505}], "count_per_class": {"B1": 0, "B2": 1, "B3": 1, "B4": 1}, "side_index": 2}