{"image": "DAMIMAS_A21B_0055_2.jpg", "detector": "y26m_vanilla_local", "detections": [{"box_index": 0, "class_id": 1, "class_name": "B2", "bbox_yolo": [0.6504203081130981, 0.5079314112663269, 0.09089323878288269, 0.0914580374956131], "conf": 0.6097538471221924}, {"box_index": 1, "class_id": 0, "class_name": "B1", "bbox_yolo": [0.4331141412258148, 0.5341835021972656, 0.13708823919296265, 0.10863818973302841], "conf": 0.5701533555984497}, {"box_index": 2, "class_id": 1, "class_name": "B2", "bbox_yolo": [0.43189311027526855, 0.5339822173118591, 0.1381443440914154, 0.10830450057983398], "conf": 0.38137513399124146}, {"box_index": 3, "class_id": 2, "class_name": "B3", "bbox_yolo": [0.33533164858818054, 0.5004256367683411, 0.08426901698112488, 0.07249331474304199], "conf": 0.2923150956630707}], "count_per_class": {"B1": 1, "B2": 2, "B3": 1, "B4": 0}, "side_index": 1}