{"image": "DAMIMAS_A21B_0281_3.jpg", "detector": "y26m_vanilla_local", "detections": [{"box_index": 0, "class_id": 1, "class_name": "B2", "bbox_yolo": [0.382172167301178, 0.4335051476955414, 0.14918369054794312, 0.11059365421533585], "conf": 0.3290098011493683}, {"box_index": 1, "class_id": 3, "class_name": "B4", "bbox_yolo": [0.35706159472465515, 0.33457162976264954, 0.11127122491598129, 0.07790608704090118], "conf": 0.3002115786075592}, {"box_index": 2, "class_id": 1, "class_name": "B2", "bbox_yolo": [0.618399977684021, 0.40226754546165466, 0.1295742690563202, 0.10924220085144043], "conf": 0.268729031085968}], "count_per_class": {"B1": 0, "B2": 2, "B3": 0, "B4": 1}, "side_index": 2}