{"image": "DAMIMAS_A21B_0662_3.jpg", "detector": "y26m_vanilla_local", "detections": [{"box_index": 0, "class_id": 2, "class_name": "B3", "bbox_yolo": [0.5846366286277771, 0.3918774127960205, 0.1367104947566986, 0.12469349056482315], "conf": 0.5084514617919922}], "count_per_class": {"B1": 0, "B2": 0, "B3": 1, "B4": 0}, "side_index": 2}