{"image": "DAMIMAS_A21B_0197_3.jpg", "detector": "y26m_vanilla_local", "detections": [{"box_index": 0, "class_id": 3, "class_name": "B4", "bbox_yolo": [0.4417503774166107, 0.3412286341190338, 0.11617114394903183, 0.07664644718170166], "conf": 0.4066152572631836}, {"box_index": 1, "class_id": 2, "class_name": "B3", "bbox_yolo": [0.6016444563865662, 0.378652960062027, 0.13064944744110107, 0.09901857376098633], "conf": 0.2543625235557556}], "count_per_class": {"B1": 0, "B2": 0, "B3": 1, "B4": 1}, "side_index": 2}