{"image": "DAMIMAS_A21B_0735_1.jpg", "detector": "y26m_vanilla_local", "detections": [{"box_index": 0, "class_id": 2, "class_name": "B3", "bbox_yolo": [0.4884069263935089, 0.15070617198944092, 0.16730709373950958, 0.13425813615322113], "conf": 0.5391373634338379}, {"box_index": 1, "class_id": 2, "class_name": "B3", "bbox_yolo": [0.6704552173614502, 0.12193422764539719, 0.17605388164520264, 0.1238793358206749], "conf": 0.34808140993118286}, {"box_index": 2, "class_id": 3, "class_name": "B4", "bbox_yolo": [0.6704552173614502, 0.12193422764539719, 0.17605388164520264, 0.1238793358206749], "conf": 0.2832750678062439}], "count_per_class": {"B1": 0, "B2": 0, "B3": 2, "B4": 1}, "side_index": 0}