{"image": "DAMIMAS_A21B_0343_2.jpg", "detector": "y26m_vanilla_local", "detections": [{"box_index": 0, "class_id": 0, "class_name": "B1", "bbox_yolo": [0.38006293773651123, 0.4120348393917084, 0.10899610817432404, 0.08076303452253342], "conf": 0.44803285598754883}, {"box_index": 1, "class_id": 2, "class_name": "B3", "bbox_yolo": [0.6096954941749573, 0.35230547189712524, 0.09844227135181427, 0.07211311161518097], "conf": 0.39205265045166016}, {"box_index": 2, "class_id": 1, "class_name": "B2", "bbox_yolo": [0.48931005597114563, 0.3808712065219879, 0.1065485030412674, 0.07311423122882843], "conf": 0.3750879466533661}, {"box_index": 3, "class_id": 2, "class_name": "B3", "bbox_yolo": [0.48931005597114563, 0.3808712065219879, 0.1065485030412674, 0.07311423122882843], "conf": 0.27131596207618713}], "count_per_class": {"B1": 1, "B2": 1, "B3": 2, "B4": 0}, "side_index": 1}