{"image": "DAMIMAS_A21B_0143_1.jpg", "detector": "y26m_vanilla_local", "detections": [{"box_index": 0, "class_id": 2, "class_name": "B3", "bbox_yolo": [0.40672266483306885, 0.44052013754844666, 0.1506870687007904, 0.11210834980010986], "conf": 0.6538622379302979}, {"box_index": 1, "class_id": 2, "class_name": "B3", "bbox_yolo": [0.4081685543060303, 0.4399528503417969, 0.1456184834241867, 0.11510767787694931], "conf": 0.3233698606491089}, {"box_index": 2, "class_id": 2, "class_name": "B3", "bbox_yolo": [0.5767844319343567, 0.45716896653175354, 0.12919741868972778, 0.09673943370580673], "conf": 0.3043849468231201}, {"box_index": 3, "class_id": 2, "class_name": "B3", "bbox_yolo": [0.5860106945037842, 0.44993263483047485, 0.10418650507926941, 0.08228855580091476], "conf": 0.2737463414669037}], "count_per_class": {"B1": 0, "B2": 0, "B3": 4, "B4": 0}, "side_index": 0}