{"image": "DAMIMAS_A21B_0799_1.jpg", "detector": "y26m_vanilla_local", "detections": [{"box_index": 0, "class_id": 2, "class_name": "B3", "bbox_yolo": [0.6356353163719177, 0.2414541244506836, 0.21388360857963562, 0.20834676921367645], "conf": 0.630002498626709}, {"box_index": 1, "class_id": 2, "class_name": "B3", "bbox_yolo": [0.24919988214969635, 0.19582615792751312, 0.18553689122200012, 0.15189151465892792], "conf": 0.5105428695678711}, {"box_index": 2, "class_id": 2, "class_name": "B3", "bbox_yolo": [0.41024982929229736, 0.2909170389175415, 0.17458370327949524, 0.1309044361114502], "conf": 0.30901750922203064}], "count_per_class": {"B1": 0, "B2": 0, "B3": 3, "B4": 0}, "side_index": 0}