{"image": "DAMIMAS_A21B_0061_2.jpg", "detector": "y26m_vanilla_local", "detections": [{"box_index": 0, "class_id": 3, "class_name": "B4", "bbox_yolo": [0.41072556376457214, 0.49048733711242676, 0.07802031934261322, 0.05414304882287979], "conf": 0.31267622113227844}], "count_per_class": {"B1": 0, "B2": 0, "B3": 0, "B4": 1}, "side_index": 1}