{"image": "DAMIMAS_A21B_0087_4.jpg", "detector": "y26m_vanilla_local", "detections": [{"box_index": 0, "class_id": 0, "class_name": "B1", "bbox_yolo": [0.4580882489681244, 0.5426902174949646, 0.138811856508255, 0.10548663139343262], "conf": 0.5773133635520935}, {"box_index": 1, "class_id": 2, "class_name": "B3", "bbox_yolo": [0.5863979458808899, 0.4962618947029114, 0.07133731991052628, 0.08135662227869034], "conf": 0.29573309421539307}, {"box_index": 2, "class_id": 2, "class_name": "B3", "bbox_yolo": [0.6765337586402893, 0.5138079524040222, 0.08696429431438446, 0.08170647919178009], "conf": 0.26279279589653015}, {"box_index": 3, "class_id": 3, "class_name": "B4", "bbox_yolo": [0.42351382970809937, 0.4632694721221924, 0.09608545899391174, 0.05789804458618164], "conf": 0.26157519221305847}], "count_per_class": {"B1": 1, "B2": 0, "B3": 2, "B4": 1}, "side_index": 3}