{"image": "DAMIMAS_A21B_0075_1.jpg", "detector": "y26m_vanilla_local", "detections": [{"box_index": 0, "class_id": 0, "class_name": "B1", "bbox_yolo": [0.46983233094215393, 0.5909633040428162, 0.1262904554605484, 0.09723525494337082], "conf": 0.5227360129356384}, {"box_index": 1, "class_id": 2, "class_name": "B3", "bbox_yolo": [0.5583613514900208, 0.5392729640007019, 0.09233195334672928, 0.06938748806715012], "conf": 0.40287473797798157}, {"box_index": 2, "class_id": 2, "class_name": "B3", "bbox_yolo": [0.6494112014770508, 0.5660480856895447, 0.08099333941936493, 0.07074689865112305], "conf": 0.29273420572280884}, {"box_index": 3, "class_id": 2, "class_name": "B3", "bbox_yolo": [0.3358064889907837, 0.5736569762229919, 0.08929555118083954, 0.07255425304174423], "conf": 0.269100159406662}], "count_per_class": {"B1": 1, "B2": 0, "B3": 3, "B4": 0}, "side_index": 0}