{"image": "DAMIMAS_A21B_0352_4.jpg", "detector": "y26m_vanilla_local", "detections": [{"box_index": 0, "class_id": 0, "class_name": "B1", "bbox_yolo": [0.6019194722175598, 0.3956092298030853, 0.11518142372369766, 0.07298737019300461], "conf": 0.4644940197467804}, {"box_index": 1, "class_id": 2, "class_name": "B3", "bbox_yolo": [0.333518922328949, 0.3834683299064636, 0.08975105732679367, 0.07430720329284668], "conf": 0.3177257478237152}], "count_per_class": {"B1": 1, "B2": 0, "B3": 1, "B4": 0}, "side_index": 3}