{"image": "DAMIMAS_A21B_0026_1.jpg", "detector": "y26m_vanilla_local", "detections": [{"box_index": 0, "class_id": 2, "class_name": "B3", "bbox_yolo": [0.5145966410636902, 0.5548750758171082, 0.09993499517440796, 0.07345666736364365], "conf": 0.4738010764122009}, {"box_index": 1, "class_id": 2, "class_name": "B3", "bbox_yolo": [0.3756093680858612, 0.5758295655250549, 0.10852455347776413, 0.07618580013513565], "conf": 0.312203586101532}], "count_per_class": {"B1": 0, "B2": 0, "B3": 2, "B4": 0}, "side_index": 0}