{"image": "DAMIMAS_A21B_0422_1.jpg", "detector": "y26m_vanilla_local", "detections": [{"box_index": 0, "class_id": 1, "class_name": "B2", "bbox_yolo": [0.4596891701221466, 0.4641370475292206, 0.15658074617385864, 0.13015134632587433], "conf": 0.46297699213027954}, {"box_index": 1, "class_id": 2, "class_name": "B3", "bbox_yolo": [0.6193879842758179, 0.43066224455833435, 0.1289152204990387, 0.09991057217121124], "conf": 0.39921438694000244}, {"box_index": 2, "class_id": 2, "class_name": "B3", "bbox_yolo": [0.37196171283721924, 0.3957650363445282, 0.08554141223430634, 0.07661910355091095], "conf": 0.3469114303588867}, {"box_index": 3, "class_id": 2, "class_name": "B3", "bbox_yolo": [0.623862087726593, 0.42350730299949646, 0.11320286244153976, 0.08185505867004395], "conf": 0.33577507734298706}], "count_per_class": {"B1": 0, "B2": 1, "B3": 3, "B4": 0}, "side_index": 0}