{"image": "DAMIMAS_A21B_0293_3.jpg", "detector": "y26m_vanilla_local", "detections": [{"box_index": 0, "class_id": 2, "class_name": "B3", "bbox_yolo": [0.4528590142726898, 0.4751617908477783, 0.11131007224321365, 0.08262806385755539], "conf": 0.3046804368495941}, {"box_index": 1, "class_id": 2, "class_name": "B3", "bbox_yolo": [0.3320227563381195, 0.5214664936065674, 0.09158103168010712, 0.08421935886144638], "conf": 0.30083775520324707}, {"box_index": 2, "class_id": 2, "class_name": "B3", "bbox_yolo": [0.4564148485660553, 0.4719648063182831, 0.10215969383716583, 0.07749652862548828], "conf": 0.2756701111793518}, {"box_index": 3, "class_id": 2, "class_name": "B3", "bbox_yolo": [0.6058244109153748, 0.44524356722831726, 0.12264703959226608, 0.07410521805286407], "conf": 0.2546597123146057}], "count_per_class": {"B1": 0, "B2": 0, "B3": 4, "B4": 0}, "side_index": 2}