{"image": "DAMIMAS_A21B_0814_1.jpg", "detector": "y26m_vanilla_local", "detections": [{"box_index": 0, "class_id": 2, "class_name": "B3", "bbox_yolo": [0.35912084579467773, 0.38559818267822266, 0.09797494113445282, 0.07357378304004669], "conf": 0.3428514301776886}, {"box_index": 1, "class_id": 2, "class_name": "B3", "bbox_yolo": [0.6196205615997314, 0.4263068735599518, 0.15126477181911469, 0.11239824444055557], "conf": 0.28776392340660095}], "count_per_class": {"B1": 0, "B2": 0, "B3": 2, "B4": 0}, "side_index": 0}