{"image": "DAMIMAS_A21B_0101_1.jpg", "detector": "y26m_vanilla_local", "detections": [{"box_index": 0, "class_id": 2, "class_name": "B3", "bbox_yolo": [0.31953349709510803, 0.45245152711868286, 0.08150511234998703, 0.07548809051513672], "conf": 0.3626435697078705}, {"box_index": 1, "class_id": 0, "class_name": "B1", "bbox_yolo": [0.4276195764541626, 0.4948142170906067, 0.15862885117530823, 0.12338452786207199], "conf": 0.33870887756347656}, {"box_index": 2, "class_id": 2, "class_name": "B3", "bbox_yolo": [0.6751378774642944, 0.47616806626319885, 0.1232161894440651, 0.10808391869068146], "conf": 0.3323247730731964}, {"box_index": 3, "class_id": 2, "class_name": "B3", "bbox_yolo": [0.6812703609466553, 0.47198954224586487, 0.10417703539133072, 0.09481177479028702], "conf": 0.33029186725616455}], "count_per_class": {"B1": 1, "B2": 0, "B3": 3, "B4": 0}, "side_index": 0}