{"image": "DAMIMAS_A21B_0440_3.jpg", "detector": "y26m_vanilla_local", "detections": [{"box_index": 0, "class_id": 2, "class_name": "B3", "bbox_yolo": [0.6088727116584778, 0.4094294607639313, 0.07474556565284729, 0.06511969864368439], "conf": 0.31600674986839294}, {"box_index": 1, "class_id": 1, "class_name": "B2", "bbox_yolo": [0.5039697289466858, 0.44377920031547546, 0.09928882122039795, 0.07890047878026962], "conf": 0.3093200922012329}, {"box_index": 2, "class_id": 2, "class_name": "B3", "bbox_yolo": [0.38649997115135193, 0.4422045648097992, 0.08279584348201752, 0.06561260670423508], "conf": 0.30395179986953735}, {"box_index": 3, "class_id": 2, "class_name": "B3", "bbox_yolo": [0.7049717903137207, 0.43974629044532776, 0.08236758410930634, 0.0676150843501091], "conf": 0.2907070517539978}], "count_per_class": {"B1": 0, "B2": 1, "B3": 3, "B4": 0}, "side_index": 2}