{"image": "DAMIMAS_A21B_0707_1.jpg", "detector": "y26m_vanilla_local", "detections": [{"box_index": 0, "class_id": 2, "class_name": "B3", "bbox_yolo": [0.36976343393325806, 0.33805057406425476, 0.24678468704223633, 0.18233604729175568], "conf": 0.6269801259040833}, {"box_index": 1, "class_id": 2, "class_name": "B3", "bbox_yolo": [0.8154510855674744, 0.3527730405330658, 0.17447440326213837, 0.13087069988250732], "conf": 0.37971213459968567}], "count_per_class": {"B1": 0, "B2": 0, "B3": 2, "B4": 0}, "side_index": 0}