{"image": "DAMIMAS_A21B_0653_4.jpg", "detector": "y26m_vanilla_local", "detections": [{"box_index": 0, "class_id": 2, "class_name": "B3", "bbox_yolo": [0.5046413540840149, 0.27507326006889343, 0.15083497762680054, 0.1446138471364975], "conf": 0.6514309644699097}, {"box_index": 1, "class_id": 1, "class_name": "B2", "bbox_yolo": [0.6730021238327026, 0.32575756311416626, 0.16787809133529663, 0.11938934773206711], "conf": 0.4838904142379761}, {"box_index": 2, "class_id": 2, "class_name": "B3", "bbox_yolo": [0.3185039162635803, 0.3023516833782196, 0.14528080821037292, 0.11128947883844376], "conf": 0.42864981293678284}, {"box_index": 3, "class_id": 1, "class_name": "B2", "bbox_yolo": [0.31910648941993713, 0.3023782968521118, 0.14534500241279602, 0.10993704944849014], "conf": 0.2631777226924896}], "count_per_class": {"B1": 0, "B2": 2, "B3": 2, "B4": 0}, "side_index": 3}