{"image": "DAMIMAS_A21B_0524_1.jpg", "detector": "y26m_vanilla_local", "detections": [{"box_index": 0, "class_id": 2, "class_name": "B3", "bbox_yolo": [0.46075770258903503, 0.43445417284965515, 0.14500154554843903, 0.11407170444726944], "conf": 0.38921818137168884}, {"box_index": 1, "class_id": 2, "class_name": "B3", "bbox_yolo": [0.6834161281585693, 0.40037956833839417, 0.09656251966953278, 0.0783655196428299], "conf": 0.3097851276397705}, {"box_index": 2, "class_id": 3, "class_name": "B4", "bbox_yolo": [0.58087557554245, 0.35583755373954773, 0.10192728787660599, 0.07380010932683945], "conf": 0.27251139283180237}, {"box_index": 3, "class_id": 2, "class_name": "B3", "bbox_yolo": [0.3410993814468384, 0.39270710945129395, 0.09455782920122147, 0.08123178780078888], "conf": 0.2656034827232361}], "count_per_class": {"B1": 0, "B2": 0, "B3": 3, "B4": 1}, "side_index": 0}