{"image": "DAMIMAS_A21B_0764_1.jpg", "detector": "y26m_vanilla_local", "detections": [{"box_index": 0, "class_id": 2, "class_name": "B3", "bbox_yolo": [0.5976268649101257, 0.44011661410331726, 0.15028686821460724, 0.09900636970996857], "conf": 0.32755088806152344}, {"box_index": 1, "class_id": 2, "class_name": "B3", "bbox_yolo": [0.6063452959060669, 0.43355509638786316, 0.11854077130556107, 0.07926876842975616], "conf": 0.32699307799339294}], "count_per_class": {"B1": 0, "B2": 0, "B3": 2, "B4": 0}, "side_index": 0}