{"image": "DAMIMAS_A21B_0731_1.jpg", "detector": "y26m_vanilla_local", "detections": [{"box_index": 0, "class_id": 2, "class_name": "B3", "bbox_yolo": [0.3283537030220032, 0.1976517289876938, 0.1611245572566986, 0.12132211774587631], "conf": 0.28817492723464966}], "count_per_class": {"B1": 0, "B2": 0, "B3": 1, "B4": 0}, "side_index": 0}