{"image": "DAMIMAS_A21B_0648_3.jpg", "detector": "y26m_vanilla_local", "detections": [{"box_index": 0, "class_id": 2, "class_name": "B3", "bbox_yolo": [0.27529239654541016, 0.4234326481819153, 0.15619027614593506, 0.13134287297725677], "conf": 0.6231480836868286}, {"box_index": 1, "class_id": 2, "class_name": "B3", "bbox_yolo": [0.607612669467926, 0.35326194763183594, 0.19877396523952484, 0.13597038388252258], "conf": 0.4215947091579437}], "count_per_class": {"B1": 0, "B2": 0, "B3": 2, "B4": 0}, "side_index": 2}