{"image": "DAMIMAS_A21B_0746_1.jpg", "detector": "y26m_vanilla_local", "detections": [{"box_index": 0, "class_id": 2, "class_name": "B3", "bbox_yolo": [0.7394006252288818, 0.3524779975414276, 0.18839773535728455, 0.15231461822986603], "conf": 0.7160290479660034}, {"box_index": 1, "class_id": 1, "class_name": "B2", "bbox_yolo": [0.2916344106197357, 0.42996636033058167, 0.1694222390651703, 0.13851557672023773], "conf": 0.6681026816368103}, {"box_index": 2, "class_id": 2, "class_name": "B3", "bbox_yolo": [0.5095697045326233, 0.3902372121810913, 0.16867126524448395, 0.1398843377828598], "conf": 0.5715621709823608}, {"box_index": 3, "class_id": 2, "class_name": "B3", "bbox_yolo": [0.32836559414863586, 0.2957246005535126, 0.19361811876296997, 0.12351415306329727], "conf": 0.5067582726478577}], "count_per_class": {"B1": 0, "B2": 1, "B3": 3, "B4": 0}, "side_index": 0}