{"image": "DAMIMAS_A21B_0196_4.jpg", "detector": "y26m_vanilla_local", "detections": [{"box_index": 0, "class_id": 2, "class_name": "B3", "bbox_yolo": [0.5537894368171692, 0.3537239730358124, 0.08759117871522903, 0.05626409128308296], "conf": 0.2573740780353546}, {"box_index": 1, "class_id": 2, "class_name": "B3", "bbox_yolo": [0.35672420263290405, 0.42646485567092896, 0.08102519065141678, 0.0696091428399086], "conf": 0.2548684775829315}], "count_per_class": {"B1": 0, "B2": 0, "B3": 2, "B4": 0}, "side_index": 3}