{"image": "DAMIMAS_A21B_0152_4.jpg", "detector": "y26m_vanilla_local", "detections": [{"box_index": 0, "class_id": 2, "class_name": "B3", "bbox_yolo": [0.41315537691116333, 0.4310775697231293, 0.10761576145887375, 0.06483425945043564], "conf": 0.4050069749355316}, {"box_index": 1, "class_id": 2, "class_name": "B3", "bbox_yolo": [0.6494525671005249, 0.5047141909599304, 0.07957077771425247, 0.07469353824853897], "conf": 0.3137337267398834}], "count_per_class": {"B1": 0, "B2": 0, "B3": 2, "B4": 0}, "side_index": 3}