{"image": "DAMIMAS_A21B_0762_2.jpg", "detector": "y26m_vanilla_local", "detections": [{"box_index": 0, "class_id": 2, "class_name": "B3", "bbox_yolo": [0.38682258129119873, 0.32718631625175476, 0.14309337735176086, 0.11775531619787216], "conf": 0.3935076892375946}, {"box_index": 1, "class_id": 2, "class_name": "B3", "bbox_yolo": [0.5782278180122375, 0.3196096420288086, 0.10601308196783066, 0.09275317192077637], "conf": 0.27122068405151367}], "count_per_class": {"B1": 0, "B2": 0, "B3": 2, "B4": 0}, "side_index": 1}