{"image": "DAMIMAS_A21B_0850_8.jpg", "detector": "y26m_vanilla_local", "detections": [{"box_index": 0, "class_id": 3, "class_name": "B4", "bbox_yolo": [0.5942206978797913, 0.34638896584510803, 0.0896887481212616, 0.07831883430480957], "conf": 0.6109991669654846}, {"box_index": 1, "class_id": 2, "class_name": "B3", "bbox_yolo": [0.3403959572315216, 0.4067080616950989, 0.09545352309942245, 0.07777092605829239], "conf": 0.5622539520263672}, {"box_index": 2, "class_id": 1, "class_name": "B2", "bbox_yolo": [0.54441899061203, 0.43871474266052246, 0.13764744997024536, 0.09093964099884033], "conf": 0.28689754009246826}, {"box_index": 3, "class_id": 2, "class_name": "B3", "bbox_yolo": [0.6860895156860352, 0.4170987606048584, 0.08225956559181213, 0.07425244152545929], "conf": 0.2600647807121277}], "count_per_class": {"B1": 0, "B2": 1, "B3": 2, "B4": 1}, "side_index": 7}