{"image": "DAMIMAS_A21B_0401_2.jpg", "detector": "y26m_vanilla_local", "detections": [{"box_index": 0, "class_id": 2, "class_name": "B3", "bbox_yolo": [0.4181187152862549, 0.3984619379043579, 0.10545508563518524, 0.09241137653589249], "conf": 0.35564833879470825}, {"box_index": 1, "class_id": 2, "class_name": "B3", "bbox_yolo": [0.565485954284668, 0.4051304757595062, 0.09211426228284836, 0.082292340695858], "conf": 0.33561864495277405}, {"box_index": 2, "class_id": 2, "class_name": "B3", "bbox_yolo": [0.41667044162750244, 0.40144816040992737, 0.11800410598516464, 0.0970950648188591], "conf": 0.3060610890388489}, {"box_index": 3, "class_id": 2, "class_name": "B3", "bbox_yolo": [0.3267837166786194, 0.404766708612442, 0.06695696711540222, 0.060788821429014206], "conf": 0.26855289936065674}], "count_per_class": {"B1": 0, "B2": 0, "B3": 4, "B4": 0}, "side_index": 1}