{"image": "DAMIMAS_A21B_0069_4.jpg", "detector": "y26m_vanilla_local", "detections": [{"box_index": 0, "class_id": 2, "class_name": "B3", "bbox_yolo": [0.322783887386322, 0.4764043986797333, 0.11993072181940079, 0.0773066058754921], "conf": 0.32593902945518494}, {"box_index": 1, "class_id": 2, "class_name": "B3", "bbox_yolo": [0.5433743000030518, 0.44396838545799255, 0.07890358567237854, 0.07569146156311035], "conf": 0.3073389232158661}, {"box_index": 2, "class_id": 3, "class_name": "B4", "bbox_yolo": [0.28754299879074097, 0.4149089753627777, 0.0825241431593895, 0.0519716739654541], "conf": 0.2839708924293518}], "count_per_class": {"B1": 0, "B2": 0, "B3": 2, "B4": 1}, "side_index": 3}