{"image": "DAMIMAS_A21B_0464_4.jpg", "detector": "y26m_vanilla_local", "detections": [{"box_index": 0, "class_id": 0, "class_name": "B1", "bbox_yolo": [0.4876675009727478, 0.450266569852829, 0.08388160169124603, 0.07330379635095596], "conf": 0.6645311713218689}, {"box_index": 1, "class_id": 2, "class_name": "B3", "bbox_yolo": [0.5869659781455994, 0.43076857924461365, 0.067781962454319, 0.05678057670593262], "conf": 0.3825954794883728}, {"box_index": 2, "class_id": 2, "class_name": "B3", "bbox_yolo": [0.44069281220436096, 0.4200389087200165, 0.05520814657211304, 0.05026881769299507], "conf": 0.34221118688583374}, {"box_index": 3, "class_id": 2, "class_name": "B3", "bbox_yolo": [0.3915829360485077, 0.43037229776382446, 0.050581298768520355, 0.04718904569745064], "conf": 0.2543916404247284}], "count_per_class": {"B1": 1, "B2": 0, "B3": 3, "B4": 0}, "side_index": 3}