{"image": "DAMIMAS_A21B_0317_3.jpg", "detector": "y26m_vanilla_local", "detections": [{"box_index": 0, "class_id": 2, "class_name": "B3", "bbox_yolo": [0.5885775685310364, 0.48207393288612366, 0.09857489913702011, 0.08399639278650284], "conf": 0.5349733829498291}, {"box_index": 1, "class_id": 2, "class_name": "B3", "bbox_yolo": [0.3760310411453247, 0.5119466185569763, 0.1325867474079132, 0.10800933837890625], "conf": 0.3275933265686035}], "count_per_class": {"B1": 0, "B2": 0, "B3": 2, "B4": 0}, "side_index": 2}