{"image": "DAMIMAS_A21B_0555_3.jpg", "detector": "y26m_vanilla_local", "detections": [{"box_index": 0, "class_id": 1, "class_name": "B2", "bbox_yolo": [0.6727725267410278, 0.44901296496391296, 0.11980235576629639, 0.1087520644068718], "conf": 0.33706673979759216}, {"box_index": 1, "class_id": 2, "class_name": "B3", "bbox_yolo": [0.5941982865333557, 0.40189310908317566, 0.11851012706756592, 0.10365588963031769], "conf": 0.33177250623703003}, {"box_index": 2, "class_id": 1, "class_name": "B2", "bbox_yolo": [0.34151729941368103, 0.4719381332397461, 0.14112022519111633, 0.1258198320865631], "conf": 0.3147100806236267}], "count_per_class": {"B1": 0, "B2": 2, "B3": 1, "B4": 0}, "side_index": 2}