{"image": "DAMIMAS_A21B_0110_1.jpg", "detector": "y26m_vanilla_local", "detections": [{"box_index": 0, "class_id": 3, "class_name": "B4", "bbox_yolo": [0.42513227462768555, 0.347236305475235, 0.0982113853096962, 0.07511117309331894], "conf": 0.3237968683242798}, {"box_index": 1, "class_id": 2, "class_name": "B3", "bbox_yolo": [0.42513227462768555, 0.347236305475235, 0.0982113853096962, 0.07511117309331894], "conf": 0.2819724380970001}], "count_per_class": {"B1": 0, "B2": 0, "B3": 1, "B4": 1}, "side_index": 0}