{"image": "DAMIMAS_A21B_0375_1.jpg", "detector": "y26m_vanilla_local", "detections": [{"box_index": 0, "class_id": 2, "class_name": "B3", "bbox_yolo": [0.5919228792190552, 0.42654281854629517, 0.08664436638355255, 0.06272142380475998], "conf": 0.25060325860977173}], "count_per_class": {"B1": 0, "B2": 0, "B3": 1, "B4": 0}, "side_index": 0}