{"image": "DAMIMAS_A21B_0003_2.jpg", "detector": "y26m_vanilla_local", "detections": [{"box_index": 0, "class_id": 2, "class_name": "B3", "bbox_yolo": [0.4204331338405609, 0.4215691089630127, 0.15343160927295685, 0.11339302361011505], "conf": 0.7537517547607422}], "count_per_class": {"B1": 0, "B2": 0, "B3": 1, "B4": 0}, "side_index": 1}