{"image": "DAMIMAS_A21B_0357_1.jpg", "detector": "y26m_vanilla_local", "detections": [{"box_index": 0, "class_id": 2, "class_name": "B3", "bbox_yolo": [0.6275747418403625, 0.3873980641365051, 0.09320132434368134, 0.07054827362298965], "conf": 0.27716967463493347}, {"box_index": 1, "class_id": 1, "class_name": "B2", "bbox_yolo": [0.42911970615386963, 0.4058390259742737, 0.09355669468641281, 0.07104606926441193], "conf": 0.2557438015937805}], "count_per_class": {"B1": 0, "B2": 1, "B3": 1, "B4": 0}, "side_index": 0}