{"image": "DAMIMAS_A21B_0415_1.jpg", "detector": "y26m_vanilla_local", "detections": [{"box_index": 0, "class_id": 2, "class_name": "B3", "bbox_yolo": [0.6595625877380371, 0.3436315655708313, 0.15489248931407928, 0.1059335470199585], "conf": 0.5561217069625854}, {"box_index": 1, "class_id": 2, "class_name": "B3", "bbox_yolo": [0.3018129765987396, 0.3444064259529114, 0.1566351056098938, 0.11749400943517685], "conf": 0.5112502574920654}, {"box_index": 2, "class_id": 2, "class_name": "B3", "bbox_yolo": [0.318451851606369, 0.33035537600517273, 0.11700273305177689, 0.08858638256788254], "conf": 0.28558865189552307}], "count_per_class": {"B1": 0, "B2": 0, "B3": 3, "B4": 0}, "side_index": 0}