{"image": "DAMIMAS_A21B_0694_2.jpg", "detector": "y26m_vanilla_local", "detections": [{"box_index": 0, "class_id": 0, "class_name": "B1", "bbox_yolo": [0.41736865043640137, 0.23600716888904572, 0.19424019753932953, 0.1712261289358139], "conf": 0.5681041479110718}, {"box_index": 1, "class_id": 2, "class_name": "B3", "bbox_yolo": [0.616019606590271, 0.20429478585720062, 0.16612784564495087, 0.12782016396522522], "conf": 0.46943697333335876}, {"box_index": 2, "class_id": 1, "class_name": "B2", "bbox_yolo": [0.41893309354782104, 0.23758192360401154, 0.1942129284143448, 0.17227905988693237], "conf": 0.2566242814064026}], "count_per_class": {"B1": 1, "B2": 1, "B3": 1, "B4": 0}, "side_index": 1}