{"image": "DAMIMAS_A21B_0603_3.jpg", "detector": "y26m_vanilla_local", "detections": [{"box_index": 0, "class_id": 0, "class_name": "B1", "bbox_yolo": [0.19932812452316284, 0.4487619996070862, 0.1647193729877472, 0.1373811811208725], "conf": 0.3931792974472046}, {"box_index": 1, "class_id": 2, "class_name": "B3", "bbox_yolo": [0.2939260005950928, 0.3639460802078247, 0.18438388407230377, 0.12832073867321014], "conf": 0.34635117650032043}], "count_per_class": {"B1": 1, "B2": 0, "B3": 1, "B4": 0}, "side_index": 2}