{"image": "DAMIMAS_A21B_0603_2.jpg", "detector": "y26m_vanilla_local", "detections": [{"box_index": 0, "class_id": 2, "class_name": "B3", "bbox_yolo": [0.27516743540763855, 0.42074623703956604, 0.1751212477684021, 0.12544789910316467], "conf": 0.6141787171363831}, {"box_index": 1, "class_id": 0, "class_name": "B1", "bbox_yolo": [0.7454283833503723, 0.4573083817958832, 0.1611512005329132, 0.13040386140346527], "conf": 0.5485614538192749}, {"box_index": 2, "class_id": 1, "class_name": "B2", "bbox_yolo": [0.5221666097640991, 0.45931631326675415, 0.18887294828891754, 0.15092448890209198], "conf": 0.39552128314971924}], "count_per_class": {"B1": 1, "B2": 1, "B3": 1, "B4": 0}, "side_index": 1}