{"image": "DAMIMAS_A21B_0347_1.jpg", "detector": "y26m_vanilla_local", "detections": [{"box_index": 0, "class_id": 2, "class_name": "B3", "bbox_yolo": [0.5586123466491699, 0.33695608377456665, 0.09231240302324295, 0.09220540523529053], "conf": 0.49242454767227173}, {"box_index": 1, "class_id": 2, "class_name": "B3", "bbox_yolo": [0.4357219636440277, 0.31368112564086914, 0.08962682634592056, 0.06307055801153183], "conf": 0.37344595789909363}, {"box_index": 2, "class_id": 2, "class_name": "B3", "bbox_yolo": [0.6872686147689819, 0.32683834433555603, 0.07817910611629486, 0.06299223750829697], "conf": 0.3143613338470459}, {"box_index": 3, "class_id": 1, "class_name": "B2", "bbox_yolo": [0.39786455035209656, 0.3815089166164398, 0.08854927122592926, 0.07399659603834152], "conf": 0.30555272102355957}], "count_per_class": {"B1": 0, "B2": 1, "B3": 3, "B4": 0}, "side_index": 0}