{"image": "DAMIMAS_A21B_0372_2.jpg", "detector": "y26m_vanilla_local", "detections": [{"box_index": 0, "class_id": 2, "class_name": "B3", "bbox_yolo": [0.449502170085907, 0.41779279708862305, 0.10954762250185013, 0.0829709991812706], "conf": 0.603631317615509}, {"box_index": 1, "class_id": 1, "class_name": "B2", "bbox_yolo": [0.5729250907897949, 0.43884173035621643, 0.10806497186422348, 0.08117444813251495], "conf": 0.42828571796417236}, {"box_index": 2, "class_id": 2, "class_name": "B3", "bbox_yolo": [0.6206567287445068, 0.3801707923412323, 0.070492684841156, 0.04761018976569176], "conf": 0.2912517786026001}, {"box_index": 3, "class_id": 2, "class_name": "B3", "bbox_yolo": [0.5729250907897949, 0.43884173035621643, 0.10806497186422348, 0.08117444813251495], "conf": 0.2681349813938141}], "count_per_class": {"B1": 0, "B2": 1, "B3": 3, "B4": 0}, "side_index": 1}