{"image": "DAMIMAS_A21B_0807_2.jpg", "detector": "y26m_vanilla_local", "detections": [{"box_index": 0, "class_id": 2, "class_name": "B3", "bbox_yolo": [0.7356361746788025, 0.18132419884204865, 0.151889368891716, 0.12140568345785141], "conf": 0.39062416553497314}, {"box_index": 1, "class_id": 3, "class_name": "B4", "bbox_yolo": [0.7356361746788025, 0.18132419884204865, 0.151889368891716, 0.12140568345785141], "conf": 0.36533471941947937}], "count_per_class": {"B1": 0, "B2": 0, "B3": 1, "B4": 1}, "side_index": 1}