{"image": "DAMIMAS_A21B_0502_4.jpg", "detector": "y26m_vanilla_local", "detections": [{"box_index": 0, "class_id": 2, "class_name": "B3", "bbox_yolo": [0.34054505825042725, 0.4661392271518707, 0.09625410288572311, 0.06700696796178818], "conf": 0.4019956886768341}, {"box_index": 1, "class_id": 3, "class_name": "B4", "bbox_yolo": [0.3240576684474945, 0.39627423882484436, 0.0641901046037674, 0.056556034833192825], "conf": 0.29396578669548035}, {"box_index": 2, "class_id": 2, "class_name": "B3", "bbox_yolo": [0.3872802257537842, 0.4147126376628876, 0.06458298861980438, 0.05546083673834801], "conf": 0.2532319724559784}], "count_per_class": {"B1": 0, "B2": 0, "B3": 2, "B4": 1}, "side_index": 3}