{"image": "DAMIMAS_A21B_0054_4.jpg", "detector": "y26m_vanilla_local", "detections": [{"box_index": 0, "class_id": 1, "class_name": "B2", "bbox_yolo": [0.4923626184463501, 0.5158854126930237, 0.10575612634420395, 0.08508310467004776], "conf": 0.6205968856811523}, {"box_index": 1, "class_id": 3, "class_name": "B4", "bbox_yolo": [0.3868016004562378, 0.41973647475242615, 0.08477160334587097, 0.0672294870018959], "conf": 0.3161456286907196}], "count_per_class": {"B1": 0, "B2": 1, "B3": 0, "B4": 1}, "side_index": 3}