{"image": "DAMIMAS_A21B_0301_1.jpg", "detector": "y26m_vanilla_local", "detections": [{"box_index": 0, "class_id": 2, "class_name": "B3", "bbox_yolo": [0.6729429364204407, 0.5272948145866394, 0.17485733330249786, 0.13950525224208832], "conf": 0.6756492257118225}, {"box_index": 1, "class_id": 2, "class_name": "B3", "bbox_yolo": [0.24787627160549164, 0.544694721698761, 0.1809040755033493, 0.1244773417711258], "conf": 0.593917965888977}, {"box_index": 2, "class_id": 1, "class_name": "B2", "bbox_yolo": [0.2493264079093933, 0.5456885695457458, 0.17938119173049927, 0.1248788833618164], "conf": 0.33519378304481506}, {"box_index": 3, "class_id": 3, "class_name": "B4", "bbox_yolo": [0.7478996515274048, 0.4561246931552887, 0.1358959972858429, 0.07784714549779892], "conf": 0.2794370651245117}], "count_per_class": {"B1": 0, "B2": 1, "B3": 2, "B4": 1}, "side_index": 0}