{"image": "DAMIMAS_A21B_0134_2.jpg", "detector": "y26m_vanilla_local", "detections": [{"box_index": 0, "class_id": 1, "class_name": "B2", "bbox_yolo": [0.4578857421875, 0.2838036119937897, 0.09630642086267471, 0.08631870895624161], "conf": 0.36849403381347656}], "count_per_class": {"B1": 0, "B2": 1, "B3": 0, "B4": 0}, "side_index": 1}