{"image": "DAMIMAS_A21B_0758_3.jpg", "detector": "y26m_vanilla_local", "detections": [{"box_index": 0, "class_id": 0, "class_name": "B1", "bbox_yolo": [0.6333327293395996, 0.3742295205593109, 0.17359861731529236, 0.1511598378419876], "conf": 0.697382926940918}, {"box_index": 1, "class_id": 1, "class_name": "B2", "bbox_yolo": [0.35786059498786926, 0.38107284903526306, 0.14081396162509918, 0.12765565514564514], "conf": 0.48710688948631287}], "count_per_class": {"B1": 1, "B2": 1, "B3": 0, "B4": 0}, "side_index": 2}