{"image": "DAMIMAS_A21B_0082_3.jpg", "detector": "y26m_vanilla_local", "detections": [{"box_index": 0, "class_id": 1, "class_name": "B2", "bbox_yolo": [0.33170390129089355, 0.48202475905418396, 0.1279277503490448, 0.10690412670373917], "conf": 0.4877206087112427}, {"box_index": 1, "class_id": 1, "class_name": "B2", "bbox_yolo": [0.5087913870811462, 0.4768383204936981, 0.11398395150899887, 0.07504730671644211], "conf": 0.2951967716217041}], "count_per_class": {"B1": 0, "B2": 2, "B3": 0, "B4": 0}, "side_index": 2}