{"image": "DAMIMAS_A21B_0795_4.jpg", "detector": "y26m_vanilla_local", "detections": [{"box_index": 0, "class_id": 2, "class_name": "B3", "bbox_yolo": [0.7142168879508972, 0.4176177978515625, 0.16033415496349335, 0.14724145829677582], "conf": 0.5112142562866211}, {"box_index": 1, "class_id": 0, "class_name": "B1", "bbox_yolo": [0.4093201458454132, 0.43224745988845825, 0.20558126270771027, 0.12749457359313965], "conf": 0.3561496138572693}, {"box_index": 2, "class_id": 1, "class_name": "B2", "bbox_yolo": [0.7068338990211487, 0.42109519243240356, 0.17745400965213776, 0.150840163230896], "conf": 0.33325353264808655}, {"box_index": 3, "class_id": 0, "class_name": "B1", "bbox_yolo": [0.4192691147327423, 0.43152037262916565, 0.19167537987232208, 0.12505164742469788], "conf": 0.28092923760414124}], "count_per_class": {"B1": 2, "B2": 1, "B3": 1, "B4": 0}, "side_index": 3}