{"image": "DAMIMAS_A21B_0183_2.jpg", "detector": "y26m_vanilla_local", "detections": [{"box_index": 0, "class_id": 2, "class_name": "B3", "bbox_yolo": [0.58744877576828, 0.3756842613220215, 0.1412266194820404, 0.11077823489904404], "conf": 0.7071495652198792}, {"box_index": 1, "class_id": 3, "class_name": "B4", "bbox_yolo": [0.5922670960426331, 0.2822078764438629, 0.07935498654842377, 0.06287312507629395], "conf": 0.4879998564720154}, {"box_index": 2, "class_id": 2, "class_name": "B3", "bbox_yolo": [0.4062049388885498, 0.3939681053161621, 0.1216539740562439, 0.07899367809295654], "conf": 0.3741745948791504}, {"box_index": 3, "class_id": 2, "class_name": "B3", "bbox_yolo": [0.406315416097641, 0.3966153562068939, 0.13726654648780823, 0.09210324287414551], "conf": 0.3255225419998169}], "count_per_class": {"B1": 0, "B2": 0, "B3": 3, "B4": 1}, "side_index": 1}