{"image": "DAMIMAS_A21B_0177_1.jpg", "detector": "y26m_vanilla_local", "detections": [{"box_index": 0, "class_id": 2, "class_name": "B3", "bbox_yolo": [0.34963566064834595, 0.5655409693717957, 0.14732705056667328, 0.12080011516809464], "conf": 0.6510116457939148}, {"box_index": 1, "class_id": 2, "class_name": "B3", "bbox_yolo": [0.5089273452758789, 0.5211613774299622, 0.13274702429771423, 0.10735326260328293], "conf": 0.4549446105957031}, {"box_index": 2, "class_id": 2, "class_name": "B3", "bbox_yolo": [0.2933787703514099, 0.48021793365478516, 0.09215097874403, 0.06908860057592392], "conf": 0.2820929288864136}, {"box_index": 3, "class_id": 3, "class_name": "B4", "bbox_yolo": [0.40256088972091675, 0.4546317160129547, 0.0962386205792427, 0.08299727737903595], "conf": 0.2796657383441925}], "count_per_class": {"B1": 0, "B2": 0, "B3": 3, "B4": 1}, "side_index": 0}