{"image": "DAMIMAS_A21B_0839_5.jpg", "detector": "y26m_vanilla_local", "detections": [{"box_index": 0, "class_id": 2, "class_name": "B3", "bbox_yolo": [0.5702388286590576, 0.48133906722068787, 0.13931682705879211, 0.10040908306837082], "conf": 0.5495343208312988}, {"box_index": 1, "class_id": 2, "class_name": "B3", "bbox_yolo": [0.32445836067199707, 0.46509820222854614, 0.10504824668169022, 0.08064752072095871], "conf": 0.3078099191188812}], "count_per_class": {"B1": 0, "B2": 0, "B3": 2, "B4": 0}, "side_index": 4}