{"image": "DAMIMAS_A21B_0347_4.jpg", "detector": "y26m_vanilla_local", "detections": [{"box_index": 0, "class_id": 0, "class_name": "B1", "bbox_yolo": [0.6200965046882629, 0.34831956028938293, 0.11588154733181, 0.11368346214294434], "conf": 0.4940793812274933}, {"box_index": 1, "class_id": 2, "class_name": "B3", "bbox_yolo": [0.3124997019767761, 0.3446650505065918, 0.1088082492351532, 0.0908564105629921], "conf": 0.4574623703956604}, {"box_index": 2, "class_id": 2, "class_name": "B3", "bbox_yolo": [0.38923683762550354, 0.27741262316703796, 0.09721476584672928, 0.07253165543079376], "conf": 0.26394015550613403}], "count_per_class": {"B1": 1, "B2": 0, "B3": 2, "B4": 0}, "side_index": 3}