{"image": "DAMIMAS_A21B_0067_3.jpg", "detector": "y26m_vanilla_local", "detections": [{"box_index": 0, "class_id": 0, "class_name": "B1", "bbox_yolo": [0.697472333908081, 0.5762732028961182, 0.1399100124835968, 0.13311444222927094], "conf": 0.7318884134292603}, {"box_index": 1, "class_id": 2, "class_name": "B3", "bbox_yolo": [0.5530140399932861, 0.5634056329727173, 0.1392691731452942, 0.09967613220214844], "conf": 0.5074946284294128}, {"box_index": 2, "class_id": 2, "class_name": "B3", "bbox_yolo": [0.4026251435279846, 0.541222333908081, 0.12740212678909302, 0.11205720901489258], "conf": 0.3984173834323883}, {"box_index": 3, "class_id": 1, "class_name": "B2", "bbox_yolo": [0.30605828762054443, 0.5846728682518005, 0.09611202031373978, 0.0904139056801796], "conf": 0.3821743130683899}], "count_per_class": {"B1": 1, "B2": 1, "B3": 2, "B4": 0}, "side_index": 2}