{"image": "DAMIMAS_A21B_0179_2.jpg", "detector": "y26m_vanilla_local", "detections": [{"box_index": 0, "class_id": 2, "class_name": "B3", "bbox_yolo": [0.40709778666496277, 0.34087681770324707, 0.14634345471858978, 0.11523308604955673], "conf": 0.4216555655002594}, {"box_index": 1, "class_id": 2, "class_name": "B3", "bbox_yolo": [0.40771305561065674, 0.338357537984848, 0.13991884887218475, 0.10937654972076416], "conf": 0.2766812741756439}], "count_per_class": {"B1": 0, "B2": 0, "B3": 2, "B4": 0}, "side_index": 1}