{"image": "DAMIMAS_A21B_0631_4.jpg", "detector": "y26m_vanilla_local", "detections": [{"box_index": 0, "class_id": 2, "class_name": "B3", "bbox_yolo": [0.3258174955844879, 0.4197326600551605, 0.14539112150669098, 0.12194056808948517], "conf": 0.5546765923500061}, {"box_index": 1, "class_id": 2, "class_name": "B3", "bbox_yolo": [0.4472815990447998, 0.3360941410064697, 0.17028552293777466, 0.12295329570770264], "conf": 0.45905572175979614}, {"box_index": 2, "class_id": 2, "class_name": "B3", "bbox_yolo": [0.6357071995735168, 0.4036724269390106, 0.15200120210647583, 0.12520714104175568], "conf": 0.3794809877872467}], "count_per_class": {"B1": 0, "B2": 0, "B3": 3, "B4": 0}, "side_index": 3}