{"image": "DAMIMAS_A21B_0384_3.jpg", "detector": "y26m_vanilla_local", "detections": [{"box_index": 0, "class_id": 2, "class_name": "B3", "bbox_yolo": [0.6027799248695374, 0.39385175704956055, 0.07609514147043228, 0.06402414292097092], "conf": 0.4991621673107147}, {"box_index": 1, "class_id": 0, "class_name": "B1", "bbox_yolo": [0.6354383826255798, 0.42841264605522156, 0.06624667346477509, 0.05760834366083145], "conf": 0.3781556189060211}, {"box_index": 2, "class_id": 2, "class_name": "B3", "bbox_yolo": [0.5170209407806396, 0.3786168694496155, 0.0692572295665741, 0.07216532528400421], "conf": 0.347616046667099}, {"box_index": 3, "class_id": 2, "class_name": "B3", "bbox_yolo": [0.4275234341621399, 0.42142269015312195, 0.09876076877117157, 0.06457357853651047], "conf": 0.3231927454471588}], "count_per_class": {"B1": 1, "B2": 0, "B3": 3, "B4": 0}, "side_index": 2}