{"image": "DAMIMAS_A21B_0131_4.jpg", "detector": "y26m_vanilla_local", "detections": [{"box_index": 0, "class_id": 2, "class_name": "B3", "bbox_yolo": [0.4814576506614685, 0.41841021180152893, 0.10017694532871246, 0.0836920291185379], "conf": 0.5174439549446106}, {"box_index": 1, "class_id": 2, "class_name": "B3", "bbox_yolo": [0.6396566033363342, 0.4142397344112396, 0.08277124166488647, 0.06757886707782745], "conf": 0.32663145661354065}, {"box_index": 2, "class_id": 2, "class_name": "B3", "bbox_yolo": [0.35169488191604614, 0.41769036650657654, 0.09227129817008972, 0.08011386543512344], "conf": 0.2712123692035675}], "count_per_class": {"B1": 0, "B2": 0, "B3": 3, "B4": 0}, "side_index": 3}