{"image": "DAMIMAS_A21B_0501_4.jpg", "detector": "y26m_vanilla_local", "detections": [{"box_index": 0, "class_id": 3, "class_name": "B4", "bbox_yolo": [0.51199871301651, 0.40078696608543396, 0.0652562826871872, 0.05381164699792862], "conf": 0.29574331641197205}, {"box_index": 1, "class_id": 2, "class_name": "B3", "bbox_yolo": [0.4353380501270294, 0.4206497371196747, 0.07655461877584457, 0.05840468406677246], "conf": 0.28835994005203247}, {"box_index": 2, "class_id": 2, "class_name": "B3", "bbox_yolo": [0.6199519038200378, 0.4780164659023285, 0.09921958297491074, 0.06838016957044601], "conf": 0.2763229012489319}], "count_per_class": {"B1": 0, "B2": 0, "B3": 2, "B4": 1}, "side_index": 3}