{"image": "DAMIMAS_A21B_0295_2.jpg", "detector": "y26m_vanilla_local", "detections": [{"box_index": 0, "class_id": 1, "class_name": "B2", "bbox_yolo": [0.6789518594741821, 0.5442721843719482, 0.14504052698612213, 0.12078857421875], "conf": 0.30887487530708313}, {"box_index": 1, "class_id": 1, "class_name": "B2", "bbox_yolo": [0.48515862226486206, 0.5167191624641418, 0.14662574231624603, 0.1061035618185997], "conf": 0.26067811250686646}], "count_per_class": {"B1": 0, "B2": 2, "B3": 0, "B4": 0}, "side_index": 1}