{"image": "DAMIMAS_A21B_0178_1.jpg", "detector": "y26m_vanilla_local", "detections": [{"box_index": 0, "class_id": 2, "class_name": "B3", "bbox_yolo": [0.53927081823349, 0.511556088924408, 0.138295978307724, 0.11157584190368652], "conf": 0.717101514339447}, {"box_index": 1, "class_id": 1, "class_name": "B2", "bbox_yolo": [0.6547980308532715, 0.5491930246353149, 0.13708427548408508, 0.10133852809667587], "conf": 0.5667331218719482}, {"box_index": 2, "class_id": 0, "class_name": "B1", "bbox_yolo": [0.6541497707366943, 0.5483136177062988, 0.13524876534938812, 0.1010732650756836], "conf": 0.2730078101158142}], "count_per_class": {"B1": 1, "B2": 1, "B3": 1, "B4": 0}, "side_index": 0}