{"image": "DAMIMAS_A21B_0381_4.jpg", "detector": "y26m_vanilla_local", "detections": [{"box_index": 0, "class_id": 0, "class_name": "B1", "bbox_yolo": [0.6586199998855591, 0.3922021985054016, 0.09433925151824951, 0.06560315936803818], "conf": 0.5669815540313721}], "count_per_class": {"B1": 1, "B2": 0, "B3": 0, "B4": 0}, "side_index": 3}