{"image": "DAMIMAS_A21B_0252_2.jpg", "detector": "y26m_vanilla_local", "detections": [{"box_index": 0, "class_id": 2, "class_name": "B3", "bbox_yolo": [0.3209035098552704, 0.2945575416088104, 0.08335807174444199, 0.07924940437078476], "conf": 0.2755700349807739}, {"box_index": 1, "class_id": 3, "class_name": "B4", "bbox_yolo": [0.4057357609272003, 0.23032593727111816, 0.130369633436203, 0.1148969754576683], "conf": 0.2636945843696594}], "count_per_class": {"B1": 0, "B2": 0, "B3": 1, "B4": 1}, "side_index": 1}