{"image": "DAMIMAS_A21B_0207_2.jpg", "detector": "y26m_vanilla_local", "detections": [{"box_index": 0, "class_id": 0, "class_name": "B1", "bbox_yolo": [0.2832198739051819, 0.39730745553970337, 0.08916056156158447, 0.08554496616125107], "conf": 0.4836960434913635}, {"box_index": 1, "class_id": 0, "class_name": "B1", "bbox_yolo": [0.28205499053001404, 0.39811763167381287, 0.11916974931955338, 0.09869556874036789], "conf": 0.37558501958847046}, {"box_index": 2, "class_id": 2, "class_name": "B3", "bbox_yolo": [0.3409612774848938, 0.3355805575847626, 0.13758227229118347, 0.0955788642168045], "conf": 0.3515784442424774}, {"box_index": 3, "class_id": 2, "class_name": "B3", "bbox_yolo": [0.6690053939819336, 0.3531899154186249, 0.09610850363969803, 0.08093979209661484], "conf": 0.3093555271625519}], "count_per_class": {"B1": 2, "B2": 0, "B3": 2, "B4": 0}, "side_index": 1}