{"image": "DAMIMAS_A21B_0131_2.jpg", "detector": "y26m_vanilla_local", "detections": [{"box_index": 0, "class_id": 2, "class_name": "B3", "bbox_yolo": [0.47082000970840454, 0.3448910713195801, 0.13536123931407928, 0.11920271068811417], "conf": 0.7474184632301331}, {"box_index": 1, "class_id": 1, "class_name": "B2", "bbox_yolo": [0.3303878903388977, 0.4024654030799866, 0.15407446026802063, 0.11793797463178635], "conf": 0.680041491985321}, {"box_index": 2, "class_id": 3, "class_name": "B4", "bbox_yolo": [0.327818900346756, 0.3148869574069977, 0.08688841015100479, 0.06436850875616074], "conf": 0.2694266736507416}], "count_per_class": {"B1": 0, "B2": 1, "B3": 1, "B4": 1}, "side_index": 1}