{"image": "DAMIMAS_A21B_0193_3.jpg", "detector": "y26m_vanilla_local", "detections": [{"box_index": 0, "class_id": 2, "class_name": "B3", "bbox_yolo": [0.4980399012565613, 0.40313607454299927, 0.1377260982990265, 0.1348455399274826], "conf": 0.7501534819602966}, {"box_index": 1, "class_id": 2, "class_name": "B3", "bbox_yolo": [0.6376615762710571, 0.4809057414531708, 0.17688077688217163, 0.13296465575695038], "conf": 0.6598433256149292}, {"box_index": 2, "class_id": 2, "class_name": "B3", "bbox_yolo": [0.33387526869773865, 0.44471749663352966, 0.1579757183790207, 0.10446162521839142], "conf": 0.4527532160282135}, {"box_index": 3, "class_id": 3, "class_name": "B4", "bbox_yolo": [0.362761527299881, 0.34395670890808105, 0.14804379642009735, 0.09568949043750763], "conf": 0.31069815158843994}], "count_per_class": {"B1": 0, "B2": 0, "B3": 3, "B4": 1}, "side_index": 2}