{"image": "DAMIMAS_A21B_0538_1.jpg", "detector": "y26m_vanilla_local", "detections": [{"box_index": 0, "class_id": 1, "class_name": "B2", "bbox_yolo": [0.647970974445343, 0.5062583088874817, 0.10859610885381699, 0.08795037120580673], "conf": 0.5051305890083313}, {"box_index": 1, "class_id": 2, "class_name": "B3", "bbox_yolo": [0.5306410789489746, 0.4856071472167969, 0.11987127363681793, 0.10178837925195694], "conf": 0.44683200120925903}, {"box_index": 2, "class_id": 1, "class_name": "B2", "bbox_yolo": [0.6445519924163818, 0.5077517628669739, 0.1206907331943512, 0.09618816524744034], "conf": 0.3366197943687439}, {"box_index": 3, "class_id": 2, "class_name": "B3", "bbox_yolo": [0.5339072942733765, 0.4822504222393036, 0.10459862649440765, 0.09494910389184952], "conf": 0.32437679171562195}], "count_per_class": {"B1": 0, "B2": 2, "B3": 2, "B4": 0}, "side_index": 0}