{"image": "DAMIMAS_A21B_0461_2.jpg", "detector": "y26m_vanilla_local", "detections": [{"box_index": 0, "class_id": 1, "class_name": "B2", "bbox_yolo": [0.44500309228897095, 0.4386005997657776, 0.0832858756184578, 0.05951661989092827], "conf": 0.4484159052371979}, {"box_index": 1, "class_id": 2, "class_name": "B3", "bbox_yolo": [0.6312750577926636, 0.4024406373500824, 0.06218039616942406, 0.05478713661432266], "conf": 0.3391174376010895}, {"box_index": 2, "class_id": 2, "class_name": "B3", "bbox_yolo": [0.3884129524230957, 0.4039035737514496, 0.054034523665905, 0.04270346090197563], "conf": 0.31221333146095276}], "count_per_class": {"B1": 0, "B2": 1, "B3": 2, "B4": 0}, "side_index": 1}