{"image": "DAMIMAS_A21B_0757_1.jpg", "detector": "y26m_vanilla_local", "detections": [{"box_index": 0, "class_id": 2, "class_name": "B3", "bbox_yolo": [0.3368802070617676, 0.4772651791572571, 0.15531057119369507, 0.11686835438013077], "conf": 0.5240682363510132}, {"box_index": 1, "class_id": 2, "class_name": "B3", "bbox_yolo": [0.7327754497528076, 0.46183690428733826, 0.13708077371120453, 0.11667924374341965], "conf": 0.44745293259620667}, {"box_index": 2, "class_id": 1, "class_name": "B2", "bbox_yolo": [0.7316341996192932, 0.463397741317749, 0.14069843292236328, 0.11817236244678497], "conf": 0.3768139183521271}], "count_per_class": {"B1": 0, "B2": 1, "B3": 2, "B4": 0}, "side_index": 0}