{"image": "DAMIMAS_A21B_0350_2.jpg", "detector": "y26m_vanilla_local", "detections": [{"box_index": 0, "class_id": 0, "class_name": "B1", "bbox_yolo": [0.6644325852394104, 0.4789362847805023, 0.08901825547218323, 0.09364137798547745], "conf": 0.46431559324264526}, {"box_index": 1, "class_id": 0, "class_name": "B1", "bbox_yolo": [0.6612059473991394, 0.48027822375297546, 0.11623109877109528, 0.10077281296253204], "conf": 0.3773880898952484}, {"box_index": 2, "class_id": 2, "class_name": "B3", "bbox_yolo": [0.600974440574646, 0.42843732237815857, 0.10503922402858734, 0.08611483871936798], "conf": 0.36328592896461487}], "count_per_class": {"B1": 2, "B2": 0, "B3": 1, "B4": 0}, "side_index": 1}