{"image": "DAMIMAS_A21B_0203_3.jpg", "detector": "y26m_vanilla_local", "detections": [{"box_index": 0, "class_id": 2, "class_name": "B3", "bbox_yolo": [0.5210253596305847, 0.42888781428337097, 0.09020615369081497, 0.07657470554113388], "conf": 0.525915265083313}, {"box_index": 1, "class_id": 2, "class_name": "B3", "bbox_yolo": [0.399896502494812, 0.40850239992141724, 0.09481853246688843, 0.06788783520460129], "conf": 0.45880022644996643}], "count_per_class": {"B1": 0, "B2": 0, "B3": 2, "B4": 0}, "side_index": 2}