{"image": "DAMIMAS_A21B_0633_4.jpg", "detector": "y26m_vanilla_local", "detections": [{"box_index": 0, "class_id": 2, "class_name": "B3", "bbox_yolo": [0.21231672167778015, 0.5846080183982849, 0.17547540366649628, 0.13957352936267853], "conf": 0.5696625709533691}, {"box_index": 1, "class_id": 1, "class_name": "B2", "bbox_yolo": [0.21315862238407135, 0.5850833058357239, 0.17244377732276917, 0.1384732723236084], "conf": 0.32854974269866943}], "count_per_class": {"B1": 0, "B2": 1, "B3": 1, "B4": 0}, "side_index": 3}