{"image": "DAMIMAS_A21B_0583_4.jpg", "detector": "y26m_vanilla_local", "detections": [{"box_index": 0, "class_id": 1, "class_name": "B2", "bbox_yolo": [0.28358641266822815, 0.49919137358665466, 0.13853870332241058, 0.12013526260852814], "conf": 0.35121801495552063}, {"box_index": 1, "class_id": 2, "class_name": "B3", "bbox_yolo": [0.2828708291053772, 0.49945011734962463, 0.1454375833272934, 0.12179708480834961], "conf": 0.2807411551475525}], "count_per_class": {"B1": 0, "B2": 1, "B3": 1, "B4": 0}, "side_index": 3}