{"image": "DAMIMAS_A21B_0627_1.jpg", "detector": "y26m_vanilla_local", "detections": [{"box_index": 0, "class_id": 2, "class_name": "B3", "bbox_yolo": [0.21992000937461853, 0.42062994837760925, 0.156257763504982, 0.13634860515594482], "conf": 0.5935559272766113}, {"box_index": 1, "class_id": 1, "class_name": "B2", "bbox_yolo": [0.22107039391994476, 0.4223361909389496, 0.15619195997714996, 0.13674883544445038], "conf": 0.3780186176300049}, {"box_index": 2, "class_id": 2, "class_name": "B3", "bbox_yolo": [0.41385239362716675, 0.40162545442581177, 0.21881362795829773, 0.16668394207954407], "conf": 0.3282249867916107}, {"box_index": 3, "class_id": 2, "class_name": "B3", "bbox_yolo": [0.6266434788703918, 0.42078372836112976, 0.14496830105781555, 0.13241004943847656], "conf": 0.32619166374206543}], "count_per_class": {"B1": 0, "B2": 1, "B3": 3, "B4": 0}, "side_index": 0}