{"image": "DAMIMAS_A21B_0430_4.jpg", "detector": "y26m_vanilla_local", "detections": [{"box_index": 0, "class_id": 1, "class_name": "B2", "bbox_yolo": [0.6226232051849365, 0.4699776768684387, 0.10876471549272537, 0.08032188564538956], "conf": 0.3611120283603668}, {"box_index": 1, "class_id": 2, "class_name": "B3", "bbox_yolo": [0.5094563961029053, 0.44123679399490356, 0.10574888437986374, 0.07890000194311142], "conf": 0.34382739663124084}, {"box_index": 2, "class_id": 2, "class_name": "B3", "bbox_yolo": [0.39531540870666504, 0.45734235644340515, 0.09856370836496353, 0.0782739669084549], "conf": 0.3171268403530121}, {"box_index": 3, "class_id": 2, "class_name": "B3", "bbox_yolo": [0.6226232051849365, 0.4699776768684387, 0.10876471549272537, 0.08032188564538956], "conf": 0.25772374868392944}], "count_per_class": {"B1": 0, "B2": 1, "B3": 3, "B4": 0}, "side_index": 3}