{"image": "DAMIMAS_A21B_0133_1.jpg", "detector": "y26m_vanilla_local", "detections": [{"box_index": 0, "class_id": 2, "class_name": "B3", "bbox_yolo": [0.3948097825050354, 0.28623291850090027, 0.14719639718532562, 0.11136560887098312], "conf": 0.7051869630813599}, {"box_index": 1, "class_id": 2, "class_name": "B3", "bbox_yolo": [0.5718730092048645, 0.33269086480140686, 0.14970268309116364, 0.10391996055841446], "conf": 0.483883261680603}, {"box_index": 2, "class_id": 2, "class_name": "B3", "bbox_yolo": [0.27093634009361267, 0.29938027262687683, 0.10118168592453003, 0.0759710818529129], "conf": 0.2964720129966736}], "count_per_class": {"B1": 0, "B2": 0, "B3": 3, "B4": 0}, "side_index": 0}