{"image": "DAMIMAS_A21B_0791_4.jpg", "detector": "y26m_vanilla_local", "detections": [{"box_index": 0, "class_id": 2, "class_name": "B3", "bbox_yolo": [0.28180423378944397, 0.5142229795455933, 0.19592030346393585, 0.16441050171852112], "conf": 0.6449114680290222}], "count_per_class": {"B1": 0, "B2": 0, "B3": 1, "B4": 0}, "side_index": 3}