{"image": "DAMIMAS_A21B_0818_5.jpg", "detector": "y26m_vanilla_local", "detections": [{"box_index": 0, "class_id": 1, "class_name": "B2", "bbox_yolo": [0.5452495813369751, 0.4110231101512909, 0.1523115187883377, 0.10290467739105225], "conf": 0.5552984476089478}, {"box_index": 1, "class_id": 2, "class_name": "B3", "bbox_yolo": [0.2947002649307251, 0.37825295329093933, 0.12249667197465897, 0.1079549789428711], "conf": 0.4937039017677307}, {"box_index": 2, "class_id": 2, "class_name": "B3", "bbox_yolo": [0.6723586320877075, 0.39802485704421997, 0.08168945461511612, 0.08280324935913086], "conf": 0.39681822061538696}, {"box_index": 3, "class_id": 1, "class_name": "B2", "bbox_yolo": [0.29630595445632935, 0.37848788499832153, 0.12625622749328613, 0.10596437752246857], "conf": 0.2957044839859009}], "count_per_class": {"B1": 0, "B2": 2, "B3": 2, "B4": 0}, "side_index": 4}