{"image": "DAMIMAS_A21B_0467_1.jpg", "detector": "y26m_vanilla_local", "detections": [{"box_index": 0, "class_id": 0, "class_name": "B1", "bbox_yolo": [0.5225312113761902, 0.3733116090297699, 0.08422794938087463, 0.0827234759926796], "conf": 0.45198288559913635}, {"box_index": 1, "class_id": 0, "class_name": "B1", "bbox_yolo": [0.5284888744354248, 0.37401172518730164, 0.11402763426303864, 0.08950667828321457], "conf": 0.3850308954715729}, {"box_index": 2, "class_id": 2, "class_name": "B3", "bbox_yolo": [0.4598580300807953, 0.3395868241786957, 0.07415654510259628, 0.06578939408063889], "conf": 0.3594591021537781}, {"box_index": 3, "class_id": 2, "class_name": "B3", "bbox_yolo": [0.39264389872550964, 0.35395264625549316, 0.06548646837472916, 0.05760812759399414], "conf": 0.297364741563797}], "count_per_class": {"B1": 2, "B2": 0, "B3": 2, "B4": 0}, "side_index": 0}