{"image": "DAMIMAS_A21B_0432_4.jpg", "detector": "y26m_vanilla_local", "detections": [{"box_index": 0, "class_id": 3, "class_name": "B4", "bbox_yolo": [0.4446212649345398, 0.45735636353492737, 0.0669747069478035, 0.04914708063006401], "conf": 0.44402554631233215}, {"box_index": 1, "class_id": 1, "class_name": "B2", "bbox_yolo": [0.4562666118144989, 0.5173693895339966, 0.09017541259527206, 0.06803365051746368], "conf": 0.27020660042762756}], "count_per_class": {"B1": 0, "B2": 1, "B3": 0, "B4": 1}, "side_index": 3}