{"image": "DAMIMAS_A21B_0172_4.jpg", "detector": "y26m_vanilla_local", "detections": [{"box_index": 0, "class_id": 2, "class_name": "B3", "bbox_yolo": [0.548423171043396, 0.46694260835647583, 0.09269966185092926, 0.05993027612566948], "conf": 0.36264568567276}, {"box_index": 1, "class_id": 1, "class_name": "B2", "bbox_yolo": [0.32429009675979614, 0.48447513580322266, 0.11280562728643417, 0.09033294022083282], "conf": 0.3508893549442291}, {"box_index": 2, "class_id": 3, "class_name": "B4", "bbox_yolo": [0.3188644051551819, 0.41577982902526855, 0.0740538015961647, 0.053304124623537064], "conf": 0.3235596716403961}], "count_per_class": {"B1": 0, "B2": 1, "B3": 1, "B4": 1}, "side_index": 3}