{"image": "DAMIMAS_A21B_0258_3.jpg", "detector": "y26m_vanilla_local", "detections": [{"box_index": 0, "class_id": 2, "class_name": "B3", "bbox_yolo": [0.6760916709899902, 0.42615261673927307, 0.17210064828395844, 0.11998122185468674], "conf": 0.5548815131187439}, {"box_index": 1, "class_id": 1, "class_name": "B2", "bbox_yolo": [0.4384860694408417, 0.4863692820072174, 0.23270852863788605, 0.17381849884986877], "conf": 0.5282047986984253}, {"box_index": 2, "class_id": 2, "class_name": "B3", "bbox_yolo": [0.316244900226593, 0.3889336585998535, 0.11021439731121063, 0.07184352725744247], "conf": 0.2548733949661255}], "count_per_class": {"B1": 0, "B2": 1, "B3": 2, "B4": 0}, "side_index": 2}