{"image": "DAMIMAS_A21B_0691_1.jpg", "detector": "y26m_vanilla_local", "detections": [{"box_index": 0, "class_id": 2, "class_name": "B3", "bbox_yolo": [0.319713294506073, 0.31229647994041443, 0.21110254526138306, 0.15453124046325684], "conf": 0.5930333137512207}, {"box_index": 1, "class_id": 2, "class_name": "B3", "bbox_yolo": [0.5502706170082092, 0.28337058424949646, 0.18500156700611115, 0.17498879134655], "conf": 0.5922049283981323}, {"box_index": 2, "class_id": 1, "class_name": "B2", "bbox_yolo": [0.7431836724281311, 0.3331700265407562, 0.1770198941230774, 0.17601466178894043], "conf": 0.5168592929840088}, {"box_index": 3, "class_id": 2, "class_name": "B3", "bbox_yolo": [0.7491645216941833, 0.33118167519569397, 0.16464877128601074, 0.1724579781293869], "conf": 0.2721010148525238}], "count_per_class": {"B1": 0, "B2": 1, "B3": 3, "B4": 0}, "side_index": 0}