{"image": "DAMIMAS_A21B_0811_3.jpg", "detector": "y26m_vanilla_local", "detections": [{"box_index": 0, "class_id": 0, "class_name": "B1", "bbox_yolo": [0.3440943658351898, 0.4144217073917389, 0.10578922182321548, 0.08057978004217148], "conf": 0.47740787267684937}, {"box_index": 1, "class_id": 2, "class_name": "B3", "bbox_yolo": [0.6759739518165588, 0.3963358402252197, 0.104160375893116, 0.08183250576257706], "conf": 0.28188973665237427}, {"box_index": 2, "class_id": 2, "class_name": "B3", "bbox_yolo": [0.33904018998146057, 0.34120798110961914, 0.11327791959047318, 0.0676402822136879], "conf": 0.2719970643520355}, {"box_index": 3, "class_id": 2, "class_name": "B3", "bbox_yolo": [0.48920774459838867, 0.3626500070095062, 0.10500974953174591, 0.0761633887887001], "conf": 0.26461586356163025}], "count_per_class": {"B1": 1, "B2": 0, "B3": 3, "B4": 0}, "side_index": 2}