{"image": "DAMIMAS_A21B_0748_4.jpg", "detector": "y26m_vanilla_local", "detections": [{"box_index": 0, "class_id": 2, "class_name": "B3", "bbox_yolo": [0.3638843595981598, 0.43699851632118225, 0.1765468716621399, 0.12816551327705383], "conf": 0.6496541500091553}, {"box_index": 1, "class_id": 2, "class_name": "B3", "bbox_yolo": [0.5770909786224365, 0.3673067092895508, 0.1616022139787674, 0.13881683349609375], "conf": 0.5811588764190674}, {"box_index": 2, "class_id": 0, "class_name": "B1", "bbox_yolo": [0.6994044184684753, 0.47481805086135864, 0.17319437861442566, 0.16753879189491272], "conf": 0.4426004886627197}, {"box_index": 3, "class_id": 3, "class_name": "B4", "bbox_yolo": [0.331443190574646, 0.32105952501296997, 0.12399864941835403, 0.07962310314178467], "conf": 0.355334997177124}], "count_per_class": {"B1": 1, "B2": 0, "B3": 2, "B4": 1}, "side_index": 3}