{"image": "DAMIMAS_A21B_0046_2.jpg", "detector": "y26m_vanilla_local", "detections": [{"box_index": 0, "class_id": 2, "class_name": "B3", "bbox_yolo": [0.4360423684120178, 0.5057852864265442, 0.13327676057815552, 0.1250084489583969], "conf": 0.6254546642303467}, {"box_index": 1, "class_id": 3, "class_name": "B4", "bbox_yolo": [0.6471613645553589, 0.45076751708984375, 0.12089914083480835, 0.07346882671117783], "conf": 0.3555757999420166}, {"box_index": 2, "class_id": 2, "class_name": "B3", "bbox_yolo": [0.6048769354820251, 0.5420679450035095, 0.15236511826515198, 0.10448074340820312], "conf": 0.25770339369773865}, {"box_index": 3, "class_id": 2, "class_name": "B3", "bbox_yolo": [0.607183575630188, 0.5362295508384705, 0.1019410490989685, 0.0876704677939415], "conf": 0.25365665555000305}], "count_per_class": {"B1": 0, "B2": 0, "B3": 3, "B4": 1}, "side_index": 1}