{"image": "DAMIMAS_A21B_0285_1.jpg", "detector": "y26m_vanilla_local", "detections": [{"box_index": 0, "class_id": 0, "class_name": "B1", "bbox_yolo": [0.38163167238235474, 0.5228866934776306, 0.1571621596813202, 0.11957979202270508], "conf": 0.577438473701477}, {"box_index": 1, "class_id": 2, "class_name": "B3", "bbox_yolo": [0.35474714636802673, 0.43899089097976685, 0.12844757735729218, 0.05789661407470703], "conf": 0.4772903025150299}, {"box_index": 2, "class_id": 1, "class_name": "B2", "bbox_yolo": [0.675916850566864, 0.5097249150276184, 0.14075489342212677, 0.10663733631372452], "conf": 0.45680326223373413}], "count_per_class": {"B1": 1, "B2": 1, "B3": 1, "B4": 0}, "side_index": 0}