{"image": "DAMIMAS_A21B_0231_4.jpg", "detector": "y26m_vanilla_local", "detections": [{"box_index": 0, "class_id": 2, "class_name": "B3", "bbox_yolo": [0.4104141592979431, 0.3299883306026459, 0.11505645513534546, 0.08442187309265137], "conf": 0.3054983913898468}], "count_per_class": {"B1": 0, "B2": 0, "B3": 1, "B4": 0}, "side_index": 3}