{"image": "DAMIMAS_A21B_0480_1.jpg", "detector": "y26m_vanilla_local", "detections": [{"box_index": 0, "class_id": 2, "class_name": "B3", "bbox_yolo": [0.5659045577049255, 0.36367425322532654, 0.08211034536361694, 0.06325864791870117], "conf": 0.30184686183929443}, {"box_index": 1, "class_id": 2, "class_name": "B3", "bbox_yolo": [0.35482510924339294, 0.38450536131858826, 0.08321616053581238, 0.07258687168359756], "conf": 0.29187503457069397}], "count_per_class": {"B1": 0, "B2": 0, "B3": 2, "B4": 0}, "side_index": 0}