{"image": "DAMIMAS_A21B_0537_1.jpg", "detector": "y26m_vanilla_local", "detections": [{"box_index": 0, "class_id": 1, "class_name": "B2", "bbox_yolo": [0.3641089200973511, 0.5379793643951416, 0.13075527548789978, 0.11506881564855576], "conf": 0.5196097493171692}, {"box_index": 1, "class_id": 2, "class_name": "B3", "bbox_yolo": [0.6153576970100403, 0.49068722128868103, 0.09442571550607681, 0.07244472950696945], "conf": 0.39860987663269043}, {"box_index": 2, "class_id": 2, "class_name": "B3", "bbox_yolo": [0.49114495515823364, 0.48104485869407654, 0.08466985076665878, 0.07629647105932236], "conf": 0.33747023344039917}], "count_per_class": {"B1": 0, "B2": 1, "B3": 2, "B4": 0}, "side_index": 0}