{"image": "DAMIMAS_A21B_0028_2.jpg", "detector": "y26m_vanilla_local", "detections": [{"box_index": 0, "class_id": 2, "class_name": "B3", "bbox_yolo": [0.49394914507865906, 0.5220205783843994, 0.12631531059741974, 0.11362562328577042], "conf": 0.571978747844696}, {"box_index": 1, "class_id": 3, "class_name": "B4", "bbox_yolo": [0.3554389774799347, 0.49774810671806335, 0.1025744155049324, 0.0821523666381836], "conf": 0.31132933497428894}, {"box_index": 2, "class_id": 2, "class_name": "B3", "bbox_yolo": [0.6158559322357178, 0.5297377705574036, 0.09380500018596649, 0.0783163532614708], "conf": 0.2720095217227936}, {"box_index": 3, "class_id": 2, "class_name": "B3", "bbox_yolo": [0.3118821680545807, 0.5579609870910645, 0.07627903670072556, 0.07720150798559189], "conf": 0.2527588903903961}], "count_per_class": {"B1": 0, "B2": 0, "B3": 3, "B4": 1}, "side_index": 1}