{"image": "DAMIMAS_A21B_0021_2.jpg", "detector": "y26m_vanilla_local", "detections": [{"box_index": 0, "class_id": 1, "class_name": "B2", "bbox_yolo": [0.6188535094261169, 0.5471512079238892, 0.09397169947624207, 0.08656582981348038], "conf": 0.6243038177490234}, {"box_index": 1, "class_id": 2, "class_name": "B3", "bbox_yolo": [0.5304064154624939, 0.521279513835907, 0.08694770187139511, 0.06769323348999023], "conf": 0.4374127984046936}, {"box_index": 2, "class_id": 2, "class_name": "B3", "bbox_yolo": [0.4173489212989807, 0.5358158946037292, 0.09138654917478561, 0.06355781853199005], "conf": 0.37820741534233093}, {"box_index": 3, "class_id": 1, "class_name": "B2", "bbox_yolo": [0.3325332701206207, 0.5764560699462891, 0.12556779384613037, 0.11528501659631729], "conf": 0.2627623677253723}], "count_per_class": {"B1": 0, "B2": 2, "B3": 2, "B4": 0}, "side_index": 1}