{"image": "DAMIMAS_A21B_0271_2.jpg", "detector": "y26m_vanilla_local", "detections": [{"box_index": 0, "class_id": 2, "class_name": "B3", "bbox_yolo": [0.3866398334503174, 0.39569541811943054, 0.13395659625530243, 0.11375570297241211], "conf": 0.654424250125885}, {"box_index": 1, "class_id": 2, "class_name": "B3", "bbox_yolo": [0.28543803095817566, 0.43485555052757263, 0.0956675112247467, 0.091082863509655], "conf": 0.319498747587204}, {"box_index": 2, "class_id": 2, "class_name": "B3", "bbox_yolo": [0.7045179009437561, 0.4414389133453369, 0.0985766127705574, 0.07813501358032227], "conf": 0.27908962965011597}], "count_per_class": {"B1": 0, "B2": 0, "B3": 3, "B4": 0}, "side_index": 1}