{"image": "DAMIMAS_A21B_0672_3.jpg", "detector": "y26m_vanilla_local", "detections": [{"box_index": 0, "class_id": 2, "class_name": "B3", "bbox_yolo": [0.49936774373054504, 0.3602678179740906, 0.1693182736635208, 0.1624223291873932], "conf": 0.6293042898178101}, {"box_index": 1, "class_id": 0, "class_name": "B1", "bbox_yolo": [0.29304206371307373, 0.412151575088501, 0.21729862689971924, 0.16692113876342773], "conf": 0.6023047566413879}, {"box_index": 2, "class_id": 1, "class_name": "B2", "bbox_yolo": [0.49704185128211975, 0.3625009059906006, 0.17620164155960083, 0.16546697914600372], "conf": 0.31157544255256653}, {"box_index": 3, "class_id": 1, "class_name": "B2", "bbox_yolo": [0.29631373286247253, 0.4116794168949127, 0.21787479519844055, 0.16998958587646484], "conf": 0.25982508063316345}], "count_per_class": {"B1": 1, "B2": 2, "B3": 1, "B4": 0}, "side_index": 2}