{"image": "DAMIMAS_A21B_0064_4.jpg", "detector": "y26m_vanilla_local", "detections": [{"box_index": 0, "class_id": 1, "class_name": "B2", "bbox_yolo": [0.648510754108429, 0.45733508467674255, 0.15542088449001312, 0.1237097755074501], "conf": 0.531069815158844}, {"box_index": 1, "class_id": 2, "class_name": "B3", "bbox_yolo": [0.37412023544311523, 0.4440639615058899, 0.15088984370231628, 0.10691995918750763], "conf": 0.4996541738510132}, {"box_index": 2, "class_id": 3, "class_name": "B4", "bbox_yolo": [0.260381281375885, 0.367529958486557, 0.1236492246389389, 0.08120927959680557], "conf": 0.29285988211631775}], "count_per_class": {"B1": 0, "B2": 1, "B3": 1, "B4": 1}, "side_index": 3}