{"image": "DAMIMAS_A21B_0568_3.jpg", "detector": "y26m_vanilla_local", "detections": [{"box_index": 0, "class_id": 0, "class_name": "B1", "bbox_yolo": [0.4255346953868866, 0.452678918838501, 0.18630237877368927, 0.1350012570619583], "conf": 0.6159663796424866}, {"box_index": 1, "class_id": 1, "class_name": "B2", "bbox_yolo": [0.6226711869239807, 0.40185967087745667, 0.14265461266040802, 0.11097865551710129], "conf": 0.476807177066803}, {"box_index": 2, "class_id": 3, "class_name": "B4", "bbox_yolo": [0.6375475525856018, 0.32278260588645935, 0.11906421184539795, 0.06705790013074875], "conf": 0.29846033453941345}, {"box_index": 3, "class_id": 3, "class_name": "B4", "bbox_yolo": [0.37642380595207214, 0.3176465630531311, 0.09560257941484451, 0.08044326305389404], "conf": 0.2610202133655548}], "count_per_class": {"B1": 1, "B2": 1, "B3": 0, "B4": 2}, "side_index": 2}