{"image": "DAMIMAS_A21B_0733_3.jpg", "detector": "y26m_vanilla_local", "detections": [{"box_index": 0, "class_id": 2, "class_name": "B3", "bbox_yolo": [0.38177794218063354, 0.18699291348457336, 0.20911237597465515, 0.17674636840820312], "conf": 0.7624240517616272}, {"box_index": 1, "class_id": 2, "class_name": "B3", "bbox_yolo": [0.21397629380226135, 0.27403759956359863, 0.15805071592330933, 0.14443321526050568], "conf": 0.5068966150283813}], "count_per_class": {"B1": 0, "B2": 0, "B3": 2, "B4": 0}, "side_index": 2}