{"image": "DAMIMAS_A21B_0406_3.jpg", "detector": "y26m_vanilla_local", "detections": [{"box_index": 0, "class_id": 2, "class_name": "B3", "bbox_yolo": [0.5109200477600098, 0.41802358627319336, 0.14374123513698578, 0.12482233345508575], "conf": 0.3892183005809784}, {"box_index": 1, "class_id": 3, "class_name": "B4", "bbox_yolo": [0.4866073727607727, 0.32929882407188416, 0.08136352151632309, 0.05886378511786461], "conf": 0.34100010991096497}, {"box_index": 2, "class_id": 2, "class_name": "B3", "bbox_yolo": [0.37547817826271057, 0.37928563356399536, 0.09369256347417831, 0.09217491000890732], "conf": 0.3174521028995514}], "count_per_class": {"B1": 0, "B2": 0, "B3": 2, "B4": 1}, "side_index": 2}