{"image": "DAMIMAS_A21B_0199_1.jpg", "detector": "y26m_vanilla_local", "detections": [{"box_index": 0, "class_id": 2, "class_name": "B3", "bbox_yolo": [0.4847404956817627, 0.5067464113235474, 0.14676329493522644, 0.12086968868970871], "conf": 0.3233583867549896}, {"box_index": 1, "class_id": 2, "class_name": "B3", "bbox_yolo": [0.38332223892211914, 0.4643199145793915, 0.11007878929376602, 0.08585085719823837], "conf": 0.26526889204978943}], "count_per_class": {"B1": 0, "B2": 0, "B3": 2, "B4": 0}, "side_index": 0}