{"image": "DAMIMAS_A21B_0592_3.jpg", "detector": "y26m_vanilla_local", "detections": [{"box_index": 0, "class_id": 1, "class_name": "B2", "bbox_yolo": [0.6058117151260376, 0.5318995118141174, 0.21407224237918854, 0.15603457391262054], "conf": 0.5945687294006348}, {"box_index": 1, "class_id": 2, "class_name": "B3", "bbox_yolo": [0.35800600051879883, 0.47597819566726685, 0.20001183450222015, 0.16194596886634827], "conf": 0.5642973184585571}, {"box_index": 2, "class_id": 2, "class_name": "B3", "bbox_yolo": [0.6092987656593323, 0.5280599594116211, 0.21158021688461304, 0.1501884013414383], "conf": 0.3075273633003235}], "count_per_class": {"B1": 0, "B2": 1, "B3": 2, "B4": 0}, "side_index": 2}