{"image": "DAMIMAS_A21B_0213_3.jpg", "detector": "y26m_vanilla_local", "detections": [{"box_index": 0, "class_id": 2, "class_name": "B3", "bbox_yolo": [0.4802861213684082, 0.42891207337379456, 0.0812499076128006, 0.05696554109454155], "conf": 0.35181471705436707}, {"box_index": 1, "class_id": 2, "class_name": "B3", "bbox_yolo": [0.5898078083992004, 0.45439988374710083, 0.08170458674430847, 0.05774078518152237], "conf": 0.29053354263305664}, {"box_index": 2, "class_id": 3, "class_name": "B4", "bbox_yolo": [0.574924111366272, 0.40021783113479614, 0.0683148130774498, 0.05688614770770073], "conf": 0.2635566294193268}], "count_per_class": {"B1": 0, "B2": 0, "B3": 2, "B4": 1}, "side_index": 2}