{"image": "DAMIMAS_A21B_0132_2.jpg", "detector": "y26m_vanilla_local", "detections": [{"box_index": 0, "class_id": 2, "class_name": "B3", "bbox_yolo": [0.3504444360733032, 0.33978429436683655, 0.08919090032577515, 0.07676024734973907], "conf": 0.3919762969017029}, {"box_index": 1, "class_id": 1, "class_name": "B2", "bbox_yolo": [0.46161746978759766, 0.3069728910923004, 0.12296785414218903, 0.11843331158161163], "conf": 0.3619700074195862}, {"box_index": 2, "class_id": 2, "class_name": "B3", "bbox_yolo": [0.6065155863761902, 0.2976483702659607, 0.12995746731758118, 0.11103744804859161], "conf": 0.3352726101875305}, {"box_index": 3, "class_id": 1, "class_name": "B2", "bbox_yolo": [0.45139575004577637, 0.298695832490921, 0.09223528206348419, 0.10550136864185333], "conf": 0.29549649357795715}], "count_per_class": {"B1": 0, "B2": 2, "B3": 2, "B4": 0}, "side_index": 1}