{"image": "DAMIMAS_A21B_0214_1.jpg", "detector": "y26m_vanilla_local", "detections": [{"box_index": 0, "class_id": 2, "class_name": "B3", "bbox_yolo": [0.4337262511253357, 0.47558853030204773, 0.09361693263053894, 0.08209862560033798], "conf": 0.4601946175098419}, {"box_index": 1, "class_id": 3, "class_name": "B4", "bbox_yolo": [0.4225597083568573, 0.4060746729373932, 0.061772603541612625, 0.047645069658756256], "conf": 0.4548403024673462}, {"box_index": 2, "class_id": 0, "class_name": "B1", "bbox_yolo": [0.35017260909080505, 0.4924495816230774, 0.09304752945899963, 0.07744250446557999], "conf": 0.43251582980155945}, {"box_index": 3, "class_id": 1, "class_name": "B2", "bbox_yolo": [0.5562857389450073, 0.4961481988430023, 0.10281750559806824, 0.0756927952170372], "conf": 0.3766773045063019}], "count_per_class": {"B1": 1, "B2": 1, "B3": 1, "B4": 1}, "side_index": 0}