{"image": "DAMIMAS_A21B_0318_4.jpg", "detector": "y26m_vanilla_local", "detections": [{"box_index": 0, "class_id": 2, "class_name": "B3", "bbox_yolo": [0.3054819405078888, 0.4247108995914459, 0.1721363514661789, 0.1307818740606308], "conf": 0.5989004969596863}, {"box_index": 1, "class_id": 2, "class_name": "B3", "bbox_yolo": [0.4894656538963318, 0.4219661355018616, 0.1688341200351715, 0.10582287609577179], "conf": 0.38637807965278625}], "count_per_class": {"B1": 0, "B2": 0, "B3": 2, "B4": 0}, "side_index": 3}