{"image": "DAMIMAS_A21B_0094_2.jpg", "detector": "y26m_vanilla_local", "detections": [{"box_index": 0, "class_id": 2, "class_name": "B3", "bbox_yolo": [0.4127119183540344, 0.5460662245750427, 0.11161970347166061, 0.08056402206420898], "conf": 0.5245373845100403}, {"box_index": 1, "class_id": 2, "class_name": "B3", "bbox_yolo": [0.5517532825469971, 0.5290109515190125, 0.11010485142469406, 0.07727175205945969], "conf": 0.40391719341278076}, {"box_index": 2, "class_id": 3, "class_name": "B4", "bbox_yolo": [0.5659443736076355, 0.46423038840293884, 0.06630758196115494, 0.04984788969159126], "conf": 0.3245677351951599}, {"box_index": 3, "class_id": 2, "class_name": "B3", "bbox_yolo": [0.6382230520248413, 0.5170745849609375, 0.06743965297937393, 0.06592412292957306], "conf": 0.26275312900543213}], "count_per_class": {"B1": 0, "B2": 0, "B3": 3, "B4": 1}, "side_index": 1}