{"image": "DAMIMAS_A21B_0440_2.jpg", "detector": "y26m_vanilla_local", "detections": [{"box_index": 0, "class_id": 1, "class_name": "B2", "bbox_yolo": [0.5132107138633728, 0.47713738679885864, 0.09681343287229538, 0.06125454977154732], "conf": 0.39391085505485535}, {"box_index": 1, "class_id": 2, "class_name": "B3", "bbox_yolo": [0.6062510013580322, 0.4554465413093567, 0.07489395886659622, 0.05631384998559952], "conf": 0.3406835198402405}, {"box_index": 2, "class_id": 3, "class_name": "B4", "bbox_yolo": [0.6284117102622986, 0.41529256105422974, 0.059331007301807404, 0.047318410128355026], "conf": 0.26564228534698486}, {"box_index": 3, "class_id": 3, "class_name": "B4", "bbox_yolo": [0.45708969235420227, 0.4320022761821747, 0.07617852091789246, 0.05051093176007271], "conf": 0.2530001401901245}], "count_per_class": {"B1": 0, "B2": 1, "B3": 1, "B4": 2}, "side_index": 1}