{"image": "DAMIMAS_A21B_0539_1.jpg", "detector": "y26m_vanilla_local", "detections": [{"box_index": 0, "class_id": 2, "class_name": "B3", "bbox_yolo": [0.651060163974762, 0.4322204291820526, 0.1112096831202507, 0.08573179692029953], "conf": 0.4421226978302002}, {"box_index": 1, "class_id": 2, "class_name": "B3", "bbox_yolo": [0.4006575047969818, 0.4048142433166504, 0.09482289105653763, 0.06594252586364746], "conf": 0.3648763597011566}, {"box_index": 2, "class_id": 0, "class_name": "B1", "bbox_yolo": [0.4862566888332367, 0.4504402279853821, 0.13298200070858002, 0.09933491051197052], "conf": 0.31587135791778564}, {"box_index": 3, "class_id": 3, "class_name": "B4", "bbox_yolo": [0.6565364003181458, 0.35347864031791687, 0.08277314901351929, 0.06255274266004562], "conf": 0.285269170999527}], "count_per_class": {"B1": 1, "B2": 0, "B3": 2, "B4": 1}, "side_index": 0}