{"image": "DAMIMAS_A21B_0615_3.jpg", "detector": "y26m_vanilla_local", "detections": [{"box_index": 0, "class_id": 1, "class_name": "B2", "bbox_yolo": [0.25025591254234314, 0.37518781423568726, 0.1854664832353592, 0.13411250710487366], "conf": 0.663317084312439}, {"box_index": 1, "class_id": 0, "class_name": "B1", "bbox_yolo": [0.4761106073856354, 0.4193754196166992, 0.2507077753543854, 0.18561330437660217], "conf": 0.6416056156158447}, {"box_index": 2, "class_id": 2, "class_name": "B3", "bbox_yolo": [0.6643859148025513, 0.3334777355194092, 0.15984542667865753, 0.09896545857191086], "conf": 0.318985253572464}, {"box_index": 3, "class_id": 3, "class_name": "B4", "bbox_yolo": [0.254016637802124, 0.2586720287799835, 0.09450631588697433, 0.08573374897241592], "conf": 0.29054898023605347}], "count_per_class": {"B1": 1, "B2": 1, "B3": 1, "B4": 1}, "side_index": 2}