{"image": "DAMIMAS_A21B_0167_3.jpg", "detector": "y26m_vanilla_local", "detections": [{"box_index": 0, "class_id": 2, "class_name": "B3", "bbox_yolo": [0.43893665075302124, 0.40580540895462036, 0.16384659707546234, 0.1389467716217041], "conf": 0.7398000359535217}, {"box_index": 1, "class_id": 1, "class_name": "B2", "bbox_yolo": [0.6229404211044312, 0.42897531390190125, 0.15554466843605042, 0.1128544807434082], "conf": 0.612623393535614}], "count_per_class": {"B1": 0, "B2": 1, "B3": 1, "B4": 0}, "side_index": 2}