{"image": "DAMIMAS_A21B_0536_2.jpg", "detector": "y26m_vanilla_local", "detections": [{"box_index": 0, "class_id": 2, "class_name": "B3", "bbox_yolo": [0.3662175238132477, 0.5212168097496033, 0.1529582440853119, 0.11809077113866806], "conf": 0.4552370309829712}, {"box_index": 1, "class_id": 1, "class_name": "B2", "bbox_yolo": [0.36554598808288574, 0.5216668248176575, 0.15589769184589386, 0.12073531001806259], "conf": 0.4432646632194519}, {"box_index": 2, "class_id": 2, "class_name": "B3", "bbox_yolo": [0.6375478506088257, 0.4812026023864746, 0.10879625380039215, 0.08408637344837189], "conf": 0.3401430547237396}], "count_per_class": {"B1": 0, "B2": 1, "B3": 2, "B4": 0}, "side_index": 1}