{"image": "DAMIMAS_A21B_0543_3.jpg", "detector": "y26m_vanilla_local", "detections": [{"box_index": 0, "class_id": 1, "class_name": "B2", "bbox_yolo": [0.4147922098636627, 0.2507650852203369, 0.1589186042547226, 0.11942928284406662], "conf": 0.6066833734512329}], "count_per_class": {"B1": 0, "B2": 1, "B3": 0, "B4": 0}, "side_index": 2}