{"image": "DAMIMAS_A21B_0171_1.jpg", "detector": "y26m_vanilla_local", "detections": [{"box_index": 0, "class_id": 2, "class_name": "B3", "bbox_yolo": [0.32485201954841614, 0.5010491609573364, 0.09234286099672318, 0.06564288586378098], "conf": 0.3539944887161255}, {"box_index": 1, "class_id": 2, "class_name": "B3", "bbox_yolo": [0.5288565754890442, 0.5327154994010925, 0.12309519946575165, 0.0965656265616417], "conf": 0.3397625982761383}, {"box_index": 2, "class_id": 2, "class_name": "B3", "bbox_yolo": [0.527615487575531, 0.524998128414154, 0.09316302090883255, 0.08131203800439835], "conf": 0.2939552962779999}], "count_per_class": {"B1": 0, "B2": 0, "B3": 3, "B4": 0}, "side_index": 0}