{"image": "DAMIMAS_A21B_0240_4.jpg", "detector": "y26m_vanilla_local", "detections": [{"box_index": 0, "class_id": 2, "class_name": "B3", "bbox_yolo": [0.40269720554351807, 0.2686435878276825, 0.13172289729118347, 0.10033398121595383], "conf": 0.36275357007980347}, {"box_index": 1, "class_id": 2, "class_name": "B3", "bbox_yolo": [0.4181632995605469, 0.3675403892993927, 0.13878726959228516, 0.10054526478052139], "conf": 0.34220534563064575}], "count_per_class": {"B1": 0, "B2": 0, "B3": 2, "B4": 0}, "side_index": 3}