{"image": "DAMIMAS_A21B_0252_1.jpg", "detector": "y26m_vanilla_local", "detections": [{"box_index": 0, "class_id": 2, "class_name": "B3", "bbox_yolo": [0.4483807682991028, 0.3559354245662689, 0.1464131772518158, 0.12425851821899414], "conf": 0.4943743944168091}, {"box_index": 1, "class_id": 3, "class_name": "B4", "bbox_yolo": [0.4250040650367737, 0.25505104660987854, 0.12195746600627899, 0.07591690868139267], "conf": 0.44643670320510864}, {"box_index": 2, "class_id": 2, "class_name": "B3", "bbox_yolo": [0.6913633346557617, 0.32878994941711426, 0.09959685802459717, 0.09256543964147568], "conf": 0.2656811475753784}], "count_per_class": {"B1": 0, "B2": 0, "B3": 2, "B4": 1}, "side_index": 0}