{"image": "DAMIMAS_A21B_0517_1.jpg", "detector": "y26m_vanilla_local", "detections": [{"box_index": 0, "class_id": 0, "class_name": "B1", "bbox_yolo": [0.6829259395599365, 0.47012144327163696, 0.09708309918642044, 0.08234786987304688], "conf": 0.5177656412124634}, {"box_index": 1, "class_id": 3, "class_name": "B4", "bbox_yolo": [0.5207156538963318, 0.38135194778442383, 0.07384214550256729, 0.06577656418085098], "conf": 0.33940890431404114}, {"box_index": 2, "class_id": 2, "class_name": "B3", "bbox_yolo": [0.6269694566726685, 0.40243273973464966, 0.08429744094610214, 0.057639192789793015], "conf": 0.27997341752052307}, {"box_index": 3, "class_id": 0, "class_name": "B1", "bbox_yolo": [0.6755183339118958, 0.4707254469394684, 0.11922220140695572, 0.0940237045288086], "conf": 0.26365771889686584}], "count_per_class": {"B1": 2, "B2": 0, "B3": 1, "B4": 1}, "side_index": 0}