{"image": "DAMIMAS_A21B_0414_1.jpg", "detector": "y26m_vanilla_local", "detections": [{"box_index": 0, "class_id": 2, "class_name": "B3", "bbox_yolo": [0.34502437710762024, 0.37020358443260193, 0.1315598487854004, 0.1163964793086052], "conf": 0.5671120882034302}, {"box_index": 1, "class_id": 2, "class_name": "B3", "bbox_yolo": [0.4616566002368927, 0.326983779668808, 0.13287964463233948, 0.09632041305303574], "conf": 0.5286926031112671}, {"box_index": 2, "class_id": 2, "class_name": "B3", "bbox_yolo": [0.4630815088748932, 0.32537633180618286, 0.12316052615642548, 0.08434982597827911], "conf": 0.3584963381290436}, {"box_index": 3, "class_id": 2, "class_name": "B3", "bbox_yolo": [0.6004363298416138, 0.3343367576599121, 0.08393357694149017, 0.07754345238208771], "conf": 0.3215317726135254}], "count_per_class": {"B1": 0, "B2": 0, "B3": 4, "B4": 0}, "side_index": 0}