{"image": "DAMIMAS_A21B_0265_3.jpg", "detector": "y26m_vanilla_local", "detections": [{"box_index": 0, "class_id": 0, "class_name": "B1", "bbox_yolo": [0.574972927570343, 0.4957871437072754, 0.14936117827892303, 0.1433563232421875], "conf": 0.5309370756149292}, {"box_index": 1, "class_id": 2, "class_name": "B3", "bbox_yolo": [0.3601122498512268, 0.489244669675827, 0.15123043954372406, 0.11440720409154892], "conf": 0.3985024094581604}, {"box_index": 2, "class_id": 2, "class_name": "B3", "bbox_yolo": [0.6644105911254883, 0.42833754420280457, 0.09966488182544708, 0.06443166732788086], "conf": 0.3365742862224579}, {"box_index": 3, "class_id": 1, "class_name": "B2", "bbox_yolo": [0.3570694923400879, 0.49037858843803406, 0.1442302167415619, 0.11261840164661407], "conf": 0.29453638195991516}], "count_per_class": {"B1": 1, "B2": 1, "B3": 2, "B4": 0}, "side_index": 2}