{"image": "DAMIMAS_A21B_0216_4.jpg", "detector": "y26m_vanilla_local", "detections": [{"box_index": 0, "class_id": 0, "class_name": "B1", "bbox_yolo": [0.4193282723426819, 0.3961203098297119, 0.1461946815252304, 0.12215280532836914], "conf": 0.6125266551971436}, {"box_index": 1, "class_id": 2, "class_name": "B3", "bbox_yolo": [0.6060336232185364, 0.37563544511795044, 0.15294352173805237, 0.11904342472553253], "conf": 0.5268973112106323}, {"box_index": 2, "class_id": 1, "class_name": "B2", "bbox_yolo": [0.6041292548179626, 0.3767189681529999, 0.1577676236629486, 0.12268128246068954], "conf": 0.4209211468696594}, {"box_index": 3, "class_id": 3, "class_name": "B4", "bbox_yolo": [0.634308397769928, 0.2890077531337738, 0.098692387342453, 0.06275337189435959], "conf": 0.3028643727302551}], "count_per_class": {"B1": 1, "B2": 1, "B3": 1, "B4": 1}, "side_index": 3}