{"image": "DAMIMAS_A21B_0118_1.jpg", "detector": "y26m_vanilla_local", "detections": [{"box_index": 0, "class_id": 1, "class_name": "B2", "bbox_yolo": [0.41451558470726013, 0.5217858552932739, 0.14207062125205994, 0.10276742279529572], "conf": 0.5685602426528931}, {"box_index": 1, "class_id": 2, "class_name": "B3", "bbox_yolo": [0.5527158379554749, 0.48555174469947815, 0.11039117723703384, 0.09111123532056808], "conf": 0.45185837149620056}, {"box_index": 2, "class_id": 2, "class_name": "B3", "bbox_yolo": [0.5494765639305115, 0.4886779487133026, 0.1209356039762497, 0.09440374374389648], "conf": 0.28131234645843506}, {"box_index": 3, "class_id": 0, "class_name": "B1", "bbox_yolo": [0.4131850004196167, 0.5202612280845642, 0.14339721202850342, 0.099430613219738], "conf": 0.2573389708995819}], "count_per_class": {"B1": 1, "B2": 1, "B3": 2, "B4": 0}, "side_index": 0}