{"image": "DAMIMAS_A21B_0345_1.jpg", "detector": "y26m_vanilla_local", "detections": [{"box_index": 0, "class_id": 0, "class_name": "B1", "bbox_yolo": [0.5627835392951965, 0.3669942319393158, 0.1278027892112732, 0.10239382088184357], "conf": 0.5546355247497559}, {"box_index": 1, "class_id": 2, "class_name": "B3", "bbox_yolo": [0.3587941527366638, 0.3478190302848816, 0.07466500997543335, 0.0574343204498291], "conf": 0.2648969292640686}, {"box_index": 2, "class_id": 3, "class_name": "B4", "bbox_yolo": [0.574448823928833, 0.2932662069797516, 0.07423992455005646, 0.04686930403113365], "conf": 0.26289090514183044}], "count_per_class": {"B1": 1, "B2": 0, "B3": 1, "B4": 1}, "side_index": 0}