{"image": "DAMIMAS_A21B_0405_2.jpg", "detector": "y26m_vanilla_local", "detections": [{"box_index": 0, "class_id": 2, "class_name": "B3", "bbox_yolo": [0.49697455763816833, 0.3570699095726013, 0.09056581556797028, 0.08420181274414062], "conf": 0.4841235280036926}, {"box_index": 1, "class_id": 2, "class_name": "B3", "bbox_yolo": [0.5003675222396851, 0.36074239015579224, 0.11612574756145477, 0.09496338665485382], "conf": 0.2830851674079895}], "count_per_class": {"B1": 0, "B2": 0, "B3": 2, "B4": 0}, "side_index": 1}