{"image": "DAMIMAS_A21B_0737_4.jpg", "detector": "y26m_vanilla_local", "detections": [{"box_index": 0, "class_id": 2, "class_name": "B3", "bbox_yolo": [0.5946987271308899, 0.2168690264225006, 0.2187635600566864, 0.18754084408283234], "conf": 0.7271251678466797}, {"box_index": 1, "class_id": 2, "class_name": "B3", "bbox_yolo": [0.3194144070148468, 0.27474445104599, 0.16346484422683716, 0.13199925422668457], "conf": 0.27592507004737854}], "count_per_class": {"B1": 0, "B2": 0, "B3": 2, "B4": 0}, "side_index": 3}