{"image": "DAMIMAS_A21B_0832_8.jpg", "detector": "y26m_vanilla_local", "detections": [{"box_index": 0, "class_id": 2, "class_name": "B3", "bbox_yolo": [0.5622853636741638, 0.24467019736766815, 0.15684780478477478, 0.1124398484826088], "conf": 0.512432873249054}, {"box_index": 1, "class_id": 1, "class_name": "B2", "bbox_yolo": [0.4224073588848114, 0.3355180025100708, 0.1973029226064682, 0.1599922627210617], "conf": 0.4195239543914795}, {"box_index": 2, "class_id": 2, "class_name": "B3", "bbox_yolo": [0.23200176656246185, 0.32153043150901794, 0.14235515892505646, 0.12276031821966171], "conf": 0.4014492332935333}, {"box_index": 3, "class_id": 2, "class_name": "B3", "bbox_yolo": [0.42558029294013977, 0.33538636565208435, 0.19003929197788239, 0.15497203171253204], "conf": 0.3529303967952728}], "count_per_class": {"B1": 0, "B2": 1, "B3": 3, "B4": 0}, "side_index": 7}