{"image": "DAMIMAS_A21B_0353_4.jpg", "detector": "y26m_vanilla_local", "detections": [{"box_index": 0, "class_id": 2, "class_name": "B3", "bbox_yolo": [0.52922523021698, 0.45173928141593933, 0.10223758220672607, 0.08847542107105255], "conf": 0.4168274700641632}, {"box_index": 1, "class_id": 0, "class_name": "B1", "bbox_yolo": [0.6739611625671387, 0.4413394629955292, 0.07375507801771164, 0.09243796020746231], "conf": 0.4058421552181244}, {"box_index": 2, "class_id": 2, "class_name": "B3", "bbox_yolo": [0.3449399471282959, 0.4298170208930969, 0.08283345401287079, 0.06703036278486252], "conf": 0.3088759779930115}, {"box_index": 3, "class_id": 2, "class_name": "B3", "bbox_yolo": [0.5259604454040527, 0.4529627859592438, 0.12083082646131516, 0.09481711685657501], "conf": 0.2967918813228607}], "count_per_class": {"B1": 1, "B2": 0, "B3": 3, "B4": 0}, "side_index": 3}