{"image": "DAMIMAS_A21B_0338_2.jpg", "detector": "y26m_vanilla_local", "detections": [{"box_index": 0, "class_id": 2, "class_name": "B3", "bbox_yolo": [0.3295826315879822, 0.4192141592502594, 0.1836003065109253, 0.14206480979919434], "conf": 0.6543850302696228}, {"box_index": 1, "class_id": 3, "class_name": "B4", "bbox_yolo": [0.32838523387908936, 0.30594807863235474, 0.1296788901090622, 0.07812386006116867], "conf": 0.2683115005493164}], "count_per_class": {"B1": 0, "B2": 0, "B3": 1, "B4": 1}, "side_index": 1}