{"image": "DAMIMAS_A21B_0480_4.jpg", "detector": "y26m_vanilla_local", "detections": [{"box_index": 0, "class_id": 0, "class_name": "B1", "bbox_yolo": [0.511447548866272, 0.4978178143501282, 0.10904897749423981, 0.07332053035497665], "conf": 0.6619495749473572}, {"box_index": 1, "class_id": 3, "class_name": "B4", "bbox_yolo": [0.3749212324619293, 0.42481228709220886, 0.07278134673833847, 0.05528459697961807], "conf": 0.3882664144039154}, {"box_index": 2, "class_id": 2, "class_name": "B3", "bbox_yolo": [0.5172252058982849, 0.429905503988266, 0.06782608479261398, 0.05447397381067276], "conf": 0.27021196484565735}], "count_per_class": {"B1": 1, "B2": 0, "B3": 1, "B4": 1}, "side_index": 3}