{"image": "DAMIMAS_A21B_0496_2.jpg", "detector": "y26m_vanilla_local", "detections": [{"box_index": 0, "class_id": 0, "class_name": "B1", "bbox_yolo": [0.535656750202179, 0.40390777587890625, 0.10875622928142548, 0.09734263271093369], "conf": 0.5485901236534119}, {"box_index": 1, "class_id": 0, "class_name": "B1", "bbox_yolo": [0.5333908796310425, 0.4029829502105713, 0.0961930975317955, 0.0911218449473381], "conf": 0.5476067662239075}, {"box_index": 2, "class_id": 2, "class_name": "B3", "bbox_yolo": [0.6404343247413635, 0.38943466544151306, 0.09114259481430054, 0.07678540050983429], "conf": 0.28545016050338745}, {"box_index": 3, "class_id": 2, "class_name": "B3", "bbox_yolo": [0.39420589804649353, 0.3849988877773285, 0.06376101821660995, 0.06720655411481857], "conf": 0.25917020440101624}], "count_per_class": {"B1": 2, "B2": 0, "B3": 2, "B4": 0}, "side_index": 1}