{"image": "DAMIMAS_A21B_0465_3.jpg", "detector": "y26m_vanilla_local", "detections": [{"box_index": 0, "class_id": 0, "class_name": "B1", "bbox_yolo": [0.39640918374061584, 0.40325266122817993, 0.08908424526453018, 0.08238881081342697], "conf": 0.3093424141407013}], "count_per_class": {"B1": 1, "B2": 0, "B3": 0, "B4": 0}, "side_index": 2}