{"image": "DAMIMAS_A21B_0401_4.jpg", "detector": "y26m_vanilla_local", "detections": [{"box_index": 0, "class_id": 3, "class_name": "B4", "bbox_yolo": [0.43151673674583435, 0.4289438724517822, 0.09714864939451218, 0.051924705505371094], "conf": 0.4268516004085541}, {"box_index": 1, "class_id": 2, "class_name": "B3", "bbox_yolo": [0.45471784472465515, 0.4842071235179901, 0.10430320352315903, 0.06462450325489044], "conf": 0.34424224495887756}, {"box_index": 2, "class_id": 2, "class_name": "B3", "bbox_yolo": [0.34620654582977295, 0.47859135270118713, 0.09057048708200455, 0.08777918666601181], "conf": 0.29033535718917847}, {"box_index": 3, "class_id": 2, "class_name": "B3", "bbox_yolo": [0.3439136743545532, 0.47354698181152344, 0.0772627517580986, 0.07634811848402023], "conf": 0.2827514111995697}], "count_per_class": {"B1": 0, "B2": 0, "B3": 3, "B4": 1}, "side_index": 3}