{"image": "DAMIMAS_A21B_0510_4.jpg", "detector": "y26m_vanilla_local", "detections": [{"box_index": 0, "class_id": 2, "class_name": "B3", "bbox_yolo": [0.7353176474571228, 0.36467570066452026, 0.16889044642448425, 0.124966099858284], "conf": 0.6150041818618774}, {"box_index": 1, "class_id": 2, "class_name": "B3", "bbox_yolo": [0.3823404014110565, 0.33699271082878113, 0.14283199608325958, 0.1296939104795456], "conf": 0.4818740487098694}, {"box_index": 2, "class_id": 1, "class_name": "B2", "bbox_yolo": [0.7343250513076782, 0.366838276386261, 0.17013849318027496, 0.12985646724700928], "conf": 0.37218594551086426}, {"box_index": 3, "class_id": 3, "class_name": "B4", "bbox_yolo": [0.7550262212753296, 0.264315664768219, 0.11099778115749359, 0.08723538368940353], "conf": 0.2511613070964813}], "count_per_class": {"B1": 0, "B2": 1, "B3": 2, "B4": 1}, "side_index": 3}