{"image": "DAMIMAS_A21B_0040_4.jpg", "detector": "y26m_vanilla_local", "detections": [{"box_index": 0, "class_id": 2, "class_name": "B3", "bbox_yolo": [0.4933643639087677, 0.5578008890151978, 0.12799377739429474, 0.09307818859815598], "conf": 0.5173380374908447}, {"box_index": 1, "class_id": 2, "class_name": "B3", "bbox_yolo": [0.36565884947776794, 0.5830966830253601, 0.10779689997434616, 0.07243027538061142], "conf": 0.42144161462783813}, {"box_index": 2, "class_id": 1, "class_name": "B2", "bbox_yolo": [0.6097174882888794, 0.6031967401504517, 0.10821190476417542, 0.08958535641431808], "conf": 0.41126418113708496}, {"box_index": 3, "class_id": 2, "class_name": "B3", "bbox_yolo": [0.4777784049510956, 0.553936243057251, 0.0897897481918335, 0.08597021549940109], "conf": 0.35982370376586914}], "count_per_class": {"B1": 0, "B2": 1, "B3": 3, "B4": 0}, "side_index": 3}