{"image": "DAMIMAS_A21B_0010_4.jpg", "detector": "y26m_vanilla_local", "detections": [{"box_index": 0, "class_id": 2, "class_name": "B3", "bbox_yolo": [0.47814473509788513, 0.49786463379859924, 0.10656948387622833, 0.10128135979175568], "conf": 0.45547935366630554}, {"box_index": 1, "class_id": 2, "class_name": "B3", "bbox_yolo": [0.4796133041381836, 0.5008556246757507, 0.12133592367172241, 0.10678491741418839], "conf": 0.4394560754299164}, {"box_index": 2, "class_id": 1, "class_name": "B2", "bbox_yolo": [0.35384631156921387, 0.5243889689445496, 0.12181679904460907, 0.1058199405670166], "conf": 0.3668869733810425}, {"box_index": 3, "class_id": 3, "class_name": "B4", "bbox_yolo": [0.3940284848213196, 0.44052964448928833, 0.08412215113639832, 0.06001458317041397], "conf": 0.2724604308605194}], "count_per_class": {"B1": 0, "B2": 1, "B3": 2, "B4": 1}, "side_index": 3}