{"image": "DAMIMAS_A21B_0567_2.jpg", "detector": "y26m_vanilla_local", "detections": [{"box_index": 0, "class_id": 1, "class_name": "B2", "bbox_yolo": [0.6887907981872559, 0.41879698634147644, 0.08895295858383179, 0.08078499138355255], "conf": 0.2991805672645569}, {"box_index": 1, "class_id": 0, "class_name": "B1", "bbox_yolo": [0.45159226655960083, 0.42671823501586914, 0.11268193274736404, 0.08773894608020782], "conf": 0.2746352255344391}, {"box_index": 2, "class_id": 2, "class_name": "B3", "bbox_yolo": [0.3116293251514435, 0.43236732482910156, 0.13111557066440582, 0.12049756199121475], "conf": 0.2557007074356079}], "count_per_class": {"B1": 1, "B2": 1, "B3": 1, "B4": 0}, "side_index": 1}