{"image": "DAMIMAS_A21B_0342_3.jpg", "detector": "y26m_vanilla_local", "detections": [{"box_index": 0, "class_id": 2, "class_name": "B3", "bbox_yolo": [0.5665489435195923, 0.2996070384979248, 0.08531926572322845, 0.057584214955568314], "conf": 0.25862008333206177}], "count_per_class": {"B1": 0, "B2": 0, "B3": 1, "B4": 0}, "side_index": 2}