{"image": "DAMIMAS_A21B_0023_1.jpg", "detector": "y26m_vanilla_local", "detections": [{"box_index": 0, "class_id": 2, "class_name": "B3", "bbox_yolo": [0.34211429953575134, 0.5247766375541687, 0.10968132317066193, 0.08544021099805832], "conf": 0.4585419297218323}, {"box_index": 1, "class_id": 0, "class_name": "B1", "bbox_yolo": [0.47929278016090393, 0.5286956429481506, 0.14037400484085083, 0.11073102802038193], "conf": 0.4027756154537201}, {"box_index": 2, "class_id": 1, "class_name": "B2", "bbox_yolo": [0.480994313955307, 0.5284199118614197, 0.13728831708431244, 0.1122889518737793], "conf": 0.32685741782188416}, {"box_index": 3, "class_id": 2, "class_name": "B3", "bbox_yolo": [0.3434765040874481, 0.5269438624382019, 0.1273876279592514, 0.09708743542432785], "conf": 0.31776896119117737}], "count_per_class": {"B1": 1, "B2": 1, "B3": 2, "B4": 0}, "side_index": 0}