{"image": "DAMIMAS_A21B_0393_2.jpg", "detector": "y26m_vanilla_local", "detections": [{"box_index": 0, "class_id": 2, "class_name": "B3", "bbox_yolo": [0.5541009306907654, 0.3696366250514984, 0.1362438201904297, 0.11130078136920929], "conf": 0.7084174752235413}, {"box_index": 1, "class_id": 2, "class_name": "B3", "bbox_yolo": [0.3990730047225952, 0.40064486861228943, 0.13188381493091583, 0.10987740010023117], "conf": 0.6223400831222534}, {"box_index": 2, "class_id": 1, "class_name": "B2", "bbox_yolo": [0.6976975202560425, 0.4071095585823059, 0.1424710601568222, 0.11019396781921387], "conf": 0.3186453878879547}, {"box_index": 3, "class_id": 3, "class_name": "B4", "bbox_yolo": [0.33113202452659607, 0.32927998900413513, 0.07548660039901733, 0.05722184106707573], "conf": 0.2869395911693573}], "count_per_class": {"B1": 0, "B2": 1, "B3": 2, "B4": 1}, "side_index": 1}