{"image": "DAMIMAS_A21B_0812_3.jpg", "detector": "y26m_vanilla_local", "detections": [{"box_index": 0, "class_id": 1, "class_name": "B2", "bbox_yolo": [0.41468703746795654, 0.42887258529663086, 0.14897945523262024, 0.11402113735675812], "conf": 0.50499427318573}, {"box_index": 1, "class_id": 0, "class_name": "B1", "bbox_yolo": [0.5968936681747437, 0.46827149391174316, 0.14828826487064362, 0.14115145802497864], "conf": 0.5023297667503357}, {"box_index": 2, "class_id": 2, "class_name": "B3", "bbox_yolo": [0.4114421606063843, 0.42890000343322754, 0.15180009603500366, 0.11393439769744873], "conf": 0.4386174976825714}], "count_per_class": {"B1": 1, "B2": 1, "B3": 1, "B4": 0}, "side_index": 2}