{"image": "DAMIMAS_A21B_0381_2.jpg", "detector": "y26m_vanilla_local", "detections": [{"box_index": 0, "class_id": 2, "class_name": "B3", "bbox_yolo": [0.4584129750728607, 0.40486136078834534, 0.14166247844696045, 0.10380692780017853], "conf": 0.6690918803215027}, {"box_index": 1, "class_id": 2, "class_name": "B3", "bbox_yolo": [0.2889929711818695, 0.35815510153770447, 0.08870589733123779, 0.06334562599658966], "conf": 0.3766878545284271}, {"box_index": 2, "class_id": 2, "class_name": "B3", "bbox_yolo": [0.6710184812545776, 0.3619684875011444, 0.09022980183362961, 0.07056067138910294], "conf": 0.33756744861602783}], "count_per_class": {"B1": 0, "B2": 0, "B3": 3, "B4": 0}, "side_index": 1}