{"image": "DAMIMAS_A21B_0481_3.jpg", "detector": "y26m_vanilla_local", "detections": [{"box_index": 0, "class_id": 2, "class_name": "B3", "bbox_yolo": [0.4916888177394867, 0.42203518748283386, 0.09987564384937286, 0.0792778953909874], "conf": 0.5669494867324829}, {"box_index": 1, "class_id": 0, "class_name": "B1", "bbox_yolo": [0.6145517230033875, 0.4403403401374817, 0.10710373520851135, 0.08095746487379074], "conf": 0.35805290937423706}], "count_per_class": {"B1": 1, "B2": 0, "B3": 1, "B4": 0}, "side_index": 2}