{"image": "DAMIMAS_A21B_0494_4.jpg", "detector": "y26m_vanilla_local", "detections": [{"box_index": 0, "class_id": 2, "class_name": "B3", "bbox_yolo": [0.34797313809394836, 0.33581969141960144, 0.14053891599178314, 0.0976458340883255], "conf": 0.3919919729232788}, {"box_index": 1, "class_id": 3, "class_name": "B4", "bbox_yolo": [0.3337651491165161, 0.2562481462955475, 0.07560177147388458, 0.05666666105389595], "conf": 0.36871421337127686}, {"box_index": 2, "class_id": 2, "class_name": "B3", "bbox_yolo": [0.3489057719707489, 0.33085760474205017, 0.13069993257522583, 0.0867094025015831], "conf": 0.33422189950942993}], "count_per_class": {"B1": 0, "B2": 0, "B3": 2, "B4": 1}, "side_index": 3}