{"image": "DAMIMAS_A21B_0380_2.jpg", "detector": "y26m_vanilla_local", "detections": [{"box_index": 0, "class_id": 2, "class_name": "B3", "bbox_yolo": [0.40093690156936646, 0.43580007553100586, 0.09156300872564316, 0.07740630954504013], "conf": 0.3316693603992462}], "count_per_class": {"B1": 0, "B2": 0, "B3": 1, "B4": 0}, "side_index": 1}