{"image": "DAMIMAS_A21B_0165_2.jpg", "detector": "y26m_vanilla_local", "detections": [{"box_index": 0, "class_id": 1, "class_name": "B2", "bbox_yolo": [0.4135824143886566, 0.49402403831481934, 0.10254625231027603, 0.07166042178869247], "conf": 0.39293810725212097}, {"box_index": 1, "class_id": 3, "class_name": "B4", "bbox_yolo": [0.5639026165008545, 0.40561285614967346, 0.05901196971535683, 0.04283609613776207], "conf": 0.2922014594078064}], "count_per_class": {"B1": 0, "B2": 1, "B3": 0, "B4": 1}, "side_index": 1}