{"image": "DAMIMAS_A21B_0817_8.jpg", "detector": "y26m_vanilla_local", "detections": [{"box_index": 0, "class_id": 0, "class_name": "B1", "bbox_yolo": [0.4236149787902832, 0.5123412013053894, 0.1614011526107788, 0.14059114456176758], "conf": 0.6327111124992371}, {"box_index": 1, "class_id": 2, "class_name": "B3", "bbox_yolo": [0.5949670672416687, 0.4807620644569397, 0.13510316610336304, 0.1115444228053093], "conf": 0.5298422574996948}, {"box_index": 2, "class_id": 0, "class_name": "B1", "bbox_yolo": [0.6852878332138062, 0.5334886908531189, 0.1342238187789917, 0.11587834358215332], "conf": 0.4676635265350342}, {"box_index": 3, "class_id": 1, "class_name": "B2", "bbox_yolo": [0.5948140621185303, 0.4815724492073059, 0.13985322415828705, 0.11330714076757431], "conf": 0.41293948888778687}], "count_per_class": {"B1": 2, "B2": 1, "B3": 1, "B4": 0}, "side_index": 7}