{"image": "DAMIMAS_A21B_0504_2.jpg", "detector": "y26m_vanilla_local", "detections": [{"box_index": 0, "class_id": 2, "class_name": "B3", "bbox_yolo": [0.6236230731010437, 0.39228329062461853, 0.10445881634950638, 0.07304539531469345], "conf": 0.43160876631736755}, {"box_index": 1, "class_id": 3, "class_name": "B4", "bbox_yolo": [0.35849443078041077, 0.33779606223106384, 0.10432542860507965, 0.06683678925037384], "conf": 0.39101389050483704}, {"box_index": 2, "class_id": 2, "class_name": "B3", "bbox_yolo": [0.3948443830013275, 0.40511083602905273, 0.1087796613574028, 0.07386370003223419], "conf": 0.3671654164791107}], "count_per_class": {"B1": 0, "B2": 0, "B3": 2, "B4": 1}, "side_index": 1}