{"image": "DAMIMAS_A21B_0218_2.jpg", "detector": "y26m_vanilla_local", "detections": [{"box_index": 0, "class_id": 2, "class_name": "B3", "bbox_yolo": [0.5428207516670227, 0.3923754394054413, 0.130864217877388, 0.10145144909620285], "conf": 0.5034015774726868}, {"box_index": 1, "class_id": 1, "class_name": "B2", "bbox_yolo": [0.6760169267654419, 0.4255619943141937, 0.12914544343948364, 0.11806237697601318], "conf": 0.4541272222995758}, {"box_index": 2, "class_id": 3, "class_name": "B4", "bbox_yolo": [0.440966933965683, 0.32847002148628235, 0.10856416076421738, 0.07933135330677032], "conf": 0.34731560945510864}, {"box_index": 3, "class_id": 2, "class_name": "B3", "bbox_yolo": [0.36073142290115356, 0.4058302044868469, 0.09029000997543335, 0.09301841259002686], "conf": 0.2588289678096771}], "count_per_class": {"B1": 0, "B2": 1, "B3": 2, "B4": 1}, "side_index": 1}