{"image": "DAMIMAS_A21B_0426_1.jpg", "detector": "y26m_vanilla_local", "detections": [{"box_index": 0, "class_id": 2, "class_name": "B3", "bbox_yolo": [0.43673399090766907, 0.4070323407649994, 0.1547858566045761, 0.10699339210987091], "conf": 0.5169491171836853}, {"box_index": 1, "class_id": 2, "class_name": "B3", "bbox_yolo": [0.5801506638526917, 0.4368789792060852, 0.14498810470104218, 0.1047445759177208], "conf": 0.47848349809646606}], "count_per_class": {"B1": 0, "B2": 0, "B3": 2, "B4": 0}, "side_index": 0}