{"image": "DAMIMAS_A21B_0520_2.jpg", "detector": "y26m_vanilla_local", "detections": [{"box_index": 0, "class_id": 0, "class_name": "B1", "bbox_yolo": [0.3771165907382965, 0.498079389333725, 0.12768638134002686, 0.12087655067443848], "conf": 0.49560797214508057}, {"box_index": 1, "class_id": 1, "class_name": "B2", "bbox_yolo": [0.3771165907382965, 0.498079389333725, 0.12768638134002686, 0.12087655067443848], "conf": 0.33424195647239685}, {"box_index": 2, "class_id": 2, "class_name": "B3", "bbox_yolo": [0.6123795509338379, 0.4504667818546295, 0.08730685710906982, 0.08801603317260742], "conf": 0.27912187576293945}, {"box_index": 3, "class_id": 2, "class_name": "B3", "bbox_yolo": [0.49953457713127136, 0.47448381781578064, 0.09032755345106125, 0.09790649265050888], "conf": 0.2616097331047058}], "count_per_class": {"B1": 1, "B2": 1, "B3": 2, "B4": 0}, "side_index": 1}