{"image": "DAMIMAS_A21B_0220_2.jpg", "detector": "y26m_vanilla_local", "detections": [{"box_index": 0, "class_id": 2, "class_name": "B3", "bbox_yolo": [0.38773372769355774, 0.4262743592262268, 0.1454053670167923, 0.11350023746490479], "conf": 0.5022530555725098}, {"box_index": 1, "class_id": 2, "class_name": "B3", "bbox_yolo": [0.5741891264915466, 0.4124530851840973, 0.13652122020721436, 0.1076924130320549], "conf": 0.35670527815818787}], "count_per_class": {"B1": 0, "B2": 0, "B3": 2, "B4": 0}, "side_index": 1}