{"image": "DAMIMAS_A21B_0718_1.jpg", "detector": "y26m_vanilla_local", "detections": [{"box_index": 0, "class_id": 1, "class_name": "B2", "bbox_yolo": [0.5709004998207092, 0.4296063482761383, 0.2282627522945404, 0.16281111538410187], "conf": 0.6703211069107056}, {"box_index": 1, "class_id": 0, "class_name": "B1", "bbox_yolo": [0.2967849373817444, 0.45763254165649414, 0.25220832228660583, 0.1861579865217209], "conf": 0.6451560258865356}], "count_per_class": {"B1": 1, "B2": 1, "B3": 0, "B4": 0}, "side_index": 0}