{"image": "DAMIMAS_A21B_0667_4.jpg", "detector": "y26m_vanilla_local", "detections": [{"box_index": 0, "class_id": 0, "class_name": "B1", "bbox_yolo": [0.3243648409843445, 0.45234569907188416, 0.15817643702030182, 0.12829045951366425], "conf": 0.7293716669082642}, {"box_index": 1, "class_id": 0, "class_name": "B1", "bbox_yolo": [0.6443465352058411, 0.4424828588962555, 0.14144007861614227, 0.11582856625318527], "conf": 0.6090877056121826}, {"box_index": 2, "class_id": 2, "class_name": "B3", "bbox_yolo": [0.4728452265262604, 0.42252317070961, 0.14969445765018463, 0.1146361380815506], "conf": 0.5995056629180908}, {"box_index": 3, "class_id": 0, "class_name": "B1", "bbox_yolo": [0.6427423357963562, 0.44389668107032776, 0.14243412017822266, 0.1134675070643425], "conf": 0.2845742404460907}], "count_per_class": {"B1": 3, "B2": 0, "B3": 1, "B4": 0}, "side_index": 3}