{"image": "DAMIMAS_A21B_0014_4.jpg", "detector": "y26m_vanilla_local", "detections": [{"box_index": 0, "class_id": 1, "class_name": "B2", "bbox_yolo": [0.522879421710968, 0.5205408334732056, 0.13847583532333374, 0.11919312924146652], "conf": 0.4964178502559662}, {"box_index": 1, "class_id": 0, "class_name": "B1", "bbox_yolo": [0.5240898132324219, 0.5200517177581787, 0.1333327740430832, 0.1169196143746376], "conf": 0.3704625964164734}, {"box_index": 2, "class_id": 3, "class_name": "B4", "bbox_yolo": [0.3515035808086395, 0.42654433846473694, 0.0791507437825203, 0.06296243518590927], "conf": 0.3486558496952057}, {"box_index": 3, "class_id": 2, "class_name": "B3", "bbox_yolo": [0.3588167428970337, 0.49387645721435547, 0.09696655720472336, 0.07690568268299103], "conf": 0.2912267744541168}], "count_per_class": {"B1": 1, "B2": 1, "B3": 1, "B4": 1}, "side_index": 3}