{"image": "DAMIMAS_A21B_0604_1.jpg", "detector": "y26m_vanilla_local", "detections": [{"box_index": 0, "class_id": 1, "class_name": "B2", "bbox_yolo": [0.4403088390827179, 0.2853124141693115, 0.18882612884044647, 0.1359657496213913], "conf": 0.533478856086731}, {"box_index": 1, "class_id": 2, "class_name": "B3", "bbox_yolo": [0.444112092256546, 0.28345856070518494, 0.1836700588464737, 0.13255906105041504], "conf": 0.3027132749557495}], "count_per_class": {"B1": 0, "B2": 1, "B3": 1, "B4": 0}, "side_index": 0}