{"image": "DAMIMAS_A21B_0849_7.jpg", "detector": "y26m_vanilla_local", "detections": [{"box_index": 0, "class_id": 1, "class_name": "B2", "bbox_yolo": [0.46561911702156067, 0.34211263060569763, 0.10099226981401443, 0.093577079474926], "conf": 0.5319188833236694}, {"box_index": 1, "class_id": 1, "class_name": "B2", "bbox_yolo": [0.48081550002098083, 0.3473123013973236, 0.14363843202590942, 0.10661478340625763], "conf": 0.3981877267360687}], "count_per_class": {"B1": 0, "B2": 2, "B3": 0, "B4": 0}, "side_index": 6}