{"image": "DAMIMAS_A21B_0776_4.jpg", "detector": "y26m_vanilla_local", "detections": [{"box_index": 0, "class_id": 0, "class_name": "B1", "bbox_yolo": [0.3014582097530365, 0.38819050788879395, 0.18024349212646484, 0.12403833866119385], "conf": 0.5773832201957703}, {"box_index": 1, "class_id": 2, "class_name": "B3", "bbox_yolo": [0.522663414478302, 0.32633376121520996, 0.1539808064699173, 0.11695649474859238], "conf": 0.464851051568985}, {"box_index": 2, "class_id": 1, "class_name": "B2", "bbox_yolo": [0.743114173412323, 0.4193759858608246, 0.14362578094005585, 0.1105981096625328], "conf": 0.34496593475341797}], "count_per_class": {"B1": 1, "B2": 1, "B3": 1, "B4": 0}, "side_index": 3}