{"image": "DAMIMAS_A21B_0489_2.jpg", "detector": "y26m_vanilla_local", "detections": [{"box_index": 0, "class_id": 2, "class_name": "B3", "bbox_yolo": [0.4214792549610138, 0.45796194672584534, 0.08757401257753372, 0.08134637027978897], "conf": 0.4707132875919342}, {"box_index": 1, "class_id": 2, "class_name": "B3", "bbox_yolo": [0.5782711505889893, 0.43648025393486023, 0.10660388320684433, 0.08273148536682129], "conf": 0.39963358640670776}, {"box_index": 2, "class_id": 2, "class_name": "B3", "bbox_yolo": [0.29547885060310364, 0.45347023010253906, 0.09045089781284332, 0.06510648876428604], "conf": 0.3209799826145172}], "count_per_class": {"B1": 0, "B2": 0, "B3": 3, "B4": 0}, "side_index": 1}