{"image": "DAMIMAS_A21B_0102_1.jpg", "detector": "y26m_vanilla_local", "detections": [{"box_index": 0, "class_id": 2, "class_name": "B3", "bbox_yolo": [0.378589928150177, 0.6053916215896606, 0.13392411172389984, 0.11015629768371582], "conf": 0.46625813841819763}, {"box_index": 1, "class_id": 2, "class_name": "B3", "bbox_yolo": [0.6303919553756714, 0.544533908367157, 0.08519510179758072, 0.07386264950037003], "conf": 0.27181336283683777}, {"box_index": 2, "class_id": 2, "class_name": "B3", "bbox_yolo": [0.3727005124092102, 0.5980746150016785, 0.11536576598882675, 0.09443016350269318], "conf": 0.267808735370636}, {"box_index": 3, "class_id": 2, "class_name": "B3", "bbox_yolo": [0.5139471888542175, 0.5796324014663696, 0.12142807990312576, 0.10065355151891708], "conf": 0.26476797461509705}], "count_per_class": {"B1": 0, "B2": 0, "B3": 4, "B4": 0}, "side_index": 0}