{"image": "DAMIMAS_A21B_0838_7.jpg", "detector": "y26m_vanilla_local", "detections": [{"box_index": 0, "class_id": 3, "class_name": "B4", "bbox_yolo": [0.3669593334197998, 0.3139393925666809, 0.09626290202140808, 0.06652276962995529], "conf": 0.2583686411380768}], "count_per_class": {"B1": 0, "B2": 0, "B3": 0, "B4": 1}, "side_index": 6}