{"image": "DAMIMAS_A21B_0046_3.jpg", "detector": "y26m_vanilla_local", "detections": [{"box_index": 0, "class_id": 2, "class_name": "B3", "bbox_yolo": [0.5056114196777344, 0.41078224778175354, 0.13902610540390015, 0.11101748794317245], "conf": 0.43478015065193176}], "count_per_class": {"B1": 0, "B2": 0, "B3": 1, "B4": 0}, "side_index": 2}