{"image": "DAMIMAS_A21B_0448_2.jpg", "detector": "y26m_vanilla_local", "detections": [{"box_index": 0, "class_id": 2, "class_name": "B3", "bbox_yolo": [0.5348537564277649, 0.36955615878105164, 0.08374030143022537, 0.06979479640722275], "conf": 0.5049551129341125}, {"box_index": 1, "class_id": 2, "class_name": "B3", "bbox_yolo": [0.449794739484787, 0.3818054497241974, 0.07710059732198715, 0.06575741618871689], "conf": 0.3168593645095825}, {"box_index": 2, "class_id": 1, "class_name": "B2", "bbox_yolo": [0.5854294300079346, 0.3943239748477936, 0.06241309270262718, 0.058712102472782135], "conf": 0.2991296947002411}, {"box_index": 3, "class_id": 0, "class_name": "B1", "bbox_yolo": [0.3742520213127136, 0.38873371481895447, 0.07079213857650757, 0.05872673913836479], "conf": 0.2826085090637207}], "count_per_class": {"B1": 1, "B2": 1, "B3": 2, "B4": 0}, "side_index": 1}