{"image": "DAMIMAS_A21B_0247_3.jpg", "detector": "y26m_vanilla_local", "detections": [{"box_index": 0, "class_id": 1, "class_name": "B2", "bbox_yolo": [0.6437844038009644, 0.33539241552352905, 0.18918292224407196, 0.14175067842006683], "conf": 0.6692588925361633}, {"box_index": 1, "class_id": 3, "class_name": "B4", "bbox_yolo": [0.6516748070716858, 0.22741571068763733, 0.1004805937409401, 0.07180549949407578], "conf": 0.48018157482147217}, {"box_index": 2, "class_id": 2, "class_name": "B3", "bbox_yolo": [0.47461485862731934, 0.28772836923599243, 0.1490296721458435, 0.13100090622901917], "conf": 0.4580848217010498}, {"box_index": 3, "class_id": 2, "class_name": "B3", "bbox_yolo": [0.33527082204818726, 0.29275748133659363, 0.12667694687843323, 0.11491217464208603], "conf": 0.3660408556461334}], "count_per_class": {"B1": 0, "B2": 1, "B3": 2, "B4": 1}, "side_index": 2}