{"image": "DAMIMAS_A21B_0365_1.jpg", "detector": "y26m_vanilla_local", "detections": [{"box_index": 0, "class_id": 0, "class_name": "B1", "bbox_yolo": [0.43386638164520264, 0.4214499890804291, 0.13881388306617737, 0.10737674683332443], "conf": 0.7091228365898132}, {"box_index": 1, "class_id": 2, "class_name": "B3", "bbox_yolo": [0.5664491057395935, 0.37585997581481934, 0.13891290128231049, 0.11072617024183273], "conf": 0.4629334509372711}, {"box_index": 2, "class_id": 3, "class_name": "B4", "bbox_yolo": [0.6431950926780701, 0.305591881275177, 0.08114096522331238, 0.061696555465459824], "conf": 0.2569100856781006}], "count_per_class": {"B1": 1, "B2": 0, "B3": 1, "B4": 1}, "side_index": 0}