{"image": "DAMIMAS_A21B_0223_3.jpg", "detector": "y26m_vanilla_local", "detections": [{"box_index": 0, "class_id": 3, "class_name": "B4", "bbox_yolo": [0.43487855792045593, 0.32423099875450134, 0.09139144420623779, 0.06061346456408501], "conf": 0.37152132391929626}], "count_per_class": {"B1": 0, "B2": 0, "B3": 0, "B4": 1}, "side_index": 2}