{"image": "DAMIMAS_A21B_0791_3.jpg", "detector": "y26m_vanilla_local", "detections": [{"box_index": 0, "class_id": 2, "class_name": "B3", "bbox_yolo": [0.4264403283596039, 0.49108439683914185, 0.19526533782482147, 0.1336706131696701], "conf": 0.5555344223976135}], "count_per_class": {"B1": 0, "B2": 0, "B3": 1, "B4": 0}, "side_index": 2}