{"image": "DAMIMAS_A21B_0236_1.jpg", "detector": "y26m_vanilla_local", "detections": [{"box_index": 0, "class_id": 2, "class_name": "B3", "bbox_yolo": [0.34134140610694885, 0.363861083984375, 0.18315903842449188, 0.14699028432369232], "conf": 0.38231539726257324}, {"box_index": 1, "class_id": 2, "class_name": "B3", "bbox_yolo": [0.31768080592155457, 0.32665014266967773, 0.1349610537290573, 0.07398779690265656], "conf": 0.3300933837890625}, {"box_index": 2, "class_id": 2, "class_name": "B3", "bbox_yolo": [0.6975978016853333, 0.3522380292415619, 0.12962870299816132, 0.1002780944108963], "conf": 0.30411937832832336}], "count_per_class": {"B1": 0, "B2": 0, "B3": 3, "B4": 0}, "side_index": 0}