{"image": "DAMIMAS_A21B_0070_1.jpg", "detector": "y26m_vanilla_local", "detections": [{"box_index": 0, "class_id": 2, "class_name": "B3", "bbox_yolo": [0.323819100856781, 0.43929702043533325, 0.13272099196910858, 0.09865453094244003], "conf": 0.5510334968566895}, {"box_index": 1, "class_id": 2, "class_name": "B3", "bbox_yolo": [0.5874415636062622, 0.4314751625061035, 0.10275046527385712, 0.07225769013166428], "conf": 0.4320968985557556}, {"box_index": 2, "class_id": 3, "class_name": "B4", "bbox_yolo": [0.5290752053260803, 0.37470242381095886, 0.09911852329969406, 0.06418485939502716], "conf": 0.37368008494377136}, {"box_index": 3, "class_id": 2, "class_name": "B3", "bbox_yolo": [0.32337021827697754, 0.43495607376098633, 0.12082518637180328, 0.09252264350652695], "conf": 0.32975342869758606}], "count_per_class": {"B1": 0, "B2": 0, "B3": 3, "B4": 1}, "side_index": 0}