{"image": "DAMIMAS_A21B_0460_1.jpg", "detector": "y26m_vanilla_local", "detections": [{"box_index": 0, "class_id": 2, "class_name": "B3", "bbox_yolo": [0.5944280028343201, 0.3944144546985626, 0.07984155416488647, 0.06051669269800186], "conf": 0.5363771915435791}, {"box_index": 1, "class_id": 0, "class_name": "B1", "bbox_yolo": [0.6546028256416321, 0.41504716873168945, 0.06426951289176941, 0.05727667734026909], "conf": 0.2861529588699341}, {"box_index": 2, "class_id": 2, "class_name": "B3", "bbox_yolo": [0.39109116792678833, 0.3985402286052704, 0.054589688777923584, 0.054065730422735214], "conf": 0.27294468879699707}], "count_per_class": {"B1": 1, "B2": 0, "B3": 2, "B4": 0}, "side_index": 0}