{"image": "DAMIMAS_A21B_0520_4.jpg", "detector": "y26m_vanilla_local", "detections": [{"box_index": 0, "class_id": 0, "class_name": "B1", "bbox_yolo": [0.49206042289733887, 0.47116827964782715, 0.13867305219173431, 0.14706717431545258], "conf": 0.44191429018974304}, {"box_index": 1, "class_id": 1, "class_name": "B2", "bbox_yolo": [0.3439794182777405, 0.4722015857696533, 0.12637129426002502, 0.11010751873254776], "conf": 0.33136531710624695}, {"box_index": 2, "class_id": 1, "class_name": "B2", "bbox_yolo": [0.48983263969421387, 0.47299137711524963, 0.13592135906219482, 0.14517422020435333], "conf": 0.3042893409729004}, {"box_index": 3, "class_id": 2, "class_name": "B3", "bbox_yolo": [0.34090477228164673, 0.4688177704811096, 0.1077241599559784, 0.1013587936758995], "conf": 0.29137304425239563}], "count_per_class": {"B1": 1, "B2": 2, "B3": 1, "B4": 0}, "side_index": 3}