{"image": "DAMIMAS_A21B_0113_3.jpg", "detector": "y26m_vanilla_local", "detections": [{"box_index": 0, "class_id": 2, "class_name": "B3", "bbox_yolo": [0.3724479377269745, 0.5090999603271484, 0.14955025911331177, 0.10051341354846954], "conf": 0.280264288187027}, {"box_index": 1, "class_id": 2, "class_name": "B3", "bbox_yolo": [0.3771408498287201, 0.5152310132980347, 0.12508615851402283, 0.0777750015258789], "conf": 0.26856884360313416}], "count_per_class": {"B1": 0, "B2": 0, "B3": 2, "B4": 0}, "side_index": 2}