{"image": "DAMIMAS_A21B_0848_8.jpg", "detector": "y26m_vanilla_local", "detections": [{"box_index": 0, "class_id": 2, "class_name": "B3", "bbox_yolo": [0.4346785545349121, 0.553907573223114, 0.13094455003738403, 0.09417472034692764], "conf": 0.5452609658241272}, {"box_index": 1, "class_id": 2, "class_name": "B3", "bbox_yolo": [0.5848225951194763, 0.5562074780464172, 0.1384991705417633, 0.0905667319893837], "conf": 0.42375069856643677}, {"box_index": 2, "class_id": 2, "class_name": "B3", "bbox_yolo": [0.43390193581581116, 0.5493865609169006, 0.12391803413629532, 0.07840938866138458], "conf": 0.25829389691352844}], "count_per_class": {"B1": 0, "B2": 0, "B3": 3, "B4": 0}, "side_index": 7}