{"image": "DAMIMAS_A21B_0458_1.jpg", "detector": "y26m_vanilla_local", "detections": [{"box_index": 0, "class_id": 1, "class_name": "B2", "bbox_yolo": [0.37445056438446045, 0.4637299180030823, 0.10415878891944885, 0.08191347122192383], "conf": 0.40264278650283813}, {"box_index": 1, "class_id": 1, "class_name": "B2", "bbox_yolo": [0.6018701195716858, 0.44323283433914185, 0.09285005182027817, 0.06211381033062935], "conf": 0.3227865397930145}, {"box_index": 2, "class_id": 2, "class_name": "B3", "bbox_yolo": [0.6530665159225464, 0.408292680978775, 0.05568987876176834, 0.04234185442328453], "conf": 0.2781967520713806}, {"box_index": 3, "class_id": 2, "class_name": "B3", "bbox_yolo": [0.48866188526153564, 0.44107410311698914, 0.08644619584083557, 0.07942509651184082], "conf": 0.2731499671936035}], "count_per_class": {"B1": 0, "B2": 2, "B3": 2, "B4": 0}, "side_index": 0}