{"image": "DAMIMAS_A21B_0327_3.jpg", "detector": "y26m_vanilla_local", "detections": [{"box_index": 0, "class_id": 1, "class_name": "B2", "bbox_yolo": [0.40315860509872437, 0.490640789270401, 0.16369695961475372, 0.1404341757297516], "conf": 0.4261389672756195}, {"box_index": 1, "class_id": 2, "class_name": "B3", "bbox_yolo": [0.3288033902645111, 0.39751288294792175, 0.08867178112268448, 0.07800016552209854], "conf": 0.36220669746398926}], "count_per_class": {"B1": 0, "B2": 1, "B3": 1, "B4": 0}, "side_index": 2}