{"image": "DAMIMAS_A21B_0401_1.jpg", "detector": "y26m_vanilla_local", "detections": [{"box_index": 0, "class_id": 2, "class_name": "B3", "bbox_yolo": [0.4159356653690338, 0.36916977167129517, 0.1541951298713684, 0.11804649978876114], "conf": 0.7357934713363647}, {"box_index": 1, "class_id": 2, "class_name": "B3", "bbox_yolo": [0.2982347309589386, 0.39287039637565613, 0.08634503930807114, 0.08939938992261887], "conf": 0.44720542430877686}, {"box_index": 2, "class_id": 2, "class_name": "B3", "bbox_yolo": [0.6230013966560364, 0.37161168456077576, 0.07967790216207504, 0.0854949951171875], "conf": 0.26838329434394836}, {"box_index": 3, "class_id": 2, "class_name": "B3", "bbox_yolo": [0.30013471841812134, 0.39650365710258484, 0.11127746105194092, 0.09750371426343918], "conf": 0.2587406039237976}], "count_per_class": {"B1": 0, "B2": 0, "B3": 4, "B4": 0}, "side_index": 0}