{"image": "DAMIMAS_A21B_0317_4.jpg", "detector": "y26m_vanilla_local", "detections": [{"box_index": 0, "class_id": 2, "class_name": "B3", "bbox_yolo": [0.5021048784255981, 0.4786854684352875, 0.1401112973690033, 0.1304500550031662], "conf": 0.4965375065803528}, {"box_index": 1, "class_id": 3, "class_name": "B4", "bbox_yolo": [0.3571588099002838, 0.4533570408821106, 0.0984799787402153, 0.06940817832946777], "conf": 0.2976914048194885}, {"box_index": 2, "class_id": 2, "class_name": "B3", "bbox_yolo": [0.6399915218353271, 0.49093085527420044, 0.10559991747140884, 0.07000322639942169], "conf": 0.2824830412864685}], "count_per_class": {"B1": 0, "B2": 0, "B3": 2, "B4": 1}, "side_index": 3}