{"image": "DAMIMAS_A21B_0018_4.jpg", "detector": "y26m_vanilla_local", "detections": [{"box_index": 0, "class_id": 2, "class_name": "B3", "bbox_yolo": [0.6252207159996033, 0.49101898074150085, 0.09366493672132492, 0.0746210590004921], "conf": 0.4442478120326996}, {"box_index": 1, "class_id": 0, "class_name": "B1", "bbox_yolo": [0.43830129504203796, 0.5086899995803833, 0.12618905305862427, 0.10089617222547531], "conf": 0.32968029379844666}], "count_per_class": {"B1": 1, "B2": 0, "B3": 1, "B4": 0}, "side_index": 3}