{"image": "DAMIMAS_A21B_0501_1.jpg", "detector": "y26m_vanilla_local", "detections": [{"box_index": 0, "class_id": 2, "class_name": "B3", "bbox_yolo": [0.4078099727630615, 0.4250636696815491, 0.10190414637327194, 0.06832945346832275], "conf": 0.38930004835128784}, {"box_index": 1, "class_id": 2, "class_name": "B3", "bbox_yolo": [0.5369995832443237, 0.455333948135376, 0.10170695185661316, 0.07256489247083664], "conf": 0.3239291310310364}], "count_per_class": {"B1": 0, "B2": 0, "B3": 2, "B4": 0}, "side_index": 0}