{"image": "DAMIMAS_A21B_0013_4.jpg", "detector": "y26m_vanilla_local", "detections": [{"box_index": 0, "class_id": 2, "class_name": "B3", "bbox_yolo": [0.5199055671691895, 0.5106793642044067, 0.08349956572055817, 0.07255406677722931], "conf": 0.4890917241573334}, {"box_index": 1, "class_id": 3, "class_name": "B4", "bbox_yolo": [0.44545677304267883, 0.46939611434936523, 0.07966683804988861, 0.04775986820459366], "conf": 0.2549671232700348}], "count_per_class": {"B1": 0, "B2": 0, "B3": 1, "B4": 1}, "side_index": 3}