{"image": "DAMIMAS_A21B_0055_1.jpg", "detector": "y26m_vanilla_local", "detections": [{"box_index": 0, "class_id": 1, "class_name": "B2", "bbox_yolo": [0.38629329204559326, 0.5150468945503235, 0.12523066997528076, 0.09795527905225754], "conf": 0.49736854434013367}, {"box_index": 1, "class_id": 3, "class_name": "B4", "bbox_yolo": [0.37939849495887756, 0.4406115710735321, 0.07406178116798401, 0.04659924656152725], "conf": 0.3950788080692291}, {"box_index": 2, "class_id": 2, "class_name": "B3", "bbox_yolo": [0.49905672669410706, 0.45899924635887146, 0.0968136191368103, 0.08185362815856934], "conf": 0.33842208981513977}], "count_per_class": {"B1": 0, "B2": 1, "B3": 1, "B4": 1}, "side_index": 0}