{"image": "DAMIMAS_A21B_0556_1.jpg", "detector": "y26m_vanilla_local", "detections": [{"box_index": 0, "class_id": 0, "class_name": "B1", "bbox_yolo": [0.44131433963775635, 0.3940601050853729, 0.15218229591846466, 0.1092115193605423], "conf": 0.6752598285675049}, {"box_index": 1, "class_id": 1, "class_name": "B2", "bbox_yolo": [0.619678258895874, 0.37616264820098877, 0.1397394835948944, 0.10921473801136017], "conf": 0.46211931109428406}, {"box_index": 2, "class_id": 3, "class_name": "B4", "bbox_yolo": [0.6339413523674011, 0.3020085096359253, 0.0986911803483963, 0.054128218442201614], "conf": 0.27535516023635864}, {"box_index": 3, "class_id": 2, "class_name": "B3", "bbox_yolo": [0.618180513381958, 0.37604570388793945, 0.1388343870639801, 0.10597448796033859], "conf": 0.27252811193466187}], "count_per_class": {"B1": 1, "B2": 1, "B3": 1, "B4": 1}, "side_index": 0}