{"image": "DAMIMAS_A21B_0463_2.jpg", "detector": "y26m_vanilla_local", "detections": [{"box_index": 0, "class_id": 0, "class_name": "B1", "bbox_yolo": [0.35380205512046814, 0.49566683173179626, 0.07044611126184464, 0.0781959518790245], "conf": 0.5371554493904114}, {"box_index": 1, "class_id": 2, "class_name": "B3", "bbox_yolo": [0.40631943941116333, 0.4689187705516815, 0.06655553728342056, 0.05878439173102379], "conf": 0.2736980617046356}], "count_per_class": {"B1": 1, "B2": 0, "B3": 1, "B4": 0}, "side_index": 1}