{"image": "DAMIMAS_A21B_0557_2.jpg", "detector": "y26m_vanilla_local", "detections": [{"box_index": 0, "class_id": 1, "class_name": "B2", "bbox_yolo": [0.4502347409725189, 0.3721003532409668, 0.15363232791423798, 0.11287925392389297], "conf": 0.6726729273796082}, {"box_index": 1, "class_id": 2, "class_name": "B3", "bbox_yolo": [0.6818857192993164, 0.33270901441574097, 0.09394105523824692, 0.0752786174416542], "conf": 0.26763036847114563}], "count_per_class": {"B1": 0, "B2": 1, "B3": 1, "B4": 0}, "side_index": 1}