{"image": "DAMIMAS_A21B_0799_4.jpg", "detector": "y26m_vanilla_local", "detections": [{"box_index": 0, "class_id": 2, "class_name": "B3", "bbox_yolo": [0.7043218612670898, 0.3622529208660126, 0.2701943814754486, 0.22495360672473907], "conf": 0.6765931844711304}, {"box_index": 1, "class_id": 2, "class_name": "B3", "bbox_yolo": [0.2652236521244049, 0.32822880148887634, 0.15504875779151917, 0.1200939416885376], "conf": 0.43006646633148193}], "count_per_class": {"B1": 0, "B2": 0, "B3": 2, "B4": 0}, "side_index": 3}