{"image": "DAMIMAS_A21B_0480_2.jpg", "detector": "y26m_vanilla_local", "detections": [{"box_index": 0, "class_id": 2, "class_name": "B3", "bbox_yolo": [0.4530772268772125, 0.40107521414756775, 0.0988963171839714, 0.07593395560979843], "conf": 0.30552518367767334}, {"box_index": 1, "class_id": 2, "class_name": "B3", "bbox_yolo": [0.3734828531742096, 0.3839978277683258, 0.06507139652967453, 0.06467046588659286], "conf": 0.25315985083580017}], "count_per_class": {"B1": 0, "B2": 0, "B3": 2, "B4": 0}, "side_index": 1}