{"image": "DAMIMAS_A21B_0200_1.jpg", "detector": "y26m_vanilla_local", "detections": [{"box_index": 0, "class_id": 0, "class_name": "B1", "bbox_yolo": [0.6285713315010071, 0.45235663652420044, 0.13118325173854828, 0.12168910354375839], "conf": 0.5383809804916382}, {"box_index": 1, "class_id": 1, "class_name": "B2", "bbox_yolo": [0.6274020671844482, 0.4543628394603729, 0.13631503283977509, 0.12588892877101898], "conf": 0.2559044659137726}], "count_per_class": {"B1": 1, "B2": 1, "B3": 0, "B4": 0}, "side_index": 0}