{"image": "DAMIMAS_A21B_0663_4.jpg", "detector": "y26m_vanilla_local", "detections": [{"box_index": 0, "class_id": 2, "class_name": "B3", "bbox_yolo": [0.2776077687740326, 0.3225834369659424, 0.1492624133825302, 0.11707325279712677], "conf": 0.5684977769851685}, {"box_index": 1, "class_id": 2, "class_name": "B3", "bbox_yolo": [0.4642845094203949, 0.3095996677875519, 0.14657168090343475, 0.1299847662448883], "conf": 0.5460278987884521}, {"box_index": 2, "class_id": 2, "class_name": "B3", "bbox_yolo": [0.6783201098442078, 0.2687499225139618, 0.15509358048439026, 0.12463345378637314], "conf": 0.4128741919994354}], "count_per_class": {"B1": 0, "B2": 0, "B3": 3, "B4": 0}, "side_index": 3}