{"image": "DAMIMAS_A21B_0557_1.jpg", "detector": "y26m_vanilla_local", "detections": [{"box_index": 0, "class_id": 2, "class_name": "B3", "bbox_yolo": [0.4384884238243103, 0.40161773562431335, 0.1448487937450409, 0.11147274821996689], "conf": 0.47095590829849243}, {"box_index": 1, "class_id": 2, "class_name": "B3", "bbox_yolo": [0.6741052269935608, 0.377944678068161, 0.094666488468647, 0.07372164726257324], "conf": 0.292153924703598}], "count_per_class": {"B1": 0, "B2": 0, "B3": 2, "B4": 0}, "side_index": 0}