{"image": "DAMIMAS_A21B_0733_2.jpg", "detector": "y26m_vanilla_local", "detections": [{"box_index": 0, "class_id": 2, "class_name": "B3", "bbox_yolo": [0.4280065894126892, 0.22042803466320038, 0.1822984218597412, 0.1469554305076599], "conf": 0.6517913341522217}, {"box_index": 1, "class_id": 3, "class_name": "B4", "bbox_yolo": [0.38470402359962463, 0.07874428480863571, 0.19190086424350739, 0.14550472795963287], "conf": 0.5123277902603149}, {"box_index": 2, "class_id": 2, "class_name": "B3", "bbox_yolo": [0.38470402359962463, 0.07874428480863571, 0.19190086424350739, 0.14550472795963287], "conf": 0.40056729316711426}, {"box_index": 3, "class_id": 2, "class_name": "B3", "bbox_yolo": [0.21155953407287598, 0.23113544285297394, 0.09708203375339508, 0.08065356314182281], "conf": 0.2914792001247406}], "count_per_class": {"B1": 0, "B2": 0, "B3": 3, "B4": 1}, "side_index": 1}