{"image": "DAMIMAS_A21B_0129_1.jpg", "detector": "y26m_vanilla_local", "detections": [{"box_index": 0, "class_id": 2, "class_name": "B3", "bbox_yolo": [0.4140009880065918, 0.431354820728302, 0.1408025473356247, 0.10318481922149658], "conf": 0.497638463973999}, {"box_index": 1, "class_id": 2, "class_name": "B3", "bbox_yolo": [0.5932316184043884, 0.4676203727722168, 0.1315675526857376, 0.11326494067907333], "conf": 0.37006086111068726}], "count_per_class": {"B1": 0, "B2": 0, "B3": 2, "B4": 0}, "side_index": 0}