{"image": "DAMIMAS_A21B_0514_1.jpg", "detector": "y26m_vanilla_local", "detections": [{"box_index": 0, "class_id": 2, "class_name": "B3", "bbox_yolo": [0.4996018409729004, 0.36395278573036194, 0.1167982816696167, 0.10493743419647217], "conf": 0.4537593722343445}, {"box_index": 1, "class_id": 3, "class_name": "B4", "bbox_yolo": [0.6334232687950134, 0.33249524235725403, 0.07416859269142151, 0.06293334811925888], "conf": 0.3243725895881653}, {"box_index": 2, "class_id": 2, "class_name": "B3", "bbox_yolo": [0.3636925518512726, 0.39131245017051697, 0.1077185720205307, 0.08329575508832932], "conf": 0.3017636835575104}, {"box_index": 3, "class_id": 2, "class_name": "B3", "bbox_yolo": [0.497504323720932, 0.36327147483825684, 0.09208285808563232, 0.10507643222808838], "conf": 0.2507607340812683}], "count_per_class": {"B1": 0, "B2": 0, "B3": 3, "B4": 1}, "side_index": 0}