{"image": "DAMIMAS_A21B_0298_4.jpg", "detector": "y26m_vanilla_local", "detections": [{"box_index": 0, "class_id": 2, "class_name": "B3", "bbox_yolo": [0.6268961429595947, 0.46512317657470703, 0.13383612036705017, 0.10583501309156418], "conf": 0.5705429315567017}, {"box_index": 1, "class_id": 2, "class_name": "B3", "bbox_yolo": [0.49490734934806824, 0.4118137061595917, 0.1210598349571228, 0.11016533523797989], "conf": 0.4208645522594452}, {"box_index": 2, "class_id": 2, "class_name": "B3", "bbox_yolo": [0.4916388690471649, 0.4048026204109192, 0.10024408251047134, 0.09507987648248672], "conf": 0.3406405746936798}], "count_per_class": {"B1": 0, "B2": 0, "B3": 3, "B4": 0}, "side_index": 3}