{"image": "DAMIMAS_A21B_0131_3.jpg", "detector": "y26m_vanilla_local", "detections": [{"box_index": 0, "class_id": 2, "class_name": "B3", "bbox_yolo": [0.469000905752182, 0.3450603187084198, 0.13145241141319275, 0.10200357437133789], "conf": 0.6791658401489258}, {"box_index": 1, "class_id": 1, "class_name": "B2", "bbox_yolo": [0.6231046319007874, 0.3698669373989105, 0.1349652111530304, 0.09846474975347519], "conf": 0.4865718185901642}, {"box_index": 2, "class_id": 3, "class_name": "B4", "bbox_yolo": [0.57308429479599, 0.29163858294487, 0.09610386192798615, 0.0622132308781147], "conf": 0.4153309166431427}, {"box_index": 3, "class_id": 2, "class_name": "B3", "bbox_yolo": [0.4670448303222656, 0.34016022086143494, 0.12056083977222443, 0.09007187187671661], "conf": 0.26573941111564636}], "count_per_class": {"B1": 0, "B2": 1, "B3": 2, "B4": 1}, "side_index": 2}