{"image": "DAMIMAS_A21B_0823_7.jpg", "detector": "y26m_vanilla_local", "detections": [{"box_index": 0, "class_id": 0, "class_name": "B1", "bbox_yolo": [0.3945882320404053, 0.39483705163002014, 0.18532204627990723, 0.13945446908473969], "conf": 0.6883474588394165}, {"box_index": 1, "class_id": 2, "class_name": "B3", "bbox_yolo": [0.5990290641784668, 0.37052059173583984, 0.15900568664073944, 0.11479645222425461], "conf": 0.38554975390434265}, {"box_index": 2, "class_id": 3, "class_name": "B4", "bbox_yolo": [0.6665907502174377, 0.2759959399700165, 0.130764901638031, 0.07956278324127197], "conf": 0.31181052327156067}, {"box_index": 3, "class_id": 1, "class_name": "B2", "bbox_yolo": [0.5972338914871216, 0.3731323182582855, 0.15947963297367096, 0.11696743965148926], "conf": 0.25564852356910706}], "count_per_class": {"B1": 1, "B2": 1, "B3": 1, "B4": 1}, "side_index": 6}