{"image": "DAMIMAS_A21B_0211_1.jpg", "detector": "y26m_vanilla_local", "detections": [{"box_index": 0, "class_id": 2, "class_name": "B3", "bbox_yolo": [0.5085070133209229, 0.3931958079338074, 0.08525832742452621, 0.08772168308496475], "conf": 0.4181893765926361}, {"box_index": 1, "class_id": 2, "class_name": "B3", "bbox_yolo": [0.6074999570846558, 0.4155099093914032, 0.08497035503387451, 0.06302914768457413], "conf": 0.4066162109375}, {"box_index": 2, "class_id": 3, "class_name": "B4", "bbox_yolo": [0.6096523404121399, 0.36513328552246094, 0.06418807059526443, 0.04757986217737198], "conf": 0.31905102729797363}], "count_per_class": {"B1": 0, "B2": 0, "B3": 2, "B4": 1}, "side_index": 0}