{"image": "DAMIMAS_A21B_0176_4.jpg", "detector": "y26m_vanilla_local", "detections": [{"box_index": 0, "class_id": 2, "class_name": "B3", "bbox_yolo": [0.299071729183197, 0.40751105546951294, 0.16654853522777557, 0.14300350844860077], "conf": 0.5551069378852844}, {"box_index": 1, "class_id": 0, "class_name": "B1", "bbox_yolo": [0.6397799253463745, 0.40917083621025085, 0.18360723555088043, 0.1602514088153839], "conf": 0.5331234931945801}, {"box_index": 2, "class_id": 2, "class_name": "B3", "bbox_yolo": [0.46617475152015686, 0.35425153374671936, 0.14153653383255005, 0.12691298127174377], "conf": 0.46071192622184753}, {"box_index": 3, "class_id": 1, "class_name": "B2", "bbox_yolo": [0.29821595549583435, 0.4102429449558258, 0.166993647813797, 0.14338766038417816], "conf": 0.37379780411720276}], "count_per_class": {"B1": 1, "B2": 1, "B3": 2, "B4": 0}, "side_index": 3}