{"image": "DAMIMAS_A21B_0841_4.jpg", "detector": "y26m_vanilla_local", "detections": [{"box_index": 0, "class_id": 0, "class_name": "B1", "bbox_yolo": [0.6547701358795166, 0.386989563703537, 0.116584911942482, 0.08065839111804962], "conf": 0.3878750503063202}, {"box_index": 1, "class_id": 0, "class_name": "B1", "bbox_yolo": [0.6558812260627747, 0.39000967144966125, 0.12908974289894104, 0.08980154991149902], "conf": 0.26011499762535095}], "count_per_class": {"B1": 2, "B2": 0, "B3": 0, "B4": 0}, "side_index": 3}