{"image": "DAMIMAS_A21B_0763_4.jpg", "detector": "y26m_vanilla_local", "detections": [{"box_index": 0, "class_id": 2, "class_name": "B3", "bbox_yolo": [0.5614438652992249, 0.33856645226478577, 0.1471462994813919, 0.13622979819774628], "conf": 0.7266353368759155}], "count_per_class": {"B1": 0, "B2": 0, "B3": 1, "B4": 0}, "side_index": 3}