{"image": "DAMIMAS_A21B_0222_1.jpg", "detector": "y26m_vanilla_local", "detections": [{"box_index": 0, "class_id": 2, "class_name": "B3", "bbox_yolo": [0.6501320004463196, 0.3920121192932129, 0.09770273417234421, 0.07757196575403214], "conf": 0.42769360542297363}, {"box_index": 1, "class_id": 3, "class_name": "B4", "bbox_yolo": [0.40553760528564453, 0.3519509434700012, 0.09455980360507965, 0.07377588748931885], "conf": 0.413047730922699}], "count_per_class": {"B1": 0, "B2": 0, "B3": 1, "B4": 1}, "side_index": 0}