{"image": "DAMIMAS_A21B_0113_1.jpg", "detector": "y26m_vanilla_local", "detections": [{"box_index": 0, "class_id": 1, "class_name": "B2", "bbox_yolo": [0.4596244990825653, 0.5652410387992859, 0.13213546574115753, 0.0971217155456543], "conf": 0.4894871711730957}], "count_per_class": {"B1": 0, "B2": 1, "B3": 0, "B4": 0}, "side_index": 0}