{"image": "DAMIMAS_A21B_0246_2.jpg", "detector": "y26m_vanilla_local", "detections": [{"box_index": 0, "class_id": 2, "class_name": "B3", "bbox_yolo": [0.4819146692752838, 0.230183944106102, 0.10714903473854065, 0.07938549667596817], "conf": 0.41291502118110657}, {"box_index": 1, "class_id": 3, "class_name": "B4", "bbox_yolo": [0.41744107007980347, 0.18177108466625214, 0.06430470198392868, 0.04783320426940918], "conf": 0.2723516821861267}, {"box_index": 2, "class_id": 2, "class_name": "B3", "bbox_yolo": [0.4641113579273224, 0.230123832821846, 0.07839428633451462, 0.07455302774906158], "conf": 0.25054559111595154}], "count_per_class": {"B1": 0, "B2": 0, "B3": 2, "B4": 1}, "side_index": 1}