{"image": "DAMIMAS_A21B_0344_3.jpg", "detector": "y26m_vanilla_local", "detections": [{"box_index": 0, "class_id": 2, "class_name": "B3", "bbox_yolo": [0.39484453201293945, 0.3523107171058655, 0.09566444158554077, 0.07929398864507675], "conf": 0.46989890933036804}, {"box_index": 1, "class_id": 2, "class_name": "B3", "bbox_yolo": [0.5753339529037476, 0.3246959447860718, 0.07691199332475662, 0.05658073350787163], "conf": 0.29124292731285095}], "count_per_class": {"B1": 0, "B2": 0, "B3": 2, "B4": 0}, "side_index": 2}