{"image": "DAMIMAS_A21B_0273_3.jpg", "detector": "y26m_vanilla_local", "detections": [{"box_index": 0, "class_id": 2, "class_name": "B3", "bbox_yolo": [0.40259605646133423, 0.4452418386936188, 0.14806494116783142, 0.11838874965906143], "conf": 0.7296657562255859}, {"box_index": 1, "class_id": 2, "class_name": "B3", "bbox_yolo": [0.5648744106292725, 0.4586959481239319, 0.14630140364170074, 0.12338735908269882], "conf": 0.42180687189102173}, {"box_index": 2, "class_id": 1, "class_name": "B2", "bbox_yolo": [0.336052805185318, 0.5284414291381836, 0.12944038212299347, 0.10871201008558273], "conf": 0.32276609539985657}, {"box_index": 3, "class_id": 2, "class_name": "B3", "bbox_yolo": [0.33708861470222473, 0.5279185175895691, 0.12817536294460297, 0.11131563037633896], "conf": 0.2698424756526947}], "count_per_class": {"B1": 0, "B2": 1, "B3": 3, "B4": 0}, "side_index": 2}