{"image": "DAMIMAS_A21B_0029_2.jpg", "detector": "y26m_vanilla_local", "detections": [{"box_index": 0, "class_id": 1, "class_name": "B2", "bbox_yolo": [0.3404256999492645, 0.4293769896030426, 0.08757919073104858, 0.07059388607740402], "conf": 0.3092430830001831}, {"box_index": 1, "class_id": 2, "class_name": "B3", "bbox_yolo": [0.29579833149909973, 0.3939669132232666, 0.07596348226070404, 0.05839567258954048], "conf": 0.308687686920166}, {"box_index": 2, "class_id": 2, "class_name": "B3", "bbox_yolo": [0.5261359214782715, 0.44179144501686096, 0.13148944079875946, 0.08836507797241211], "conf": 0.2771551311016083}], "count_per_class": {"B1": 0, "B2": 1, "B3": 2, "B4": 0}, "side_index": 1}