{"image": "DAMIMAS_A21B_0059_1.jpg", "detector": "y26m_vanilla_local", "detections": [{"box_index": 0, "class_id": 0, "class_name": "B1", "bbox_yolo": [0.46441540122032166, 0.4781366288661957, 0.13440990447998047, 0.1085328608751297], "conf": 0.7436975836753845}, {"box_index": 1, "class_id": 2, "class_name": "B3", "bbox_yolo": [0.35887962579727173, 0.4550960063934326, 0.0761663168668747, 0.0708932876586914], "conf": 0.2554561197757721}], "count_per_class": {"B1": 1, "B2": 0, "B3": 1, "B4": 0}, "side_index": 0}