{"image": "DAMIMAS_A21B_0485_3.jpg", "detector": "y26m_vanilla_local", "detections": [{"box_index": 0, "class_id": 2, "class_name": "B3", "bbox_yolo": [0.4340483546257019, 0.45795536041259766, 0.07739827036857605, 0.07014375180006027], "conf": 0.4315982460975647}, {"box_index": 1, "class_id": 2, "class_name": "B3", "bbox_yolo": [0.5631692409515381, 0.4279800355434418, 0.05825704336166382, 0.0472317710518837], "conf": 0.30881309509277344}, {"box_index": 2, "class_id": 0, "class_name": "B1", "bbox_yolo": [0.4993407130241394, 0.49250528216362, 0.08465630561113358, 0.07542181015014648], "conf": 0.29230955243110657}, {"box_index": 3, "class_id": 1, "class_name": "B2", "bbox_yolo": [0.4993407130241394, 0.49250528216362, 0.08465630561113358, 0.07542181015014648], "conf": 0.2555183172225952}], "count_per_class": {"B1": 1, "B2": 1, "B3": 2, "B4": 0}, "side_index": 2}