{"image": "DAMIMAS_A21B_0609_2.jpg", "detector": "y26m_vanilla_local", "detections": [{"box_index": 0, "class_id": 2, "class_name": "B3", "bbox_yolo": [0.3932889997959137, 0.3590746819972992, 0.2591429352760315, 0.19780460000038147], "conf": 0.5318837761878967}, {"box_index": 1, "class_id": 1, "class_name": "B2", "bbox_yolo": [0.38749176263809204, 0.35334455966949463, 0.2655888795852661, 0.19510798156261444], "conf": 0.4417162537574768}, {"box_index": 2, "class_id": 1, "class_name": "B2", "bbox_yolo": [0.7186821103096008, 0.37851235270500183, 0.23192985355854034, 0.16883258521556854], "conf": 0.3074270784854889}], "count_per_class": {"B1": 0, "B2": 2, "B3": 1, "B4": 0}, "side_index": 1}