{"image": "DAMIMAS_A21B_0510_1.jpg", "detector": "y26m_vanilla_local", "detections": [{"box_index": 0, "class_id": 2, "class_name": "B3", "bbox_yolo": [0.43899375200271606, 0.38058900833129883, 0.07416166365146637, 0.05218169838190079], "conf": 0.44779184460639954}, {"box_index": 1, "class_id": 1, "class_name": "B2", "bbox_yolo": [0.533426821231842, 0.4174233376979828, 0.09691006690263748, 0.065617136657238], "conf": 0.31835609674453735}, {"box_index": 2, "class_id": 2, "class_name": "B3", "bbox_yolo": [0.533426821231842, 0.4174233376979828, 0.09691006690263748, 0.065617136657238], "conf": 0.30455610156059265}], "count_per_class": {"B1": 0, "B2": 1, "B3": 2, "B4": 0}, "side_index": 0}