{"image": "DAMIMAS_A21B_0696_1.jpg", "detector": "y26m_vanilla_local", "detections": [{"box_index": 0, "class_id": 2, "class_name": "B3", "bbox_yolo": [0.26604145765304565, 0.140398308634758, 0.21994516253471375, 0.17170464992523193], "conf": 0.7185809016227722}, {"box_index": 1, "class_id": 1, "class_name": "B2", "bbox_yolo": [0.4865880608558655, 0.1455734521150589, 0.18904505670070648, 0.15463344752788544], "conf": 0.4751506447792053}, {"box_index": 2, "class_id": 2, "class_name": "B3", "bbox_yolo": [0.7494078874588013, 0.22501567006111145, 0.1932174116373062, 0.17717279493808746], "conf": 0.360336571931839}], "count_per_class": {"B1": 0, "B2": 1, "B3": 2, "B4": 0}, "side_index": 0}