{"image": "DAMIMAS_A21B_0082_4.jpg", "detector": "y26m_vanilla_local", "detections": [{"box_index": 0, "class_id": 2, "class_name": "B3", "bbox_yolo": [0.6569276452064514, 0.35288572311401367, 0.13970433175563812, 0.11536448448896408], "conf": 0.6199982166290283}, {"box_index": 1, "class_id": 1, "class_name": "B2", "bbox_yolo": [0.33738842606544495, 0.431986004114151, 0.14605088531970978, 0.1243547722697258], "conf": 0.36571988463401794}, {"box_index": 2, "class_id": 1, "class_name": "B2", "bbox_yolo": [0.7433730363845825, 0.4067234694957733, 0.09743239730596542, 0.07791340351104736], "conf": 0.34735235571861267}, {"box_index": 3, "class_id": 1, "class_name": "B2", "bbox_yolo": [0.5193401575088501, 0.3719990849494934, 0.10403064638376236, 0.10193150490522385], "conf": 0.29667624831199646}], "count_per_class": {"B1": 0, "B2": 3, "B3": 1, "B4": 0}, "side_index": 3}