{"image": "DAMIMAS_A21B_0098_2.jpg", "detector": "y26m_vanilla_local", "detections": [{"box_index": 0, "class_id": 2, "class_name": "B3", "bbox_yolo": [0.3780141770839691, 0.5188862085342407, 0.13573794066905975, 0.12143339961767197], "conf": 0.5020898580551147}, {"box_index": 1, "class_id": 3, "class_name": "B4", "bbox_yolo": [0.35530680418014526, 0.4223410189151764, 0.08179366588592529, 0.0685420036315918], "conf": 0.33665362000465393}, {"box_index": 2, "class_id": 3, "class_name": "B4", "bbox_yolo": [0.355191171169281, 0.4240172505378723, 0.09592346101999283, 0.0726374164223671], "conf": 0.3284883201122284}], "count_per_class": {"B1": 0, "B2": 0, "B3": 1, "B4": 2}, "side_index": 1}