{"image": "DAMIMAS_A21B_0434_4.jpg", "detector": "y26m_vanilla_local", "detections": [{"box_index": 0, "class_id": 2, "class_name": "B3", "bbox_yolo": [0.6032706499099731, 0.45978352427482605, 0.07484035938978195, 0.06323061138391495], "conf": 0.3065202534198761}], "count_per_class": {"B1": 0, "B2": 0, "B3": 1, "B4": 0}, "side_index": 3}