{"image": "DAMIMAS_A21B_0006_2.jpg", "detector": "y26m_vanilla_local", "detections": [{"box_index": 0, "class_id": 2, "class_name": "B3", "bbox_yolo": [0.6176273822784424, 0.45237866044044495, 0.07817885279655457, 0.06605668365955353], "conf": 0.3480930030345917}, {"box_index": 1, "class_id": 2, "class_name": "B3", "bbox_yolo": [0.4120233356952667, 0.4916689097881317, 0.1295757293701172, 0.09013362228870392], "conf": 0.30611374974250793}, {"box_index": 2, "class_id": 2, "class_name": "B3", "bbox_yolo": [0.408955454826355, 0.49584779143333435, 0.1435580998659134, 0.0942358523607254], "conf": 0.2759683132171631}, {"box_index": 3, "class_id": 3, "class_name": "B4", "bbox_yolo": [0.4960889518260956, 0.43061041831970215, 0.12305006384849548, 0.0773126631975174], "conf": 0.2735205888748169}], "count_per_class": {"B1": 0, "B2": 0, "B3": 3, "B4": 1}, "side_index": 1}