{"image": "DAMIMAS_A21B_0537_3.jpg", "detector": "y26m_vanilla_local", "detections": [{"box_index": 0, "class_id": 2, "class_name": "B3", "bbox_yolo": [0.35404103994369507, 0.43444833159446716, 0.1106453612446785, 0.08913343399763107], "conf": 0.4355441927909851}, {"box_index": 1, "class_id": 0, "class_name": "B1", "bbox_yolo": [0.29876524209976196, 0.49392062425613403, 0.09455681592226028, 0.07480750232934952], "conf": 0.42116838693618774}, {"box_index": 2, "class_id": 2, "class_name": "B3", "bbox_yolo": [0.3546401560306549, 0.43908390402793884, 0.12885713577270508, 0.09746978431940079], "conf": 0.3453786075115204}, {"box_index": 3, "class_id": 2, "class_name": "B3", "bbox_yolo": [0.5160207152366638, 0.46115294098854065, 0.11372757703065872, 0.09298858791589737], "conf": 0.2510322630405426}], "count_per_class": {"B1": 1, "B2": 0, "B3": 3, "B4": 0}, "side_index": 2}