{"image": "DAMIMAS_A21B_0234_3.jpg", "detector": "y26m_vanilla_local", "detections": [{"box_index": 0, "class_id": 3, "class_name": "B4", "bbox_yolo": [0.5936147570610046, 0.20013518631458282, 0.11507397145032883, 0.08662988245487213], "conf": 0.3379203975200653}, {"box_index": 1, "class_id": 2, "class_name": "B3", "bbox_yolo": [0.30169355869293213, 0.26851439476013184, 0.07488960027694702, 0.07202434539794922], "conf": 0.26608332991600037}], "count_per_class": {"B1": 0, "B2": 0, "B3": 1, "B4": 1}, "side_index": 2}