{"image": "DAMIMAS_A21B_0456_2.jpg", "detector": "y26m_vanilla_local", "detections": [{"box_index": 0, "class_id": 2, "class_name": "B3", "bbox_yolo": [0.5132687091827393, 0.36398419737815857, 0.0817844420671463, 0.07224297523498535], "conf": 0.49897000193595886}, {"box_index": 1, "class_id": 1, "class_name": "B2", "bbox_yolo": [0.6112431883811951, 0.38103362917900085, 0.07710902392864227, 0.06269552558660507], "conf": 0.2868422269821167}, {"box_index": 2, "class_id": 0, "class_name": "B1", "bbox_yolo": [0.4372432827949524, 0.38902077078819275, 0.08442246913909912, 0.07119470089673996], "conf": 0.28074970841407776}], "count_per_class": {"B1": 1, "B2": 1, "B3": 1, "B4": 0}, "side_index": 1}