{"image": "DAMIMAS_A21B_0403_1.jpg", "detector": "y26m_vanilla_local", "detections": [{"box_index": 0, "class_id": 0, "class_name": "B1", "bbox_yolo": [0.7264115810394287, 0.4164798855781555, 0.17544321715831757, 0.1360785961151123], "conf": 0.7506886124610901}, {"box_index": 1, "class_id": 2, "class_name": "B3", "bbox_yolo": [0.5816275477409363, 0.36165568232536316, 0.1617981642484665, 0.12999427318572998], "conf": 0.712749719619751}, {"box_index": 2, "class_id": 0, "class_name": "B1", "bbox_yolo": [0.2852182984352112, 0.43549561500549316, 0.13049960136413574, 0.11543655395507812], "conf": 0.5702261924743652}, {"box_index": 3, "class_id": 3, "class_name": "B4", "bbox_yolo": [0.46885767579078674, 0.30783745646476746, 0.11985369026660919, 0.07272680103778839], "conf": 0.2514515519142151}], "count_per_class": {"B1": 2, "B2": 0, "B3": 1, "B4": 1}, "side_index": 0}