{"image": "DAMIMAS_A21B_0287_4.jpg", "detector": "y26m_vanilla_local", "detections": [{"box_index": 0, "class_id": 1, "class_name": "B2", "bbox_yolo": [0.5550943613052368, 0.5659924745559692, 0.10567182302474976, 0.08380331844091415], "conf": 0.5618884563446045}, {"box_index": 1, "class_id": 2, "class_name": "B3", "bbox_yolo": [0.3947848081588745, 0.5560352206230164, 0.10063385218381882, 0.07394462078809738], "conf": 0.4800904095172882}, {"box_index": 2, "class_id": 1, "class_name": "B2", "bbox_yolo": [0.5553202033042908, 0.5692514181137085, 0.12470424175262451, 0.09579592198133469], "conf": 0.2524307370185852}], "count_per_class": {"B1": 0, "B2": 2, "B3": 1, "B4": 0}, "side_index": 3}