{"image": "DAMIMAS_A21B_0160_4.jpg", "detector": "y26m_vanilla_local", "detections": [{"box_index": 0, "class_id": 2, "class_name": "B3", "bbox_yolo": [0.47468575835227966, 0.44250795245170593, 0.14104297757148743, 0.11044564098119736], "conf": 0.6150255799293518}, {"box_index": 1, "class_id": 1, "class_name": "B2", "bbox_yolo": [0.6914384961128235, 0.4706800580024719, 0.09062856435775757, 0.08040185272693634], "conf": 0.49193617701530457}, {"box_index": 2, "class_id": 2, "class_name": "B3", "bbox_yolo": [0.6189977526664734, 0.41879531741142273, 0.09945037215948105, 0.09694027900695801], "conf": 0.3433132469654083}, {"box_index": 3, "class_id": 2, "class_name": "B3", "bbox_yolo": [0.6134375333786011, 0.42060795426368713, 0.11984921246767044, 0.10384803265333176], "conf": 0.3189677596092224}], "count_per_class": {"B1": 0, "B2": 1, "B3": 3, "B4": 0}, "side_index": 3}