{"image": "DAMIMAS_A21B_0279_4.jpg", "detector": "y26m_vanilla_local", "detections": [{"box_index": 0, "class_id": 2, "class_name": "B3", "bbox_yolo": [0.36854860186576843, 0.456954687833786, 0.14578168094158173, 0.11077399551868439], "conf": 0.5745167136192322}, {"box_index": 1, "class_id": 2, "class_name": "B3", "bbox_yolo": [0.5397904515266418, 0.47796303033828735, 0.15113016963005066, 0.12405061721801758], "conf": 0.39600783586502075}], "count_per_class": {"B1": 0, "B2": 0, "B3": 2, "B4": 0}, "side_index": 3}