{"image": "DAMIMAS_A21B_0227_4.jpg", "detector": "y26m_vanilla_local", "detections": [{"box_index": 0, "class_id": 3, "class_name": "B4", "bbox_yolo": [0.5733983516693115, 0.2805289924144745, 0.09400374442338943, 0.07639255374670029], "conf": 0.35628893971443176}], "count_per_class": {"B1": 0, "B2": 0, "B3": 0, "B4": 1}, "side_index": 3}