{"image": "DAMIMAS_A21B_0063_4.jpg", "detector": "y26m_vanilla_local", "detections": [{"box_index": 0, "class_id": 2, "class_name": "B3", "bbox_yolo": [0.460653156042099, 0.6253995895385742, 0.13744381070137024, 0.10434093326330185], "conf": 0.5242056846618652}, {"box_index": 1, "class_id": 2, "class_name": "B3", "bbox_yolo": [0.6570436358451843, 0.5965911746025085, 0.0890122801065445, 0.08217974007129669], "conf": 0.37420183420181274}, {"box_index": 2, "class_id": 2, "class_name": "B3", "bbox_yolo": [0.32676178216934204, 0.5990751385688782, 0.12170591950416565, 0.10082125663757324], "conf": 0.2698529064655304}], "count_per_class": {"B1": 0, "B2": 0, "B3": 3, "B4": 0}, "side_index": 3}