{"image": "DAMIMAS_A21B_0289_4.jpg", "detector": "y26m_vanilla_local", "detections": [{"box_index": 0, "class_id": 0, "class_name": "B1", "bbox_yolo": [0.5276138186454773, 0.4534269869327545, 0.12337850779294968, 0.11019571125507355], "conf": 0.5031656622886658}, {"box_index": 1, "class_id": 2, "class_name": "B3", "bbox_yolo": [0.4010240435600281, 0.43390440940856934, 0.10878245532512665, 0.08090009540319443], "conf": 0.47039633989334106}], "count_per_class": {"B1": 1, "B2": 0, "B3": 1, "B4": 0}, "side_index": 3}