{"image": "DAMIMAS_A21B_0143_2.jpg", "detector": "y26m_vanilla_local", "detections": [{"box_index": 0, "class_id": 3, "class_name": "B4", "bbox_yolo": [0.387069970369339, 0.3791947364807129, 0.09524412453174591, 0.0703972801566124], "conf": 0.6307200193405151}, {"box_index": 1, "class_id": 2, "class_name": "B3", "bbox_yolo": [0.41320180892944336, 0.468482106924057, 0.11996842175722122, 0.08593087643384933], "conf": 0.41595980525016785}, {"box_index": 2, "class_id": 2, "class_name": "B3", "bbox_yolo": [0.6164444088935852, 0.4296238124370575, 0.0835559219121933, 0.06651444733142853], "conf": 0.3768351674079895}], "count_per_class": {"B1": 0, "B2": 0, "B3": 2, "B4": 1}, "side_index": 1}