{"image": "DAMIMAS_A21B_0818_2.jpg", "detector": "y26m_vanilla_local", "detections": [{"box_index": 0, "class_id": 2, "class_name": "B3", "bbox_yolo": [0.47771716117858887, 0.37978291511535645, 0.1707259863615036, 0.126874640583992], "conf": 0.6386594772338867}, {"box_index": 1, "class_id": 1, "class_name": "B2", "bbox_yolo": [0.6379526853561401, 0.40928325057029724, 0.17986349761486053, 0.14342179894447327], "conf": 0.5825558304786682}, {"box_index": 2, "class_id": 2, "class_name": "B3", "bbox_yolo": [0.3197896182537079, 0.3988172709941864, 0.10116272419691086, 0.08273880928754807], "conf": 0.3485032916069031}, {"box_index": 3, "class_id": 0, "class_name": "B1", "bbox_yolo": [0.6374582648277283, 0.40785637497901917, 0.1819581389427185, 0.13954129815101624], "conf": 0.2502376437187195}], "count_per_class": {"B1": 1, "B2": 1, "B3": 2, "B4": 0}, "side_index": 1}