{"image": "DAMIMAS_A21B_0569_4.jpg", "detector": "y26m_vanilla_local", "detections": [{"box_index": 0, "class_id": 1, "class_name": "B2", "bbox_yolo": [0.44909119606018066, 0.3615507185459137, 0.178412064909935, 0.1755664199590683], "conf": 0.5801272988319397}, {"box_index": 1, "class_id": 2, "class_name": "B3", "bbox_yolo": [0.3133663237094879, 0.2877218723297119, 0.1528468281030655, 0.11667411774396896], "conf": 0.532071590423584}, {"box_index": 2, "class_id": 2, "class_name": "B3", "bbox_yolo": [0.6627833247184753, 0.32225850224494934, 0.14951655268669128, 0.12998242676258087], "conf": 0.41099947690963745}, {"box_index": 3, "class_id": 0, "class_name": "B1", "bbox_yolo": [0.44906437397003174, 0.3614135682582855, 0.18332679569721222, 0.1774446964263916], "conf": 0.35894709825515747}], "count_per_class": {"B1": 1, "B2": 1, "B3": 2, "B4": 0}, "side_index": 3}