{"image": "DAMIMAS_A21B_0002_3.jpg", "detector": "y26m_vanilla_local", "detections": [{"box_index": 0, "class_id": 1, "class_name": "B2", "bbox_yolo": [0.44828638434410095, 0.47106656432151794, 0.1778983771800995, 0.13280005753040314], "conf": 0.4531065821647644}, {"box_index": 1, "class_id": 2, "class_name": "B3", "bbox_yolo": [0.5777711272239685, 0.40297919511795044, 0.14076220989227295, 0.1064516082406044], "conf": 0.34197598695755005}, {"box_index": 2, "class_id": 0, "class_name": "B1", "bbox_yolo": [0.4486507773399353, 0.46931925415992737, 0.17860575020313263, 0.1298694610595703], "conf": 0.3245767056941986}, {"box_index": 3, "class_id": 2, "class_name": "B3", "bbox_yolo": [0.4177013039588928, 0.35712647438049316, 0.11051289737224579, 0.07883310317993164], "conf": 0.2964879274368286}], "count_per_class": {"B1": 1, "B2": 1, "B3": 2, "B4": 0}, "side_index": 2}