{"image": "DAMIMAS_A21B_0096_2.jpg", "detector": "y26m_vanilla_local", "detections": [{"box_index": 0, "class_id": 2, "class_name": "B3", "bbox_yolo": [0.42835038900375366, 0.5132888555526733, 0.09133721143007278, 0.07382488250732422], "conf": 0.5001602172851562}], "count_per_class": {"B1": 0, "B2": 0, "B3": 1, "B4": 0}, "side_index": 1}