{"image": "DAMIMAS_A21B_0598_3.jpg", "detector": "y26m_vanilla_local", "detections": [{"box_index": 0, "class_id": 1, "class_name": "B2", "bbox_yolo": [0.7706770896911621, 0.40768685936927795, 0.2145092785358429, 0.16445456445217133], "conf": 0.6951004266738892}, {"box_index": 1, "class_id": 2, "class_name": "B3", "bbox_yolo": [0.5493629574775696, 0.2965787649154663, 0.18677295744419098, 0.1773688793182373], "conf": 0.6919996738433838}, {"box_index": 2, "class_id": 2, "class_name": "B3", "bbox_yolo": [0.31701505184173584, 0.39726686477661133, 0.20486173033714294, 0.17424900829792023], "conf": 0.6101629137992859}, {"box_index": 3, "class_id": 1, "class_name": "B2", "bbox_yolo": [0.31843772530555725, 0.39805006980895996, 0.204430490732193, 0.17572152614593506], "conf": 0.3599858582019806}], "count_per_class": {"B1": 0, "B2": 2, "B3": 2, "B4": 0}, "side_index": 2}