{"image": "DAMIMAS_A21B_0415_3.jpg", "detector": "y26m_vanilla_local", "detections": [{"box_index": 0, "class_id": 1, "class_name": "B2", "bbox_yolo": [0.5703773498535156, 0.4142175614833832, 0.19433940947055817, 0.1540391445159912], "conf": 0.6341564059257507}, {"box_index": 1, "class_id": 2, "class_name": "B3", "bbox_yolo": [0.39482274651527405, 0.3482707440853119, 0.15764230489730835, 0.1285196989774704], "conf": 0.42402830719947815}, {"box_index": 2, "class_id": 2, "class_name": "B3", "bbox_yolo": [0.6326115727424622, 0.29150116443634033, 0.17590218782424927, 0.10230636596679688], "conf": 0.319654256105423}], "count_per_class": {"B1": 0, "B2": 1, "B3": 2, "B4": 0}, "side_index": 2}