{"image": "DAMIMAS_A21B_0214_3.jpg", "detector": "y26m_vanilla_local", "detections": [{"box_index": 0, "class_id": 2, "class_name": "B3", "bbox_yolo": [0.5278916954994202, 0.4663980007171631, 0.1151883527636528, 0.07798995822668076], "conf": 0.343931645154953}, {"box_index": 1, "class_id": 2, "class_name": "B3", "bbox_yolo": [0.5278517007827759, 0.4738791584968567, 0.1243155226111412, 0.09373102337121964], "conf": 0.28901049494743347}, {"box_index": 2, "class_id": 2, "class_name": "B3", "bbox_yolo": [0.39098918437957764, 0.49408188462257385, 0.08768294751644135, 0.07987766712903976], "conf": 0.2670570909976959}], "count_per_class": {"B1": 0, "B2": 0, "B3": 3, "B4": 0}, "side_index": 2}