{"image": "DAMIMAS_A21B_0385_4.jpg", "detector": "y26m_vanilla_local", "detections": [{"box_index": 0, "class_id": 2, "class_name": "B3", "bbox_yolo": [0.5956520438194275, 0.41519099473953247, 0.10604547709226608, 0.07010235637426376], "conf": 0.4318125247955322}, {"box_index": 1, "class_id": 3, "class_name": "B4", "bbox_yolo": [0.6104702353477478, 0.3557940125465393, 0.07690805196762085, 0.05342674255371094], "conf": 0.3911045491695404}], "count_per_class": {"B1": 0, "B2": 0, "B3": 1, "B4": 1}, "side_index": 3}