{"image": "DAMIMAS_A21B_0194_2.jpg", "detector": "y26m_vanilla_local", "detections": [{"box_index": 0, "class_id": 2, "class_name": "B3", "bbox_yolo": [0.3736039698123932, 0.3963058888912201, 0.14324109256267548, 0.09660058468580246], "conf": 0.3453380763530731}, {"box_index": 1, "class_id": 2, "class_name": "B3", "bbox_yolo": [0.36812683939933777, 0.39148902893066406, 0.12233483791351318, 0.07706773281097412], "conf": 0.2839888334274292}], "count_per_class": {"B1": 0, "B2": 0, "B3": 2, "B4": 0}, "side_index": 1}