{"image": "DAMIMAS_A21B_0385_2.jpg", "detector": "y26m_vanilla_local", "detections": [{"box_index": 0, "class_id": 2, "class_name": "B3", "bbox_yolo": [0.40713101625442505, 0.41717997193336487, 0.10588112473487854, 0.08408451080322266], "conf": 0.36536380648612976}, {"box_index": 1, "class_id": 3, "class_name": "B4", "bbox_yolo": [0.6018649339675903, 0.3402656018733978, 0.07458261400461197, 0.05541200563311577], "conf": 0.28331494331359863}], "count_per_class": {"B1": 0, "B2": 0, "B3": 1, "B4": 1}, "side_index": 1}