{"image": "DAMIMAS_A21B_0136_3.jpg", "detector": "y26m_vanilla_local", "detections": [{"box_index": 0, "class_id": 2, "class_name": "B3", "bbox_yolo": [0.5375025272369385, 0.4918532371520996, 0.10601413249969482, 0.08947940170764923], "conf": 0.45931723713874817}, {"box_index": 1, "class_id": 2, "class_name": "B3", "bbox_yolo": [0.4096413850784302, 0.501753032207489, 0.08832531422376633, 0.0715731605887413], "conf": 0.39136162400245667}, {"box_index": 2, "class_id": 2, "class_name": "B3", "bbox_yolo": [0.5398517847061157, 0.4952062666416168, 0.1187896803021431, 0.09617929905653], "conf": 0.28462743759155273}, {"box_index": 3, "class_id": 2, "class_name": "B3", "bbox_yolo": [0.3388250768184662, 0.467356413602829, 0.08658314496278763, 0.07394065707921982], "conf": 0.2746809124946594}], "count_per_class": {"B1": 0, "B2": 0, "B3": 4, "B4": 0}, "side_index": 2}