{"image": "DAMIMAS_A21B_0283_2.jpg", "detector": "y26m_vanilla_local", "detections": [{"box_index": 0, "class_id": 1, "class_name": "B2", "bbox_yolo": [0.5103503465652466, 0.45428648591041565, 0.1452571302652359, 0.1234084889292717], "conf": 0.48987239599227905}, {"box_index": 1, "class_id": 2, "class_name": "B3", "bbox_yolo": [0.34600913524627686, 0.44524526596069336, 0.11669795215129852, 0.07983851432800293], "conf": 0.3720657229423523}, {"box_index": 2, "class_id": 3, "class_name": "B4", "bbox_yolo": [0.48601776361465454, 0.3565908372402191, 0.11998291313648224, 0.07472164928913116], "conf": 0.3377103805541992}, {"box_index": 3, "class_id": 2, "class_name": "B3", "bbox_yolo": [0.34559786319732666, 0.4528682827949524, 0.14118802547454834, 0.10573353618383408], "conf": 0.28064486384391785}], "count_per_class": {"B1": 0, "B2": 1, "B3": 2, "B4": 1}, "side_index": 1}