{"image": "DAMIMAS_A21B_0338_3.jpg", "detector": "y26m_vanilla_local", "detections": [{"box_index": 0, "class_id": 2, "class_name": "B3", "bbox_yolo": [0.2721840739250183, 0.44160881638526917, 0.16666321456432343, 0.11821704357862473], "conf": 0.48114216327667236}, {"box_index": 1, "class_id": 3, "class_name": "B4", "bbox_yolo": [0.265338271856308, 0.34284746646881104, 0.0993485376238823, 0.08103518933057785], "conf": 0.46741536259651184}, {"box_index": 2, "class_id": 2, "class_name": "B3", "bbox_yolo": [0.4255368709564209, 0.3543057143688202, 0.14575161039829254, 0.11297287791967392], "conf": 0.41822752356529236}, {"box_index": 3, "class_id": 2, "class_name": "B3", "bbox_yolo": [0.6218970417976379, 0.3847685754299164, 0.1552019864320755, 0.10594560950994492], "conf": 0.41191375255584717}], "count_per_class": {"B1": 0, "B2": 0, "B3": 3, "B4": 1}, "side_index": 2}