{"image": "DAMIMAS_A21B_0445_4.jpg", "detector": "y26m_vanilla_local", "detections": [{"box_index": 0, "class_id": 2, "class_name": "B3", "bbox_yolo": [0.5899984240531921, 0.4039373993873596, 0.09245472401380539, 0.06556808948516846], "conf": 0.4387856721878052}, {"box_index": 1, "class_id": 1, "class_name": "B2", "bbox_yolo": [0.6363977193832397, 0.440908819437027, 0.06824372708797455, 0.06077466160058975], "conf": 0.2529969811439514}, {"box_index": 2, "class_id": 0, "class_name": "B1", "bbox_yolo": [0.37291765213012695, 0.4402061104774475, 0.08204953372478485, 0.0699835792183876], "conf": 0.2507469356060028}], "count_per_class": {"B1": 1, "B2": 1, "B3": 1, "B4": 0}, "side_index": 3}