{"image": "DAMIMAS_A21B_0097_4.jpg", "detector": "y26m_vanilla_local", "detections": [{"box_index": 0, "class_id": 2, "class_name": "B3", "bbox_yolo": [0.35288989543914795, 0.506629467010498, 0.09746141731739044, 0.08497362583875656], "conf": 0.5561702847480774}, {"box_index": 1, "class_id": 2, "class_name": "B3", "bbox_yolo": [0.5574744343757629, 0.4750406742095947, 0.09583791345357895, 0.07700758427381516], "conf": 0.3711909353733063}, {"box_index": 2, "class_id": 2, "class_name": "B3", "bbox_yolo": [0.654325544834137, 0.502159833908081, 0.08732166886329651, 0.07366972416639328], "conf": 0.3487982749938965}], "count_per_class": {"B1": 0, "B2": 0, "B3": 3, "B4": 0}, "side_index": 3}