{"image": "DAMIMAS_A21B_0420_3.jpg", "detector": "y26m_vanilla_local", "detections": [{"box_index": 0, "class_id": 2, "class_name": "B3", "bbox_yolo": [0.3530365824699402, 0.4288841784000397, 0.1721014380455017, 0.1280486136674881], "conf": 0.6595569849014282}, {"box_index": 1, "class_id": 2, "class_name": "B3", "bbox_yolo": [0.6535879969596863, 0.39015084505081177, 0.15002690255641937, 0.10328655689954758], "conf": 0.6466473340988159}], "count_per_class": {"B1": 0, "B2": 0, "B3": 2, "B4": 0}, "side_index": 2}