{"image": "DAMIMAS_A21B_0363_2.jpg", "detector": "y26m_vanilla_local", "detections": [{"box_index": 0, "class_id": 2, "class_name": "B3", "bbox_yolo": [0.33612701296806335, 0.2952541410923004, 0.1393408477306366, 0.10659744590520859], "conf": 0.47651997208595276}, {"box_index": 1, "class_id": 2, "class_name": "B3", "bbox_yolo": [0.5721316337585449, 0.334028422832489, 0.13363094627857208, 0.09963946789503098], "conf": 0.3055141866207123}, {"box_index": 2, "class_id": 2, "class_name": "B3", "bbox_yolo": [0.5735523104667664, 0.3295866549015045, 0.11941557377576828, 0.0865699052810669], "conf": 0.2841123938560486}, {"box_index": 3, "class_id": 2, "class_name": "B3", "bbox_yolo": [0.33565282821655273, 0.29142412543296814, 0.12457622587680817, 0.09116079658269882], "conf": 0.26016151905059814}], "count_per_class": {"B1": 0, "B2": 0, "B3": 4, "B4": 0}, "side_index": 1}