{"image": "DAMIMAS_A21B_0200_2.jpg", "detector": "y26m_vanilla_local", "detections": [{"box_index": 0, "class_id": 2, "class_name": "B3", "bbox_yolo": [0.43717825412750244, 0.43764182925224304, 0.12894800305366516, 0.0923285037279129], "conf": 0.29047536849975586}], "count_per_class": {"B1": 0, "B2": 0, "B3": 1, "B4": 0}, "side_index": 1}