{"image": "DAMIMAS_A21B_0530_4.jpg", "detector": "y26m_vanilla_local", "detections": [{"box_index": 0, "class_id": 2, "class_name": "B3", "bbox_yolo": [0.5820351243019104, 0.40885406732559204, 0.14586754143238068, 0.12126541137695312], "conf": 0.6852729320526123}, {"box_index": 1, "class_id": 1, "class_name": "B2", "bbox_yolo": [0.7118375301361084, 0.46400126814842224, 0.13622984290122986, 0.11280150711536407], "conf": 0.44345754384994507}, {"box_index": 2, "class_id": 2, "class_name": "B3", "bbox_yolo": [0.7082421779632568, 0.46495696902275085, 0.14094632863998413, 0.11273284256458282], "conf": 0.2936118245124817}, {"box_index": 3, "class_id": 2, "class_name": "B3", "bbox_yolo": [0.4120772182941437, 0.44319096207618713, 0.11642332375049591, 0.08035874366760254], "conf": 0.2792607247829437}], "count_per_class": {"B1": 0, "B2": 1, "B3": 3, "B4": 0}, "side_index": 3}