{"image": "DAMIMAS_A21B_0153_4.jpg", "detector": "y26m_vanilla_local", "detections": [{"box_index": 0, "class_id": 2, "class_name": "B3", "bbox_yolo": [0.45145997405052185, 0.4906848967075348, 0.1553984433412552, 0.1167968288064003], "conf": 0.6847359538078308}, {"box_index": 1, "class_id": 3, "class_name": "B4", "bbox_yolo": [0.3969059884548187, 0.4001089632511139, 0.12328460067510605, 0.07611515372991562], "conf": 0.44593358039855957}, {"box_index": 2, "class_id": 2, "class_name": "B3", "bbox_yolo": [0.2965816855430603, 0.4970253109931946, 0.13446871936321259, 0.09845681488513947], "conf": 0.39664408564567566}, {"box_index": 3, "class_id": 2, "class_name": "B3", "bbox_yolo": [0.2938695549964905, 0.49375802278518677, 0.11429577320814133, 0.07967858761548996], "conf": 0.3894859850406647}], "count_per_class": {"B1": 0, "B2": 0, "B3": 3, "B4": 1}, "side_index": 3}