{"image": "DAMIMAS_A21B_0303_4.jpg", "detector": "y26m_vanilla_local", "detections": [{"box_index": 0, "class_id": 2, "class_name": "B3", "bbox_yolo": [0.692448079586029, 0.5376479029655457, 0.13669638335704803, 0.13080625236034393], "conf": 0.5852236151695251}, {"box_index": 1, "class_id": 2, "class_name": "B3", "bbox_yolo": [0.5553798079490662, 0.4718244671821594, 0.13873940706253052, 0.09532084316015244], "conf": 0.295445054769516}], "count_per_class": {"B1": 0, "B2": 0, "B3": 2, "B4": 0}, "side_index": 3}