{"image": "DAMIMAS_A21B_0028_3.jpg", "detector": "y26m_vanilla_local", "detections": [{"box_index": 0, "class_id": 2, "class_name": "B3", "bbox_yolo": [0.5070044994354248, 0.4744739234447479, 0.164192333817482, 0.11736860126256943], "conf": 0.43886855244636536}, {"box_index": 1, "class_id": 2, "class_name": "B3", "bbox_yolo": [0.6714513897895813, 0.4617348611354828, 0.08217735588550568, 0.09957271069288254], "conf": 0.2940961718559265}, {"box_index": 2, "class_id": 3, "class_name": "B4", "bbox_yolo": [0.5894774198532104, 0.3909940719604492, 0.08309084922075272, 0.06613235920667648], "conf": 0.2519458532333374}], "count_per_class": {"B1": 0, "B2": 0, "B3": 2, "B4": 1}, "side_index": 2}