{"image": "DAMIMAS_A21B_0482_2.jpg", "detector": "y26m_vanilla_local", "detections": [{"box_index": 0, "class_id": 2, "class_name": "B3", "bbox_yolo": [0.4188033640384674, 0.4063245356082916, 0.06240943446755409, 0.05629110336303711], "conf": 0.43829113245010376}, {"box_index": 1, "class_id": 2, "class_name": "B3", "bbox_yolo": [0.5670784115791321, 0.4267551600933075, 0.07663422077894211, 0.06266055256128311], "conf": 0.2640078663825989}], "count_per_class": {"B1": 0, "B2": 0, "B3": 2, "B4": 0}, "side_index": 1}