{"image": "LONSUM_A21A_0081_2.jpg", "detector": "y26m_vanilla_local", "detections": [{"box_index": 0, "class_id": 2, "class_name": "B3", "bbox_yolo": [0.4128952920436859, 0.15670405328273773, 0.05394173040986061, 0.040796685963869095], "conf": 0.30334481596946716}, {"box_index": 1, "class_id": 3, "class_name": "B4", "bbox_yolo": [0.45621052384376526, 0.11426224559545517, 0.06202748790383339, 0.05247005447745323], "conf": 0.2856854498386383}], "count_per_class": {"B1": 0, "B2": 0, "B3": 1, "B4": 1}, "side_index": 1}