{"image": "LONSUM_A21A_0082_1.jpg", "detector": "y26m_vanilla_local", "detections": [{"box_index": 0, "class_id": 2, "class_name": "B3", "bbox_yolo": [0.38106635212898254, 0.1442812979221344, 0.05049721524119377, 0.04647564888000488], "conf": 0.30484017729759216}], "count_per_class": {"B1": 0, "B2": 0, "B3": 1, "B4": 0}, "side_index": 0}