{"image": "LONSUM_A21A_0015_4.jpg", "detector": "y26m_vanilla_local", "detections": [{"box_index": 0, "class_id": 2, "class_name": "B3", "bbox_yolo": [0.427291601896286, 0.4702393710613251, 0.11099600046873093, 0.0813884288072586], "conf": 0.27506545186042786}], "count_per_class": {"B1": 0, "B2": 0, "B3": 1, "B4": 0}, "side_index": 3}