{"image": "LONSUM_A21A_0007_4.jpg", "detector": "y26m_vanilla_local", "detections": [{"box_index": 0, "class_id": 2, "class_name": "B3", "bbox_yolo": [0.398347944021225, 0.49024221301078796, 0.1848745495080948, 0.18245337903499603], "conf": 0.708541750907898}, {"box_index": 1, "class_id": 2, "class_name": "B3", "bbox_yolo": [0.6341168880462646, 0.5416268706321716, 0.22265149652957916, 0.1527990847826004], "conf": 0.39710551500320435}, {"box_index": 2, "class_id": 2, "class_name": "B3", "bbox_yolo": [0.6404460072517395, 0.5429220199584961, 0.2128218412399292, 0.1452132761478424], "conf": 0.3764868676662445}], "count_per_class": {"B1": 0, "B2": 0, "B3": 3, "B4": 0}, "side_index": 3}