{"image": "LONSUM_A21A_0063_1.jpg", "detector": "y26m_vanilla_local", "detections": [{"box_index": 0, "class_id": 2, "class_name": "B3", "bbox_yolo": [0.4649721384048462, 0.43967628479003906, 0.13827350735664368, 0.11296465247869492], "conf": 0.3345510959625244}, {"box_index": 1, "class_id": 2, "class_name": "B3", "bbox_yolo": [0.3360110819339752, 0.49401479959487915, 0.10654745995998383, 0.08711271733045578], "conf": 0.2953720986843109}], "count_per_class": {"B1": 0, "B2": 0, "B3": 2, "B4": 0}, "side_index": 0}