{"image": "LONSUM_A21A_0009_4.jpg", "detector": "y26m_vanilla_local", "detections": [{"box_index": 0, "class_id": 2, "class_name": "B3", "bbox_yolo": [0.4190016984939575, 0.4243166148662567, 0.13931682705879211, 0.10704956203699112], "conf": 0.35284391045570374}, {"box_index": 1, "class_id": 0, "class_name": "B1", "bbox_yolo": [0.3332807719707489, 0.4861951470375061, 0.129419207572937, 0.10045566409826279], "conf": 0.3072892129421234}, {"box_index": 2, "class_id": 0, "class_name": "B1", "bbox_yolo": [0.33368995785713196, 0.4823748767375946, 0.09986414015293121, 0.08698954433202744], "conf": 0.2931097745895386}], "count_per_class": {"B1": 2, "B2": 0, "B3": 1, "B4": 0}, "side_index": 3}