{"image": "LONSUM_A21A_0063_3.jpg", "detector": "y26m_vanilla_local", "detections": [{"box_index": 0, "class_id": 2, "class_name": "B3", "bbox_yolo": [0.4266263544559479, 0.47128525376319885, 0.13909605145454407, 0.11489071696996689], "conf": 0.5393754243850708}, {"box_index": 1, "class_id": 3, "class_name": "B4", "bbox_yolo": [0.4097175896167755, 0.3665834963321686, 0.09706192463636398, 0.0670725628733635], "conf": 0.4060431718826294}], "count_per_class": {"B1": 0, "B2": 0, "B3": 1, "B4": 1}, "side_index": 2}