{"image": "LONSUM_A21A_0069_4.jpg", "detector": "y26m_vanilla_local", "detections": [{"box_index": 0, "class_id": 2, "class_name": "B3", "bbox_yolo": [0.4028918147087097, 0.2591451108455658, 0.1034378707408905, 0.09698827564716339], "conf": 0.26457133889198303}], "count_per_class": {"B1": 0, "B2": 0, "B3": 1, "B4": 0}, "side_index": 3}