{"image": "LONSUM_A21A_0061_1.jpg", "detector": "y26m_vanilla_local", "detections": [{"box_index": 0, "class_id": 2, "class_name": "B3", "bbox_yolo": [0.5599827766418457, 0.4597378671169281, 0.14862684905529022, 0.130210742354393], "conf": 0.756038248538971}, {"box_index": 1, "class_id": 2, "class_name": "B3", "bbox_yolo": [0.3735487461090088, 0.4721914231777191, 0.1347280591726303, 0.12436771392822266], "conf": 0.6472793221473694}, {"box_index": 2, "class_id": 2, "class_name": "B3", "bbox_yolo": [0.7117769122123718, 0.4673270285129547, 0.13723762333393097, 0.10739407688379288], "conf": 0.37857934832572937}], "count_per_class": {"B1": 0, "B2": 0, "B3": 3, "B4": 0}, "side_index": 0}