{"image": "LONSUM_A21A_0049_3.jpg", "detector": "y26m_vanilla_local", "detections": [{"box_index": 0, "class_id": 2, "class_name": "B3", "bbox_yolo": [0.5211517214775085, 0.39920806884765625, 0.12553727626800537, 0.10320005565881729], "conf": 0.45851173996925354}, {"box_index": 1, "class_id": 2, "class_name": "B3", "bbox_yolo": [0.38595810532569885, 0.41616830229759216, 0.10768045485019684, 0.08291006088256836], "conf": 0.2904263138771057}, {"box_index": 2, "class_id": 3, "class_name": "B4", "bbox_yolo": [0.5208423733711243, 0.3958169221878052, 0.11131373047828674, 0.09371943771839142], "conf": 0.2681201994419098}, {"box_index": 3, "class_id": 2, "class_name": "B3", "bbox_yolo": [0.37563517689704895, 0.42574045062065125, 0.1401260495185852, 0.10800118744373322], "conf": 0.2603123188018799}], "count_per_class": {"B1": 0, "B2": 0, "B3": 3, "B4": 1}, "side_index": 2}