{"image": "LONSUM_A21A_0021_1.jpg", "detector": "y26m_vanilla_local", "detections": [{"box_index": 0, "class_id": 3, "class_name": "B4", "bbox_yolo": [0.3936108648777008, 0.3942682445049286, 0.09786027669906616, 0.07913666218519211], "conf": 0.534599244594574}], "count_per_class": {"B1": 0, "B2": 0, "B3": 0, "B4": 1}, "side_index": 0}