{"image": "LONSUM_A21A_0066_1.jpg", "detector": "y26m_vanilla_local", "detections": [{"box_index": 0, "class_id": 2, "class_name": "B3", "bbox_yolo": [0.29050272703170776, 0.4027375876903534, 0.1473413109779358, 0.1278693974018097], "conf": 0.4123089909553528}], "count_per_class": {"B1": 0, "B2": 0, "B3": 1, "B4": 0}, "side_index": 0}