{"image": "LONSUM_A21A_0008_1.jpg", "detector": "y26m_vanilla_local", "detections": [{"box_index": 0, "class_id": 2, "class_name": "B3", "bbox_yolo": [0.30217501521110535, 0.4753822386264801, 0.14789266884326935, 0.1095358356833458], "conf": 0.4472247362136841}, {"box_index": 1, "class_id": 2, "class_name": "B3", "bbox_yolo": [0.29728832840919495, 0.4724843204021454, 0.12041095644235611, 0.09258504211902618], "conf": 0.3055456578731537}], "count_per_class": {"B1": 0, "B2": 0, "B3": 2, "B4": 0}, "side_index": 0}