{"image": "LONSUM_A21A_0019_2.jpg", "detector": "y26m_vanilla_local", "detections": [{"box_index": 0, "class_id": 2, "class_name": "B3", "bbox_yolo": [0.33036115765571594, 0.40498772263526917, 0.13912706077098846, 0.09847702831029892], "conf": 0.49407297372817993}, {"box_index": 1, "class_id": 2, "class_name": "B3", "bbox_yolo": [0.5053387880325317, 0.4388306140899658, 0.1478452831506729, 0.13532905280590057], "conf": 0.4488426148891449}, {"box_index": 2, "class_id": 2, "class_name": "B3", "bbox_yolo": [0.3306962847709656, 0.40146419405937195, 0.12607237696647644, 0.08183798938989639], "conf": 0.4135971963405609}, {"box_index": 3, "class_id": 2, "class_name": "B3", "bbox_yolo": [0.6847139596939087, 0.44285064935684204, 0.10507532954216003, 0.09075005352497101], "conf": 0.3116866648197174}], "count_per_class": {"B1": 0, "B2": 0, "B3": 4, "B4": 0}, "side_index": 1}