{"image": "LONSUM_A21A_0062_4.jpg", "detector": "y26m_vanilla_local", "detections": [{"box_index": 0, "class_id": 2, "class_name": "B3", "bbox_yolo": [0.32149672508239746, 0.4824185073375702, 0.156879723072052, 0.1334947645664215], "conf": 0.6152619123458862}], "count_per_class": {"B1": 0, "B2": 0, "B3": 1, "B4": 0}, "side_index": 3}