{"image": "LONSUM_A21A_0044_2.jpg", "detector": "y26m_vanilla_local", "detections": [{"box_index": 0, "class_id": 2, "class_name": "B3", "bbox_yolo": [0.6092122793197632, 0.44065847992897034, 0.07498963922262192, 0.06421065330505371], "conf": 0.25402623414993286}], "count_per_class": {"B1": 0, "B2": 0, "B3": 1, "B4": 0}, "side_index": 1}