{"image": "LONSUM_A21A_0007_1.jpg", "detector": "y26m_vanilla_local", "detections": [{"box_index": 0, "class_id": 2, "class_name": "B3", "bbox_yolo": [0.5701350569725037, 0.47139960527420044, 0.14137506484985352, 0.11161666363477707], "conf": 0.46737685799598694}, {"box_index": 1, "class_id": 2, "class_name": "B3", "bbox_yolo": [0.43690645694732666, 0.5027102828025818, 0.1534685492515564, 0.10534658282995224], "conf": 0.3652532696723938}, {"box_index": 2, "class_id": 2, "class_name": "B3", "bbox_yolo": [0.708258330821991, 0.5057877898216248, 0.0893440917134285, 0.08407463878393173], "conf": 0.34822598099708557}, {"box_index": 3, "class_id": 2, "class_name": "B3", "bbox_yolo": [0.4046969413757324, 0.4934314787387848, 0.08620640635490417, 0.08018346130847931], "conf": 0.258691668510437}], "count_per_class": {"B1": 0, "B2": 0, "B3": 4, "B4": 0}, "side_index": 0}