{"image": "LONSUM_A21A_0002_2.jpg", "detector": "y26m_vanilla_local", "detections": [{"box_index": 0, "class_id": 2, "class_name": "B3", "bbox_yolo": [0.45233583450317383, 0.47194257378578186, 0.14018848538398743, 0.1141352653503418], "conf": 0.34991368651390076}, {"box_index": 1, "class_id": 2, "class_name": "B3", "bbox_yolo": [0.6224701404571533, 0.46043992042541504, 0.11823686212301254, 0.07705431431531906], "conf": 0.268462598323822}, {"box_index": 2, "class_id": 2, "class_name": "B3", "bbox_yolo": [0.6162211894989014, 0.462459534406662, 0.13459129631519318, 0.08961143344640732], "conf": 0.2538718283176422}], "count_per_class": {"B1": 0, "B2": 0, "B3": 3, "B4": 0}, "side_index": 1}