{"image": "LONSUM_A21A_0001_2.jpg", "detector": "y26m_vanilla_local", "detections": [{"box_index": 0, "class_id": 2, "class_name": "B3", "bbox_yolo": [0.5738336443901062, 0.39143821597099304, 0.21426793932914734, 0.14351177215576172], "conf": 0.6125061511993408}, {"box_index": 1, "class_id": 2, "class_name": "B3", "bbox_yolo": [0.3040834665298462, 0.40944528579711914, 0.13972477614879608, 0.13783645629882812], "conf": 0.4833039343357086}, {"box_index": 2, "class_id": 2, "class_name": "B3", "bbox_yolo": [0.7558632493019104, 0.50316321849823, 0.1523347944021225, 0.14731483161449432], "conf": 0.4673144221305847}], "count_per_class": {"B1": 0, "B2": 0, "B3": 3, "B4": 0}, "side_index": 1}