{"image": "LONSUM_A21A_0025_1.jpg", "detector": "y26m_vanilla_local", "detections": [{"box_index": 0, "class_id": 2, "class_name": "B3", "bbox_yolo": [0.38580065965652466, 0.34988534450531006, 0.14540144801139832, 0.11146225780248642], "conf": 0.6428512334823608}, {"box_index": 1, "class_id": 3, "class_name": "B4", "bbox_yolo": [0.6591269373893738, 0.30753275752067566, 0.08223273605108261, 0.06519138813018799], "conf": 0.3277517259120941}], "count_per_class": {"B1": 0, "B2": 0, "B3": 1, "B4": 1}, "side_index": 0}