{"image": "LONSUM_A21A_0088_1.jpg", "detector": "y26m_vanilla_local", "detections": [{"box_index": 0, "class_id": 2, "class_name": "B3", "bbox_yolo": [0.4284488260746002, 0.3382894992828369, 0.08647127449512482, 0.062070488929748535], "conf": 0.3446171283721924}], "count_per_class": {"B1": 0, "B2": 0, "B3": 1, "B4": 0}, "side_index": 0}