{"image": "LONSUM_A21A_0036_2.jpg", "detector": "y26m_vanilla_local", "detections": [{"box_index": 0, "class_id": 2, "class_name": "B3", "bbox_yolo": [0.4070125222206116, 0.4330213963985443, 0.09451752156019211, 0.08062861114740372], "conf": 0.3611396551132202}, {"box_index": 1, "class_id": 3, "class_name": "B4", "bbox_yolo": [0.4888544976711273, 0.39568498730659485, 0.06695105880498886, 0.060321856290102005], "conf": 0.32631775736808777}], "count_per_class": {"B1": 0, "B2": 0, "B3": 1, "B4": 1}, "side_index": 1}