{"image": "LONSUM_A21A_0026_4.jpg", "detector": "y26m_vanilla_local", "detections": [{"box_index": 0, "class_id": 2, "class_name": "B3", "bbox_yolo": [0.7153246998786926, 0.44775959849357605, 0.14435647428035736, 0.09739658981561661], "conf": 0.27418431639671326}], "count_per_class": {"B1": 0, "B2": 0, "B3": 1, "B4": 0}, "side_index": 3}