{"image": "LONSUM_A21A_0032_4.jpg", "detector": "y26m_vanilla_local", "detections": [{"box_index": 0, "class_id": 2, "class_name": "B3", "bbox_yolo": [0.5366854071617126, 0.38998493552207947, 0.074791818857193, 0.06357591599225998], "conf": 0.3032418489456177}], "count_per_class": {"B1": 0, "B2": 0, "B3": 1, "B4": 0}, "side_index": 3}