{"image": "LONSUM_A21A_0091_4.jpg", "detector": "y26m_vanilla_local", "detections": [{"box_index": 0, "class_id": 2, "class_name": "B3", "bbox_yolo": [0.4482511878013611, 0.2537170350551605, 0.06905359029769897, 0.059310197830200195], "conf": 0.25180965662002563}], "count_per_class": {"B1": 0, "B2": 0, "B3": 1, "B4": 0}, "side_index": 3}