{"image": "LONSUM_A21A_0002_1.jpg", "detector": "y26m_vanilla_local", "detections": [{"box_index": 0, "class_id": 2, "class_name": "B3", "bbox_yolo": [0.517377495765686, 0.44147664308547974, 0.21869038045406342, 0.15984439849853516], "conf": 0.6352992057800293}, {"box_index": 1, "class_id": 2, "class_name": "B3", "bbox_yolo": [0.21707022190093994, 0.43119174242019653, 0.13511744141578674, 0.0971585065126419], "conf": 0.293897420167923}], "count_per_class": {"B1": 0, "B2": 0, "B3": 2, "B4": 0}, "side_index": 0}