{"image": "LONSUM_A21A_0061_3.jpg", "detector": "y26m_vanilla_local", "detections": [{"box_index": 0, "class_id": 0, "class_name": "B1", "bbox_yolo": [0.6666261553764343, 0.47849521040916443, 0.19679254293441772, 0.1493827849626541], "conf": 0.5401460528373718}, {"box_index": 1, "class_id": 2, "class_name": "B3", "bbox_yolo": [0.38707786798477173, 0.43083563446998596, 0.1484445035457611, 0.10922198742628098], "conf": 0.39177024364471436}], "count_per_class": {"B1": 1, "B2": 0, "B3": 1, "B4": 0}, "side_index": 2}