{"image": "LONSUM_A21A_0023_1.jpg", "detector": "y26m_vanilla_local", "detections": [{"box_index": 0, "class_id": 2, "class_name": "B3", "bbox_yolo": [0.36019840836524963, 0.42938533425331116, 0.09719909727573395, 0.07136867195367813], "conf": 0.37799394130706787}], "count_per_class": {"B1": 0, "B2": 0, "B3": 1, "B4": 0}, "side_index": 0}