{"image": "LONSUM_A21A_0003_4.jpg", "detector": "y26m_vanilla_local", "detections": [{"box_index": 0, "class_id": 2, "class_name": "B3", "bbox_yolo": [0.6828632950782776, 0.3936668336391449, 0.10956905037164688, 0.08548309653997421], "conf": 0.36293184757232666}, {"box_index": 1, "class_id": 2, "class_name": "B3", "bbox_yolo": [0.3089524209499359, 0.3927982747554779, 0.07757098227739334, 0.06539147347211838], "conf": 0.25881293416023254}], "count_per_class": {"B1": 0, "B2": 0, "B3": 2, "B4": 0}, "side_index": 3}