{"image": "LONSUM_A21A_0064_1.jpg", "detector": "y26m_vanilla_local", "detections": [{"box_index": 0, "class_id": 2, "class_name": "B3", "bbox_yolo": [0.6122241020202637, 0.39640721678733826, 0.1537000685930252, 0.10335574299097061], "conf": 0.27193182706832886}], "count_per_class": {"B1": 0, "B2": 0, "B3": 1, "B4": 0}, "side_index": 0}