{"image": "LONSUM_A21A_0060_3.jpg", "detector": "y26m_vanilla_local", "detections": [{"box_index": 0, "class_id": 2, "class_name": "B3", "bbox_yolo": [0.7053367495536804, 0.45389580726623535, 0.14153698086738586, 0.12577830255031586], "conf": 0.5927835702896118}, {"box_index": 1, "class_id": 2, "class_name": "B3", "bbox_yolo": [0.4644487798213959, 0.45420846343040466, 0.15918217599391937, 0.11814337223768234], "conf": 0.31798774003982544}], "count_per_class": {"B1": 0, "B2": 0, "B3": 2, "B4": 0}, "side_index": 2}