{"image": "LONSUM_A21A_0058_1.jpg", "detector": "y26m_vanilla_local", "detections": [{"box_index": 0, "class_id": 1, "class_name": "B2", "bbox_yolo": [0.5819675326347351, 0.5340694785118103, 0.14279623329639435, 0.1337757557630539], "conf": 0.5624579191207886}, {"box_index": 1, "class_id": 2, "class_name": "B3", "bbox_yolo": [0.46107766032218933, 0.47991734743118286, 0.13572899997234344, 0.11737823486328125], "conf": 0.48380059003829956}, {"box_index": 2, "class_id": 3, "class_name": "B4", "bbox_yolo": [0.6089377403259277, 0.443066269159317, 0.10901254415512085, 0.05815696716308594], "conf": 0.35614916682243347}], "count_per_class": {"B1": 0, "B2": 1, "B3": 1, "B4": 1}, "side_index": 0}