{"image": "LONSUM_A21A_0027_1.jpg", "detector": "y26m_vanilla_local", "detections": [{"box_index": 0, "class_id": 3, "class_name": "B4", "bbox_yolo": [0.34074491262435913, 0.43159428238868713, 0.0762626975774765, 0.046175766736269], "conf": 0.4119120240211487}, {"box_index": 1, "class_id": 2, "class_name": "B3", "bbox_yolo": [0.5990453362464905, 0.5307868719100952, 0.12893016636371613, 0.09643621742725372], "conf": 0.37165871262550354}, {"box_index": 2, "class_id": 2, "class_name": "B3", "bbox_yolo": [0.6009478569030762, 0.529120683670044, 0.11667455732822418, 0.08748330920934677], "conf": 0.3172261714935303}], "count_per_class": {"B1": 0, "B2": 0, "B3": 2, "B4": 1}, "side_index": 0}