{"image": "LONSUM_A21A_0033_3.jpg", "detector": "y26m_vanilla_local", "detections": [{"box_index": 0, "class_id": 2, "class_name": "B3", "bbox_yolo": [0.4868701994419098, 0.4409630000591278, 0.08133621513843536, 0.07843780517578125], "conf": 0.26707687973976135}], "count_per_class": {"B1": 0, "B2": 0, "B3": 1, "B4": 0}, "side_index": 2}