{
  "y26n_vanilla_local_max": {
    "test": {
      "acc_B1": 96.3855421686747,
      "mae_B1": 0.4578313253012048,
      "acc_B2": 78.91566265060241,
      "mae_B2": 1.0060240963855422,
      "acc_B3": 36.144578313253014,
      "mae_B3": 2.4036144578313254,
      "acc_B4": 59.63855421686747,
      "mae_B4": 1.4939759036144578,
      "acc1": 67.77108433734941,
      "mae": 1.3403614457831325,
      "n": 166
    },
    "val": {
      "acc_B1": 96.045197740113,
      "mae_B1": 0.327683615819209,
      "acc_B2": 72.88135593220339,
      "mae_B2": 1.03954802259887,
      "acc_B3": 47.45762711864407,
      "mae_B3": 1.9378531073446328,
      "acc_B4": 59.32203389830508,
      "mae_B4": 1.4350282485875707,
      "acc1": 68.92655367231639,
      "mae": 1.1850282485875707,
      "n": 177
    }
  },
  "y26n_vanilla_local_mean": {
    "test": {
      "acc_B1": 93.37349397590361,
      "mae_B1": 0.5301204819277109,
      "acc_B2": 62.048192771084345,
      "mae_B2": 1.4156626506024097,
      "acc_B3": 22.289156626506024,
      "mae_B3": 3.216867469879518,
      "acc_B4": 46.98795180722892,
      "mae_B4": 1.927710843373494,
      "acc1": 56.174698795180724,
      "mae": 1.7725903614457832,
      "n": 166
    },
    "val": {
      "acc_B1": 96.61016949152543,
      "mae_B1": 0.4011299435028249,
      "acc_B2": 62.14689265536724,
      "mae_B2": 1.4124293785310735,
      "acc_B3": 25.98870056497175,
      "mae_B3": 2.7966101694915255,
      "acc_B4": 42.93785310734463,
      "mae_B4": 1.847457627118644,
      "acc1": 56.92090395480226,
      "mae": 1.6144067796610169,
      "n": 177
    }
  },
  "y26n_vanilla_local_sum": {
    "test": {
      "acc_B1": 62.65060240963856,
      "mae_B1": 1.2771084337349397,
      "acc_B2": 66.86746987951807,
      "mae_B2": 1.3012048192771084,
      "acc_B3": 21.686746987951807,
      "mae_B3": 4.289156626506024,
      "acc_B4": 63.85542168674698,
      "mae_B4": 1.463855421686747,
      "acc1": 53.765060240963855,
      "mae": 2.0828313253012047,
      "n": 166
    },
    "val": {
      "acc_B1": 67.2316384180791,
      "mae_B1": 1.2146892655367232,
      "acc_B2": 60.451977401129945,
      "mae_B2": 1.4519774011299436,
      "acc_B3": 11.864406779661017,
      "mae_B3": 5.598870056497175,
      "acc_B4": 62.14689265536724,
      "mae_B4": 1.3163841807909604,
      "acc1": 50.42372881355932,
      "mae": 2.3954802259887003,
      "n": 177
    }
  },
  "y26s_vanilla_local_max": {
    "test": {
      "acc_B1": 94.57831325301204,
      "mae_B1": 0.4939759036144578,
      "acc_B2": 78.3132530120482,
      "mae_B2": 0.9879518072289156,
      "acc_B3": 32.53012048192771,
      "mae_B3": 2.397590361445783,
      "acc_B4": 56.62650602409639,
      "mae_B4": 1.5783132530120483,
      "acc1": 65.51204819277109,
      "mae": 1.3644578313253013,
      "n": 166
    },
    "val": {
      "acc_B1": 96.61016949152543,
      "mae_B1": 0.4576271186440678,
      "acc_B2": 72.31638418079096,
      "mae_B2": 1.1073446327683616,
      "acc_B3": 45.76271186440678,
      "mae_B3": 2.07909604519774,
      "acc_B4": 55.367231638418076,
      "mae_B4": 1.5423728813559323,
      "acc1": 67.51412429378531,
      "mae": 1.2966101694915255,
      "n": 177
    }
  },
  "y26s_vanilla_local_mean": {
    "test": {
      "acc_B1": 92.16867469879519,
      "mae_B1": 0.5481927710843374,
      "acc_B2": 71.6867469879518,
      "mae_B2": 1.1927710843373494,
      "acc_B3": 18.67469879518072,
      "mae_B3": 3.283132530120482,
      "acc_B4": 46.98795180722892,
      "mae_B4": 2.0060240963855422,
      "acc1": 57.37951807228915,
      "mae": 1.7575301204819278,
      "n": 166
    },
    "val": {
      "acc_B1": 94.91525423728814,
      "mae_B1": 0.3785310734463277,
      "acc_B2": 68.36158192090396,
      "mae_B2": 1.3220338983050848,
      "acc_B3": 23.728813559322035,
      "mae_B3": 2.8700564971751414,
      "acc_B4": 44.06779661016949,
      "mae_B4": 1.9548022598870056,
      "acc1": 57.76836158192091,
      "mae": 1.6313559322033897,
      "n": 177
    }
  },
  "y26s_vanilla_local_sum": {
    "test": {
      "acc_B1": 61.44578313253012,
      "mae_B1": 1.4939759036144578,
      "acc_B2": 45.18072289156627,
      "mae_B2": 2.180722891566265,
      "acc_B3": 19.27710843373494,
      "mae_B3": 4.307228915662651,
      "acc_B4": 63.25301204819277,
      "mae_B4": 1.3734939759036144,
      "acc1": 47.28915662650603,
      "mae": 2.338855421686747,
      "n": 166
    },
    "val": {
      "acc_B1": 63.2768361581921,
      "mae_B1": 1.3898305084745763,
      "acc_B2": 48.58757062146893,
      "mae_B2": 2.3163841807909606,
      "acc_B3": 19.774011299435028,
      "mae_B3": 5.395480225988701,
      "acc_B4": 62.14689265536724,
      "mae_B4": 1.423728813559322,
      "acc1": 48.44632768361582,
      "mae": 2.63135593220339,
      "n": 177
    }
  },
  "y26m_vanilla_local_max": {
    "test": {
      "acc_B1": 93.97590361445783,
      "mae_B1": 0.46987951807228917,
      "acc_B2": 79.51807228915662,
      "mae_B2": 1.0,
      "acc_B3": 33.734939759036145,
      "mae_B3": 2.5602409638554215,
      "acc_B4": 57.831325301204814,
      "mae_B4": 1.6024096385542168,
      "acc1": 66.26506024096385,
      "mae": 1.408132530120482,
      "n": 166
    },
    "val": {
      "acc_B1": 98.30508474576271,
      "mae_B1": 0.3954802259887006,
      "acc_B2": 70.62146892655367,
      "mae_B2": 1.112994350282486,
      "acc_B3": 40.11299435028249,
      "mae_B3": 2.225988700564972,
      "acc_B4": 54.80225988700565,
      "mae_B4": 1.5254237288135593,
      "acc1": 65.96045197740114,
      "mae": 1.3149717514124295,
      "n": 177
    }
  },
  "y26m_vanilla_local_mean": {
    "test": {
      "acc_B1": 89.7590361445783,
      "mae_B1": 0.608433734939759,
      "acc_B2": 68.67469879518072,
      "mae_B2": 1.2228915662650603,
      "acc_B3": 18.072289156626507,
      "mae_B3": 3.4698795180722892,
      "acc_B4": 45.78313253012048,
      "mae_B4": 2.0,
      "acc1": 55.572289156626496,
      "mae": 1.8253012048192772,
      "n": 166
    },
    "val": {
      "acc_B1": 92.09039548022598,
      "mae_B1": 0.4519774011299435,
      "acc_B2": 66.66666666666666,
      "mae_B2": 1.3559322033898304,
      "acc_B3": 22.598870056497177,
      "mae_B3": 3.1129943502824857,
      "acc_B4": 43.50282485875706,
      "mae_B4": 1.96045197740113,
      "acc1": 56.21468926553671,
      "mae": 1.7203389830508473,
      "n": 177
    }
  },
  "y26m_vanilla_local_sum": {
    "test": {
      "acc_B1": 67.46987951807229,
      "mae_B1": 1.180722891566265,
      "acc_B2": 54.21686746987952,
      "mae_B2": 1.855421686746988,
      "acc_B3": 24.096385542168676,
      "mae_B3": 3.7771084337349397,
      "acc_B4": 66.26506024096386,
      "mae_B4": 1.4096385542168675,
      "acc1": 53.01204819277109,
      "mae": 2.055722891566265,
      "n": 166
    },
    "val": {
      "acc_B1": 73.44632768361582,
      "mae_B1": 1.0225988700564972,
      "acc_B2": 51.9774011299435,
      "mae_B2": 2.0903954802259888,
      "acc_B3": 23.728813559322035,
      "mae_B3": 4.627118644067797,
      "acc_B4": 58.75706214689266,
      "mae_B4": 1.3728813559322033,
      "acc1": 51.9774011299435,
      "mae": 2.2782485875706215,
      "n": 177
    }
  },
  "y26s_nopretrained_max": {
    "test": {
      "acc_B1": 95.78313253012048,
      "mae_B1": 0.5,
      "acc_B2": 75.90361445783132,
      "mae_B2": 0.9518072289156626,
      "acc_B3": 33.734939759036145,
      "mae_B3": 2.5120481927710845,
      "acc_B4": 58.43373493975904,
      "mae_B4": 1.4698795180722892,
      "acc1": 65.96385542168674,
      "mae": 1.358433734939759,
      "n": 166
    },
    "val": {
      "acc_B1": 98.87005649717514,
      "mae_B1": 0.3615819209039548,
      "acc_B2": 71.1864406779661,
      "mae_B2": 1.0677966101694916,
      "acc_B3": 42.93785310734463,
      "mae_B3": 2.1412429378531073,
      "acc_B4": 58.75706214689266,
      "mae_B4": 1.5084745762711864,
      "acc1": 67.93785310734464,
      "mae": 1.2697740112994351,
      "n": 177
    }
  },