{
  "test": {
    "MAE_B1": 0.5052631578947369,
    "bias_B1": 0.12631578947368421,
    "acc_pm1_B1": 0.9052631578947369,
    "MAE_B2": 1.5894736842105264,
    "bias_B2": -0.24210526315789474,
    "acc_pm1_B2": 0.5684210526315789,
    "MAE_B3": 2.2421052631578946,
    "bias_B3": -0.7052631578947368,
    "acc_pm1_B3": 0.4,
    "MAE_B4": 1.263157894736842,
    "bias_B4": -0.9263157894736842,
    "acc_pm1_B4": 0.7052631578947368,
    "macro_class_mae": 1.4,
    "macro_acc_pm1": 0.6447368421052632,
    "total_count_mae": 3.8526315789473684,
    "total_pm1_acc": 0.25263157894736843,
    "exact_profile_acc": 0.0,
    "n_trees": 95,
    "split": "test"
  },
  "val": {
    "MAE_B1": 0.5368421052631579,
    "bias_B1": 0.22105263157894736,
    "acc_pm1_B1": 0.9157894736842105,
    "MAE_B2": 1.1894736842105262,
    "bias_B2": 0.22105263157894736,
    "acc_pm1_B2": 0.7263157894736842,
    "MAE_B3": 2.3263157894736843,
    "bias_B3": -0.49473684210526314,
    "acc_pm1_B3": 0.4105263157894737,
    "MAE_B4": 1.4631578947368422,
    "bias_B4": -1.0842105263157895,
    "acc_pm1_B4": 0.6105263157894737,
    "macro_class_mae": 1.3789473684210525,
    "macro_acc_pm1": 0.6657894736842106,
    "total_count_mae": 3.4947368421052634,
    "total_pm1_acc": 0.3157894736842105,
    "exact_profile_acc": 0.010526315789473684,
    "n_trees": 95,
    "split": "val"
  }
}