{
  "test": {
    "MAE_B1": 0.45263157894736844,
    "bias_B1": -0.17894736842105263,
    "acc_pm1_B1": 0.9157894736842105,
    "MAE_B2": 1.168421052631579,
    "bias_B2": -0.5157894736842106,
    "acc_pm1_B2": 0.6947368421052632,
    "MAE_B3": 1.5578947368421052,
    "bias_B3": -0.18947368421052632,
    "acc_pm1_B3": 0.5684210526315789,
    "MAE_B4": 1.3263157894736841,
    "bias_B4": -0.10526315789473684,
    "acc_pm1_B4": 0.6421052631578947,
    "macro_class_mae": 1.1263157894736842,
    "macro_acc_pm1": 0.7052631578947368,
    "exact_profile_acc": 0.010526315789473684,
    "total_count_mae": 2.231578947368421,
    "total_pm1_acc": 0.43157894736842106,
    "best_params": "{'svr__estimator__C': 1, 'svr__estimator__gamma': 0.01}",
    "cv_mae": 1.0638251934896443,
    "split": "test"
  },
  "val": {
    "MAE_B1": 0.4,
    "bias_B1": -0.12631578947368421,
    "acc_pm1_B1": 0.9473684210526315,
    "MAE_B2": 0.968421052631579,
    "bias_B2": -0.14736842105263157,
    "acc_pm1_B2": 0.7684210526315789,
    "MAE_B3": 1.6,
    "bias_B3": -0.3368421052631579,
    "acc_pm1_B3": 0.5894736842105263,
    "MAE_B4": 1.3578947368421053,
    "bias_B4": -0.30526315789473685,
    "acc_pm1_B4": 0.6631578947368421,
    "macro_class_mae": 1.0815789473684212,
    "macro_acc_pm1": 0.7421052631578947,
    "exact_profile_acc": 0.0,
    "total_count_mae": 1.8210526315789475,
    "total_pm1_acc": 0.5263157894736842,
    "split": "val"
  }
}